exposure,nZ,nW,Z,W,r_pca,r_bridge,r_joint,r_signal,nu,rank_test_level,window_fraction,alpha,joint_pvalues,conditional_pvalues,status,r_grid,conditional_root,eligible_designs,conditional_roots,nu_raw,conditional_rank_agreement,study
VHL,2,8,CDH1;RAB25,TUBA1B;BRAF;CCNE1;ASNS;IGFBP2;KIT;KDR;AKT1,1,3,3,2,,0.05,0.4,0.25,9.268132286600388e-30;2.2073719961245787e-08;0.0017942783484319838,6.521258607097786e-16;7.62455043228189e-05,proxy_dimensions,3,,0,,,,blca
RICTOR,5,43,MYH11;CAV1;TGM2;RBM15;PRKCA,VHL;CDH1;CASP7;ANXA1;INPP4B;ERBB2;CLDN7;CTNNB1;FASN;TFRC;TUBA1B;CCNB1;RAB25;GATA3;STAT5A;GAPDH;TP53;EEF2K;BRAF;G6PD;AR;CCNE1;PXN;ATM;SQSTM1;ASNS;MSH6;IGFBP2;SYK;ACACA;ERBB3;KIT;TP53BP1;SRC;PREX1;GAB2;KDR;AKT1;XRCC5;TSC2;EGFR;EIF4G1;MSH2,1,6,6,5,,0.05,0.2,0.25,6.822627423120522e-140;3.782435279023196e-75;2.3352750165302187e-40;3.990584869732321e-21;1.357600116979544e-07;0.008725590507305729,6.804845750143405e-110;3.07700230880514e-50;1.3469984619234472e-29;2.989909977842671e-15;0.0042864213608967815,proxy_dimensions,6,,0,,,,blca
MYH11,6,8,RICTOR;CAV1;FN1;COL6A1;ITGA2;BAK1,TUBA1B;BRAF;CCNE1;ASNS;IGFBP2;KIT;KDR;AKT1,1,5,5,5,0.012965842138277527,0.05,0.4,0.25,3.7688297835925958e-59;4.385970644028167e-30;1.9799782912629238e-10;2.6142418951686082e-05;0.023808565793716343;0.11062596921426196;0.3236236018682048,1.8020981858875614e-53;1.5558796009511232e-24;2.0569062349128387e-13;5.667287151329259e-07;0.029242229841406526,reported,5,0.1450971449368344,1,0.6367663526294998;0.454296878466799;0.36430888329407274;0.3051613289968327;0.1450971449368344,0.018956767592935884,True,blca
CDH1,7,13,VHL;ERBB2;CLDN7;CTNNB1;RAB25;PRKCA;PREX1,TUBA1B;GAPDH;BRAF;G6PD;CCNE1;PXN;SQSTM1;ASNS;IGFBP2;KIT;GAB2;KDR;AKT1,1,6,6,6,0.01845747435658993,0.05,0.4,0.3,2.7746323540305117e-105;3.489652852138889e-51;9.035628065940391e-23;1.7077955095990973e-09;0.00015614737084252485;0.026288584098069306;0.2468256100891274;0.6884173543440304,6.672295736801991e-92;1.4419461428195446e-42;7.398683687580435e-25;1.3660697605962887e-13;3.7457937040049724e-07;0.0028068017833772,reported,6,0.18676173576352098,1,0.7553931342143666;0.543271667079605;0.45686225683302256;0.364843419187757;0.28809844085998854;0.18676173576352098,0.016235231277043845,True,blca
SERPINE1,3,15,FN1;AR;ITGA2,VHL;ANXA1;ERBB2;TUBA1B;GAPDH;G6PD;CCNE1;SQSTM1;ASNS;IGFBP2;ERBB3;KIT;GAB2;KDR;AKT1,1,3,3,3,0.09564297510124387,0.05,0.2,0.2,9.799360791386089e-52;3.4949637399859223e-16;0.011134017618107336;0.5028540038349658,1.865391857286256e-42;1.717928268493967e-21;7.252602227285743e-08,reported,3,0.28815599983619566,3,0.5426576492727213;0.4470022946176211;0.28815599983619566,0.05465993201221143,True,blca
CASP7,3,15,CCNB1;SYK;PREX1,VHL;ANXA1;ERBB2;TUBA1B;GAPDH;G6PD;CCNE1;SQSTM1;ASNS;IGFBP2;ERBB3;KIT;GAB2;KDR;AKT1,1,4,4,3,,0.05,0.2,0.2,4.694988251495477e-71;1.4083233629575993e-32;4.790313372428517e-13;5.545536814327555e-05,1.046608342033922e-45;2.7581393555943016e-26;6.89827824599298e-10,proxy_dimensions,4,,0,,,,blca
ANXA1,7,8,SERPINE1;GATA3;TGM2;AR;ITGA2;TP53BP1;EGFR,TUBA1B;BRAF;CCNE1;ASNS;IGFBP2;KIT;KDR;AKT1,1,4,4,4,0.03552007293860138,0.05,0.4,0.25,8.166756885543509e-71;3.921375481048344e-24;3.325502995995142e-07;0.0015868929062286675;0.07303398119090167;0.818290052213472;0.9948070337311677;0.936627240273816,2.0882843779944303e-64;9.456959285693832e-28;4.5900553773204684e-08;0.0007824466485039952,reported,4,0.23590290697995525,1,0.684754341157052;0.5523624615524683;0.31682697411330885;0.23590290697995525,0.0329149795508523,True,blca
INPP4B,5,4,ERBB2;CCNB1;RAB25;SYK;SRC,TUBA1B;IGFBP2;KIT;KDR,1,3,3,2,0.019137349408289893,0.05,0.4,0.2,4.0226984172569264e-10;0.0013165428457992887;0.028267546834268676;0.34499502679034066,1.0900390899912544e-09;0.020108262648149525;0.3652093781621847,conditional_information_dimension,3,0.09736233879453553,0,0.390793874257394;0.20955602337766183;0.09736233879453553,0.022099489971556436,False,blca
CAV1,2,15,RICTOR;MYH11,VHL;ANXA1;ERBB2;TUBA1B;GAPDH;G6PD;CCNE1;SQSTM1;ASNS;IGFBP2;ERBB3;KIT;GAB2;KDR;AKT1,1,3,3,2,,0.05,0.2,0.2,2.7210294461287435e-35;2.177246477488738e-13;0.0048517818194588865,5.9442729695117455e-16;0.00598126047184984,proxy_dimensions,3,,0,,,,blca
ERBB2,5,8,CDH1;SERPINE1;GATA3;G6PD;ERBB3,TUBA1B;BRAF;CCNE1;ASNS;IGFBP2;KIT;KDR;AKT1,1,5,5,5,0.029411040580438072,0.05,0.4,0.25,8.764283797628436e-54;1.1111032947773277e-19;4.396335303191523e-09;5.422649018690707e-05;0.049310058651082865;0.05980426850252853,4.54289157668073e-27;3.632328718265905e-15;2.9813671834710003e-09;2.8892339194628782e-05;0.004959890873132241,reported,5,0.15317232117781165,1,0.47118550420593897;0.36310291357010566;0.3029077109319521;0.2314214973731426;0.15317232117781165,0.024706196612912738,True,blca
CLDN7,3,8,CDH1;RAB25;ERBB3,TUBA1B;BRAF;CCNE1;ASNS;IGFBP2;KIT;KDR;AKT1,1,4,4,3,,0.05,0.4,0.25,2.1820857265450318e-39;5.351013294793716e-14;8.407114016462363e-07;0.007841945987432018,1.2384133106224702e-21;6.269719529816524e-13;1.8011031417855602e-05,proxy_dimensions,4,,0,,,,blca
CTNNB1,4,8,CDH1;PDCD4;PTEN;PREX1,TUBA1B;BRAF;CCNE1;ASNS;IGFBP2;KIT;KDR;AKT1,1,5,5,4,,0.05,0.4,0.25,2.642506916481437e-58;2.09996342002976e-24;1.6294000220156829e-09;0.00020632800087646137;0.0390747319424018,3.388155227240207e-26;9.457634175327454e-12;8.936605785610985e-05;0.008584623010895739,proxy_dimensions,5,,0,,,,blca
FASN,2,15,ACACA;SRC,VHL;ANXA1;ERBB2;TUBA1B;GAPDH;G6PD;CCNE1;SQSTM1;ASNS;IGFBP2;ERBB3;KIT;GAB2;KDR;AKT1,1,3,3,2,,0.05,0.2,0.2,1.1907464200456662e-52;5.246704749642978e-14;0.039449602565238835,5.0577788676673176e-27;2.8252221262433907e-08,proxy_dimensions,3,,0,,,,blca
TFRC,2,5,CCNB1;STAT5A,TUBA1B;G6PD;IGFBP2;KIT;AKT1,1,3,3,2,,0.05,0.2,0.15,1.1716561682292791e-39;7.569351331260605e-10;0.0017963092681250186,5.1772253266939104e-30;3.944239010959585e-05,proxy_dimensions,3,,0,,,,blca
TUBA1B,0,0,,,1,0,0,0,,0.05,0.2,0.15,,,no_shared_direction,0,,0,,,,blca
CCNB1,5,15,CASP7;INPP4B;TFRC;MSH6;EIF4G1,VHL;ANXA1;ERBB2;TUBA1B;GAPDH;G6PD;CCNE1;SQSTM1;ASNS;IGFBP2;ERBB3;KIT;GAB2;KDR;AKT1,1,6,6,5,,0.05,0.2,0.2,2.387101379211835e-121;9.157644650781444e-68;7.200724067050989e-39;3.524800596494317e-21;8.658857737942582e-08;0.037177138815113545,3.2232018238100454e-98;7.322764073669775e-46;3.424782280113299e-27;6.625331979593874e-14;1.7880930365903843e-05,proxy_dimensions,6,,0,,,,blca
RAB25,4,13,VHL;CDH1;INPP4B;CLDN7,TUBA1B;GAPDH;BRAF;G6PD;CCNE1;PXN;SQSTM1;ASNS;IGFBP2;KIT;GAB2;KDR;AKT1,1,4,4,4,0.030436803402656722,0.05,0.4,0.3,6.8871094821201026e-46;9.106018779356425e-18;4.233343353462412e-09;0.002178051844117338;0.30373606417880283,6.138583011874665e-42;6.472105395576403e-21;6.653306855412683e-12;0.0011204794620431173,reported,4,0.17701386524213653,1,0.5557990320785325;0.40068973604764596;0.3649434446557177;0.17701386524213653,0.024713320945241486,True,blca
GATA3,4,13,ANXA1;ERBB2;SRC;EGFR,TUBA1B;GAPDH;BRAF;G6PD;CCNE1;PXN;SQSTM1;ASNS;IGFBP2;KIT;GAB2;KDR;AKT1,1,4,4,4,0.03508008687793604,0.05,0.4,0.3,9.362822127545179e-62;2.0376069798756377e-22;1.9583836319100708e-10;0.0012096598215480573;0.08526826392950937,1.0958337479622338e-46;4.34088238387737e-22;1.77962928504419e-07;0.0014479798216111089,reported,4,0.17308345264753044,1,0.5865727916397804;0.47520244150467994;0.2782843997572802;0.17308345264753044,0.034233795434764756,True,blca
STAT5A,5,8,TFRC;ATM;ITGA2;GAB2;TSC2,TUBA1B;BRAF;CCNE1;ASNS;IGFBP2;KIT;KDR;AKT1,1,5,5,4,0.0036213937052312034,0.05,0.4,0.25,1.7965222821421163e-73;1.6237593638452448e-21;5.3376758806283666e-08;0.0004983268753772169;0.016646336804844248;0.15012855482910067,1.2297735308980962e-40;1.160472706804246e-21;1.04957385622699e-08;0.0014954983495061823;0.6818875051989646,conditional_information_dimension,5,0.02247581204918725,0,0.5492104603593304;0.4715070165050765;0.32767363164092095;0.22582762617267124;0.02247581204918725,0.017878751858509827,False,blca
FN1,5,13,MYH11;SERPINE1;PDCD4;COL6A1;XRCC5,TUBA1B;GAPDH;BRAF;G6PD;CCNE1;PXN;SQSTM1;ASNS;IGFBP2;KIT;GAB2;KDR;AKT1,1,6,6,5,,0.05,0.4,0.3,3.5191874480806985e-89;4.5237753316288434e-41;1.48004306532804e-20;6.272108788588988e-11;2.9825944354515794e-06;0.0382662966816743,2.3688423500691992e-64;1.302813637845595e-32;7.287705435396822e-17;1.2597976779813407e-09;4.3470933136002694e-05,proxy_dimensions,6,,0,,,,blca
GAPDH,2,5,GAB2;XRCC5,TUBA1B;G6PD;IGFBP2;KIT;AKT1,1,3,3,2,,0.05,0.2,0.15,8.207727558627395e-29;6.387755896015709e-07;0.011190411512552652,1.2667548509812943e-24;0.01990605123236327,proxy_dimensions,3,,0,,,,blca
TGM2,5,4,RICTOR;CASP7;ANXA1;BRAF;TP53BP1,TUBA1B;IGFBP2;KIT;KDR,1,4,4,4,0.02267821062880112,0.05,0.4,0.2,4.840622452972992e-34;1.0838791328986384e-10;1.0204381854746234e-05;0.003591171676936649,7.343820956065223e-29;1.0065886429511682e-08;0.0006927213267466066;0.01400948021696964,reported,4,0.15908489695568115,1,0.5572165724331731;0.33078026097154944;0.20846638395790934;0.15908489695568115,0.02267821062880113,True,blca
RPS6,2,13,RBM15;COL6A1,TUBA1B;GAPDH;BRAF;G6PD;CCNE1;PXN;SQSTM1;ASNS;IGFBP2;KIT;GAB2;KDR;AKT1,1,3,3,2,,0.05,0.4,0.3,3.600244174233204e-60;1.0276947525529035e-12;0.0033533795502847337,1.631458169076553e-32;2.6752128032043376e-09,proxy_dimensions,3,,0,,,,blca
RBM15,5,15,RICTOR;RPS6;PTEN;MSH6;COL6A1,VHL;ANXA1;ERBB2;TUBA1B;GAPDH;G6PD;CCNE1;SQSTM1;ASNS;IGFBP2;ERBB3;KIT;GAB2;KDR;AKT1,1,6,6,5,,0.05,0.2,0.2,6.319218273745677e-100;1.3069508619520421e-48;5.725978339436335e-20;2.7912474468697667e-10;0.00015729105140935198;0.017706712957760665,1.9000519098021986e-60;7.615118558737969e-29;1.0487299219466441e-14;1.5326997185783087e-07;0.0024287250989003697,proxy_dimensions,6,,0,,,,blca
TP53,2,15,COL6A1;MSH2,VHL;ANXA1;ERBB2;TUBA1B;GAPDH;G6PD;CCNE1;SQSTM1;ASNS;IGFBP2;ERBB3;KIT;GAB2;KDR;AKT1,1,3,3,2,,0.05,0.2,0.2,1.556505127370563e-50;4.6525655676237664e-12;0.0009393232642966782,2.920053518495435e-44;5.897594683916086e-05,proxy_dimensions,3,,0,,,,blca
EEF2K,2,4,PXN;EIF4G1,TUBA1B;IGFBP2;KIT;KDR,1,2,2,2,0.06057446534351659,0.05,0.4,0.2,6.443442602824567e-11;0.026189072684767164;0.36360886467363634,5.44573663101105e-13;0.0021954938113601863,reported,2,0.16603193996632334,1,0.38582393689037736;0.16603193996632334,0.047304740452975697,True,blca
HSPA1A,4,5,FN1;ACACA;COL6A1;MYC,TUBA1B;G6PD;IGFBP2;KIT;AKT1,1,4,4,3,0.013606376451236862,0.05,0.2,0.15,2.4127856421516467e-18;1.6494235643735843e-09;0.0013989947335844499;0.04216240107065075;0.204950714457913,4.982930405302505e-13;8.870379760452391e-07;0.0391317528307354;0.29037949374658156,conditional_information_dimension,4,0.057847176245436505,0,0.36859352038263304;0.31570054451122725;0.1628179745370699;0.057847176245436505,0.017656291155936123,False,blca
BRAF,2,4,ERBB2;TGM2,TUBA1B;IGFBP2;KIT;KDR,1,2,2,1,0.010507049286355138,0.05,0.4,0.2,4.313202740701423e-18;0.010967041404785147;0.059337226421111194,6.468026245531064e-15;0.6608365985411446,conditional_information_dimension,2,0.02395062747913753,0,0.44053880425384173;0.02395062747913753,0.04439832872706981,False,blca
G6PD,2,8,ERBB2;SQSTM1,TUBA1B;BRAF;CCNE1;ASNS;IGFBP2;KIT;KDR;AKT1,1,2,2,2,0.12025444910171035,0.05,0.4,0.25,5.954120441197557e-38;2.082491457358064e-06;0.11818083995975805,5.433954745733048e-38;2.833267836447861e-10,reported,2,0.3344045344814492,1,0.5855276908642811;0.3344045344814492,0.06638716186974195,True,blca
AR,2,13,SERPINE1;RAD51,TUBA1B;GAPDH;BRAF;G6PD;CCNE1;PXN;SQSTM1;ASNS;IGFBP2;KIT;GAB2;KDR;AKT1,1,2,2,2,0.10498236912586315,0.05,0.4,0.3,2.503819165926958e-24;6.231236006894538e-06;0.39092342403466496,1.6898681306138073e-26;3.07930558459491e-07,reported,2,0.27407876198144093,2,0.509466178431841;0.27407876198144093,0.056774858063998845,True,blca
PDCD4,2,8,CTNNB1;FN1,TUBA1B;BRAF;CCNE1;ASNS;IGFBP2;KIT;KDR;AKT1,1,3,3,2,,0.05,0.4,0.25,2.1422679027330587e-43;8.224171825959302e-06;0.01308927962519653,1.667135085481085e-33;0.0013860143822209397,proxy_dimensions,3,,0,,,,blca
CCNE1,1,4,FASN,TUBA1B;IGFBP2;KIT;KDR,1,1,1,0,0.025661761384570474,0.05,0.4,0.2,0.012761010095856914;0.09298315746736643,0.6377726784458613,conditional_information_dimension,1,0.025661761384570485,0,0.025661761384570485,0.0685583303200369,False,blca
PXN,3,5,SYK;ACACA;TP53BP1,TUBA1B;G6PD;IGFBP2;KIT;AKT1,1,3,3,3,0.04661203056143677,0.05,0.2,0.15,4.4896328954624436e-23;9.277364932089523e-06;0.018608848785881857;0.7782118152819935,6.844495964984256e-16;1.224649909793502e-07;0.004304617498505738,reported,3,0.15515199408796532,1,0.38630755919191306;0.2913049405336073;0.15515199408796532,0.037237880450493255,True,blca
ATM,2,5,STAT5A;PREX1,TUBA1B;G6PD;IGFBP2;KIT;AKT1,1,3,3,2,,0.05,0.2,0.15,1.5487332321119845e-43;1.6487698588488453e-09;0.00019465545416561827,1.9077064629078815e-26;8.318388601552625e-06,proxy_dimensions,3,,0,,,,blca
SQSTM1,1,5,ACACA,TUBA1B;G6PD;IGFBP2;KIT;AKT1,1,2,2,1,,0.05,0.2,0.15,3.089819632894715e-15;0.0075248828394266975,0.015758618660338994,proxy_dimensions,2,,0,,,,blca
ASNS,1,5,CCNB1,TUBA1B;G6PD;IGFBP2;KIT;AKT1,1,2,2,1,,0.05,0.2,0.15,4.1803555334418195e-09;0.0006963154468097214,2.9625765132902524e-06,proxy_dimensions,2,,0,,,,blca
PTEN,3,8,CTNNB1;RBM15;PXN,TUBA1B;BRAF;CCNE1;ASNS;IGFBP2;KIT;KDR;AKT1,1,4,4,3,,0.05,0.4,0.25,1.7479342458835393e-62;1.5237345048091435e-22;9.212582626724387e-06;0.018727989241495588,3.787052881533328e-47;2.0203423863314786e-21;0.0004710326090894744,proxy_dimensions,4,,0,,,,blca
MSH6,4,13,CCNB1;RBM15;EIF4G1;MSH2,TUBA1B;GAPDH;BRAF;G6PD;CCNE1;PXN;SQSTM1;ASNS;IGFBP2;KIT;GAB2;KDR;AKT1,1,4,4,4,0.05705389645681207,0.05,0.4,0.3,8.687939560936852e-109;5.839890658188006e-42;4.644350098470244e-15;0.0003123666160572103;0.4602792718268578,3.2487268590091066e-94;5.902994628567385e-41;2.876006900470453e-25;1.9320415858972968e-09,reported,4,0.3200538097578249,1,0.7515452219397388;0.49063347397301726;0.4748583280694881;0.3200538097578249,0.03780924949402244,True,blca
IGFBP2,0,0,,,1,0,0,0,,0.05,0.2,0.15,,,no_shared_direction,0,,0,,,,blca
SYK,3,5,CASP7;PXN;PREX1,TUBA1B;G6PD;IGFBP2;KIT;AKT1,1,3,3,3,0.040698245620301304,0.05,0.2,0.15,5.0190455362733825e-24;1.843410164683196e-11;0.006974841455674621;0.7521454085711154,3.4100492728456333e-25;7.990702994373164e-11;0.0001203470863441471,reported,3,0.20795217464453314,2,0.4721079216799496;0.329106089780523;0.20795217464453314,0.03379837992409276,True,blca
ACACA,5,5,FASN;HSPA1A;PXN;SQSTM1;EGFR,TUBA1B;G6PD;IGFBP2;KIT;AKT1,1,3,3,3,0.05775012614110742,0.05,0.2,0.15,4.55660427293499e-29;8.706356933658598e-17;3.0126765165431083e-05;0.07184192599239776;0.8151273783577131,4.7100112238667915e-31;1.1155171652666161e-18;7.409898799782437e-06,reported,3,0.2764959486024333,1,0.4634369007974274;0.45228639258013625;0.2764959486024333,0.04930356834392824,True,blca
ERBB3,2,8,ERBB2;CLDN7,TUBA1B;BRAF;CCNE1;ASNS;IGFBP2;KIT;KDR;AKT1,1,3,3,2,,0.05,0.4,0.25,1.1418174658517283e-50;2.589057196238777e-17;0.001329589411567581,1.6977478281490262e-34;3.945751053018911e-07,proxy_dimensions,3,,0,,,,blca
COL6A1,5,15,MYH11;FN1;RBM15;TP53;HSPA1A,VHL;ANXA1;ERBB2;TUBA1B;GAPDH;G6PD;CCNE1;SQSTM1;ASNS;IGFBP2;ERBB3;KIT;GAB2;KDR;AKT1,1,6,6,5,,0.05,0.2,0.2,1.3896785421125617e-91;3.934655014238714e-36;1.501480441793377e-22;2.224203549608033e-11;0.00010847210434707605;0.014082571896959837,3.974009579541238e-54;2.858440148247357e-26;1.469709201483645e-13;6.744602882416164e-07;0.0005841288548968682,proxy_dimensions,6,,0,,,,blca
MYC,2,5,HSPA1A;BAK1,TUBA1B;G6PD;IGFBP2;KIT;AKT1,1,2,2,2,0.09869393145903003,0.05,0.2,0.15,1.2429863582697393e-15;0.019554387165905084;0.3418613039606756,1.0900796643091034e-11;0.00016056298893931542,reported,2,0.2038815764039369,1,0.346901176054369;0.2038815764039369,0.06601002334180384,True,blca
KIT,0,0,,,1,0,0,0,,0.05,0.2,0.15,,,no_shared_direction,0,,0,,,,blca
ITGA2,4,8,MYH11;SERPINE1;ANXA1;STAT5A,TUBA1B;BRAF;CCNE1;ASNS;IGFBP2;KIT;KDR;AKT1,1,4,4,3,0.0035858984530349426,0.05,0.4,0.25,4.255370575856165e-58;1.478243523817581e-19;6.313083622079815e-08;0.02258040218739744;0.8768639807441458,2.453983527044586e-53;8.204387357782752e-22;2.6508220617091648e-08;0.6940262518629219,conditional_information_dimension,4,0.021539359874721522,0,0.6378841687455474;0.4618339347774281;0.33963017769611714;0.021539359874721522,0.0078060600846357265,False,blca
TP53BP1,3,8,ANXA1;TGM2;XRCC5,TUBA1B;BRAF;CCNE1;ASNS;IGFBP2;KIT;KDR;AKT1,1,3,3,3,0.03453608276727114,0.05,0.4,0.25,1.0302667128605009e-60;1.4345058532057247e-17;0.005336722069177907;0.08441986548392849,3.5386544174644987e-26;9.215451606575885e-07;0.014708624912043422,reported,3,0.13279127416623948,1,0.5267309957333797;0.2814179622081361;0.13279127416623948,0.03466319531777868,True,blca
PRKCA,3,5,RICTOR;CDH1;KDR,TUBA1B;G6PD;IGFBP2;KIT;AKT1,1,4,4,3,,0.05,0.2,0.15,7.607189353823005e-21;1.2313500093929454e-06;0.0017569852042382955;0.01905816524058246,1.034678619562514e-11;6.214738700154804e-05;0.007275768556061988,proxy_dimensions,4,,0,,,,blca
BAK1,2,43,MYH11;RAD51,VHL;CDH1;CASP7;ANXA1;INPP4B;ERBB2;CLDN7;CTNNB1;FASN;TFRC;TUBA1B;CCNB1;RAB25;GATA3;STAT5A;GAPDH;TP53;EEF2K;BRAF;G6PD;AR;CCNE1;PXN;ATM;SQSTM1;ASNS;MSH6;IGFBP2;SYK;ACACA;ERBB3;KIT;TP53BP1;SRC;PREX1;GAB2;KDR;AKT1;XRCC5;TSC2;EGFR;EIF4G1;MSH2,1,3,3,2,,0.05,0.2,0.25,6.180382903663505e-53;6.1765834120740744e-24;0.00031266644788266327,2.0486160550754373e-27;1.1480805406304057e-06,proxy_dimensions,3,,0,,,,blca
SRC,4,8,INPP4B;FASN;GATA3;GAB2,TUBA1B;BRAF;CCNE1;ASNS;IGFBP2;KIT;KDR;AKT1,1,4,4,4,0.019497930404104174,0.05,0.4,0.25,2.475292253143834e-42;2.4885247266355654e-11;7.276966068240744e-05;0.020578374645261868;0.2937310096334055,4.927644074930515e-38;6.923696208163816e-09;8.080281988076986e-05;0.0375231465610246,reported,4,0.11353083738109218,1,0.6239235135701185;0.30387024349973696;0.23919442092037943;0.11353083738109218,0.01988128162587383,True,blca
PREX1,5,15,CDH1;CASP7;CTNNB1;ATM;SYK,VHL;ANXA1;ERBB2;TUBA1B;GAPDH;G6PD;CCNE1;SQSTM1;ASNS;IGFBP2;ERBB3;KIT;GAB2;KDR;AKT1,1,6,6,5,,0.05,0.2,0.2,4.017550781770229e-111;1.2466847334550566e-56;2.0000088311469375e-25;2.2195599462994446e-12;1.0769227814011115e-07;0.0021014156526052157,5.31868092930844e-78;1.504108340034316e-44;4.1751379709491057e-16;1.7537037410195956e-08;0.0015164144151022258,proxy_dimensions,6,,0,,,,blca
GAB2,5,5,STAT5A;GAPDH;ITGA2;SRC;TSC2,TUBA1B;G6PD;IGFBP2;KIT;AKT1,1,4,4,3,0.017153991983321487,0.05,0.2,0.15,2.60334736754957e-55;2.733347837970366e-12;1.0960267433756677e-05;0.013319752262915128;0.5614697575850331,1.8080140275482485e-48;1.5559764062320174e-10;9.830979900517834e-05;0.0753769504981695,conditional_information_dimension,4,0.12412544616046074,0,0.6861223486693624;0.3509821333477038;0.25684086033794573;0.12412544616046074,0.015640793500813554,False,blca
KDR,1,5,PRKCA,TUBA1B;G6PD;IGFBP2;KIT;AKT1,1,2,2,1,,0.05,0.2,0.15,3.2443854369098093e-15;0.002083385018503564,3.424023250093463e-07,proxy_dimensions,2,,0,,,,blca
AKT1,1,4,STAT5A,TUBA1B;IGFBP2;KIT;KDR,1,1,1,1,0.15946183500613736,0.05,0.4,0.2,1.0877246222199816e-12;0.06620945157323772,0.0032398573776951625,reported,1,0.1594618350061374,1,0.1594618350061374,0.11194278922935985,True,blca
XRCC5,4,4,CTNNB1;FN1;RBM15;TP53BP1,TUBA1B;IGFBP2;KIT;KDR,1,3,3,2,0.010811627049830949,0.05,0.4,0.2,5.025818057431477e-16;2.3071489642815185e-08;0.004938199750917283;0.09329695676337664,2.5166374955699567e-11;0.007699115411686075;0.8156062185119963,conditional_information_dimension,3,0.034925008026487535,0,0.40051353330135153;0.22317087536987254;0.034925008026487535,0.024262358595331962,False,blca
TSC2,2,4,STAT5A;GAB2,TUBA1B;IGFBP2;KIT;KDR,1,3,3,2,,0.05,0.4,0.2,3.855778355667556e-17;7.348636831912927e-06;0.019079643129532926,6.664364651176686e-07;0.004183678059532663,proxy_dimensions,3,,0,,,,blca
EGFR,3,5,GATA3;ACACA;EIF4G1,TUBA1B;G6PD;IGFBP2;KIT;AKT1,1,3,3,3,0.05542067037963068,0.05,0.2,0.15,7.342559161843961e-25;1.340535639590941e-07;0.010581595503159633;0.48885265840936776,1.1485933491359591e-27;7.923987210085131e-09;0.00020090234129188013,reported,3,0.20119910379724223,1,0.5209081031912246;0.29164971925540634;0.20119910379724223,0.044865930745696454,True,blca
EIF4G1,3,8,EEF2K;PXN;MSH6,TUBA1B;BRAF;CCNE1;ASNS;IGFBP2;KIT;KDR;AKT1,1,3,3,3,0.04721998834874269,0.05,0.4,0.25,1.0038457636810842e-63;2.178234709716787e-18;0.0010278424889211175;0.19364350862240892,1.0021458578458502e-23;7.057453013499571e-07;0.0026176952955373907,reported,3,0.163436109066425,1,0.5000241913994589;0.26865710281382416;0.163436109066425,0.04108177683205142,True,blca
MSH2,3,15,FN1;TP53;MSH6,VHL;ANXA1;ERBB2;TUBA1B;GAPDH;G6PD;CCNE1;SQSTM1;ASNS;IGFBP2;ERBB3;KIT;GAB2;KDR;AKT1,1,4,4,3,,0.05,0.2,0.2,5.356209477704293e-61;7.032216935874702e-25;1.9956041940691286e-10;0.006582700152320486,2.2566741711866592e-45;2.7192251504257816e-16;0.001668059738744454,proxy_dimensions,4,,0,,,,blca
RAD51,2,13,AR;BAK1,TUBA1B;GAPDH;BRAF;G6PD;CCNE1;PXN;SQSTM1;ASNS;IGFBP2;KIT;GAB2;KDR;AKT1,1,3,3,2,,0.05,0.4,0.3,1.5203181670178948e-12;0.0008577297146154411;0.02706196995408455,0.00032961740670940117;0.008772421970800337,proxy_dimensions,3,,0,,,,blca
ESR1,8,24,GATA3;CLDN7;IGFBP2;AR;CCNE1;FOXM1;TP53BP1;EEF2,VHL;FASN;CDH1;ERBB2;TFRC;CTNNB1;ACACA;TUBA1B;KIT;FN1;PDCD4;SQSTM1;SERPINE1;PTEN;BRAF;GAB2;EIF4EBP1;MYC;RPS6KB1;EEF2K;KDR;DIABLO;ERBB3;AKT1,2,8,8,7,0.003104778795288016,0.033786868919974296,0.4,0.3,0.0;1.0718522932306391e-198;8.905228144351051e-114;1.5690550605103057e-64;1.8366787678099354e-40;3.745853887825567e-24;3.1567653604809255e-10;0.0010441016729494464;0.5387242450692044,1.798157802451303e-291;9.783007847265008e-172;2.222957183780965e-111;8.55235496752103e-65;1.4773124304860207e-42;3.0549393475894105e-22;3.3320350539693833e-10;0.1960053669218609,conditional_information_dimension,8,0.044108520923172294,0,0.7191836662709135;0.5672047748085303;0.5115498969710898;0.381953386942403;0.36085298059689397;0.28543940385327626;0.234355526776364;0.044108520923172294,0.006531599899650077,False,brca
MYH11,5,15,CAV1;RPS6;SQSTM1;RICTOR;BAP1,VHL;CDH1;ERBB2;TFRC;CTNNB1;TUBA1B;KIT;PDCD4;BRAF;EIF4EBP1;RPS6KB1;EEF2K;DIABLO;ERBB3;CCNE2,2,6,6,5,,0.033786868919974296,0.2,0.2,4.5354509576078374e-201;6.800796889268632e-53;4.93433133728355e-32;3.977107200050982e-15;6.543098599413214e-10;2.975778660940845e-05,1.0588375657694075e-141;1.2985289587029953e-44;1.6824718579606525e-23;7.090146165270853e-11;5.666731136067166e-06,proxy_dimensions,6,,0,,,,brca
VHL,2,4,FASN;HSPA1A,TUBA1B;EIF4EBP1;RPS6KB1;DIABLO,2,2,2,2,0.0301462364617182,0.033786868919974296,0.2,0.15,4.1549333921054225e-56;3.3812299052446266e-08;0.5070562519468538,6.8341014928178816e-46;0.017565410291307457,reported,2,0.08063247800937126,1,0.46609901209460064;0.08063247800937126,0.02598292067381897,True,brca
FASN,6,4,ERBB2;AR;PREX1;ACACA;PDCD4;GAB2,VHL;CDH1;CTNNB1;TUBA1B,2,4,4,4,0.011546313601552711,0.033786868919974296,0.4,0.2,4.72308066724894e-44;1.6645851865659563e-15;2.6875431162614107e-06;0.005944644718989902,2.5708590155525707e-26;8.923599651989276e-10;0.00016217839350556788;0.021403815831341943,reported,4,0.10575259298597671,1,0.3439616278047797;0.22129059012911897;0.15503769739447062;0.10575259298597671,0.011546313601552718,True,brca
CDH1,2,4,CTNNB1;STAT5A,TUBA1B;EIF4EBP1;RPS6KB1;DIABLO,2,2,2,2,0.03956673518646542,0.033786868919974296,0.2,0.15,5.177380515326901e-44;8.510574321951857e-11;0.09681134257550784,4.04949422074594e-28;0.0023108757857168666,reported,2,0.10335565103599206,1,0.36733623116408826;0.10335565103599206,0.03420986291616094,True,brca
GATA3,6,15,ESR1;INPP4B;AR;PREX1;ANXA1;BCL2,VHL;CDH1;ERBB2;TFRC;CTNNB1;TUBA1B;KIT;PTEN;BRAF;EIF4EBP1;MYC;RPS6KB1;DIABLO;ERBB3;AKT1,2,7,7,6,,0.033786868919974296,0.4,0.25,1.202688517533908e-155;1.340839941209336e-75;3.0163788847609327e-33;2.6106502449888886e-16;4.4125885938355993e-07;5.8117354495428054e-05;0.003192140076037969,2.057791262092885e-96;1.542535119890967e-53;1.063392808744447e-28;1.213803708135868e-11;1.2306126860264015e-05;0.002436409530654803,proxy_dimensions,7,,0,,,,brca
INPP4B,6,15,GATA3;AR;PREX1;CCNB1;BCL2;ASNS,VHL;CDH1;ERBB2;TFRC;CTNNB1;TUBA1B;KIT;PTEN;BRAF;EIF4EBP1;MYC;RPS6KB1;DIABLO;ERBB3;AKT1,2,6,6,6,0.013453178885832947,0.033786868919974296,0.4,0.25,1.1334053970994911e-154;1.367013605346167e-63;1.2230045851920618e-34;1.1716742104161507e-12;6.334447132430916e-08;0.001870917400994567;0.05802822268389943,4.918234566544232e-140;3.184440262363856e-65;7.965510568680438e-40;1.270420237553781e-16;3.0701075054694246e-10;0.0004853771524652685,reported,6,0.11850978489687453,1,0.6079085550887181;0.40099500480022604;0.3797731358696677;0.22613984262022557;0.20828942501411163;0.11850978489687453,0.012043090099957134,True,brca
GAPDH,2,15,HSPA1A;EEF2,VHL;CDH1;ERBB2;TFRC;CTNNB1;TUBA1B;KIT;PDCD4;BRAF;EIF4EBP1;RPS6KB1;EEF2K;DIABLO;ERBB3;CCNE2,2,3,3,2,,0.033786868919974296,0.2,0.2,4.347923323164125e-147;1.5349810786829464e-19;7.928002889951184e-10,9.893003498179606e-97;1.479439020129636e-11,proxy_dimensions,3,,0,,,,brca
CLDN7,4,4,ESR1;SQSTM1;PTEN;BAP1,TUBA1B;EIF4EBP1;RPS6KB1;DIABLO,2,4,4,4,0.013386775574531997,0.033786868919974296,0.2,0.15,5.362900015391931e-115;2.0643265881248078e-25;4.516366122493506e-09;0.0033951789227331516,9.86852558802998e-97;9.841164149478876e-15;1.440135212472507e-07;0.008210251736142168,reported,4,0.08982304533833585,1,0.6188184400230914;0.23413547592781794;0.18635206773459972;0.08982304533833585,0.013386775574532018,True,brca
CAV1,5,15,MYH11;COL6A1;RBM15;ANXA1;TP53,VHL;CDH1;ERBB2;TFRC;CTNNB1;TUBA1B;KIT;PTEN;BRAF;EIF4EBP1;MYC;RPS6KB1;DIABLO;ERBB3;AKT1,2,5,5,5,0.01727308908796223,0.033786868919974296,0.4,0.25,6.301904446996517e-243;2.0455590093388233e-90;1.7146540238810268e-40;6.591297792592166e-14;3.7346097228077002e-06;0.0658098425938318,7.964001883282463e-196;9.615582455235094e-77;7.836559824407311e-32;3.8082281861726515e-15;0.0002940760037728235,reported,5,0.12288154049135677,1,0.7068588251386263;0.4913342084344427;0.3244606529483927;0.2605459904947563;0.12288154049135677,0.01586233011445082,True,brca
ERBB2,2,4,FASN;BCL2,VHL;CDH1;CTNNB1;TUBA1B,2,3,3,2,,0.033786868919974296,0.4,0.2,1.7714098958899082e-36;1.56487312302011e-13;0.002295096737554875,4.453376184235969e-25;7.978569517345825e-07,proxy_dimensions,3,,0,,,,brca
IGFBP2,1,15,ESR1,VHL;CDH1;ERBB2;TFRC;CTNNB1;TUBA1B;KIT;PDCD4;BRAF;EIF4EBP1;RPS6KB1;EEF2K;DIABLO;ERBB3;CCNE2,2,2,2,1,,0.033786868919974296,0.2,0.2,3.893006219810401e-61;0.0021355045355066584,3.0619500525642452e-53,proxy_dimensions,2,,0,,,,brca
HSPA1A,7,15,GAPDH;COL6A1;ETS1;RAB25;MYC;LCK;BAP1,VHL;CDH1;ERBB2;TFRC;CTNNB1;TUBA1B;KIT;PDCD4;BRAF;EIF4EBP1;RPS6KB1;EEF2K;DIABLO;ERBB3;CCNE2,2,7,7,7,0.01210954314297448,0.033786868919974296,0.2,0.2,4.57248655297107e-251;6.490982561631917e-98;2.5511639090539702e-64;4.897378275346651e-36;8.128525271987666e-22;4.590567663950852e-10;0.00018661851212959862;0.04173952456988658,1.3230482725214988e-176;7.231177870674456e-95;1.0680713622926434e-64;1.828161705386427e-35;4.0402153999792e-19;6.192375385729632e-12;0.0007052819330215717,reported,7,0.11516238592852439,1,0.6315543389253614;0.4350232436578176;0.42330195954644645;0.3317968701166069;0.23635997521835175;0.23058018852672976;0.11516238592852439,0.012191090448352529,True,brca
COL6A1,4,15,CAV1;HSPA1A;RBM15;LCK,VHL;CDH1;ERBB2;TFRC;CTNNB1;TUBA1B;KIT;PDCD4;BRAF;EIF4EBP1;RPS6KB1;EEF2K;DIABLO;ERBB3;CCNE2,2,5,5,4,,0.033786868919974296,0.2,0.2,7.327429869659643e-208;2.097460967190969e-40;1.1650538601192403e-21;4.148038232781209e-10;2.270888455390831e-05,9.84340910928577e-109;8.27846182533546e-34;3.7169628063639175e-15;1.0904476477618502e-05,proxy_dimensions,5,,0,,,,brca
AR,3,26,ESR1;GATA3;INPP4B,VHL;FASN;CDH1;CLDN7;ERBB2;TFRC;CTNNB1;ACACA;TUBA1B;KIT;PDCD4;SQSTM1;PTEN;BRAF;GAB2;EIF4EBP1;MYC;TP53BP1;RPS6KB1;EEF2K;KDR;DIABLO;TP53;ERBB3;CCNE2;AKT1,2,4,4,3,,0.033786868919974296,0.2,0.25,1.651565599907634e-190;9.482567786875101e-89;5.543723912944665e-26;3.404269607656437e-08,1.9010833559454868e-166;8.544338245885955e-71;6.198016507488416e-08,proxy_dimensions,4,,0,,,,brca
PREX1,2,15,GATA3;INPP4B,VHL;CDH1;ERBB2;TFRC;CTNNB1;TUBA1B;KIT;PTEN;BRAF;EIF4EBP1;MYC;RPS6KB1;DIABLO;ERBB3;AKT1,2,3,3,2,,0.033786868919974296,0.4,0.25,8.918384170698282e-75;5.075426349156186e-07;0.0012776123995563945,3.4325839804528887e-45;2.665715451989902e-05,proxy_dimensions,3,,0,,,,brca
CCNB1,6,15,INPP4B;GAPDH;BCL2;ASNS;MSH6;FOXM1,VHL;CDH1;ERBB2;TFRC;CTNNB1;TUBA1B;KIT;PTEN;BRAF;EIF4EBP1;MYC;RPS6KB1;DIABLO;ERBB3;AKT1,2,6,6,6,0.025358751219730545,0.033786868919974296,0.4,0.25,1.3334506530318127e-209;6.712513409969571e-102;1.4884874876773453e-66;1.0235799332336566e-39;1.2698461045402728e-18;8.201137133059049e-08;0.09260666244195627,8.700783439539506e-177;6.45921039756003e-88;8.785519636520256e-55;1.3982742709058282e-32;3.6968311140758675e-21;1.6301818534335283e-09,reported,6,0.20343974582084892,1,0.6449766820784404;0.44351470317275127;0.3733068201485287;0.2816072053312293;0.2709743175572117;0.20343974582084892,0.01989832381805826,True,brca
TFRC,1,4,BCL2,TUBA1B;EIF4EBP1;RPS6KB1;DIABLO,2,2,2,1,,0.033786868919974296,0.2,0.15,1.4378287486111556e-16;0.0016609735807962167,1.0280869522819598e-10,proxy_dimensions,2,,0,,,,brca
CTNNB1,2,4,CDH1;RBM15,TUBA1B;EIF4EBP1;RPS6KB1;DIABLO,2,3,3,2,,0.033786868919974296,0.2,0.15,1.14111334106795e-90;5.828738905671654e-10;1.8493303991845657e-05,4.928246439177004e-61;6.110839410389528e-05,proxy_dimensions,3,,0,,,,brca
ACACA,2,15,FASN;SQSTM1,VHL;CDH1;ERBB2;TFRC;CTNNB1;TUBA1B;KIT;PDCD4;BRAF;EIF4EBP1;RPS6KB1;EEF2K;DIABLO;ERBB3;CCNE2,2,3,3,2,,0.033786868919974296,0.2,0.2,1.8203491598510383e-71;4.839878202038769e-15;0.028780228912810516,2.7171690864213776e-51;8.233493919334608e-16,proxy_dimensions,3,,0,,,,brca
STAT5A,4,15,SYK;ATM;GAB2;TP53,VHL;CDH1;ERBB2;TFRC;CTNNB1;TUBA1B;KIT;PDCD4;BRAF;EIF4EBP1;RPS6KB1;EEF2K;DIABLO;ERBB3;CCNE2,2,5,5,4,,0.033786868919974296,0.2,0.2,5.131175828937129e-97;3.180219324599071e-35;2.8075703065432123e-20;9.105536481231897e-11;5.824192339477935e-05,4.693058592003009e-44;3.5840983234494134e-29;3.4967638656864533e-16;5.0471543000116494e-08,proxy_dimensions,5,,0,,,,brca
TUBA1B,0,0,,,2,0,0,0,,0.033786868919974296,0.2,0.15,,,no_shared_direction,0,,0,,,,brca
SYK,6,15,STAT5A;RBM15;CASP7;ATM;RAB25;LCK,VHL;CDH1;ERBB2;TFRC;CTNNB1;TUBA1B;KIT;PDCD4;BRAF;EIF4EBP1;RPS6KB1;EEF2K;DIABLO;ERBB3;CCNE2,2,6,6,6,0.01643110272896405,0.033786868919974296,0.2,0.2,6.5513902468130756e-257;5.181372722479538e-102;5.421677234797716e-46;5.826033099296232e-23;2.2409090728315118e-11;4.632085947781561e-06;0.03706498492001102,1.9667454969623445e-241;7.653064145929827e-89;6.637333322957413e-38;3.3665110735158967e-23;3.938806272989297e-14;1.788584328910324e-06,reported,6,0.16173831686655984,1,0.767587883567249;0.523084175265568;0.3189356201588589;0.25727536565035963;0.22828813119594457;0.16173831686655984,0.013363963932570222,True,brca
KIT,1,4,MYH11,TUBA1B;EIF4EBP1;RPS6KB1;DIABLO,2,2,2,1,,0.033786868919974296,0.2,0.15,1.8730102185124495e-34;0.0031001747299156117,6.306654151466366e-17,proxy_dimensions,2,,0,,,,brca
RBM15,6,15,CAV1;COL6A1;SYK;RPS6;MSH6;EEF2,VHL;CDH1;ERBB2;TFRC;CTNNB1;TUBA1B;KIT;PTEN;BRAF;EIF4EBP1;MYC;RPS6KB1;DIABLO;ERBB3;AKT1,2,6,6,6,0.01831526376034918,0.033786868919974296,0.4,0.25,2.0964294383051216e-275;9.32780961186116e-119;9.25041332434907e-78;2.4070178636994123e-44;1.3527917557586197e-24;8.071949438012727e-10;0.3526455169567853,5.180273295505153e-160;7.838835047535341e-100;1.8526421237167138e-63;1.882838471845581e-36;8.676709927941445e-17;1.0576522534850038e-05,reported,6,0.14932430392414967,1,0.5609760286315549;0.4595512860806474;0.40283500347403767;0.3466971175119903;0.2637092272743585;0.14932430392414967,0.014215569429521263,True,brca
RPS6,4,4,MYH11;RBM15;ASNS;CCNE2,VHL;CDH1;CTNNB1;TUBA1B,2,3,3,3,0.03525133043216863,0.033786868919974296,0.4,0.2,1.1198317716033587e-86;1.263770148815323e-16;1.6464712769208263e-06;0.07947374273838483,7.016365237842072e-36;6.443522953268097e-08;0.0009854274800585251,reported,3,0.1261535731725469,1,0.4043714127374123;0.18621271616946755;0.1261535731725469,0.030373283202634757,True,brca
FN1,3,15,ANXA1;SERPINE1;BAP1,VHL;CDH1;ERBB2;TFRC;CTNNB1;TUBA1B;KIT;PDCD4;BRAF;EIF4EBP1;RPS6KB1;EEF2K;DIABLO;ERBB3;CCNE2,2,4,4,3,,0.033786868919974296,0.2,0.2,5.273068588108604e-159;2.1935815174437673e-46;1.3988939819478275e-17;0.0007008465873005881,1.8443381523601637e-141;7.9419227984122e-39;2.1930899681049996e-16,proxy_dimensions,4,,0,,,,brca
CASP7,3,4,SYK;ASNS;LCK,TUBA1B;EIF4EBP1;RPS6KB1;DIABLO,2,4,4,3,,0.033786868919974296,0.2,0.15,9.400301985588528e-63;1.2295279075469546e-14;1.3481438185257548e-09;2.400316519829884e-05,6.456099789507242e-55;1.9878942227719994e-10;8.849535949929535e-05,proxy_dimensions,4,,0,,,,brca
PDCD4,2,4,ATM;CCNE2,TUBA1B;EIF4EBP1;RPS6KB1;DIABLO,2,2,2,2,0.0844337052210222,0.033786868919974296,0.2,0.15,5.4980686066596806e-15;2.513040589298593e-07;0.06796283127701429,4.9229079599200605e-15;1.3568548654253126e-06,reported,2,0.16321169610950742,1,0.23659930228041298;0.16321169610950742,0.0654791362467927,True,brca
CCNE1,5,15,ESR1;FOXM1;TP53;MSH2;CCNE2,VHL;CDH1;ERBB2;TFRC;CTNNB1;TUBA1B;KIT;PTEN;BRAF;EIF4EBP1;MYC;RPS6KB1;DIABLO;ERBB3;AKT1,2,5,5,5,0.02786294217949383,0.033786868919974296,0.4,0.25,3.272996418846288e-148;2.3571657186811953e-82;7.570305985701751e-48;5.9999149528880584e-24;0.000189443960817944;0.137994947509677,2.954920973701303e-119;4.216042587106699e-62;1.9141938800849098e-36;2.095732639642279e-15;1.8640286637241975e-09,reported,5,0.20260786901839153,1,0.5450527172464436;0.3946847771136426;0.3559210633752477;0.20981533973205915;0.20260786901839153,0.019157066230387095,True,brca
ETS1,3,4,HSPA1A;BRAF;LCK,TUBA1B;EIF4EBP1;RPS6KB1;DIABLO,2,3,3,2,0.014239502547301783,0.033786868919974296,0.2,0.15,4.661756932711597e-83;2.3042902497451245e-06;0.0008888169510509805;0.8042036175844991,7.545890803132267e-71;0.0002485843901634874;0.09627945901912878,conditional_information_dimension,3,0.056553097207516376,0,0.5655092339035188;0.14661269524117151;0.056553097207516376,0.012660337028255052,False,brca
ANXA1,5,15,GATA3;CAV1;FN1;TP53BP1;LCK,VHL;CDH1;ERBB2;TFRC;CTNNB1;TUBA1B;KIT;PDCD4;BRAF;EIF4EBP1;RPS6KB1;EEF2K;DIABLO;ERBB3;CCNE2,2,6,6,5,,0.033786868919974296,0.2,0.2,3.8140279651364805e-199;3.219081173257021e-60;1.6556734669888775e-27;3.5450751673249614e-11;1.5531590205465364e-07;8.393564333462533e-05,4.1631462482177124e-147;1.927991535272583e-51;1.5632573205933437e-21;3.570351271251228e-08;0.0001669565881841861,proxy_dimensions,6,,0,,,,brca
BCL2,4,15,GATA3;INPP4B;CCNB1;BCL2L11,VHL;CDH1;ERBB2;TFRC;CTNNB1;TUBA1B;KIT;PTEN;BRAF;EIF4EBP1;MYC;RPS6KB1;DIABLO;ERBB3;AKT1,2,4,4,4,0.0238830908497082,0.033786868919974296,0.4,0.25,2.1370440883561593e-151;6.127753044763698e-62;1.5078163950454819e-25;1.2368821859624488e-05;0.20784435863508144,3.333228208513125e-130;2.753592238864947e-49;2.58802180983801e-13;1.817863034025858e-06,reported,4,0.16144406473208192,1,0.6138051150470897;0.4421920298934193;0.2185417946857846;0.16144406473208192,0.017828767685660277,True,brca
ATM,3,15,STAT5A;SYK;LCK,VHL;CDH1;ERBB2;TFRC;CTNNB1;TUBA1B;KIT;PDCD4;BRAF;EIF4EBP1;RPS6KB1;EEF2K;DIABLO;ERBB3;CCNE2,2,4,4,3,,0.033786868919974296,0.2,0.2,4.1975403254125374e-156;2.1526003504813318e-51;4.6689879873655676e-20;1.093890114748788e-07,1.2469667510105666e-129;2.7345158923344553e-33;1.0003251223578729e-12,proxy_dimensions,4,,0,,,,brca
SQSTM1,3,4,MYH11;CLDN7;ACACA,TUBA1B;EIF4EBP1;RPS6KB1;DIABLO,2,3,3,2,0.014096677170624218,0.033786868919974296,0.2,0.15,7.733635257647738e-75;6.791397844536602e-11;0.022626418004691343;0.44717843642111577,1.210405982797918e-47;0.0015440696317542237;0.13288609731047654,conditional_information_dimension,3,0.05110826990436647,0,0.4811356176433524;0.13227828560465069;0.05110826990436647,0.01380554173422736,False,brca
SERPINE1,1,4,FN1,TUBA1B;EIF4EBP1;RPS6KB1;DIABLO,2,2,2,1,,0.033786868919974296,0.2,0.15,5.4422273328742476e-14;9.279153764344912e-05,1.9959941463742274e-06,proxy_dimensions,2,,0,,,,brca
RICTOR,1,4,MYH11,TUBA1B;EIF4EBP1;RPS6KB1;DIABLO,2,2,2,1,,0.033786868919974296,0.2,0.15,6.086328736206688e-35;2.3324624373030504e-07,2.007472940994324e-30,proxy_dimensions,2,,0,,,,brca
PTEN,2,4,CLDN7;AKT1,TUBA1B;EIF4EBP1;RPS6KB1;DIABLO,2,3,3,2,,0.033786868919974296,0.2,0.15,2.7636514613948954e-76;2.173830631418157e-22;0.00013251303772623174,1.9875765373986746e-47;9.022223790824332e-20,proxy_dimensions,3,,0,,,,brca
BRAF,2,4,ETS1;BCL2L11,TUBA1B;EIF4EBP1;RPS6KB1;DIABLO,2,3,3,2,,0.033786868919974296,0.2,0.15,8.792733949307743e-59;3.479046664616883e-12;0.010368728611352653,2.506613216178582e-18;1.9863069077519888e-07,proxy_dimensions,3,,0,,,,brca
ASNS,5,15,INPP4B;CCNB1;CASP7;MSH6;EEF2K,VHL;CDH1;ERBB2;TFRC;CTNNB1;TUBA1B;KIT;PTEN;BRAF;EIF4EBP1;MYC;RPS6KB1;DIABLO;ERBB3;AKT1,2,5,5,5,0.024826922460024874,0.033786868919974296,0.4,0.25,3.7396550689616e-164;6.433381502137045e-65;5.566845146359104e-26;9.767330863770602e-15;7.969840527690819e-07;0.3292710057558108,6.854493414198717e-162;4.853992970705175e-60;9.610120105908173e-34;2.6223580383687474e-18;1.3758880236968374e-06,reported,5,0.16339919939959882,1,0.6713911070887658;0.3984024858609276;0.31508376799253174;0.2701334981346322;0.16339919939959882,0.019048210670236144,True,brca
GAB2,3,4,FASN;STAT5A;RAB25,TUBA1B;EIF4EBP1;RPS6KB1;DIABLO,2,3,3,2,0.015075167546250424,0.033786868919974296,0.2,0.15,2.5057211650912323e-47;1.1120282269909998e-14;2.1650852055110207e-06;0.04430653145316928,3.915900161015549e-37;3.6524905747252737e-09;0.07304795331971266,conditional_information_dimension,3,0.06094409164889077,0,0.3989638499504071;0.21779735415916024;0.06094409164889077,0.018737247487153167,False,brca
RAB25,3,15,HSPA1A;SYK;BAP1,VHL;CDH1;ERBB2;TFRC;CTNNB1;TUBA1B;KIT;PDCD4;BRAF;EIF4EBP1;RPS6KB1;EEF2K;DIABLO;ERBB3;CCNE2,2,4,4,3,,0.033786868919974296,0.2,0.2,2.7523360087523105e-172;4.997868197029341e-51;9.099944767129237e-16;0.0004214091842120962,4.1236443133881476e-142;4.5083049973176435e-43;6.37790163903884e-08,proxy_dimensions,4,,0,,,,brca
EIF4EBP1,1,4,CCNB1,VHL;CDH1;CTNNB1;TUBA1B,2,2,2,1,,0.033786868919974296,0.4,0.2,4.366280316300285e-13;0.0011190201449271244,1.5233641546111164e-06,proxy_dimensions,2,,0,,,,brca
MYC,3,4,HSPA1A;DIABLO;TP53,VHL;CDH1;CTNNB1;TUBA1B,2,3,3,3,0.02685605702404595,0.033786868919974296,0.4,0.2,5.140033550022891e-59;2.9609011298321175e-14;4.442780586002953e-05;0.3465706761872148,5.25772355863911e-50;5.932488477328377e-14;0.00010317562732514699,reported,3,0.13156584040119312,1,0.44235240423547484;0.2438702427495831;0.13156584040119312,0.02498884826843924,True,brca
MSH6,4,15,CCNB1;RBM15;ASNS;MSH2,VHL;CDH1;ERBB2;TFRC;CTNNB1;TUBA1B;KIT;PTEN;BRAF;EIF4EBP1;MYC;RPS6KB1;DIABLO;ERBB3;AKT1,2,5,5,4,,0.033786868919974296,0.4,0.25,2.506274646791621e-206;7.517606526505221e-75;1.8383997825797547e-25;2.335658508462487e-10;0.0042798283807648834,2.0921465797940747e-133;1.8639205369827904e-40;6.418957571600557e-17;0.0029322775612729587,proxy_dimensions,5,,0,,,,brca
FOXM1,6,24,ESR1;CCNB1;CCNE1;TP53;BAP1;MSH2,VHL;FASN;CDH1;ERBB2;TFRC;CTNNB1;ACACA;TUBA1B;KIT;FN1;PDCD4;SQSTM1;SERPINE1;PTEN;BRAF;GAB2;EIF4EBP1;MYC;RPS6KB1;EEF2K;KDR;DIABLO;ERBB3;AKT1,2,7,7,6,,0.033786868919974296,0.4,0.3,6.196384284048119e-301;3.593483648436649e-165;5.149001179086217e-77;2.6010469831656173e-47;3.818832195341084e-21;1.9985650609779107e-08;0.000732385122819824,1.3450898051004655e-268;1.7642740729228778e-132;2.600719518902283e-58;1.3500244918514687e-31;1.7005001739911845e-14;0.00035411304715520734,proxy_dimensions,7,,0,,,,brca
BCL2L11,4,4,ESR1;BCL2;BRAF;DIABLO,VHL;CDH1;CTNNB1;TUBA1B,2,4,4,4,0.01322079698937986,0.033786868919974296,0.4,0.2,1.1067122283972878e-58;7.66871421964963e-23;4.1909411952155816e-13;7.540278903140806e-06,1.6004818779597935e-54;4.9032793231540235e-18;4.707802606730965e-10;5.204706106621382e-05,reported,4,0.13712426171188424,1,0.45338648121797803;0.24424879699501476;0.19396659942607464;0.13712426171188424,0.013220796989379875,True,brca
TP53BP1,3,4,ESR1;ANXA1;AKT1,VHL;CDH1;CTNNB1;TUBA1B,2,4,4,3,,0.033786868919974296,0.4,0.2,5.733496167150532e-76;3.9281553129497845e-21;1.1190012902977225e-08;0.0011594044424630121,3.137379246987383e-45;6.075654660597213e-14;1.0256142972989913e-05,proxy_dimensions,4,,0,,,,brca
RPS6KB1,1,4,KIT,VHL;CDH1;CTNNB1;TUBA1B,2,1,1,1,0.09675953805927569,0.033786868919974296,0.4,0.2,9.283143088582707e-14;0.10933540106996796,0.004326740979655754,reported,1,0.09675953805927566,1,0.09675953805927566,0.07648575072857439,True,brca
LCK,7,15,HSPA1A;COL6A1;SYK;CASP7;ETS1;ANXA1;KDR,VHL;CDH1;ERBB2;TFRC;CTNNB1;TUBA1B;KIT;PTEN;BRAF;EIF4EBP1;MYC;RPS6KB1;DIABLO;ERBB3;AKT1,2,8,8,7,,0.033786868919974296,0.4,0.25,8.40677485033939e-260;2.727629830542071e-108;1.209856480033507e-66;3.161742238561422e-36;4.453078880021022e-20;4.3110210403425884e-11;1.6182220629051117e-06;0.000557681698772766,1.5711873345508182e-209;4.178408510510693e-86;1.4959303428489737e-54;1.4782675606452197e-28;5.251458570086321e-15;2.2965570031650578e-08;0.0010707572081188968,proxy_dimensions,8,,0,,,,brca
EEF2K,2,4,CASP7;ASNS,VHL;CDH1;CTNNB1;TUBA1B,2,2,2,2,0.0500846471545738,0.033786868919974296,0.4,0.2,7.210318657043426e-44;1.8219252280846616e-09;0.4385113107279328,7.76377909198822e-22;9.674399427585252e-09,reported,2,0.19325595572283608,1,0.28319702887576964;0.19325595572283608,0.03653188388672108,True,brca
KDR,2,4,ASNS;LCK,TUBA1B;EIF4EBP1;RPS6KB1;DIABLO,2,2,2,2,0.053737195309795996,0.033786868919974296,0.2,0.15,3.3709657011548315e-49;3.769709272206388e-07;0.08538841782712367,1.5129731498766875e-31;6.624507062459499e-05,reported,2,0.13506027042290092,1,0.3798248426950438;0.13506027042290092,0.04448895136012601,True,brca
DIABLO,3,4,GATA3;MYC;BCL2L11,VHL;CDH1;CTNNB1;TUBA1B,2,3,3,2,0.0005695359572120627,0.033786868919974296,0.4,0.2,2.9455901554043387e-38;4.1247813915967896e-11;3.0227295147536647e-05;0.04351534268845425,3.1975478070867076e-23;9.392181758495337e-06;0.9561569855320119,conditional_information_dimension,3,0.001870886848135845,0,0.3295876989896428;0.1805089871955101;0.001870886848135845,0.011972880134537907,False,brca
TP53,4,15,ESR1;CAV1;STAT5A;MYC,VHL;CDH1;ERBB2;TFRC;CTNNB1;TUBA1B;KIT;PDCD4;BRAF;EIF4EBP1;RPS6KB1;EEF2K;DIABLO;ERBB3;CCNE2,2,5,5,4,,0.033786868919974296,0.2,0.2,7.689167616424943e-211;3.318009567106609e-102;3.2314059966641124e-45;2.4206209795893984e-15;3.2746448345341015e-06,1.9150652429985655e-194;5.552203581900648e-85;2.133867358246409e-36;6.181344248746786e-09,proxy_dimensions,5,,0,,,,brca
EEF2,3,4,ESR1;GAPDH;RBM15,VHL;CDH1;CTNNB1;TUBA1B,2,4,4,3,,0.033786868919974296,0.4,0.2,3.3481171288487817e-79;1.7033943320691103e-14;6.944825669315511e-05;0.007129013799423581,2.0371999290008268e-52;5.77605915802128e-10;0.0023030032942363975,proxy_dimensions,4,,0,,,,brca
BAP1,7,15,MYH11;CLDN7;HSPA1A;FN1;RAB25;FOXM1;MSH2,VHL;CDH1;ERBB2;TFRC;CTNNB1;TUBA1B;KIT;PDCD4;BRAF;EIF4EBP1;RPS6KB1;EEF2K;DIABLO;ERBB3;CCNE2,2,8,8,7,,0.033786868919974296,0.2,0.2,1.1380230967580923e-261;3.33270920239185e-118;6.6206896712575596e-68;1.6631675895624236e-32;1.4862434450768987e-18;1.4048399813953548e-09;2.6356482460862285e-06;0.0008898838540748079,6.052620437428086e-168;4.293902265613434e-82;2.1252749665317415e-39;1.147791310301331e-25;1.0001037189706428e-13;1.293705615355309e-07;0.00019250613567288807,proxy_dimensions,8,,0,,,,brca
ERBB3,1,4,EEF2,TUBA1B;EIF4EBP1;RPS6KB1;DIABLO,2,1,1,1,0.43156633278940515,0.033786868919974296,0.2,0.15,7.792177547595948e-38;0.06890179831845698,1.0938582572970908e-40,reported,1,0.4315663327894052,2,0.4315663327894052,0.2701248319534149,True,brca
MSH2,4,15,CCNE1;MSH6;FOXM1;BAP1,VHL;CDH1;ERBB2;TFRC;CTNNB1;TUBA1B;KIT;PDCD4;BRAF;EIF4EBP1;RPS6KB1;EEF2K;DIABLO;ERBB3;CCNE2,2,5,5,4,,0.033786868919974296,0.2,0.2,4.3764638321866315e-218;1.3491717250324858e-80;7.185942080632564e-33;3.073299472074352e-09;0.008327406134529567,3.427905891367325e-178;2.3782507603570253e-73;2.2968988990506524e-27;0.00019328469604013165,proxy_dimensions,5,,0,,,,brca
CCNE2,2,4,STAT5A;PDCD4,TUBA1B;EIF4EBP1;RPS6KB1;DIABLO,2,3,3,2,,0.033786868919974296,0.2,0.15,3.7464785823027626e-24;1.4833283626575625e-08;0.0029403619725651077,1.9536319210189262e-19;0.004437303647147043,proxy_dimensions,3,,0,,,,brca
AKT1,4,4,RBM15;PTEN;FOXM1;TP53BP1,VHL;CDH1;CTNNB1;TUBA1B,2,4,4,2,0.004499763425719085,0.033786868919974296,0.4,0.2,5.676864675625685e-84;6.015261112624962e-15;3.6821844642386143e-06;0.022531350180697005,1.3470559859459286e-47;1.88135819867498e-08;0.057225937169582096;0.5241785397390119,conditional_information_dimension,4,0.021684659710935042,0,0.4682098448268841;0.2250975973448967;0.10049100025735652;0.021684659710935042,0.0044997634257190776,False,brca
RICTOR,4,12,MYH11;CAV1;COL6A1;PRKCA,VHL;IGFBP2;TUBA1B;PTEN;RBM15;SYK;INPP4B;MYC;TP53;SQSTM1;CCNE2;EIF4EBP1,2,5,5,4,,0.04662524041201569,0.2,0.2,5.149511530013324e-79;2.0393948023629746e-31;3.627650645160362e-18;3.4017083818440996e-09;0.014995625259985402,3.032401250623059e-50;3.2215833992422816e-25;9.152991079596773e-12;0.0027288062444651134,proxy_dimensions,5,,0,,,,coadread
MYH11,2,6,RICTOR;EIF4G1,TUBA1B;PTEN;SYK;INPP4B;SQSTM1;EIF4EBP1,2,3,3,2,,0.04662524041201569,0.2,0.15,4.070478136004852e-50;4.124935437844552e-18;0.0037516943473962397,2.1488342550114765e-45;1.0584774913405327e-12,proxy_dimensions,3,,0,,,,coadread
VHL,1,6,RBM15,TUBA1B;PTEN;SYK;INPP4B;SQSTM1;EIF4EBP1,2,2,2,1,,0.04662524041201569,0.2,0.15,2.284018300602287e-48;0.031193756802643104,6.031151568955127e-27,proxy_dimensions,2,,0,,,,coadread
CTNNB1,4,5,CDH1;ANXA1;PDCD4;TP53BP1,VHL;IGFBP2;PTEN;SYK;INPP4B,2,3,3,3,0.04215090351423958,0.04662524041201569,0.4,0.2,3.0385950577815204e-46;2.759535108156716e-09;0.0015036221531112934;0.11633174411637834;0.8427120243400197,8.791422946847258e-26;1.2897519390684125e-08;0.00015915629072348498,reported,3,0.1965421609318242,1,0.4515641474318065;0.25691521888611296;0.1965421609318242,0.03421166763766456,True,coadread
CDH1,5,15,CTNNB1;CLDN7;FN1;ANXA1;PDCD4,MYH11;VHL;IGFBP2;TUBA1B;ATM;PTEN;RAB25;RBM15;TSC1;SYK;INPP4B;TP53;SQSTM1;CCNE2;EIF4EBP1,2,6,6,5,,0.04662524041201569,0.4,0.3,2.514573466795978e-133;4.534160109106408e-59;3.5364252130388195e-34;7.638265855885117e-18;1.8755817728495393e-07;0.004538988944845915,1.592488907453356e-67;1.7770954403156366e-42;3.477831100252935e-26;8.5695259970518e-12;0.00235527037386904,proxy_dimensions,6,,0,,,,coadread
ETS1,7,10,ERBB2;EEF2;YBX1;COL6A1;BRAF;MSH2;YWHAZ,VHL;IGFBP2;TUBA1B;ATM;PTEN;RBM15;TSC1;SYK;INPP4B;CCNE2,2,7,7,6,0.005712238574694916,0.04662524041201569,0.4,0.25,1.9500722540941953e-140;2.2787522515432352e-67;1.3616524996263341e-30;4.174707795537937e-16;2.647612694735259e-05;0.004362961161865133;0.028572522690632804;0.13258107695226073,4.757427408942559e-124;1.0729249452598415e-49;2.4730874384365205e-30;1.3264486079780597e-17;7.897065586211417e-06;0.006864011394397923;0.07515556797766097,conditional_information_dimension,7,0.08463467902489358,0,0.7765617101249698;0.500319716864665;0.4248076145124511;0.4030733340449093;0.23836968186055071;0.15684840487061028;0.08463467902489358,0.008674369203913856,False,coadread
IGFBP2,1,6,TGM2,TUBA1B;PTEN;SYK;INPP4B;SQSTM1;EIF4EBP1,2,2,2,1,,0.04662524041201569,0.2,0.15,4.2804830044429775e-09;0.00017219447112888105,0.0004158522817644896,proxy_dimensions,2,,0,,,,coadread
CASP7,5,5,CLDN7;GAPDH;PXN;XRCC5;LCK,VHL;IGFBP2;PTEN;SYK;INPP4B,2,4,4,4,0.02340806682405288,0.04662524041201569,0.4,0.2,4.950446715806789e-44;5.941347269919698e-18;1.4996438196665073e-09;0.0003950553555933351;0.08553990321114897,6.803398474213812e-42;2.1048735196077787e-14;1.2157393956685414e-06;0.008503758651922773,reported,4,0.14591984897705776,1,0.5494465144879983;0.3390152047164036;0.24872372338398333;0.14591984897705776,0.021456694371787256,True,coadread
CLDN7,6,5,CDH1;CASP7;FN1;PXN;RAB25;PDCD4,VHL;IGFBP2;PTEN;SYK;INPP4B,2,4,4,3,0.01798218575553714,0.04662524041201569,0.4,0.2,1.3873570944977424e-31;1.0053739598636314e-07;0.004611671122524724;0.04550654692545155;0.36096100002971043,3.593160455132516e-24;2.775437016284336e-07;0.041436506087367965;0.3674103717384218,conditional_information_dimension,4,0.08437323453424342,0,0.47168450076129276;0.30662634634231534;0.16953835833891645;0.08437323453424342,0.019782222132018565,False,coadread
STAT5A,4,12,ATM;EIF4G1;AKT1;GAB2,VHL;IGFBP2;TUBA1B;PTEN;RBM15;SYK;INPP4B;MYC;TP53;SQSTM1;CCNE2;EIF4EBP1,2,5,5,4,,0.04662524041201569,0.2,0.2,1.3907576202195588e-93;9.119966042792119e-34;1.6406499557518786e-11;1.118802112704752e-06;0.005653623656352899,4.0519843729014036e-49;4.6346879364515745e-23;5.929332848879618e-11;8.039178105840269e-06,proxy_dimensions,5,,0,,,,coadread
SERPINE1,4,10,FN1;HSPA1A;TIGAR;PDCD4,VHL;IGFBP2;TUBA1B;ATM;PTEN;RBM15;TSC1;SYK;INPP4B;CCNE2,2,4,4,4,0.021672641419736086,0.04662524041201569,0.4,0.25,2.4104847778316765e-48;3.631888840206395e-18;1.4644371450072173e-07;0.001863824289821544;0.27086335861574673,2.5007592900745924e-32;2.2417303002034345e-17;4.193165927046357e-09;0.018650632079727374,reported,4,0.11135728087910457,1,0.43563677876524537;0.3396149928733522;0.29139987513834403;0.11135728087910457,0.019865043863919497,True,coadread
CAV1,6,6,RICTOR;COL6A1;BAP1;CCNE2;KDR;KIT,TUBA1B;PTEN;SYK;INPP4B;SQSTM1;EIF4EBP1,2,5,5,5,0.015115512102855222,0.04662524041201569,0.2,0.15,7.482255749864822e-68;1.6026764501748575e-29;4.051697747883742e-06;0.001854206569100725;0.02618195061408491;0.12828270721678678,5.1823229480958986e-52;7.598313429647294e-15;5.36148797868421e-06;0.010677505624057526;0.03961727709493616,reported,5,0.12042576425204066,1,0.6223968506945402;0.3714090825911476;0.2561794476451788;0.15095602961278912;0.12042576425204066,0.016328122104741202,True,coadread
FN1,6,20,CDH1;CLDN7;SERPINE1;HSPA1A;ANXA1;COL6A1,VHL;IGFBP2;TFRC;TUBA1B;ATM;PTEN;TIGAR;RAB25;RBM15;TSC1;SYK;INPP4B;MYC;TP53;SQSTM1;TGM2;CCNE2;EIF4EBP1;KIT;YWHAZ,2,6,6,5,0.0079796071542278,0.04662524041201569,0.2,0.3,3.466506599648108e-179;1.2953497293141952e-100;1.0501910441745466e-57;7.169313351636657e-28;1.288972906262662e-12;0.0008234071038450828;0.21823564591745725,5.1336302132097885e-164;4.239317088168635e-110;5.6051616762164775e-70;1.2792644628355224e-34;4.623750325157168e-15;0.08981076732261768,conditional_information_dimension,6,0.08060366054671675,0,0.69819051112131;0.6288051998228903;0.5942932697553993;0.46884430572604385;0.3839008615969776;0.08060366054671675,0.013853732106533383,False,coadread
HSPA1A,3,10,SERPINE1;FN1;COL6A1,VHL;IGFBP2;TUBA1B;ATM;PTEN;RBM15;TSC1;SYK;INPP4B;CCNE2,2,3,3,3,0.044084176419225664,0.04662524041201569,0.4,0.25,6.58363355922271e-46;1.1655559739108638e-13;0.00011501722673551266;0.7088279600348706,1.9439706819514224e-30;2.797519630030038e-19;9.037840103460987e-10,reported,3,0.2845165669619461,1,0.38079437267400973;0.3430217497762831;0.2845165669619461,0.02947206101167265,True,coadread
CCNB1,7,15,TFRC;FASN;ASNS;MSH6;FOXM1;PRKCA;CCNE1,MYH11;VHL;IGFBP2;TUBA1B;ATM;PTEN;RAB25;RBM15;TSC1;SYK;INPP4B;TP53;SQSTM1;CCNE2;EIF4EBP1,2,6,6,6,0.023747272997373628,0.04662524041201569,0.4,0.3,1.1001544122490334e-141;1.1010217470238496e-70;1.0257118365979093e-40;3.946201845651417e-17;6.452443236357474e-09;0.0012373841582741722;0.19490530823343524;0.895625905621096,1.9840185886825791e-116;3.10249271767019e-68;3.113409427541863e-39;3.5608002612513628e-22;1.1579025743743405e-13;7.088052696660416e-06,reported,6,0.2288087876618142,1,0.6783423643877554;0.5679808970845139;0.4635959949769964;0.35252327083218693;0.32414277877076597;0.2288087876618142,0.01943650593565157,True,coadread
GAPDH,2,10,EEF2;TFRC,VHL;IGFBP2;TUBA1B;ATM;PTEN;RBM15;TSC1;SYK;INPP4B;CCNE2,2,3,3,2,,0.04662524041201569,0.4,0.25,6.278894519639788e-43;1.3042598583979606e-09;7.492385507300086e-05,6.543345367492415e-22;9.7046957726167e-07,proxy_dimensions,3,,0,,,,coadread
ERBB2,4,10,ETS1;YBX1;TP53;MSH2,VHL;IGFBP2;TUBA1B;ATM;PTEN;RBM15;TSC1;SYK;INPP4B;CCNE2,2,5,5,4,,0.04662524041201569,0.4,0.25,1.1284960204070182e-79;3.897211260155078e-37;4.1446898381031145e-06;0.00012517120313044358;0.007346860835425993,1.6574325872092648e-41;7.608224497311708e-07;0.0001395000110206721;0.008669958719855465,proxy_dimensions,5,,0,,,,coadread
EEF2,5,5,RICTOR;ETS1;GAPDH;TFRC;TP53,VHL;IGFBP2;PTEN;SYK;INPP4B,2,4,4,4,0.02763894200686103,0.04662524041201569,0.4,0.2,1.7822095731087076e-25;2.3964959061927947e-13;6.0307320971134434e-05;0.016826127478228606;0.12261903053325057,3.9551008336980737e-17;8.086743717703724e-09;0.00013968444708002692;0.010735518936161835,reported,4,0.14234577972586102,1,0.36188110457042005;0.27695359933156316;0.19962550736181137;0.14234577972586102,0.025423949621578106,True,coadread
TFRC,4,10,CCNB1;GAPDH;EEF2;ACACA,VHL;IGFBP2;TUBA1B;ATM;PTEN;RBM15;TSC1;SYK;INPP4B;CCNE2,2,4,4,4,0.027825137057480735,0.04662524041201569,0.4,0.25,5.870564002223751e-72;9.578036997541572e-32;1.9739604416794745e-11;7.316466344237412e-05;0.13488901054177077,3.3880018527247305e-60;2.902962844853227e-27;1.0081385937562744e-10;0.0001108231695002863,reported,4,0.1820206065385836,1,0.5786395024233051;0.4387990401244416;0.2855000245761418;0.1820206065385836,0.021322150811446876,True,coadread
TUBA1B,1,5,ERBB2,VHL;IGFBP2;PTEN;SYK;INPP4B,2,2,2,1,,0.04662524041201569,0.4,0.2,4.491348205780179e-25;6.348589168865994e-09,2.2855039882634954e-11,proxy_dimensions,2,,0,,,,coadread
ATM,2,12,STAT5A;TSC1,VHL;IGFBP2;TUBA1B;PTEN;RBM15;SYK;INPP4B;MYC;TP53;SQSTM1;CCNE2;EIF4EBP1,2,3,3,2,,0.04662524041201569,0.2,0.2,2.2690227904585454e-60;1.1764373656215459e-07;0.013953792323823601,2.5939528561624375e-41;0.0023339186586701127,proxy_dimensions,3,,0,,,,coadread
PTEN,0,0,,,2,0,0,0,,0.04662524041201569,0.2,0.15,,,no_shared_direction,0,,0,,,,coadread
FASN,5,10,CCNB1;RPS6;ACACA;YBX1;CCNE1,VHL;IGFBP2;TUBA1B;ATM;PTEN;RBM15;TSC1;SYK;INPP4B;CCNE2,2,5,5,4,0.00929251275132685,0.04662524041201569,0.4,0.25,6.179183254863617e-92;1.0087849155004701e-45;5.445038865342946e-24;1.492281005894321e-10;2.2166611434902767e-05;0.16060525603591583,5.601108317175183e-70;2.1662762049775902e-38;3.2318959845262803e-21;1.4811410760286584e-07;0.06783791863171458,conditional_information_dimension,5,0.08664548856061263,0,0.579587843952473;0.4583765159560545;0.40832995710700803;0.27225238120574113;0.08664548856061263,0.013041587634174952,False,coadread
EIF4G1,7,10,MYH11;STAT5A;PXN;EEF2K;BAP1;BRAF;TGM2,VHL;IGFBP2;TUBA1B;ATM;PTEN;RBM15;TSC1;SYK;INPP4B;CCNE2,2,7,7,7,0.007916440433950353,0.04662524041201569,0.4,0.25,1.1878311410758166e-117;2.283694055498919e-51;8.54296370958241e-26;9.148824991369074e-14;1.8530313080479325e-06;0.0038214713212690894;0.046004901108452234;0.20420567112223376,2.1117469775605598e-76;8.706339222772816e-44;2.974524343755779e-22;1.9142168997479366e-10;7.331502617172469e-06;0.0002325252316111524;0.025335158959840516,reported,7,0.10624700141956324,1,0.6039581892720507;0.5200785321241963;0.4156430156493315;0.2931327639833593;0.20231748206560513;0.1927348411601468;0.10624700141956324,0.009782774563277892,True,coadread
ASNS,4,5,CCNB1;PDCD4;SQSTM1;EIF4EBP1,VHL;IGFBP2;PTEN;SYK;INPP4B,2,3,3,3,0.045276418023603264,0.04662524041201569,0.4,0.2,3.072014335569819e-22;2.45157851175655e-12;0.0005689737562458173;0.20668823511032938;0.6174172232569064,1.1674468099931188e-25;4.743883916024541e-15;6.240903684190299e-05,reported,3,0.20657782649524561,1,0.3795093015263474;0.3556421632804832;0.20657782649524561,0.03787419557139171,True,coadread
PXN,4,10,CASP7;CLDN7;EIF4G1;GAB2,VHL;IGFBP2;TUBA1B;ATM;PTEN;RBM15;TSC1;SYK;INPP4B;CCNE2,2,5,5,4,,0.04662524041201569,0.4,0.25,1.2117337497131947e-78;5.520182720523713e-16;7.235186229151404e-08;0.001092477577803119;0.02435170734476838,7.705980849926171e-58;4.660272326843954e-08;0.0006317631020897208;0.007950082051770996,proxy_dimensions,5,,0,,,,coadread
TIGAR,3,6,SERPINE1;TP53;YWHAZ,TUBA1B;PTEN;SYK;INPP4B;SQSTM1;EIF4EBP1,2,3,3,2,0.017347285385600385,0.04662524041201569,0.2,0.15,6.715340007027913e-20;9.201642876490525e-09;0.003773256875235187;0.10125086567482001,1.431711813530421e-22;2.8118634755539167e-09;0.19753128953771268,conditional_information_dimension,3,0.0610636105216873,0,0.40354479392606135;0.3072037573279722;0.0610636105216873,0.02640059460999036,False,coadread
ANXA1,4,15,CDH1;FN1;COL6A1;KDR,MYH11;VHL;IGFBP2;TUBA1B;ATM;PTEN;RAB25;RBM15;TSC1;SYK;INPP4B;TP53;SQSTM1;CCNE2;EIF4EBP1,2,4,4,4,0.021902274146187374,0.04662524041201569,0.4,0.3,3.336648276833578e-132;7.661729703540534e-54;3.4379536469445014e-12;0.017165479335784235;0.18895300807215143,1.9826801123467156e-99;1.1521713244337884e-37;1.5904843349082248e-09;0.00018589760916840197,reported,4,0.1760830951675821,1,0.7152858220910637;0.5364439190456375;0.2675619213548998;0.1760830951675821,0.020192326305368016,True,coadread
RPS6,3,10,FASN;COL6A1;MSH2,VHL;IGFBP2;TUBA1B;ATM;PTEN;RBM15;TSC1;SYK;INPP4B;CCNE2,2,4,4,3,,0.04662524041201569,0.4,0.25,1.5952083711448638e-66;2.1767421927148544e-28;1.7331630067587975e-08;0.01651329988520108,3.0653742423811338e-30;9.864791562580376e-11;0.0004599922103318764,proxy_dimensions,4,,0,,,,coadread
RAB25,2,6,MSH6;MSH2,TUBA1B;PTEN;SYK;INPP4B;SQSTM1;EIF4EBP1,2,3,3,2,,0.04662524041201569,0.2,0.15,1.0157282526151665e-51;3.2118429843435377e-16;0.01813182332728431,9.826039894592552e-42;9.987676002523879e-16,proxy_dimensions,3,,0,,,,coadread
ACACA,4,5,TFRC;FASN;TSC1;AKT1,VHL;IGFBP2;PTEN;SYK;INPP4B,2,5,5,4,,0.04662524041201569,0.4,0.2,5.85643678115565e-48;9.716296875850815e-12;2.9238738271440258e-06;0.0019408090542025397;0.02131229743505576,7.94815022773115e-48;3.625282598979586e-12;2.747548289643599e-06;0.004433046450632833,proxy_dimensions,5,,0,,,,coadread
RBM15,2,6,VHL;XRCC5,TUBA1B;PTEN;SYK;INPP4B;SQSTM1;EIF4EBP1,2,3,3,2,,0.04662524041201569,0.2,0.15,2.128175431268074e-53;0.00018626053258328313;0.023908927143795895,1.3428825742373238e-12;0.0009247765608621625,proxy_dimensions,3,,0,,,,coadread
TSC1,2,5,ATM;ACACA,VHL;IGFBP2;PTEN;SYK;INPP4B,2,2,2,2,0.06319368949542883,0.04662524041201569,0.4,0.2,2.7371979574917906e-23;0.0171657386896628;0.3586389961826531,1.0928460222369663e-05;0.008801227562808444,reported,2,0.12363858700853006,1,0.21666606826351686;0.12363858700853006,0.04861448899857975,True,coadread
PDCD4,6,5,CTNNB1;CDH1;CLDN7;SERPINE1;FN1;ASNS,VHL;IGFBP2;PTEN;SYK;INPP4B,2,3,3,3,0.026481765170535694,0.04662524041201569,0.4,0.2,3.301436782938331e-29;9.927961602818646e-06;0.006607823128677754;0.23680861701241712;0.6047587113691073,5.673417258677782e-30;3.7764570081542287e-06;0.002977322905970574,reported,3,0.18852396601208032,2,0.5244991037043079;0.24592282514948036;0.18852396601208032,0.022469817551983524,True,coadread
SYK,0,0,,,2,0,0,0,,0.04662524041201569,0.2,0.15,,,no_shared_direction,0,,0,,,,coadread
EEF2K,4,5,EIF4G1;BAP1;FOXM1;GAB2,VHL;IGFBP2;PTEN;SYK;INPP4B,2,4,4,3,0.0020131045167729312,0.04662524041201569,0.4,0.2,2.601979206763702e-28;1.454508703891122e-12;4.918274509409865e-05;0.004831497230834025;0.3814392601869788,5.8050725310995526e-21;5.4907887429803766e-11;0.005670070406144525;0.7886138664715583,conditional_information_dimension,4,0.012730640345251652,0,0.37756537607407664;0.3343585477162912;0.17936445431266282;0.012730640345251652,0.005995590373199328,False,coadread
INPP4B,0,0,,,2,0,0,0,,0.04662524041201569,0.2,0.15,,,no_shared_direction,0,,0,,,,coadread
MYC,3,6,ERBB2;YBX1;COL6A1,TUBA1B;PTEN;SYK;INPP4B;SQSTM1;EIF4EBP1,2,3,3,3,0.019402139674018236,0.04662524041201569,0.2,0.15,1.8421040132149377e-41;2.6489229602170486e-20;0.007761900404296359;0.6357213452270645,1.177178776364218e-40;8.032163903226425e-18;0.013697172049975944,reported,3,0.11652458347672544,1,0.4957465564012871;0.4063655660501715;0.11652458347672544,0.01633319758808046,True,coadread
YBX1,5,10,ETS1;ERBB2;FASN;MYC;KDR,VHL;IGFBP2;TUBA1B;ATM;PTEN;RBM15;TSC1;SYK;INPP4B;CCNE2,2,5,5,5,0.017777435322019548,0.04662524041201569,0.4,0.25,1.909399232117246e-95;6.834345755884393e-49;8.497587805369083e-20;6.8946506986269035e-09;0.006217153457401439;0.09935302397425193,1.0267833470551818e-77;1.2375830216541833e-40;1.9887404837699943e-24;8.131335132412541e-12;0.0065906515928589055,reported,5,0.1286176009989421,1,0.6121823842543792;0.44919510245751393;0.3970142030656496;0.32837081628657966;0.1286176009989421,0.01791552951524204,True,coadread
TP53BP1,2,6,BAP1;XRCC5,TUBA1B;PTEN;SYK;INPP4B;SQSTM1;EIF4EBP1,2,3,3,2,,0.04662524041201569,0.2,0.15,6.896523966800373e-56;4.553120862833393e-15;0.004125665949755404,2.9634416654230316e-23;2.67301014653708e-07,proxy_dimensions,3,,0,,,,coadread
TP53,2,5,ERBB2;EEF2,VHL;IGFBP2;PTEN;SYK;INPP4B,2,3,3,2,,0.04662524041201569,0.4,0.2,5.425547285334607e-21;1.1813572199149295e-07;0.0004782303458112122,7.604801584128385e-19;3.61184481403489e-05,proxy_dimensions,3,,0,,,,coadread
COL6A1,8,15,RICTOR;ETS1;CAV1;FN1;HSPA1A;ANXA1;RPS6;FOXM1,MYH11;VHL;IGFBP2;TUBA1B;ATM;PTEN;RAB25;RBM15;TSC1;SYK;INPP4B;TP53;SQSTM1;CCNE2;EIF4EBP1,2,7,7,7,0.015182849945254357,0.04662524041201569,0.4,0.3,5.4298339623906487e-157;3.995998767957301e-70;3.0433527222544033e-35;2.960087431401943e-17;7.693126837450679e-09;0.0001671016114234572;0.006719122141229664;0.04834465536661358;0.30349308304902195,4.3627341090498503e-125;1.0869326251822071e-77;2.9645874514950644e-45;7.169282284356291e-26;2.2882624843451585e-14;8.269598780810654e-08;0.00011828869611827274,reported,7,0.20067016746928637,1,0.6815969332346384;0.5987135790848483;0.49599626135867597;0.4046990373596269;0.3213845101685225;0.2380559252292614;0.20067016746928637,0.012696896742140707,True,coadread
BAP1,6,20,EIF4G1;EEF2K;TP53BP1;XRCC5;FOXM1;LCK,VHL;IGFBP2;TFRC;TUBA1B;ATM;PTEN;TIGAR;RAB25;RBM15;TSC1;SYK;INPP4B;MYC;TP53;SQSTM1;TGM2;CCNE2;EIF4EBP1;KIT;YWHAZ,2,6,6,6,0.018986728133297628,0.04662524041201569,0.2,0.3,5.73503613713021e-168;7.266478984706348e-72;9.352191141488581e-39;5.10039769385636e-14;3.397942113521206e-05;0.01631929607661264;0.1249557329159525,2.4700186288729517e-109;2.4448669512666145e-68;2.421655804769802e-41;5.606021272811087e-26;4.826779641135276e-10;0.0004773061742414019,reported,6,0.1651055335277297,3,0.6405263490079941;0.549440448842604;0.4414023022813996;0.4334665736128866;0.28424174377454375;0.1651055335277297,0.014232563096445158,True,coadread
BRAF,4,10,ETS1;EIF4G1;TP53BP1;YWHAZ,VHL;IGFBP2;TUBA1B;ATM;PTEN;RBM15;TSC1;SYK;INPP4B;CCNE2,2,5,5,4,,0.04662524041201569,0.4,0.25,1.3408674411955959e-118;7.812609196084156e-49;3.5488634862453135e-19;1.8771024465200657e-06;0.0008379880043516493,8.184898905731197e-77;3.196759411318659e-29;7.000094710441449e-11;9.298721696911989e-05,proxy_dimensions,5,,0,,,,coadread
SQSTM1,2,5,CCNB1;ASNS,VHL;IGFBP2;PTEN;SYK;INPP4B,2,2,2,1,0.03706752123586777,0.04662524041201569,0.4,0.2,8.382918821725665e-13;3.55808105969928e-05;0.14267036895276064,1.1294396742655504e-06;0.07088751982440401,conditional_information_dimension,2,0.08541748047149314,0,0.25460045786673335;0.08541748047149314,0.03432475265614669,False,coadread
MSH6,3,6,CCNB1;RAB25;MSH2,TUBA1B;PTEN;SYK;INPP4B;SQSTM1;EIF4EBP1,2,3,3,3,0.07141344319384356,0.04662524041201569,0.2,0.15,7.660252634878735e-65;1.745878380198207e-26;1.4765040122334469e-09;0.9042839431058478,3.9917482652597937e-45;1.027190422058933e-22;1.359081263318773e-10,reported,3,0.2976020065616408,2,0.4927370238169651;0.37683108249064934;0.2976020065616408,0.05404885550049796,True,coadread
AKT1,2,10,STAT5A;CCNE1,VHL;IGFBP2;TUBA1B;ATM;PTEN;RBM15;TSC1;SYK;INPP4B;CCNE2,2,3,3,2,,0.04662524041201569,0.4,0.25,1.1086454615364726e-66;3.4705895914673024e-08;0.0007377198802277116,2.0362693099349093e-20;2.4670877910685672e-05,proxy_dimensions,3,,0,,,,coadread
XRCC5,4,6,RBM15;TP53BP1;BAP1;KIT,TUBA1B;PTEN;SYK;INPP4B;SQSTM1;EIF4EBP1,2,5,5,3,,0.04662524041201569,0.2,0.15,1.1855709349934478e-75;3.0460318728637536e-25;1.0377595409497252e-05;0.0008383675644110359;0.022758211491166445,2.0431533516796265e-45;1.771532936181659e-20;0.002180375667828477;0.05603978854512135,proxy_dimensions,5,,0,,,,coadread
TGM2,2,6,CDH1;IGFBP2,TUBA1B;PTEN;SYK;INPP4B;SQSTM1;EIF4EBP1,2,3,3,2,,0.04662524041201569,0.2,0.15,1.6317153042932224e-40;3.612492761744947e-08;0.0006358712608320675,5.776425538182422e-39;1.5183154690788423e-06,proxy_dimensions,3,,0,,,,coadread
FOXM1,4,5,CCNB1;EEF2K;COL6A1;BAP1,VHL;IGFBP2;PTEN;SYK;INPP4B,2,5,5,4,,0.04662524041201569,0.4,0.2,1.370437629164778e-29;2.1615370176503e-13;4.927537971130119e-06;0.004673732988356732;0.014608062747719822,1.3268835139298404e-25;9.641848665408831e-11;0.001632174139884494;0.03923617590607761,proxy_dimensions,5,,0,,,,coadread
PRKCA,2,6,RICTOR;CCNB1,TUBA1B;PTEN;SYK;INPP4B;SQSTM1;EIF4EBP1,2,3,3,2,,0.04662524041201569,0.2,0.15,1.8832007279767583e-46;3.0956105613804933e-15;0.002894035153930415,7.791893975623676e-32;0.004672491391371574,proxy_dimensions,3,,0,,,,coadread
CCNE2,1,5,CAV1,VHL;IGFBP2;PTEN;SYK;INPP4B,2,2,2,1,,0.04662524041201569,0.4,0.2,2.777135266133837e-10;0.003065548160904656,5.838646583959895e-08,proxy_dimensions,2,,0,,,,coadread
CCNE1,3,10,CCNB1;FASN;AKT1,VHL;IGFBP2;TUBA1B;ATM;PTEN;RBM15;TSC1;SYK;INPP4B;CCNE2,2,4,4,3,,0.04662524041201569,0.4,0.25,5.454713382628635e-91;2.1904708949313778e-35;3.4249910122694266e-14;0.0004944538945455922,1.5547229278076536e-86;2.3430420226066215e-30;8.22546991723611e-13,proxy_dimensions,4,,0,,,,coadread
KDR,3,10,CAV1;ANXA1;YBX1,VHL;IGFBP2;TUBA1B;ATM;PTEN;RBM15;TSC1;SYK;INPP4B;CCNE2,2,4,4,3,,0.04662524041201569,0.4,0.25,1.1368553594095599e-86;9.321648032665046e-34;9.373960351265812e-12;0.00012489040241003423,1.4693377419479671e-69;2.2170847263681832e-16;1.5167952162900665e-05,proxy_dimensions,4,,0,,,,coadread
EIF4EBP1,2,5,ASNS;MSH2,VHL;IGFBP2;PTEN;SYK;INPP4B,2,2,2,2,0.07984812248106421,0.04662524041201569,0.4,0.2,9.659370692365733e-11;4.719858977800358e-06;0.17210315092178352,4.239469337411547e-10;0.0005682799319989166,reported,2,0.16219722093151911,1,0.28517696956842303;0.16219722093151911,0.051719393907678095,True,coadread
MSH2,6,12,ETS1;ERBB2;RPS6;RAB25;MSH6;KDR,VHL;IGFBP2;TUBA1B;PTEN;RBM15;SYK;INPP4B;MYC;TP53;SQSTM1;CCNE2;EIF4EBP1,2,5,5,5,0.01659421870286733,0.04662524041201569,0.2,0.2,2.886785524966536e-143;5.391666767231606e-62;2.6957853851697868e-22;1.1147399595576665e-09;0.008422568292411;0.25395637219845546;0.7996942772396465,2.390788945714455e-128;3.496991111975342e-47;8.622793779816409e-25;2.680584954765454e-12;0.0030293036023828577,reported,5,0.16093603942464105,1,0.7855282148068459;0.5098795308259051;0.4025766427375879;0.34033766110102454;0.16093603942464105,0.014859670217587434,True,coadread
GAB2,4,15,STAT5A;PXN;EEF2K;MYC,MYH11;VHL;IGFBP2;TUBA1B;ATM;PTEN;RAB25;RBM15;TSC1;SYK;INPP4B;TP53;SQSTM1;CCNE2;EIF4EBP1,2,4,4,4,0.0427686689837522,0.04662524041201569,0.4,0.3,1.2189575068553943e-80;1.6144475946232946e-26;6.92543174590658e-13;3.052937123314264e-07;0.04716598867429958,3.6882984265198076e-59;2.580025967686262e-32;5.389795544934316e-15;0.00010903980451367497,reported,4,0.18220381800897026,1,0.5379476609754704;0.44700649739209125;0.3500758883081098;0.18220381800897026,0.03787306006568518,True,coadread
LCK,2,6,CASP7;BAP1,TUBA1B;PTEN;SYK;INPP4B;SQSTM1;EIF4EBP1,2,3,3,2,,0.04662524041201569,0.2,0.15,5.737660229218439e-56;7.394206766369656e-16;0.00011974349194036455,6.28684909434706e-46;3.79423394892511e-09,proxy_dimensions,3,,0,,,,coadread
KIT,2,5,CAV1;XRCC5,VHL;IGFBP2;PTEN;SYK;INPP4B,2,3,3,2,,0.04662524041201569,0.4,0.2,4.548060597148209e-29;5.45283717276689e-07;0.02032734944668323,1.2151201043298734e-28;8.412960987983452e-06,proxy_dimensions,3,,0,,,,coadread
YWHAZ,3,10,ETS1;TIGAR;BRAF,VHL;IGFBP2;TUBA1B;ATM;PTEN;RBM15;TSC1;SYK;INPP4B;CCNE2,2,4,4,3,,0.04662524041201569,0.4,0.25,4.264049106792029e-81;1.773477031779871e-37;1.5123379307908246e-08;0.041936198048752385,2.0043138129786304e-62;1.9133194522962928e-18;2.8063777904723e-06,proxy_dimensions,4,,0,,,,coadread
MYH11,2,11,RICTOR;ETS1,TGM2;HSPA1A;SQSTM1;IGFBP2;G6PD;RPS6;PDCD4;PRKCA;BCL2;MAP2K1;ESR1,2,3,3,2,,0.046880723093849545,0.2,0.2,1.89711824448356e-40;1.7432007061568513e-16;2.540060695377994e-07,1.2431339492468917e-30;9.701749532832015e-09,proxy_dimensions,3,,0,,,,kirc
GAPDH,3,11,EIF4EBP1;PRKAA1;TP53,TGM2;HSPA1A;SQSTM1;IGFBP2;G6PD;RPS6;PDCD4;PRKCA;BCL2;MAP2K1;ESR1,2,4,4,3,,0.046880723093849545,0.2,0.2,6.938326319215124e-67;1.0416139971662946e-23;1.6418431975615169e-10;0.0018021533246508664,5.098563158747074e-42;1.6160881372250756e-15;1.8384601259993915e-07,proxy_dimensions,4,,0,,,,kirc
VHL,2,11,CTNNB1;KIT,TGM2;HSPA1A;SQSTM1;IGFBP2;G6PD;RPS6;PDCD4;PRKCA;BCL2;MAP2K1;ESR1,2,3,3,2,,0.046880723093849545,0.2,0.2,1.4973821525743935e-46;2.2899524699457094e-15;0.0014697445880120445,2.604098252510435e-39;1.1762471658614243e-13,proxy_dimensions,3,,0,,,,kirc
SERPINE1,6,10,TUBA1B;CCNB1;CTNNB1;TSC2;PRKAA1;PTEN,TGM2;GAB2;SQSTM1;ANXA1;ERBB3;ERRFI1;PDCD4;PRKCA;MAP2K1;ESR1,2,7,7,6,,0.046880723093849545,0.4,0.25,2.2749009994181098e-54;5.568977689691459e-32;3.849995580681243e-21;2.253161605435459e-12;3.555001273779948e-07;0.0004029719413156455;0.008735311144661431,8.453975712590694e-45;4.255255026223305e-27;1.5541981801178912e-16;1.5688628853675524e-09;4.263212748229917e-06;0.010479332836560069,proxy_dimensions,7,,0,,,,kirc
TGM2,2,2,GAPDH;KIT,PDCD4;MAP2K1,2,2,2,2,0.057279706697208305,0.046880723093849545,0.4,0.2,1.7805143673357104e-06;0.0458330878086097,4.696915478247601e-06;0.013400140954651127,reported,2,0.11637401997547536,1,0.22813758355601477;0.11637401997547536,0.05727970669720825,True,kirc
GAB2,2,11,DIABLO;ERRFI1,TGM2;HSPA1A;SQSTM1;IGFBP2;G6PD;RPS6;PDCD4;PRKCA;BCL2;MAP2K1;ESR1,2,3,3,2,,0.046880723093849545,0.2,0.2,1.5925059494501535e-34;8.306983299494246e-07;0.03541325655592577,2.917156606001988e-27;0.0015962700703661885,proxy_dimensions,3,,0,,,,kirc
HSPA1A,2,10,BRAF;ETS1,TGM2;GAB2;SQSTM1;ANXA1;ERBB3;ERRFI1;PDCD4;PRKCA;MAP2K1;ESR1,2,3,3,2,,0.046880723093849545,0.4,0.25,5.650744876203335e-27;3.4616982332630244e-09;0.01944515039337124,5.5385436638872035e-17;0.002097374648362887,proxy_dimensions,3,,0,,,,kirc
RICTOR,4,10,MYH11;INPP4B;COL6A1;TSC1,TGM2;GAB2;SQSTM1;ANXA1;ERBB3;ERRFI1;PDCD4;PRKCA;MAP2K1;ESR1,2,3,3,3,0.05508159630661266,0.046880723093849545,0.4,0.25,3.1848077857480317e-40;4.003506082473861e-17;3.921912018325511e-06;0.8580355039177311;0.9802312778546314,3.4008886507618524e-34;1.9779632265885756e-13;1.3538654382236225e-06,reported,3,0.2422136862548612,1,0.4828739627507498;0.3078658560018583;0.2422136862548612,0.032711680450985534,True,kirc
SQSTM1,2,2,KDR;ACACA,PDCD4;MAP2K1,2,2,2,2,0.04868488732896284,0.046880723093849545,0.4,0.2,2.512710872431884e-07;0.0038341168142328737,7.436241753259714e-07;0.03778571445104965,reported,2,0.09784700025925802,1,0.2530898714092078;0.09784700025925802,0.04868488732896286,True,kirc
TFRC,5,10,CCNB1;DIABLO;EEF2;EIF4EBP1;RPS6,TGM2;GAB2;SQSTM1;ANXA1;ERBB3;ERRFI1;PDCD4;PRKCA;MAP2K1;ESR1,2,6,6,5,,0.046880723093849545,0.4,0.25,5.927131395319171e-74;3.505021119225305e-44;4.785920880216087e-28;1.2126726533485992e-13;2.9230724576624786e-08;0.0015352855723951963,2.352739282802493e-56;7.396189734351331e-37;1.8329885935311306e-22;1.1823172806373669e-07;0.0033321372723597795,proxy_dimensions,6,,0,,,,kirc
CAV1,3,18,KDR;COL6A1;PXN,TGM2;GAB2;SQSTM1;TUBA1B;CDH1;ANXA1;ERBB3;CLDN7;IGFBP2;DIABLO;G6PD;BAK1;ERRFI1;PDCD4;TSC2;PRKCA;MAP2K1;ESR1,2,4,4,3,,0.046880723093849545,0.4,0.3,9.087769661574056e-68;1.9698547073481352e-34;8.443841044142003e-19;1.927500586908206e-08,1.9144760871617639e-56;1.704286198235177e-24;1.8436883442861453e-11,proxy_dimensions,4,,0,,,,kirc
TUBA1B,2,11,SERPINE1;TSC2,TGM2;HSPA1A;SQSTM1;IGFBP2;G6PD;RPS6;PDCD4;PRKCA;BCL2;MAP2K1;ESR1,2,3,3,2,,0.046880723093849545,0.2,0.2,4.240368207381594e-44;5.841500527575362e-13;0.019198300093128656,1.2700553746681077e-36;2.566018513994375e-11,proxy_dimensions,3,,0,,,,kirc
ATM,4,11,CLDN7;STAT5A;RBM15;PTEN,TGM2;HSPA1A;SQSTM1;IGFBP2;G6PD;RPS6;PDCD4;PRKCA;BCL2;MAP2K1;ESR1,2,4,4,4,0.05277288643329114,0.046880723093849545,0.2,0.2,1.1116128673407418e-56;5.9480695866310515e-24;5.574874778776129e-10;0.0006323901402634158;0.22239129172225722,2.3760263944949784e-46;7.686307814655346e-29;1.0826045772611355e-14;1.2074304587352545e-06,reported,4,0.22673628339665614,1,0.4602279569643224;0.4131951347854833;0.31912362655648285;0.22673628339665614,0.03667349362228976,True,kirc
CDH1,1,11,CLDN7,TGM2;HSPA1A;SQSTM1;IGFBP2;G6PD;RPS6;PDCD4;PRKCA;BCL2;MAP2K1;ESR1,2,2,2,1,,0.046880723093849545,0.2,0.2,1.375578111292546e-10;0.00018818229300382987,4.4625302228600194e-06,proxy_dimensions,2,,0,,,,kirc
FN1,2,10,MYC;ETS1,TGM2;GAB2;SQSTM1;ANXA1;ERBB3;ERRFI1;PDCD4;PRKCA;MAP2K1;ESR1,2,3,3,2,,0.046880723093849545,0.4,0.25,1.1851824136634199e-26;7.522042438709781e-09;0.013057722217899411,1.0453225886681761e-14;1.317388538190803e-08,proxy_dimensions,3,,0,,,,kirc
ANXA1,1,11,SYK,TGM2;HSPA1A;SQSTM1;IGFBP2;G6PD;RPS6;PDCD4;PRKCA;BCL2;MAP2K1;ESR1,2,2,2,1,,0.046880723093849545,0.2,0.2,1.0373384955941516e-12;3.843809085854658e-05,2.4278264522464486e-08,proxy_dimensions,2,,0,,,,kirc
ERBB3,3,11,TFRC;KDR;AR,TGM2;HSPA1A;SQSTM1;IGFBP2;G6PD;RPS6;PDCD4;PRKCA;BCL2;MAP2K1;ESR1,2,4,4,3,,0.046880723093849545,0.2,0.2,5.718935464994935e-61;1.0111711134893714e-22;6.131623742716636e-11;0.016383460211562353,2.529123100779289e-42;2.5519500687665402e-18;6.776749342062771e-08,proxy_dimensions,4,,0,,,,kirc
CCNB1,6,18,SERPINE1;TFRC;CTNNB1;ASNS;RAB11A;FASN,TGM2;GAB2;SQSTM1;TUBA1B;CDH1;ANXA1;ERBB3;CLDN7;IGFBP2;DIABLO;G6PD;BAK1;ERRFI1;PDCD4;TSC2;PRKCA;MAP2K1;ESR1,2,7,7,6,,0.046880723093849545,0.4,0.3,2.036719488803014e-153;4.125155262892949e-89;4.5081037108846953e-57;2.9121273087581677e-39;5.528313371991777e-23;4.651675243411302e-14;1.2875914801450467e-05,3.5159553251900826e-121;3.026903037243101e-70;1.656769603846971e-38;1.1699999470005412e-22;5.902971732549418e-14;2.151976025042968e-05,proxy_dimensions,7,,0,,,,kirc
CLDN7,3,11,ATM;CDH1;MAPK1,TGM2;HSPA1A;SQSTM1;IGFBP2;G6PD;RPS6;PDCD4;PRKCA;BCL2;MAP2K1;ESR1,2,4,4,3,,0.046880723093849545,0.2,0.2,3.949163605617992e-52;5.37848271015972e-20;2.7102517315554977e-08;0.0008644655723850533,2.207150934569157e-50;2.1746450833939354e-17;3.18785317345361e-06,proxy_dimensions,4,,0,,,,kirc
INPP4B,5,10,RICTOR;CLDN7;EIF4EBP1;KIT;TP53,TGM2;GAB2;SQSTM1;ANXA1;ERBB3;ERRFI1;PDCD4;PRKCA;MAP2K1;ESR1,2,5,5,4,0.009027778884269557,0.046880723093849545,0.4,0.25,8.25353629269885e-58;5.272454935956917e-35;3.165357567397488e-20;5.259175575163175e-08;0.01549534085343959;0.1661033429401856,9.621795540190945e-49;9.499590699230736e-28;1.6334644630123613e-15;5.8566040143807834e-08;0.26998201179305,conditional_information_dimension,5,0.0522271235902104,0,0.5018164086839434;0.40483834200166713;0.3277554656790512;0.28647120397042203;0.0522271235902104,0.012520858968302547,False,kirc
KDR,4,2,SQSTM1;CAV1;ERBB3;TSC1,PDCD4;MAP2K1,2,2,2,2,0.0713951534596361,0.046880723093849545,0.4,0.2,8.825943639665626e-15;0.00030318635888332583,7.62309986055876e-10;0.00012517598720929762,reported,2,0.21229867316278606,2,0.28630250142366886;0.21229867316278606,0.07139515345963611,True,kirc
CTNNB1,7,18,VHL;SERPINE1;CCNB1;PRKAA1;NF2;PTEN;LCK,TGM2;GAB2;SQSTM1;TUBA1B;CDH1;ANXA1;ERBB3;CLDN7;IGFBP2;DIABLO;G6PD;BAK1;ERRFI1;PDCD4;TSC2;PRKCA;MAP2K1;ESR1,2,7,7,6,0.004619669393571583,0.046880723093849545,0.4,0.3,2.643846388614418e-136;1.0549895834846432e-68;3.8286986262354576e-45;5.878029650179843e-28;3.326153356238244e-15;4.797158435954502e-07;0.009271224678432137;0.05595634872229848,3.2910370679399555e-92;6.745276482840464e-63;4.0429609913504683e-42;9.33605820358828e-28;1.2435116562692068e-16;5.601212829471281e-09;0.4286734555664157,conditional_information_dimension,7,0.03756910502135276,0,0.5803244664206816;0.5103068880166246;0.44121408005978746;0.392554888988068;0.3304110628200773;0.3061837834041094;0.03756910502135276,0.015531799654109637,False,kirc
IGFBP2,2,10,CCNB1;CTNNB1,TGM2;GAB2;SQSTM1;ANXA1;ERBB3;ERRFI1;PDCD4;PRKCA;MAP2K1;ESR1,2,3,3,2,,0.046880723093849545,0.4,0.25,6.512198997027133e-26;9.775680597197293e-14;5.6120554588424356e-05,7.928186592768772e-20;1.0346461171693079e-10,proxy_dimensions,3,,0,,,,kirc
ASNS,3,18,CCNB1;ACACA;RAB11A,TGM2;GAB2;SQSTM1;TUBA1B;CDH1;ANXA1;ERBB3;CLDN7;IGFBP2;DIABLO;G6PD;BAK1;ERRFI1;PDCD4;TSC2;PRKCA;MAP2K1;ESR1,2,4,4,3,,0.046880723093849545,0.4,0.3,9.49312971238159e-70;2.083539248951927e-35;1.7955634338707835e-16;0.00034122188145840155,1.1177065503278824e-51;1.14396251564433e-21;5.109851521824738e-07,proxy_dimensions,4,,0,,,,kirc
STAT5A,4,11,ATM;SYK;TSC2;PXN,TGM2;HSPA1A;SQSTM1;IGFBP2;G6PD;RPS6;PDCD4;PRKCA;BCL2;MAP2K1;ESR1,2,5,5,4,,0.046880723093849545,0.2,0.2,3.0842320149568918e-55;2.6133077196170106e-25;1.355244084672024e-12;4.0456137010332014e-07;0.0008324641791368519,9.635749257589414e-39;3.2874150230348663e-17;2.6806291873411203e-08;0.0009239821987752772,proxy_dimensions,5,,0,,,,kirc
MAPK1,3,11,CLDN7;BRAF;TSC1,TGM2;HSPA1A;SQSTM1;IGFBP2;G6PD;RPS6;PDCD4;PRKCA;BCL2;MAP2K1;ESR1,2,4,4,3,,0.046880723093849545,0.2,0.2,2.034605985526376e-71;1.3942378490492704e-16;4.000932896730273e-07;0.04178139088415378,8.622919152288837e-44;2.6605429097577356e-11;0.038473497052421736,proxy_dimensions,4,,0,,,,kirc
DIABLO,3,10,TFRC;ACACA;TSC1,TGM2;GAB2;SQSTM1;ANXA1;ERBB3;ERRFI1;PDCD4;PRKCA;MAP2K1;ESR1,2,4,4,3,,0.046880723093849545,0.4,0.25,1.1839951103110481e-59;1.5583804289523147e-29;2.0785330343901464e-09;0.000842082222376954,8.39244658807505e-40;1.1053997346367218e-16;0.00027656581481971977,proxy_dimensions,4,,0,,,,kirc
ACACA,5,10,ASNS;DIABLO;EEF2;RAB11A;FASN,TGM2;GAB2;SQSTM1;ANXA1;ERBB3;ERRFI1;PDCD4;PRKCA;MAP2K1;ESR1,2,5,5,5,0.018740196896555844,0.046880723093849545,0.4,0.25,2.5732540597740886e-56;9.177971213291449e-26;1.666450414452992e-13;0.00021470421243348248;0.009657786375915614;0.2803057034852285,6.432924323170729e-45;6.539057713633318e-27;5.3906747467049316e-15;4.328178121499432e-06;0.012258983385711995,reported,5,0.11824630046461633,1,0.47575118678435774;0.401064386239817;0.34696117454479625;0.22896223374712382;0.11824630046461633,0.01423985021377561,True,kirc
G6PD,2,10,TSC2;AR,TGM2;GAB2;SQSTM1;ANXA1;ERBB3;ERRFI1;PDCD4;PRKCA;MAP2K1;ESR1,2,3,3,2,,0.046880723093849545,0.4,0.25,1.2881728468450592e-32;6.458077739179191e-13;7.2656009852337515e-06,2.259262779951151e-19;5.0676755781515414e-08,proxy_dimensions,3,,0,,,,kirc
SYK,3,11,ANXA1;STAT5A;LCK,TGM2;HSPA1A;SQSTM1;IGFBP2;G6PD;RPS6;PDCD4;PRKCA;BCL2;MAP2K1;ESR1,2,3,3,2,0.019977067897862962,0.046880723093849545,0.2,0.2,7.273602155492521e-32;3.026342034867143e-07;0.005200544815568145;0.7701942957404623,7.920299441522855e-31;1.273511751411707e-07;0.2164065108752946,conditional_information_dimension,3,0.0583848978609954,0,0.4969801976617892;0.27877168661269974;0.0583848978609954,0.022311727414560695,False,kirc
EEF2,3,10,TFRC;ACACA;RPS6,TGM2;GAB2;SQSTM1;ANXA1;ERBB3;ERRFI1;PDCD4;PRKCA;MAP2K1;ESR1,2,4,4,3,,0.046880723093849545,0.4,0.25,1.589326840805254e-51;4.2123424989400414e-23;1.6865668971852872e-10;0.0003320601599841874,3.870188178213308e-29;8.833886826970756e-16;0.0005836064639388413,proxy_dimensions,4,,0,,,,kirc
RBM15,6,18,ATM;STAT5A;COL6A1;KIT;NF2;TP53BP1,TGM2;GAB2;SQSTM1;TUBA1B;CDH1;ANXA1;ERBB3;CLDN7;IGFBP2;DIABLO;G6PD;BAK1;ERRFI1;PDCD4;TSC2;PRKCA;MAP2K1;ESR1,2,7,7,6,,0.046880723093849545,0.4,0.3,1.997152543395694e-114;2.2643674398594336e-57;6.532845037416995e-38;4.353750524377184e-25;6.130347419582588e-14;9.684020270076796e-07;0.021658886363203574,2.524689125452106e-78;9.32084666339545e-46;2.2701346774448277e-31;5.589242994089499e-19;1.1968594119904887e-10;9.07425008779877e-06,proxy_dimensions,7,,0,,,,kirc
EIF4EBP1,3,11,GAPDH;RICTOR;INPP4B,TGM2;HSPA1A;SQSTM1;IGFBP2;G6PD;RPS6;PDCD4;PRKCA;BCL2;MAP2K1;ESR1,2,4,4,3,,0.046880723093849545,0.2,0.2,5.190343534112631e-41;2.1635632104409218e-15;3.1619816278354933e-06;0.005256492183202073,2.6457641540277367e-30;9.1653594345521e-13;0.0017892396504524052,proxy_dimensions,4,,0,,,,kirc
RPS6,2,10,TFRC;EEF2,TGM2;GAB2;SQSTM1;ANXA1;ERBB3;ERRFI1;PDCD4;PRKCA;MAP2K1;ESR1,2,3,3,2,,0.046880723093849545,0.4,0.25,3.3686023669704735e-46;2.254860722785099e-17;2.5578871203156732e-08,1.394931717976783e-22;6.55312070708893e-08,proxy_dimensions,3,,0,,,,kirc
BAK1,2,2,G6PD;ETS1,PDCD4;MAP2K1,2,2,2,1,0.015252203840597984,0.046880723093849545,0.4,0.2,1.849523224967431e-13;3.0728249418267894e-05,0.0001512734101286639;0.47628873488904544,conditional_information_dimension,2,0.03362399782521939,0,0.21930173431559946;0.03362399782521939,0.015252203840597965,False,kirc
ERRFI1,1,11,GAB2,TGM2;HSPA1A;SQSTM1;IGFBP2;G6PD;RPS6;PDCD4;PRKCA;BCL2;MAP2K1;ESR1,2,2,2,1,,0.046880723093849545,0.2,0.2,3.110614388219255e-13;5.850567459748493e-06,7.4502778993712664e-06,proxy_dimensions,2,,0,,,,kirc
PDCD4,2,1,RPS6;TP53,PRKCA,2,1,1,1,0.10675016092048138,0.046880723093849545,0.2,0.15,0.0002176261726632345,0.008606774962118046,reported,1,0.14477074320560726,1,0.14477074320560726,0.10675016092048138,True,kirc
COL6A1,5,10,RICTOR;CAV1;CCNB1;RBM15;ETS1,TGM2;GAB2;SQSTM1;ANXA1;ERBB3;ERRFI1;PDCD4;PRKCA;MAP2K1;ESR1,2,5,5,5,0.031517871275774566,0.046880723093849545,0.4,0.25,1.350917192007434e-48;1.8916877094755927e-27;2.593873759576117e-16;2.5121161346822795e-06;0.01848304539898004;0.9021634638251844,1.1700936605273839e-43;2.6670533039882154e-28;2.4145702769513985e-19;9.344347271485664e-11;2.83651347042572e-05,reported,5,0.19639943337884677,1,0.45045329230224973;0.36463691042952423;0.3440710776885684;0.2759465295606635;0.19639943337884677,0.024803979552880072,True,kirc
RAB11A,5,10,CCNB1;ASNS;ACACA;BCL2;ETS1,TGM2;GAB2;SQSTM1;ANXA1;ERBB3;ERRFI1;PDCD4;PRKCA;MAP2K1;ESR1,2,5,5,5,0.014246996534579096,0.046880723093849545,0.4,0.25,2.2643423514495385e-37;7.279429133677224e-20;2.582034150932301e-10;1.2340992819509493e-05;0.008510881858582474;0.17901604944695085,2.304401124854262e-33;1.1810567647416144e-21;1.1758878072011956e-12;3.4841414586226915e-07;0.032770971265681015,reported,5,0.1008879742703148,1,0.41091203444747487;0.3638184473233403;0.2931896059736817;0.2594686170350553;0.1008879742703148,0.012927848655526965,True,kirc
KIT,2,10,INPP4B;RBM15,TGM2;GAB2;SQSTM1;ANXA1;ERBB3;ERRFI1;PDCD4;PRKCA;MAP2K1;ESR1,2,3,3,2,,0.046880723093849545,0.4,0.25,3.0031519239213537e-32;1.1417394854324315e-14;1.3559253608379826e-05,4.049683849783667e-17;6.0785230641020515e-06,proxy_dimensions,3,,0,,,,kirc
TSC2,6,10,SERPINE1;TUBA1B;ATM;G6PD;BRAF;TSC1,TGM2;GAB2;SQSTM1;ANXA1;ERBB3;ERRFI1;PDCD4;PRKCA;MAP2K1;ESR1,2,6,6,5,0.007568131518660403,0.046880723093849545,0.4,0.25,2.5110023923271756e-67;3.685241713347519e-40;1.6409950816805656e-21;1.5369941308619546e-12;8.549756913477227e-07;0.015953277269428866;0.9637157207909214,6.097192875325329e-51;4.384747962532055e-31;5.057863260647713e-17;2.0566983883766972e-08;0.0003920320894824514;0.16412900069153072,conditional_information_dimension,6,0.06592010341688556,0,0.5025677792534431;0.43780823095191634;0.35855420005993766;0.2685525025884631;0.20241795725199294;0.06592010341688556,0.006778565280326447,False,kirc
PRKCA,2,2,HSPA1A;FN1,PDCD4;MAP2K1,2,2,2,1,0.0062829026026328645,0.046880723093849545,0.4,0.2,5.038117266160547e-05;0.03150704545556099,0.0006388706619929495;0.766174370806699,conditional_information_dimension,2,0.014041484606169764,0,0.20558939998279546;0.014041484606169764,0.006282902602632881,False,kirc
PRKAA1,4,22,GAPDH;SERPINE1;CTNNB1;BRAF,VHL;TGM2;GAB2;HSPA1A;SQSTM1;CDH1;ANXA1;CLDN7;KDR;IGFBP2;DIABLO;G6PD;ERRFI1;PDCD4;COL6A1;KIT;PRKCA;TP53BP1;BCL2;MAP2K1;TSC1;ESR1,2,5,5,4,,0.046880723093849545,0.2,0.25,1.2850926284475777e-145;7.704160439517087e-68;1.6222924706601115e-37;6.567344091375928e-16;0.018819810854166574,8.560406804374956e-112;1.1630723973378337e-52;3.2299221707185668e-24;0.005504240150569946,proxy_dimensions,5,,0,,,,kirc
NF2,3,10,CTNNB1;RBM15;AR,TGM2;GAB2;SQSTM1;ANXA1;ERBB3;ERRFI1;PDCD4;PRKCA;MAP2K1;ESR1,2,4,4,3,,0.046880723093849545,0.4,0.25,6.473445268881943e-36;6.123146485747382e-19;6.840590911462345e-05;0.02121008302401547,6.863045302356245e-33;1.8112661301032483e-15;0.0005316691155237048,proxy_dimensions,4,,0,,,,kirc
MYC,2,11,INPP4B;ETS1,TGM2;HSPA1A;SQSTM1;IGFBP2;G6PD;RPS6;PDCD4;PRKCA;BCL2;MAP2K1;ESR1,2,3,3,2,,0.046880723093849545,0.2,0.2,2.563012631599524e-40;3.594086037368306e-12;0.00032665707905184683,1.4190120924578602e-18;2.0336012789399286e-10,proxy_dimensions,3,,0,,,,kirc
AR,4,10,G6PD;NF2;RAD51;BCL2,TGM2;GAB2;SQSTM1;ANXA1;ERBB3;ERRFI1;PDCD4;PRKCA;MAP2K1;ESR1,2,5,5,4,,0.046880723093849545,0.4,0.25,1.3361193797419773e-52;2.843720487989894e-32;3.6160617274736824e-12;2.4526809457816626e-07;0.006894978661707038,2.2202895056653053e-44;2.58361748833623e-24;3.540214364523104e-07;0.005543362232749386,proxy_dimensions,5,,0,,,,kirc
FASN,2,11,CCNB1;ACACA,TGM2;HSPA1A;SQSTM1;IGFBP2;G6PD;RPS6;PDCD4;PRKCA;BCL2;MAP2K1;ESR1,2,3,3,2,,0.046880723093849545,0.2,0.2,9.29630684506095e-68;1.1859213821225717e-16;0.0006837361883421752,2.1151080582932462e-36;9.400094230199527e-09,proxy_dimensions,3,,0,,,,kirc
PXN,3,10,CAV1;STAT5A;TSC1,TGM2;GAB2;SQSTM1;ANXA1;ERBB3;ERRFI1;PDCD4;PRKCA;MAP2K1;ESR1,2,4,4,3,,0.046880723093849545,0.4,0.25,2.2680822659433777e-53;4.622184851336508e-18;8.83283015824489e-09;0.0007619803218781268,2.4267443788745012e-33;1.3480543470355592e-12;0.0011302286147177787,proxy_dimensions,4,,0,,,,kirc
BRAF,6,10,HSPA1A;MAPK1;TSC2;PRKAA1;TP53BP1;ETS1,TGM2;GAB2;SQSTM1;ANXA1;ERBB3;ERRFI1;PDCD4;PRKCA;MAP2K1;ESR1,2,6,6,5,0.007723493389575917,0.046880723093849545,0.4,0.25,9.449844996796912e-62;9.601662504556741e-34;8.798204501419333e-20;1.2156929644919773e-12;1.774664233705793e-05;0.015734325866662468;0.2496863094305193,9.930893129394787e-42;3.624922505967048e-28;8.359808177026593e-18;3.098467594692458e-10;5.55682299658429e-05;0.15856815877275562,conditional_information_dimension,6,0.0667987231415794,0,0.44282463835718977;0.39491446839152006;0.3433588268734965;0.28806367456634946;0.22359487499251812;0.0667987231415794,0.012851339284893437,False,kirc
PTEN,2,11,SERPINE1;ATM,TGM2;HSPA1A;SQSTM1;IGFBP2;G6PD;RPS6;PDCD4;PRKCA;BCL2;MAP2K1;ESR1,2,3,3,2,,0.046880723093849545,0.2,0.2,1.3412439732257176e-50;6.056007140308504e-12;0.03443682816290466,5.162847459108278e-25;7.115399842411722e-12,proxy_dimensions,3,,0,,,,kirc
TP53BP1,2,10,RBM15;BRAF,TGM2;GAB2;SQSTM1;ANXA1;ERBB3;ERRFI1;PDCD4;PRKCA;MAP2K1;ESR1,2,3,3,2,,0.046880723093849545,0.4,0.25,7.245541129977131e-34;1.5620612886040222e-15;4.624902094953333e-06,1.5606092866013168e-23;8.471536141495015e-11,proxy_dimensions,3,,0,,,,kirc
RAD51,2,10,AR;TP53,TGM2;GAB2;SQSTM1;ANXA1;ERBB3;ERRFI1;PDCD4;PRKCA;MAP2K1;ESR1,2,3,3,2,,0.046880723093849545,0.4,0.25,5.3666769176523674e-39;3.586013647916232e-15;1.0012645710279211e-06,5.816499175776111e-19;7.911085262972206e-08,proxy_dimensions,3,,0,,,,kirc
BCL2,2,10,RAB11A;AR,TGM2;GAB2;SQSTM1;ANXA1;ERBB3;ERRFI1;PDCD4;PRKCA;MAP2K1;ESR1,2,3,3,2,,0.046880723093849545,0.4,0.25,1.4574043737627975e-24;6.56184155061383e-11;2.2860901585151825e-06,2.3384432490413977e-16;1.180156157702955e-06,proxy_dimensions,3,,0,,,,kirc
TP53,3,11,GAPDH;INPP4B;RAD51,TGM2;HSPA1A;SQSTM1;IGFBP2;G6PD;RPS6;PDCD4;PRKCA;BCL2;MAP2K1;ESR1,2,4,4,3,,0.046880723093849545,0.2,0.2,1.0984076346541767e-65;7.905108486389831e-22;3.206840521247278e-09;3.094389410956263e-05,1.7776067925462438e-40;3.694102003568687e-18;4.159190738864582e-05,proxy_dimensions,4,,0,,,,kirc
MAP2K1,1,1,G6PD,PRKCA,2,0,0,0,,0.046880723093849545,0.2,0.15,0.26944665800511297,0.10557121282995832,no_shared_direction,0,,0,,,,kirc
TSC1,5,10,RICTOR;MAPK1;DIABLO;TSC2;PXN,TGM2;GAB2;SQSTM1;ANXA1;ERBB3;ERRFI1;PDCD4;PRKCA;MAP2K1;ESR1,2,6,6,5,,0.046880723093849545,0.4,0.25,2.4570907152917853e-73;2.9431075288440597e-41;9.045564126533918e-22;1.495151358630748e-13;1.8999959729195297e-06;0.016157090108394875,2.777590453882771e-48;7.538917898465629e-24;5.885761160394962e-14;1.323156514162159e-06;0.0258066525654404,proxy_dimensions,6,,0,,,,kirc
CASP7,1,22,LCK,VHL;TGM2;GAB2;HSPA1A;SQSTM1;CDH1;ANXA1;CLDN7;KDR;IGFBP2;DIABLO;G6PD;ERRFI1;PDCD4;COL6A1;KIT;PRKCA;TP53BP1;BCL2;MAP2K1;TSC1;ESR1,2,2,2,1,,0.046880723093849545,0.2,0.25,7.128092975552911e-17;3.056120182021852e-06,3.0224021382201117e-06,proxy_dimensions,2,,0,,,,kirc
ESR1,1,2,TFRC,PDCD4;MAP2K1,2,2,2,1,,0.046880723093849545,0.4,0.2,4.05834911150203e-07;0.0012717089146826424,4.913534237337425e-05,proxy_dimensions,2,,0,,,,kirc
LCK,3,18,CTNNB1;SYK;CASP7,TGM2;GAB2;SQSTM1;TUBA1B;CDH1;ANXA1;ERBB3;CLDN7;IGFBP2;DIABLO;G6PD;BAK1;ERRFI1;PDCD4;TSC2;PRKCA;MAP2K1;ESR1,2,4,4,3,,0.046880723093849545,0.4,0.3,4.782930143252371e-78;1.3421540492822076e-26;6.260141749711817e-10;0.0005254812995515204,6.606300528645528e-75;1.5898113602461585e-23;6.15515619594612e-07,proxy_dimensions,4,,0,,,,kirc
ETS1,6,18,MYH11;HSPA1A;FN1;COL6A1;MYC;BRAF,TGM2;GAB2;SQSTM1;TUBA1B;CDH1;ANXA1;ERBB3;CLDN7;IGFBP2;DIABLO;G6PD;BAK1;ERRFI1;PDCD4;TSC2;PRKCA;MAP2K1;ESR1,2,6,6,5,0.0113874178766994,0.046880723093849545,0.4,0.3,4.384110136550384e-127;4.918912300807365e-49;8.844229128798563e-26;5.585508971845165e-15;1.7068634637612926e-08;0.0004616795728136762;0.07702644762801311,2.4765285258916736e-113;3.535091623307097e-50;1.0041619142362493e-28;2.81289111004332e-15;3.7145601690847205e-06;0.05430448458676856,conditional_information_dimension,6,0.0910868084431106,0,0.7326735210921672;0.5060640200172196;0.41899232418549454;0.35039784727559037;0.2422610667812822;0.0910868084431106,0.016467253939063106,False,kirc
TUBA1B,6,19,GAB2;PEA15;FOXM1;KDR;EEF2;YWHAZ,KIT;ANXA1;IGFBP2;EGFR;GAPDH;CAV1;HSPA1A;CDH1;TFRC;ACACA;SERPINE1;TIGAR;FN1;PRKCA;RICTOR;ERBB3;MYC;COL6A1;ASNS,1,7,7,6,,0.048393391849582724,0.2,0.3,1.9914939617275135e-211;4.356682033649131e-115;4.657871566273082e-80;1.8689449502385656e-49;2.5921003855660058e-28;1.3401070103826527e-11;0.005188757132961605,1.501358287197879e-151;1.4670623992575707e-92;2.506578272004731e-59;2.2891012133554952e-38;1.024400119726165e-18;2.4944908285206874e-06,proxy_dimensions,7,,0,,,,lgg
MYH11,1,4,RAB25,EGFR;GAPDH;TFRC;RICTOR,1,2,2,1,,0.048393391849582724,0.2,0.25,1.3819474174999608e-08;0.00953626828034411,3.0548804313856605e-08,proxy_dimensions,2,,0,,,,lgg
KIT,1,5,TUBA1B,MYH11;GAPDH;CAV1;RICTOR;ERBB3,1,2,2,1,,0.048393391849582724,0.4,0.3,4.3244302879312744e-17;0.016433467796138794,8.99357722941411e-07,proxy_dimensions,2,,0,,,,lgg
ANXA1,4,5,SYK;PTEN;SERPINE1;STAT5A,MYH11;GAPDH;CAV1;RICTOR;ERBB3,1,4,4,4,0.022627436688355245,0.048393391849582724,0.4,0.3,2.1431520403325866e-47;1.241001792288322e-20;5.432612105004968e-05;0.02738198403275514;0.6082463658492272,5.053884275061082e-39;3.268782153738414e-11;3.5841940351609586e-05;0.005910320031688075,reported,4,0.13443080613980335,1,0.5613833044853002;0.31207391560041975;0.20676469988079163;0.13443080613980335,0.02000835311208261,True,lgg
IGFBP2,2,4,SERPINE1;ASNS,EGFR;GAPDH;TFRC;RICTOR,1,3,3,2,,0.048393391849582724,0.2,0.25,7.570574451932279e-19;1.1494488453856884e-09;0.0015409268998786395,2.578562465585218e-12;0.00018154605493276012,proxy_dimensions,3,,0,,,,lgg
VHL,4,4,CDH1;CLDN7;ESR1;CCNE1,EGFR;GAPDH;TFRC;RICTOR,1,3,3,3,0.035204319707071295,0.048393391849582724,0.2,0.25,3.156953946367978e-47;3.0556641016654244e-22;0.0007090071882538148;0.06559759258849474,7.068334270892431e-44;2.7700704870275024e-20;0.007633613573764756,reported,3,0.15220343582828336,2,0.5220904139329501;0.45149378674754176;0.15220343582828336,0.03307335883849618,True,lgg
EGFR,1,58,TFRC,TUBA1B;MYH11;KIT;ANXA1;IGFBP2;VHL;FASN;BRAF;SYK;GAPDH;ATM;CAV1;GAB2;HSPA1A;CDH1;ETS1;MAPK1;PEA15;CTNNB1;TP53BP1;PTEN;CDKN1B;SMAD1;ACACA;RAD51;PREX1;SERPINE1;CCNB1;RPS6;TIGAR;XBP1;FN1;PRKCA;DIABLO;PDCD4;CLDN7;CDH2;MAP2K1;RAB25;RBM15;FOXM1;KDR;RICTOR;SRC;ESR1;MAPK9;STAT5A;TSC1;XRCC5;PDK1;ERBB3;EEF2;MYC;PRDX1;COL6A1;YWHAZ;ASNS;CCNE1,1,2,2,1,,0.048393391849582724,0.2,0.25,1.3627964100552549e-59;1.2008797671946047e-18,1.9778467598194017e-43,proxy_dimensions,2,,0,,,,lgg
FASN,4,19,SYK;PEA15;CLDN7;RAB25,KIT;ANXA1;IGFBP2;EGFR;GAPDH;CAV1;HSPA1A;CDH1;TFRC;ACACA;SERPINE1;TIGAR;FN1;PRKCA;RICTOR;ERBB3;MYC;COL6A1;ASNS,1,5,5,4,,0.048393391849582724,0.2,0.3,2.0655751897517093e-256;2.505712839300548e-134;3.644370254043853e-86;6.868719733727936e-44;1.039687116955648e-17,2.2268751533471235e-156;1.6526619178520765e-87;2.181127906653288e-45;3.09896293073292e-17,proxy_dimensions,5,,0,,,,lgg
BRAF,3,19,MAP2K1;TSC1;PDK1,KIT;ANXA1;IGFBP2;EGFR;GAPDH;CAV1;HSPA1A;CDH1;TFRC;ACACA;SERPINE1;TIGAR;FN1;PRKCA;RICTOR;ERBB3;MYC;COL6A1;ASNS,1,4,4,3,,0.048393391849582724,0.2,0.3,1.0236022421362172e-159;1.2106259222272e-81;1.7286039946634267e-34;6.033337587761582e-14,2.4286873165319967e-114;1.6201824906688153e-40;4.086325049447483e-17,proxy_dimensions,4,,0,,,,lgg
SYK,6,5,ANXA1;FASN;ATM;PDCD4;RAB25;STAT5A,MYH11;GAPDH;CAV1;RICTOR;ERBB3,1,5,5,5,0.023634972466399503,0.048393391849582724,0.4,0.3,2.966797214737649e-77;1.08115999334065e-40;4.7900541351558495e-20;6.616654518641883e-12;4.4459040504225695e-05,7.750182821909712e-72;5.718785782442514e-37;2.143615185625466e-16;1.6976546528632725e-09;0.0011233730941139506,reported,5,0.17965639203882466,1,0.6199752092882833;0.5096106119477856;0.33700780402934477;0.29843944171123055;0.17965639203882466,0.023634972466399486,True,lgg
GAPDH,1,1,SRC,RICTOR,1,1,1,1,0.25500337674750845,0.048393391849582724,0.2,0.2,4.861324089280631e-07,1.1291791169602738e-07,reported,1,0.2550033767475085,1,0.2550033767475085,0.25500337674750845,True,lgg
ATM,7,5,SYK;MAPK1;TP53BP1;SMAD1;SRC;XRCC5;PRDX1,MYH11;GAPDH;CAV1;RICTOR;ERBB3,1,5,5,5,0.01695635714719969,0.048393391849582724,0.4,0.3,4.640597596102704e-56;2.8215711312146e-27;1.1874284817236248e-06;0.0029470467465670847;0.0200632081156784,1.8385190621720337e-39;4.546404503277884e-11;2.734723702317042e-07;0.0009680922309649264;0.010544728275825636,reported,5,0.1636858983722428,1,0.5918008590242017;0.3005515882736045;0.27931839124809615;0.18860284147338752;0.1636858983722428,0.01695635714719969,True,lgg
CAV1,1,4,SERPINE1,EGFR;GAPDH;TFRC;RICTOR,1,2,2,1,,0.048393391849582724,0.2,0.25,1.3773476669798906e-16;5.9215524363029676e-05,7.838286958518604e-07,proxy_dimensions,2,,0,,,,lgg
GAB2,3,5,TUBA1B;RAD51;EEF2,MYH11;GAPDH;CAV1;RICTOR;ERBB3,1,3,3,3,0.05073164734724373,0.048393391849582724,0.4,0.3,2.821167256825456e-45;1.9589735059138972e-16;1.0282811703767957e-05;0.5926090008918984,1.7391366029916333e-28;2.2785243643879124e-15;2.8195936316174594e-05,reported,3,0.20304822325426644,1,0.41488773198155576;0.35818792694768253;0.20304822325426644,0.03973662454579248,True,lgg
HSPA1A,3,5,XBP1;FN1;MYC,MYH11;GAPDH;CAV1;RICTOR;ERBB3,1,4,4,3,,0.048393391849582724,0.4,0.3,5.523142397919269e-40;2.6522567343074693e-12;0.00039841027453067627;0.03632132770121719,7.081642126217331e-25;6.713512601636563e-10;0.04479946608320681,proxy_dimensions,4,,0,,,,lgg
CDH1,1,4,VHL,EGFR;GAPDH;TFRC;RICTOR,1,2,2,1,,0.048393391849582724,0.2,0.25,3.949366564410958e-12;4.1074671896164e-05,1.6472066495441212e-09,proxy_dimensions,2,,0,,,,lgg
ETS1,5,5,MAPK1;RAD51;XBP1;CDH2;SRC,MYH11;GAPDH;CAV1;RICTOR;ERBB3,1,4,4,4,0.03439096669076817,0.048393391849582724,0.4,0.3,7.926435428980498e-64;5.265402865946839e-29;2.9084817682252167e-12;0.00035079501854584416;0.5688652318328364,2.7714273389937304e-50;2.2555773791212134e-17;1.7870305639670883e-09;0.0001533690874723913,reported,4,0.20357515597147266,1,0.6002372576366314;0.3522835289230982;0.2825420331089525;0.20357515597147266,0.03113939156126146,True,lgg
MAPK1,4,19,ATM;CTNNB1;RAD51;PRDX1,KIT;ANXA1;IGFBP2;EGFR;GAPDH;CAV1;HSPA1A;CDH1;TFRC;ACACA;SERPINE1;TIGAR;FN1;PRKCA;RICTOR;ERBB3;MYC;COL6A1;ASNS,1,5,5,4,,0.048393391849582724,0.2,0.3,1.9363349097752414e-197;6.45109397090583e-100;1.9540324043991544e-49;6.080799408651638e-26;1.7509458876218396e-10,6.023981929555951e-137;4.408729483346596e-80;6.216025460491161e-38;2.1127863908867292e-14,proxy_dimensions,5,,0,,,,lgg
PEA15,4,19,TUBA1B;FASN;CDKN1B;RAD51,KIT;ANXA1;IGFBP2;EGFR;GAPDH;CAV1;HSPA1A;CDH1;TFRC;ACACA;SERPINE1;TIGAR;FN1;PRKCA;RICTOR;ERBB3;MYC;COL6A1;ASNS,1,5,5,4,,0.048393391849582724,0.2,0.3,8.834373241878037e-213;1.89194295824422e-108;7.659862408338789e-61;6.624926370166135e-26;3.084239161276174e-11,1.6003051438024609e-145;5.746785221183785e-81;5.587920639351013e-46;6.2126811832782e-11,proxy_dimensions,5,,0,,,,lgg
CTNNB1,5,5,MAPK1;PRKCA;CDH2;ESR1;MAPK9,MYH11;GAPDH;CAV1;RICTOR;ERBB3,1,5,5,4,0.010396062138551801,0.048393391849582724,0.4,0.3,8.336334291367456e-72;1.921539904054403e-30;6.687962743917572e-14;3.7512233261792477e-06;0.015854965493164525,7.566040692687101e-64;1.0415297957529627e-24;5.432760145630166e-11;1.3344292397823491e-05;0.17435314837347138,conditional_information_dimension,5,0.06664472685341484,0,0.6408656002957341;0.4356919024853526;0.300838640092912;0.24662199945845087;0.06664472685341484,0.010396062138551805,False,lgg
TFRC,3,5,EGFR;PEA15;PDCD4,MYH11;GAPDH;CAV1;RICTOR;ERBB3,1,3,3,3,0.06348792457769843,0.048393391849582724,0.4,0.3,5.580278816093593e-33;4.662207512139087e-19;8.964899669721529e-09;0.16350832453214956,3.5741081191102878e-31;2.529483343001183e-16;0.0001187313042296765,reported,3,0.18692186333401417,1,0.43440477956804885;0.37855898607021865;0.18692186333401417,0.05472862992100885,True,lgg
TP53BP1,3,19,ATM;XRCC5;PRDX1,KIT;ANXA1;IGFBP2;EGFR;GAPDH;CAV1;HSPA1A;CDH1;TFRC;ACACA;SERPINE1;TIGAR;FN1;PRKCA;RICTOR;ERBB3;MYC;COL6A1;ASNS,1,3,3,3,0.015506476002142113,0.048393391849582724,0.2,0.3,2.6261738537299353e-107;1.2085426095962008e-32;2.5085454128334552e-11;0.07123644769418255,1.9050996245319733e-59;1.1272425398755792e-21;0.028445071672928025,reported,3,0.10705402175627882,1,0.6129486670837739;0.461219330901093;0.10705402175627882,0.01630848614559924,True,lgg
PTEN,5,5,ANXA1;SMAD1;MAP2K1;MAPK9;PDK1,MYH11;GAPDH;CAV1;RICTOR;ERBB3,1,4,4,4,0.03498965046515191,0.048393391849582724,0.4,0.3,2.6894554338340027e-40;6.336328463076544e-25;1.2150271596883894e-13;0.0009331503948544047;0.3467493179089904,1.7893646414542812e-39;3.675692824637738e-23;2.1093726218377754e-14;8.85400858408268e-05,reported,4,0.2097079690542083,1,0.46882571942617757;0.3664134306367687;0.3599859589051317;0.2097079690542083,0.03181581330186544,True,lgg
CDKN1B,4,19,PEA15;PREX1;CLDN7;MAPK9,KIT;ANXA1;IGFBP2;EGFR;GAPDH;CAV1;HSPA1A;CDH1;TFRC;ACACA;SERPINE1;TIGAR;FN1;PRKCA;RICTOR;ERBB3;MYC;COL6A1;ASNS,1,5,5,4,,0.048393391849582724,0.2,0.3,3.624969625212373e-180;5.214045694396812e-68;1.6248871196957278e-28;6.102397017137255e-13;0.0015214610643019709,7.562347351968926e-126;3.8030583013836894e-55;2.2445171169298206e-15;9.85425374819373e-06,proxy_dimensions,5,,0,,,,lgg
SMAD1,2,5,ATM;PTEN,MYH11;GAPDH;CAV1;RICTOR;ERBB3,1,2,2,2,0.15070943423085814,0.048393391849582724,0.4,0.3,3.02696850300348e-27;4.387569305590662e-06;0.6211718101955184,1.504247326960651e-24;8.075898522302617e-09,reported,2,0.276707179152595,1,0.4283657719876605;0.276707179152595,0.09731717734545783,True,lgg
ACACA,2,4,FASN;TP53BP1,EGFR;GAPDH;TFRC;RICTOR,1,2,2,2,0.0708530067204173,0.048393391849582724,0.2,0.25,1.8350435068783597e-47;1.8556192082278835e-20;0.16483256866018633,1.827338377627323e-25;4.141335445617483e-05,reported,2,0.19862852198716813,1,0.47229524426662334;0.19862852198716813,0.0573677398604449,True,lgg
RAD51,3,19,ETS1;MAPK1;PEA15,KIT;ANXA1;IGFBP2;EGFR;GAPDH;CAV1;HSPA1A;CDH1;TFRC;ACACA;SERPINE1;TIGAR;FN1;PRKCA;RICTOR;ERBB3;MYC;COL6A1;ASNS,1,4,4,3,,0.048393391849582724,0.2,0.3,8.933265497413594e-161;1.982317324678366e-83;3.2152260330400075e-30;2.900236678129746e-09,3.2169488948329575e-111;4.181036615955901e-53;8.904989432683568e-16,proxy_dimensions,4,,0,,,,lgg
PREX1,1,4,CDKN1B,EGFR;GAPDH;TFRC;RICTOR,1,2,2,1,,0.048393391849582724,0.2,0.25,4.836289519663868e-12;0.024663134626246804,4.982340035806874e-11,proxy_dimensions,2,,0,,,,lgg
SERPINE1,3,53,IGFBP2;CAV1;FN1,TUBA1B;MYH11;KIT;ANXA1;VHL;EGFR;FASN;BRAF;SYK;GAPDH;ATM;GAB2;CDH1;ETS1;MAPK1;PEA15;CTNNB1;TFRC;TP53BP1;PTEN;CDKN1B;SMAD1;ACACA;RAD51;PREX1;CCNB1;RPS6;TIGAR;XBP1;PRKCA;DIABLO;PDCD4;CLDN7;CDH2;MAP2K1;RAB25;RBM15;FOXM1;KDR;RICTOR;SRC;ESR1;MAPK9;STAT5A;TSC1;XRCC5;PDK1;ERBB3;EEF2;PRDX1;YWHAZ;ASNS;CCNE1,1,4,4,3,,0.048393391849582724,0.2,0.3,4.207148730787777e-215;3.1866362995145446e-104;5.75615600018153e-51;5.412033549903378e-16,5.939234798426237e-153;1.767771177280972e-75;1.425466177547901e-35,proxy_dimensions,4,,0,,,,lgg
CCNB1,2,5,RBM15;PDK1,MYH11;GAPDH;CAV1;RICTOR;ERBB3,1,2,2,2,0.15826074749357188,0.048393391849582724,0.4,0.3,4.523320624625639e-39;6.262218659857736e-09;0.09945966353404043,1.3947576051612387e-38;5.556358097019485e-10,reported,2,0.29669657365050023,1,0.541546135822195;0.29669657365050023,0.10740445537570767,True,lgg
RPS6,1,4,CLDN7,EGFR;GAPDH;TFRC;RICTOR,1,2,2,1,,0.048393391849582724,0.2,0.25,6.345267729687128e-29;2.6128889979506494e-14,4.0987051268761384e-15,proxy_dimensions,2,,0,,,,lgg
TIGAR,1,4,HSPA1A,EGFR;GAPDH;TFRC;RICTOR,1,2,2,1,,0.048393391849582724,0.2,0.25,4.615339047353331e-25;6.731803914512328e-06,1.9880394881049108e-07,proxy_dimensions,2,,0,,,,lgg
XBP1,3,5,HSPA1A;ETS1;XRCC5,MYH11;GAPDH;CAV1;RICTOR;ERBB3,1,4,4,3,,0.048393391849582724,0.4,0.3,6.964042974409447e-50;1.7475189074488933e-20;1.044596585797924e-11;0.0018886205807082535,7.368028236092998e-45;4.472122989372042e-15;1.2198924487668305e-06,proxy_dimensions,4,,0,,,,lgg
FN1,3,5,HSPA1A;SERPINE1;PRKCA,MYH11;GAPDH;CAV1;RICTOR;ERBB3,1,3,3,3,0.032179606588266275,0.048393391849582724,0.4,0.3,1.7787669743351416e-45;1.935690836487394e-19;1.9502745462729178e-05;0.35646955392311674,4.293785634233867e-21;4.920368159654083e-07;0.023252251746392245,reported,3,0.11085022749082848,1,0.42423741202529774;0.2624688039241039;0.11085022749082848,0.031281050291185636,True,lgg
PRKCA,2,5,CTNNB1;FN1,MYH11;GAPDH;CAV1;RICTOR;ERBB3,1,3,3,2,,0.048393391849582724,0.4,0.3,4.8363437565474224e-42;5.839379480060631e-14;1.3193549567338044e-07,2.922462824726266e-25;4.944604828165647e-07,proxy_dimensions,3,,0,,,,lgg
DIABLO,2,19,STAT5A;TSC1,KIT;ANXA1;IGFBP2;EGFR;GAPDH;CAV1;HSPA1A;CDH1;TFRC;ACACA;SERPINE1;TIGAR;FN1;PRKCA;RICTOR;ERBB3;MYC;COL6A1;ASNS,1,3,3,2,,0.048393391849582724,0.2,0.3,9.215281863038381e-104;5.646308782665076e-34;2.1526324648866496e-07,5.4914576951049616e-99;1.40319069984197e-29,proxy_dimensions,3,,0,,,,lgg
PDCD4,4,5,SYK;TFRC;CDH2;XRCC5,MYH11;GAPDH;CAV1;RICTOR;ERBB3,1,4,4,4,0.04636532213068466,0.048393391849582724,0.4,0.3,1.264869390444142e-41;2.188907319472002e-20;8.596194022898739e-10;3.8824327920041354e-05;0.4340287828282655,1.5390167070593817e-34;2.5077909815581585e-18;9.856170530208442e-11;9.790968322899589e-07,reported,4,0.23675789295390556,1,0.4616413165221266;0.3406172597508676;0.258471477398871;0.23675789295390556,0.04176880551321756,True,lgg
CLDN7,4,19,VHL;FASN;CDKN1B;RPS6,KIT;ANXA1;IGFBP2;EGFR;GAPDH;CAV1;HSPA1A;CDH1;TFRC;ACACA;SERPINE1;TIGAR;FN1;PRKCA;RICTOR;ERBB3;MYC;COL6A1;ASNS,1,5,5,4,,0.048393391849582724,0.2,0.3,5.705522921687171e-234;1.1765649009384251e-119;1.976759285597429e-55;2.06205737173039e-24;0.00017016489986664316,3.738508770561566e-130;6.101118150467497e-66;1.9056968390130602e-27;1.1843310370079721e-07,proxy_dimensions,5,,0,,,,lgg
CDH2,4,5,ETS1;CTNNB1;PDCD4;XRCC5,MYH11;GAPDH;CAV1;RICTOR;ERBB3,1,5,5,3,,0.048393391849582724,0.4,0.3,4.1402497313977686e-60;9.117515945541133e-25;1.653389959391781e-08;0.00036705943093674184;0.016329969537438933,7.751900780228438e-41;3.585557147585942e-16;0.0002487644062905399;0.05322027010486635,proxy_dimensions,5,,0,,,,lgg
MAP2K1,4,19,BRAF;PTEN;PDK1;YWHAZ,KIT;ANXA1;IGFBP2;EGFR;GAPDH;CAV1;HSPA1A;CDH1;TFRC;ACACA;SERPINE1;TIGAR;FN1;PRKCA;RICTOR;ERBB3;MYC;COL6A1;ASNS,1,5,5,4,,0.048393391849582724,0.2,0.3,7.547122698840208e-176;4.805664205224321e-103;4.922317803329445e-56;7.143899161605011e-29;1.0245882304164793e-11,2.161456816616021e-131;5.998209282249651e-59;3.2155460121818157e-31;6.386933404036022e-14,proxy_dimensions,5,,0,,,,lgg
RAB25,4,5,FASN;SYK;TIGAR;FOXM1,MYH11;GAPDH;CAV1;RICTOR;ERBB3,1,5,5,4,,0.048393391849582724,0.4,0.3,1.8430965115976766e-58;1.4152921431300905e-30;2.872591702145075e-13;5.616274623146142e-06;0.007253151725279042,1.2049770570273603e-37;7.816446708602159e-21;2.6744251829819947e-10;0.0018397026106812204,proxy_dimensions,5,,0,,,,lgg
RBM15,2,5,CCNB1;XRCC5,MYH11;GAPDH;CAV1;RICTOR;ERBB3,1,2,2,1,0.021832324819577992,0.048393391849582724,0.4,0.3,9.208718423243537e-28;0.044810627674615654;0.8285570503268882,0.00018557718346431858;0.2504014974165475,conditional_information_dimension,2,0.05620694003344641,0,0.22069492215613337;0.05620694003344641,0.018135757087544894,False,lgg
FOXM1,3,4,TUBA1B;RAB25;CCNE1,EGFR;GAPDH;TFRC;RICTOR,1,4,4,3,,0.048393391849582724,0.2,0.25,1.4823213514832092e-48;9.176615514007466e-25;0.0004077211872031129;0.045081091766119144,2.7074491166978856e-28;0.0002386704425968995;0.025292218741382207,proxy_dimensions,4,,0,,,,lgg
KDR,1,19,TUBA1B,KIT;ANXA1;IGFBP2;EGFR;GAPDH;CAV1;HSPA1A;CDH1;TFRC;ACACA;SERPINE1;TIGAR;FN1;PRKCA;RICTOR;ERBB3;MYC;COL6A1;ASNS,1,2,2,1,,0.048393391849582724,0.2,0.3,5.944220518190192e-83;7.998867542548576e-18,3.2534996050966474e-40,proxy_dimensions,2,,0,,,,lgg
RICTOR,1,0,TFRC,,1,0,0,0,,0.048393391849582724,0.2,0.15,,,no_shared_direction,0,,0,,,,lgg
SRC,4,5,ATM;ETS1;MAPK9;XRCC5,MYH11;GAPDH;CAV1;RICTOR;ERBB3,1,3,3,3,0.020711595892236007,0.048393391849582724,0.4,0.3,7.50106329918917e-40;1.6629615831619227e-13;0.02671807671068228;0.1852151588257213;0.323197038364213,7.56334250469874e-36;2.808256528726532e-12;0.007108125822105151,reported,3,0.1532996498084943,1,0.5219655834793018;0.35494958038792696;0.1532996498084943,0.016887020721173547,True,lgg
ESR1,2,4,VHL;CCNE1,EGFR;GAPDH;TFRC;RICTOR,1,3,3,2,,0.048393391849582724,0.2,0.25,9.701237685826109e-29;0.0009695423285615894;0.03956107932203632,2.31234978379808e-28;0.0026911635856798856,proxy_dimensions,3,,0,,,,lgg
MAPK9,5,5,PEA15;CTNNB1;PTEN;CDKN1B;SRC,MYH11;GAPDH;CAV1;RICTOR;ERBB3,1,4,4,4,0.0394427648979086,0.048393391849582724,0.4,0.3,2.0206808596009886e-44;3.873326233733874e-19;2.4295464475375074e-06;0.0014266379818890452;0.9852556625639585,5.510863952724043e-47;4.178865475790172e-21;1.0085529966138909e-07;3.915526632972765e-05,reported,4,0.21847030041787374,1,0.5513819067636693;0.4246827470847248;0.23230714824655851;0.21847030041787374,0.036331471454449864,True,lgg
STAT5A,4,5,ANXA1;SYK;DIABLO;FOXM1,MYH11;GAPDH;CAV1;RICTOR;ERBB3,1,4,4,4,0.03012932618032652,0.048393391849582724,0.4,0.3,6.278024176547933e-37;8.616041397570176e-17;1.994959632166242e-06;0.00048667147361914135;0.1315014327640403,4.1340289827389514e-21;5.625466270331203e-11;1.5795012764190848e-05;0.002724173480841967,reported,4,0.14624997457620614,1,0.3912139715839572;0.30152590141223284;0.20873735689391615;0.14624997457620614,0.02940156903843463,True,lgg
TSC1,2,19,BRAF;DIABLO,KIT;ANXA1;IGFBP2;EGFR;GAPDH;CAV1;HSPA1A;CDH1;TFRC;ACACA;SERPINE1;TIGAR;FN1;PRKCA;RICTOR;ERBB3;MYC;COL6A1;ASNS,1,3,3,2,,0.048393391849582724,0.2,0.3,5.121543950672488e-93;1.8218984720918522e-31;4.7011724876120867e-05,3.6659506344931235e-32;2.9298120189538108e-05,proxy_dimensions,3,,0,,,,lgg
XRCC5,7,5,ATM;TP53BP1;XBP1;PDCD4;CDH2;RBM15;SRC,MYH11;GAPDH;CAV1;RICTOR;ERBB3,1,5,5,4,0.014153912684552393,0.048393391849582724,0.4,0.3,2.5502466738976176e-51;1.5405533362074617e-25;1.7575313819907145e-13;6.632729377977056e-05;0.03513632077591526,4.0608412962341426e-36;6.043876334083185e-24;2.597590457270858e-13;0.00025371528922603603;0.2076096446861205,conditional_information_dimension,5,0.10464477395473806,0,0.4417235675589663;0.4117382563973094;0.3774669236574886;0.2422043269824209;0.10464477395473806,0.014153912684552423,False,lgg
PDK1,3,19,BRAF;CCNB1;MAP2K1,KIT;ANXA1;IGFBP2;EGFR;GAPDH;CAV1;HSPA1A;CDH1;TFRC;ACACA;SERPINE1;TIGAR;FN1;PRKCA;RICTOR;ERBB3;MYC;COL6A1;ASNS,1,4,4,3,,0.048393391849582724,0.2,0.3,1.041567035478591e-133;4.6405234120262934e-68;2.2817122184977837e-22;0.0005505736153219988,2.041621188570852e-87;1.6197592676663973e-25;1.0164916687252412e-05,proxy_dimensions,4,,0,,,,lgg
ERBB3,1,4,RAB25,EGFR;GAPDH;TFRC;RICTOR,1,2,2,1,,0.048393391849582724,0.2,0.25,4.012563786645552e-10;0.00048088568324198666,1.8400135068009505e-05,proxy_dimensions,2,,0,,,,lgg
EEF2,3,5,TUBA1B;GAB2;RAD51,MYH11;GAPDH;CAV1;RICTOR;ERBB3,1,3,3,3,0.032869753449819517,0.048393391849582724,0.4,0.3,2.821167256825822e-45;1.9589735059139245e-16;1.0282811703767996e-05;0.5926090008918996,4.075494803730309e-43;2.6810827644947462e-14;0.006758715721262224,reported,3,0.13213337887877194,1,0.5555427718187061;0.3727930201203283;0.13213337887877194,0.026474848010868274,True,lgg
MYC,2,53,HSPA1A;COL6A1,TUBA1B;MYH11;KIT;ANXA1;VHL;EGFR;FASN;BRAF;SYK;GAPDH;ATM;GAB2;CDH1;ETS1;MAPK1;PEA15;CTNNB1;TFRC;TP53BP1;PTEN;CDKN1B;SMAD1;ACACA;RAD51;PREX1;CCNB1;RPS6;TIGAR;XBP1;PRKCA;DIABLO;PDCD4;CLDN7;CDH2;MAP2K1;RAB25;RBM15;FOXM1;KDR;RICTOR;SRC;ESR1;MAPK9;STAT5A;TSC1;XRCC5;PDK1;ERBB3;EEF2;PRDX1;YWHAZ;ASNS;CCNE1,1,3,3,2,,0.048393391849582724,0.2,0.3,2.47007652408415e-148;5.2409010619364465e-53;6.9743721900336214e-12,2.6785198537004417e-107;3.46099929823155e-45,proxy_dimensions,3,,0,,,,lgg
PRDX1,2,4,MAPK1;TP53BP1,EGFR;GAPDH;TFRC;RICTOR,1,3,3,2,,0.048393391849582724,0.2,0.25,9.831392156044864e-34;1.7636464639394166e-18;0.0014233117448326361,2.2222767142724625e-31;6.995576575580519e-17,proxy_dimensions,3,,0,,,,lgg
COL6A1,2,5,CDKN1B;MYC,MYH11;GAPDH;CAV1;RICTOR;ERBB3,1,3,3,2,,0.048393391849582724,0.4,0.3,3.6650733351387485e-27;1.7963235751985862e-05;0.010852103265798534,1.2552245200045529e-11;0.0069359198156348206,proxy_dimensions,3,,0,,,,lgg
YWHAZ,2,19,TUBA1B;MAP2K1,KIT;ANXA1;IGFBP2;EGFR;GAPDH;CAV1;HSPA1A;CDH1;TFRC;ACACA;SERPINE1;TIGAR;FN1;PRKCA;RICTOR;ERBB3;MYC;COL6A1;ASNS,1,3,3,2,,0.048393391849582724,0.2,0.3,1.415260887509424e-131;1.9234911858607733e-57;3.0757871552470067e-13,1.2238268230897045e-79;1.7771096622691615e-29,proxy_dimensions,3,,0,,,,lgg
ASNS,2,5,IGFBP2;SERPINE1,MYH11;GAPDH;CAV1;RICTOR;ERBB3,1,3,3,2,,0.048393391849582724,0.4,0.3,3.91999077856439e-26;7.233464828309171e-08;0.0011160375779433053,8.434061145361307e-22;2.406868275204624e-06,proxy_dimensions,3,,0,,,,lgg
CCNE1,3,4,VHL;FOXM1;ESR1,EGFR;GAPDH;TFRC;RICTOR,1,4,4,3,,0.048393391849582724,0.2,0.25,3.0622546466559796e-50;7.382297636942517e-25;0.00042404973697985206;0.016839188275659688,1.681806096532676e-27;1.1039331426367738e-06;0.000980542014454267,proxy_dimensions,4,,0,,,,lgg
VHL,0,0,,,1,0,0,0,,0.05,0.2,0.15,,,no_shared_direction,0,,0,,,,luad
GAPDH,3,21,EIF4EBP1;AR;FOXM1,VHL;SERPINE1;IGFBP2;TUBA1B;ANXA1;INPP4B;CASP7;G6PD;SQSTM1;ERBB2;PDCD4;KDR;DIABLO;RPS6;EEF2;MYC;FN1;RBM15;ESR1;ITGA2;SYK,1,4,4,3,,0.05,0.4,0.3,3.885519979991253e-68;3.510561535328259e-37;7.473901593109162e-14;0.004893933507379607,2.0375137735994142e-36;2.2606687373296676e-13;0.006104343023469182,proxy_dimensions,4,,0,,,,luad
MYH11,3,12,CAV1;RICTOR;FOXM1,VHL;GAPDH;IGFBP2;TUBA1B;CASP7;G6PD;SQSTM1;EEF2K;PXN;KDR;MYC;GAB2,1,4,4,3,,0.05,0.2,0.2,8.05589780549408e-61;1.1182797922722336e-22;0.0002711834192931604;0.017577450083749224,1.2867272880919448e-41;1.0308295289735321e-16;0.002095631591857272,proxy_dimensions,4,,0,,,,luad
CAV1,3,12,MYH11;TGM2;RICTOR,VHL;GAPDH;IGFBP2;TUBA1B;CASP7;G6PD;SQSTM1;EEF2K;PXN;KDR;MYC;GAB2,1,3,3,3,0.04714783950806242,0.05,0.2,0.2,8.554293687671909e-52;5.4265922032453364e-17;0.0011343670605829458;0.22592212616600235,1.1752332238113802e-49;5.241345976312725e-11;0.0002111832897716346,reported,3,0.19765613884696565,1,0.6641112266860772;0.33218252290408723;0.19765613884696565,0.03592520245178145,True,luad
SERPINE1,3,12,TGM2;FN1;ITGA2,VHL;GAPDH;IGFBP2;TUBA1B;CASP7;G6PD;SQSTM1;EEF2K;PXN;KDR;MYC;GAB2,1,4,4,3,,0.05,0.2,0.2,2.5712089711119123e-40;1.4113828216216258e-24;2.867102704765793e-13;7.64779516966708e-07,2.7904227642656575e-28;9.331874385863108e-15;3.4766682958831756e-07,proxy_dimensions,4,,0,,,,luad
IGFBP2,1,58,ANXA1,VHL;GAPDH;MYH11;CAV1;SERPINE1;TUBA1B;CLDN7;CTNNB1;CCNB1;FASN;TFRC;STAT5A;INPP4B;CDH1;ASNS;CASP7;G6PD;KIT;HSPA1A;TGM2;RICTOR;SQSTM1;ERBB2;RAB25;PDCD4;ACACA;TP53;EEF2K;PXN;KDR;DIABLO;BRAF;RPS6;ETS1;PRKCA;EEF2;ATM;RAD51;MYC;FN1;RBM15;EIF4EBP1;AR;PREX1;BCL2L11;ESR1;TSC1;ITGA2;SYK;GAB2;CDH2;MSH6;BAK1;MSH2;CCNE1;EIF4G1;TP53BP1;FOXM1,1,2,2,1,,0.05,0.4,0.3,2.6565453746690292e-27;0.002458549728248413,5.83624221413931e-13,proxy_dimensions,2,,0,,,,luad
TUBA1B,0,0,,,1,0,0,0,,0.05,0.2,0.15,,,no_shared_direction,0,,0,,,,luad
ANXA1,1,7,FASN,VHL;IGFBP2;TUBA1B;SQSTM1;KDR;MYC;GAB2,1,2,2,1,,0.05,0.2,0.15,1.115459898746057e-21;4.445858842795938e-07,3.200947718383097e-07,proxy_dimensions,2,,0,,,,luad
CLDN7,5,25,FASN;STAT5A;CDH1;KIT;RAB25,VHL;GAPDH;SERPINE1;IGFBP2;TUBA1B;ANXA1;INPP4B;ASNS;CASP7;G6PD;SQSTM1;PDCD4;EEF2K;PXN;KDR;DIABLO;RPS6;EEF2;MYC;FN1;RBM15;ESR1;ITGA2;GAB2;MSH2,1,5,5,5,0.04028517855544623,0.05,0.2,0.25,1.6601835526292756e-119;1.0240139008067886e-70;9.090503055415683e-37;1.2204545433125839e-17;0.00010399158599322772;0.11963716910012119,8.159731476049096e-129;1.1185612471227375e-73;1.5023693456150558e-39;9.43081027481646e-20;9.936829889703382e-12,reported,5,0.35573558011279827,2,0.7589365632079951;0.6479781925571347;0.5261678959484998;0.3652647311681226;0.35573558011279827,0.025552151854746342,True,luad
CTNNB1,3,12,CDH1;ERBB2;EIF4EBP1,VHL;GAPDH;IGFBP2;TUBA1B;CASP7;G6PD;SQSTM1;EEF2K;PXN;KDR;MYC;GAB2,1,4,4,3,,0.05,0.2,0.2,9.181753432540777e-79;1.379565304377196e-35;1.116726903851953e-16;2.7421256579704115e-05,1.0509606279300493e-37;2.8598098154353196e-19;8.977985143098029e-08,proxy_dimensions,4,,0,,,,luad
CCNB1,6,21,TFRC;TGM2;RICTOR;MSH6;CCNE1;FOXM1,VHL;SERPINE1;IGFBP2;TUBA1B;ANXA1;INPP4B;CASP7;G6PD;SQSTM1;ERBB2;PDCD4;KDR;DIABLO;RPS6;EEF2;MYC;FN1;RBM15;ESR1;ITGA2;SYK,1,6,6,6,0.030351937840252533,0.05,0.4,0.3,8.325523875058459e-83;4.465554852863321e-52;1.741029272492045e-29;1.4834422321022178e-12;8.27064807434882e-06;0.016569774857609628;0.25117616832726153,3.158707645461732e-83;2.616401934028592e-56;1.1921166942093224e-30;3.2244655571177053e-16;5.999576191471926e-10;8.000139630149693e-06,reported,6,0.2381417865044258,2,0.618014882898015;0.5998214863210108;0.4830345671515347;0.34974047369325006;0.285357473630048;0.2381417865044258,0.024935433927581557,True,luad
FASN,4,7,ANXA1;CLDN7;ACACA;EEF2K,VHL;IGFBP2;TUBA1B;SQSTM1;KDR;MYC;GAB2,1,4,4,4,0.05254292181975069,0.05,0.2,0.15,1.3550205495498556e-43;4.459484548484199e-19;7.196181357077829e-10;2.854203333785292e-05;0.051282804552503725,2.6063965369235826e-43;4.808478180515164e-16;4.15626402438109e-10;0.0002001689339495411,reported,4,0.19864756973147232,1,0.6009901515462182;0.3427568666217434;0.31492591963402017;0.19864756973147232,0.0472738651366302,True,luad
TFRC,1,12,CCNB1,VHL;GAPDH;IGFBP2;TUBA1B;CASP7;G6PD;SQSTM1;EEF2K;PXN;KDR;MYC;GAB2,1,2,2,1,,0.05,0.2,0.2,7.534431242969675e-10;0.03929354779477344,0.0002662271710037968,proxy_dimensions,2,,0,,,,luad
STAT5A,5,21,CLDN7;BRAF;PRKCA;ATM;GAB2,VHL;SERPINE1;IGFBP2;TUBA1B;ANXA1;INPP4B;CASP7;G6PD;SQSTM1;ERBB2;PDCD4;KDR;DIABLO;RPS6;EEF2;MYC;FN1;RBM15;ESR1;ITGA2;SYK,1,6,6,5,,0.05,0.4,0.3,4.1325907289272007e-95;6.182357080232995e-44;2.1252180962445733e-23;4.836233046417274e-15;1.5866690192196834e-06;0.008206146779781555,2.2615396447453737e-57;1.298625682521595e-27;5.572588519310664e-17;2.0808728948508663e-08;0.0006896118831636564,proxy_dimensions,6,,0,,,,luad
INPP4B,3,7,ERBB2;RPS6;RBM15,VHL;IGFBP2;TUBA1B;SQSTM1;KDR;MYC;GAB2,1,4,4,2,,0.05,0.2,0.15,4.822753531783192e-33;2.725691939318409e-10;0.00032846506484843257;0.04762514678550125,5.59151816384444e-28;2.375365208614635e-07;0.06268978589774267,proxy_dimensions,4,,0,,,,luad
CDH1,3,12,CLDN7;CTNNB1;DIABLO,VHL;GAPDH;IGFBP2;TUBA1B;CASP7;G6PD;SQSTM1;EEF2K;PXN;KDR;MYC;GAB2,1,4,4,3,,0.05,0.2,0.2,5.282863057932381e-64;2.8348167084521027e-22;1.517351683126218e-08;0.008355804971938082,1.0053567533933414e-45;2.979890789200875e-08;0.007324023308373348,proxy_dimensions,4,,0,,,,luad
ASNS,3,21,EEF2K;EIF4EBP1;FOXM1,VHL;SERPINE1;IGFBP2;TUBA1B;ANXA1;INPP4B;CASP7;G6PD;SQSTM1;ERBB2;PDCD4;KDR;DIABLO;RPS6;EEF2;MYC;FN1;RBM15;ESR1;ITGA2;SYK,1,4,4,3,,0.05,0.4,0.3,8.914266189417539e-63;3.3054309803851475e-24;1.0009706124926621e-10;0.021045707419702277,7.085085784901847e-44;6.111935788138734e-19;3.274317396136352e-08,proxy_dimensions,4,,0,,,,luad
CASP7,4,6,ERBB2;EEF2;BCL2L11;SYK,VHL;TUBA1B;INPP4B;KDR;DIABLO;MYC,1,2,2,2,0.04926736945914254,0.05,0.4,0.25,1.3637433311148478e-24;0.03813784897201327;0.6960842581661932;0.8492322258674374;0.7226967148991694,3.764180566340961e-27;0.005667207668267397,reported,2,0.18928225935212925,2,0.5629025275265356;0.18928225935212925,0.031775604099597725,True,luad
G6PD,2,7,GAPDH;TGM2,VHL;IGFBP2;TUBA1B;SQSTM1;KDR;MYC;GAB2,1,2,2,2,0.07589581568540618,0.05,0.2,0.15,2.424961115650518e-15;0.0034876490227470783;0.5054639236050757,7.521066260045727e-19;0.0019323185995623793,reported,2,0.16564785628161924,1,0.45848208388749717;0.16564785628161924,0.05007004741667867,True,luad
KIT,3,6,IGFBP2;CLDN7;FASN,VHL;TUBA1B;INPP4B;KDR;DIABLO;MYC,1,3,3,2,0.03524620127296315,0.05,0.4,0.25,6.618036793451329e-16;4.254042633148315e-10;9.57709955836551e-06;0.1075160491117353,1.6788081269915408e-15;4.0287706659871266e-08;0.05294506912368429,conditional_information_dimension,3,0.10398954448960307,0,0.36681305398390185;0.3166747132903223;0.10398954448960307,0.03842987651647682,False,luad
HSPA1A,2,7,RBM15;CDH2,VHL;IGFBP2;TUBA1B;SQSTM1;KDR;MYC;GAB2,1,3,3,2,,0.05,0.2,0.15,2.039745222168644e-34;6.0310465024115156e-06;0.009804181703924107,2.125695576548436e-25;0.0009484600360406911,proxy_dimensions,3,,0,,,,luad
TGM2,3,6,CAV1;SERPINE1;CCNB1,VHL;TUBA1B;INPP4B;KDR;DIABLO;MYC,1,3,3,2,0.025529604440487904,0.05,0.4,0.25,8.481331200885329e-10;0.0001608325532134182;0.016659997776803628;0.8176456615244543,3.511641294581705e-11;0.0004354705021609478;0.13178277965171384,conditional_information_dimension,3,0.08106521204085065,0,0.36009839154910683;0.2258098973117175;0.08106521204085065,0.02113876961351355,False,luad
RICTOR,5,12,MYH11;CAV1;CCNB1;EEF2;TSC1,VHL;GAPDH;IGFBP2;TUBA1B;CASP7;G6PD;SQSTM1;EEF2K;PXN;KDR;MYC;GAB2,1,5,5,5,0.022624281139875236,0.05,0.2,0.2,4.4542814000257565e-86;6.897177619946175e-30;7.676875649096919e-14;3.20231353085108e-05;0.01578071691654841;0.3072708868899908,1.623119904100517e-79;1.3958089079158274e-28;7.455363423145328e-12;1.2656706340394398e-06;0.0015657892706854278,reported,5,0.16962804252070035,1,0.7439551971372889;0.5082026009967547;0.32687904632019044;0.254192912634342;0.16962804252070035,0.02011308253843067,True,luad
SQSTM1,1,6,RAD51,VHL;TUBA1B;INPP4B;KDR;DIABLO;MYC,1,2,2,1,,0.05,0.4,0.25,1.7722888726255402e-12;0.00020857021305258023,6.971629084169633e-09,proxy_dimensions,2,,0,,,,luad
ERBB2,1,7,INPP4B,VHL;IGFBP2;TUBA1B;SQSTM1;KDR;MYC;GAB2,1,2,2,1,,0.05,0.2,0.15,3.024815755799733e-21;0.00047791498802508576,9.587221284713759e-05,proxy_dimensions,2,,0,,,,luad
RAB25,1,7,CLDN7,VHL;IGFBP2;TUBA1B;SQSTM1;KDR;MYC;GAB2,1,2,2,1,,0.05,0.2,0.15,5.782180888924285e-16;8.444210480092726e-07,2.024771414898359e-06,proxy_dimensions,2,,0,,,,luad
PDCD4,3,7,CCNB1;KIT;FN1,VHL;IGFBP2;TUBA1B;SQSTM1;KDR;MYC;GAB2,1,3,3,3,0.03644532599726028,0.05,0.2,0.15,5.2064423255464335e-15;0.0011955729646759867;0.015521163978419919;0.09084076390905277,3.7523009100721054e-19;0.00030856627266975063;0.04303853479239646,reported,3,0.10868870045361914,1,0.4722790290226472;0.219195233204487;0.10868870045361914,0.03592364431844278,True,luad
ACACA,2,7,FASN;CDH2,VHL;IGFBP2;TUBA1B;SQSTM1;KDR;MYC;GAB2,1,3,3,2,,0.05,0.2,0.15,7.599148674577192e-36;2.578308254680995e-10;0.00010584408145269988,3.632610915192019e-24;7.675165370845429e-08,proxy_dimensions,3,,0,,,,luad
TP53,2,7,ETS1;RAD51,VHL;IGFBP2;TUBA1B;SQSTM1;KDR;MYC;GAB2,1,3,3,2,,0.05,0.2,0.15,1.9290767290480108e-10;0.0018270501149196176;0.029753061913046084,1.3446301708884617e-09;0.0061016693471051585,proxy_dimensions,3,,0,,,,luad
EEF2K,1,7,FASN,VHL;IGFBP2;TUBA1B;SQSTM1;KDR;MYC;GAB2,1,2,2,1,,0.05,0.2,0.15,4.319653052188014e-20;7.02805592832879e-08,1.288941063720695e-08,proxy_dimensions,2,,0,,,,luad
PXN,2,6,RAD51;EIF4G1,VHL;TUBA1B;INPP4B;KDR;DIABLO;MYC,1,3,3,2,,0.05,0.4,0.25,6.387148453231214e-27;1.6735596670546077e-12;0.00452636567213169,5.32631192957774e-22;4.982308712889067e-10,proxy_dimensions,3,,0,,,,luad
KDR,2,1,CTNNB1;ITGA2,MYC,1,1,1,1,0.15603746339883293,0.05,0.4,0.15,9.568781041723554e-06,7.088931550278134e-06,reported,1,0.2573742295364503,2,0.2573742295364503,0.15603746339883293,True,luad
DIABLO,2,7,CDH1;RICTOR,VHL;IGFBP2;TUBA1B;SQSTM1;KDR;MYC;GAB2,1,2,2,2,0.1264986109109927,0.05,0.2,0.15,1.5100217791819372e-28;4.2376282623247747e-10;0.07189824553373629,5.055031055630396e-25;1.0849429994676798e-08,reported,2,0.3004317469786263,1,0.4728341203514237;0.3004317469786263,0.08011114262032769,True,luad
BRAF,4,21,STAT5A;TSC1;CDH2;EIF4G1,VHL;SERPINE1;IGFBP2;TUBA1B;ANXA1;INPP4B;CASP7;G6PD;SQSTM1;ERBB2;PDCD4;KDR;DIABLO;RPS6;EEF2;MYC;FN1;RBM15;ESR1;ITGA2;SYK,1,5,5,4,,0.05,0.4,0.3,1.010264127461185e-107;1.2985517773020327e-45;5.928815130488405e-20;4.925029298402077e-10;0.005240502041010364,8.860710353153195e-67;2.820312306524283e-38;2.773628285084265e-19;1.9621252837095537e-09,proxy_dimensions,5,,0,,,,luad
RPS6,2,7,INPP4B;RBM15,VHL;IGFBP2;TUBA1B;SQSTM1;KDR;MYC;GAB2,1,3,3,2,,0.05,0.2,0.15,1.609665267943077e-25;1.9461393812608187e-06;0.04077883188783977,2.5962800217583637e-24;0.00017969368354624513,proxy_dimensions,3,,0,,,,luad
ETS1,2,7,TP53;RAD51,VHL;IGFBP2;TUBA1B;SQSTM1;KDR;MYC;GAB2,1,3,3,2,,0.05,0.2,0.15,1.9290767290479537e-10;0.001827050114919623;0.02975306191304603,4.700292514667773e-05;0.031985136912778926,proxy_dimensions,3,,0,,,,luad
PRKCA,4,21,STAT5A;PREX1;BCL2L11;TSC1,VHL;SERPINE1;IGFBP2;TUBA1B;ANXA1;INPP4B;CASP7;G6PD;SQSTM1;ERBB2;PDCD4;KDR;DIABLO;RPS6;EEF2;MYC;FN1;RBM15;ESR1;ITGA2;SYK,1,5,5,4,,0.05,0.4,0.3,1.1154488415126624e-92;4.154863605458546e-49;3.4268364284709188e-18;2.5659045493118557e-07;0.003249727582215396,1.3106981109577839e-70;1.452577371639067e-38;2.780819146796915e-10;3.8924544601162176e-05,proxy_dimensions,5,,0,,,,luad
EEF2,2,7,CASP7;RICTOR,VHL;IGFBP2;TUBA1B;SQSTM1;KDR;MYC;GAB2,1,2,2,2,0.12511599990782052,0.05,0.2,0.15,8.580438264773835e-33;5.721238917156274e-06;0.5743963967513755,1.0884286378403785e-34;6.294032836078985e-10,reported,2,0.3236418995686323,2,0.5546679077033398;0.3236418995686323,0.07300012080989658,True,luad
ATM,3,25,STAT5A;PREX1;TSC1,VHL;GAPDH;SERPINE1;IGFBP2;TUBA1B;ANXA1;INPP4B;ASNS;CASP7;G6PD;SQSTM1;PDCD4;EEF2K;PXN;KDR;DIABLO;RPS6;EEF2;MYC;FN1;RBM15;ESR1;ITGA2;GAB2;MSH2,1,4,4,3,,0.05,0.2,0.25,1.0713445294206357e-95;8.568089588920055e-38;2.804889519200513e-12;0.000596938139579055,1.390429149836581e-63;4.7965150755496466e-33;1.7127285664514674e-10,proxy_dimensions,4,,0,,,,luad
RAD51,7,21,CTNNB1;TP53;PXN;ETS1;AR;PREX1;FOXM1,VHL;SERPINE1;IGFBP2;TUBA1B;ANXA1;INPP4B;CASP7;G6PD;SQSTM1;ERBB2;PDCD4;KDR;DIABLO;RPS6;EEF2;MYC;FN1;RBM15;ESR1;ITGA2;SYK,1,8,8,7,,0.05,0.4,0.3,4.031472353988341e-142;5.558477357815645e-79;1.7860465813165544e-45;4.030415276530523e-27;3.404845940375976e-16;4.838611464968109e-09;0.00022226083420192282;0.02556533513278072,1.3815401351952205e-110;1.201979176727927e-57;7.890406228942567e-31;5.074832557585595e-19;1.1860759307989313e-10;0.0003395754018804714;0.03638235463247261,proxy_dimensions,8,,0,,,,luad
MYC,0,0,,,1,0,0,0,,0.05,0.2,0.15,,,no_shared_direction,0,,0,,,,luad
FN1,2,12,SERPINE1;PDCD4,VHL;GAPDH;IGFBP2;TUBA1B;CASP7;G6PD;SQSTM1;EEF2K;PXN;KDR;MYC;GAB2,1,3,3,2,,0.05,0.2,0.2,2.1950419654468902e-20;1.3355352934262476e-08;0.008905247457729009,2.093820314111594e-10;0.00982036499619096,proxy_dimensions,3,,0,,,,luad
RBM15,5,7,INPP4B;HSPA1A;RPS6;MSH6;TP53BP1,VHL;IGFBP2;TUBA1B;SQSTM1;KDR;MYC;GAB2,1,3,3,3,0.03744596322241324,0.05,0.2,0.15,5.858962500229046e-29;6.973710447311348e-09;0.0003454608177530373;0.11797207933209417;0.6334900504817111;0.49432841041618225,1.9630834524376428e-19;4.895746351560201e-08;0.024579246129385928,reported,3,0.16417591264215214,1,0.44411963415475014;0.33235128051282037;0.16417591264215214,0.0304992109078806,True,luad
EIF4EBP1,4,21,GAPDH;CTNNB1;ASNS;FOXM1,VHL;SERPINE1;IGFBP2;TUBA1B;ANXA1;INPP4B;CASP7;G6PD;SQSTM1;ERBB2;PDCD4;KDR;DIABLO;RPS6;EEF2;MYC;FN1;RBM15;ESR1;ITGA2;SYK,1,4,4,3,0.01436058063710838,0.05,0.4,0.3,2.906218239328511e-115;1.3592876187536086e-45;2.145004112148674e-14;5.126900015336052e-05;0.07870197566014588,7.736164816725475e-108;3.144601963496398e-42;7.929777751550054e-12;0.0824677169213912,conditional_information_dimension,4,0.09349102369450231,0,0.7898467153399066;0.6120638312358387;0.3843431259452427;0.09349102369450231,0.021432282768216526,False,luad
AR,2,21,GAPDH;RAD51,VHL;SERPINE1;IGFBP2;TUBA1B;ANXA1;INPP4B;CASP7;G6PD;SQSTM1;ERBB2;PDCD4;KDR;DIABLO;RPS6;EEF2;MYC;FN1;RBM15;ESR1;ITGA2;SYK,1,3,3,2,,0.05,0.4,0.3,5.699773718353359e-66;4.701214241248648e-33;0.003844422903768021,2.9544348990547954e-58;1.0506427469513401e-24,proxy_dimensions,3,,0,,,,luad
PREX1,6,7,PRKCA;ATM;RAD51;SYK;MSH6;EIF4G1,VHL;IGFBP2;TUBA1B;SQSTM1;KDR;MYC;GAB2,1,4,4,4,0.02428647219555016,0.05,0.2,0.15,9.479735489971203e-45;1.7244240658060488e-11;2.4083672427925342e-05;0.005131635014317548;0.4656905175186681;0.8967027660704419;0.7933267347568249,3.41198237734263e-45;1.0491635854848719e-08;4.473991182077782e-05;0.022421953365051574,reported,4,0.1661432404316279,1,0.6777470553591659;0.30802516030775673;0.26109048392847506;0.1661432404316279,0.019810867257815116,True,luad
BCL2L11,2,6,CASP7;PRKCA,VHL;TUBA1B;INPP4B;KDR;DIABLO;MYC,1,2,2,2,0.09399030782842233,0.05,0.4,0.25,1.5212720973215074e-08;0.0215991812462938;0.5055435342884125,6.565170059196352e-11;3.9285740150009737e-05,reported,2,0.21852453046010292,1,0.3171882293867549;0.21852453046010292,0.06052779422564284,True,luad
ESR1,1,12,RAD51,VHL;GAPDH;IGFBP2;TUBA1B;CASP7;G6PD;SQSTM1;EEF2K;PXN;KDR;MYC;GAB2,1,2,2,1,,0.05,0.2,0.2,8.199855790009289e-27;0.004040434167312995,1.6495863231695739e-25,proxy_dimensions,2,,0,,,,luad
TSC1,4,21,RICTOR;BRAF;PRKCA;CDH2,VHL;SERPINE1;IGFBP2;TUBA1B;ANXA1;INPP4B;CASP7;G6PD;SQSTM1;ERBB2;PDCD4;KDR;DIABLO;RPS6;EEF2;MYC;FN1;RBM15;ESR1;ITGA2;SYK,1,5,5,4,,0.05,0.4,0.3,1.0250441229467544e-88;2.206319146647625e-37;1.0032883505372417e-17;7.073540684106788e-08;0.003716888193283977,2.2145461311554938e-54;8.595665667833351e-26;2.049594223702248e-14;6.663017326910409e-05,proxy_dimensions,5,,0,,,,luad
ITGA2,1,7,SERPINE1,VHL;IGFBP2;TUBA1B;SQSTM1;KDR;MYC;GAB2,1,2,2,1,,0.05,0.2,0.15,4.656830220399456e-12;5.709669137898017e-06,1.6489397111027203e-08,proxy_dimensions,2,,0,,,,luad
SYK,3,6,STAT5A;CASP7;PREX1,VHL;TUBA1B;INPP4B;KDR;DIABLO;MYC,1,3,3,3,0.034220537093753486,0.05,0.4,0.25,2.144189767207465e-25;6.679467203993325e-08;0.021149969890811415;0.9054750995172731,7.303714444177714e-31;5.915961369810352e-11;0.0028467757460282307,reported,3,0.15972672044103775,1,0.5250095484778936;0.34940055231614897;0.15972672044103775,0.0263070413947696,True,luad
GAB2,1,21,STAT5A,VHL;SERPINE1;IGFBP2;TUBA1B;ANXA1;INPP4B;CASP7;G6PD;SQSTM1;ERBB2;PDCD4;KDR;DIABLO;RPS6;EEF2;MYC;FN1;RBM15;ESR1;ITGA2;SYK,1,2,2,1,,0.05,0.4,0.3,2.4940099919068156e-45;7.349704704655568e-07,3.0951263320639645e-32,proxy_dimensions,2,,0,,,,luad
CDH2,5,25,HSPA1A;ACACA;BRAF;TSC1;BAK1,VHL;GAPDH;SERPINE1;IGFBP2;TUBA1B;ANXA1;INPP4B;ASNS;CASP7;G6PD;SQSTM1;PDCD4;EEF2K;PXN;KDR;DIABLO;RPS6;EEF2;MYC;FN1;RBM15;ESR1;ITGA2;GAB2;MSH2,1,6,6,5,,0.05,0.2,0.25,5.468815233149942e-105;4.679302770587777e-41;9.951628676345533e-22;7.452202474753503e-09;0.0007468916625531539;0.016468336001949597,7.045939791120517e-67;3.6611533646921186e-28;2.358783757820782e-14;6.261043587409376e-05;0.023652045259963568,proxy_dimensions,6,,0,,,,luad
MSH6,2,12,CCNB1;MSH2,VHL;GAPDH;IGFBP2;TUBA1B;CASP7;G6PD;SQSTM1;EEF2K;PXN;KDR;MYC;GAB2,1,3,3,2,,0.05,0.2,0.2,9.091915018536736e-35;1.955271724200015e-14;2.772964414803526e-07,1.1447794117056593e-24;3.654089852321852e-07,proxy_dimensions,3,,0,,,,luad
BAK1,1,7,CDH2,VHL;IGFBP2;TUBA1B;SQSTM1;KDR;MYC;GAB2,1,2,2,1,,0.05,0.2,0.15,2.6672445339985954e-29;0.00026194060668971485,4.889536059665811e-24,proxy_dimensions,2,,0,,,,luad
MSH2,1,12,MSH6,VHL;GAPDH;IGFBP2;TUBA1B;CASP7;G6PD;SQSTM1;EEF2K;PXN;KDR;MYC;GAB2,1,2,2,1,,0.05,0.2,0.2,4.074747109385798e-26;1.2840256661089739e-08,2.5688367301329317e-08,proxy_dimensions,2,,0,,,,luad
CCNE1,1,12,CCNB1,VHL;GAPDH;IGFBP2;TUBA1B;CASP7;G6PD;SQSTM1;EEF2K;PXN;KDR;MYC;GAB2,1,2,2,1,,0.05,0.2,0.2,1.1704195573021583e-12;5.49745306001457e-06,1.4596593361827073e-07,proxy_dimensions,2,,0,,,,luad
EIF4G1,5,6,EEF2K;PXN;BRAF;MSH6;TP53BP1,VHL;TUBA1B;INPP4B;KDR;DIABLO;MYC,1,3,3,3,0.04937839954815109,0.05,0.4,0.25,6.869916827854701e-29;8.611900832367147e-08;0.01612183923107313;0.11589345278137049;0.623852001982734;0.46685512057390266,3.643346884993434e-18;3.696870950059642e-08;0.002189835146602979,reported,3,0.20400999682966361,2,0.4246535331536012;0.3138667060765158;0.20400999682966361,0.03661365853172581,True,luad
TP53BP1,2,7,RBM15;EIF4G1,VHL;IGFBP2;TUBA1B;SQSTM1;KDR;MYC;GAB2,1,2,2,2,0.1083109146273376,0.05,0.2,0.15,6.187902568555293e-30;1.3927472442638972e-06;0.5002261749387413,1.0343489993617605e-22;9.277310973415825e-07,reported,2,0.25942760293890194,1,0.46751702399989437;0.25942760293890194,0.06502143256595905,True,luad
FOXM1,6,21,GAPDH;MYH11;CCNB1;ASNS;RAD51;EIF4EBP1,VHL;SERPINE1;IGFBP2;TUBA1B;ANXA1;INPP4B;CASP7;G6PD;SQSTM1;ERBB2;PDCD4;KDR;DIABLO;RPS6;EEF2;MYC;FN1;RBM15;ESR1;ITGA2;SYK,1,6,6,5,0.009722402097495836,0.05,0.4,0.3,6.264010985127777e-107;3.9898612759825035e-66;1.7088009822523856e-32;3.659207943501246e-13;5.914975376468359e-07;0.03839494957133453;0.5682748542407101,5.7476368829969334e-111;1.5494646681798887e-70;3.176844855460836e-41;1.791512096141347e-19;7.128806179793215e-09;0.09932292615517535,conditional_information_dimension,6,0.08900963174955649,0,0.7004471068544615;0.6261706914617376;0.5569330679396047;0.4186299931180513;0.336594323322208;0.08900963174955649,0.013417570789520062,False,luad
MYH11,3,22,CAV1;RICTOR;COL6A1,VHL;GAPDH;TUBA1B;TFRC;SYK;ANXA1;RAB25;GAB2;ATM;STAT5A;BCL2L11;EEF2K;PDCD4;MAPK1;NF2;MAP2K1;PTEN;TP53;CHEK2;PEA15;EEF2;CDH2,1,4,4,3,,0.04932636236669901,0.2,0.2,1.0939551016269728e-33;6.74695352331215e-14;1.4774660369812013e-07;0.0012963282696798937,1.6997002878040604e-24;2.1615032959377018e-12;6.3152794737740965e-06,proxy_dimensions,4,,0,,,,ov
VHL,2,5,GAB2;KIT,GAPDH;TFRC;MAP2K1;PTEN;TP53,1,3,3,2,,0.04932636236669901,0.4,0.2,1.1614812396377567e-07;0.00016326382788985321;0.0022965619530902824,1.567274861286562e-05;0.004490637767871921,proxy_dimensions,3,,0,,,,ov
GAPDH,0,0,,,1,0,0,0,,0.04932636236669901,0.2,0.15,,,no_shared_direction,0,,0,,,,ov
ESR1,2,12,SERPINE1;AR,VHL;GAPDH;TUBA1B;SYK;ANXA1;GAB2;ATM;BCL2L11;PDCD4;PTEN;TP53;CHEK2,1,3,3,2,,0.04932636236669901,0.2,0.15,8.464901579537277e-32;9.246801924940031e-13;0.003844963188591058,2.217734766699253e-17;0.0003670579933766266,proxy_dimensions,3,,0,,,,ov
TUBA1B,1,5,RBM15,GAPDH;TFRC;MAP2K1;PTEN;TP53,1,2,2,1,,0.04932636236669901,0.4,0.2,6.658423839746392e-08;0.005578673166703665,2.889192194231854e-07,proxy_dimensions,2,,0,,,,ov
TFRC,1,12,CDH1,VHL;GAPDH;TUBA1B;SYK;ANXA1;GAB2;ATM;BCL2L11;PDCD4;PTEN;TP53;CHEK2,1,2,2,1,,0.04932636236669901,0.2,0.15,7.000291037591761e-25;4.617243491413066e-11,5.08660632436378e-15,proxy_dimensions,2,,0,,,,ov
IGFBP2,1,12,LCK,VHL;GAPDH;TUBA1B;SYK;ANXA1;GAB2;ATM;BCL2L11;PDCD4;PTEN;TP53;CHEK2,1,2,2,1,,0.04932636236669901,0.2,0.15,2.045917562410753e-15;0.0034748362752834313,3.773072718329209e-15,proxy_dimensions,2,,0,,,,ov
CLDN7,4,12,CDH1;RAB25;MAP2K1;PRKCA,VHL;GAPDH;TUBA1B;SYK;ANXA1;GAB2;ATM;BCL2L11;PDCD4;PTEN;TP53;CHEK2,1,3,3,3,0.0828899921835869,0.04932636236669901,0.2,0.15,2.771212217242526e-33;3.791442628288682e-16;5.807504715227191e-07;0.13688281884876957;0.22248250095956051,1.52391398988048e-31;4.479292368111101e-19;2.0722260951490214e-08,reported,3,0.28958330845796015,1,0.4202589792979938;0.3811253939045966;0.28958330845796015,0.04949829962798839,True,ov
CCNB1,3,22,CCNE1;SQSTM1;FOXM1,VHL;GAPDH;TUBA1B;TFRC;SYK;ANXA1;RAB25;GAB2;ATM;STAT5A;BCL2L11;EEF2K;PDCD4;MAPK1;NF2;MAP2K1;PTEN;TP53;CHEK2;PEA15;EEF2;CDH2,1,4,4,3,,0.04932636236669901,0.2,0.2,6.542782574256407e-60;1.0935395941308426e-24;9.170743446667072e-10;0.0010102500679842268,2.2535311886727064e-34;3.0012852764173054e-17;4.913718237016824e-08,proxy_dimensions,4,,0,,,,ov
FN1,1,12,SERPINE1,VHL;GAPDH;TUBA1B;SYK;ANXA1;GAB2;ATM;BCL2L11;PDCD4;PTEN;TP53;CHEK2,1,2,2,1,,0.04932636236669901,0.2,0.15,6.999164316921144e-20;0.009616581793459885,6.286505282950797e-06,proxy_dimensions,2,,0,,,,ov
CAV1,5,23,MYH11;BRAF;CHEK2;COL6A1;KIT,VHL;GAPDH;TUBA1B;TFRC;IGFBP2;FN1;SERPINE1;ANXA1;RAB25;GAB2;ATM;FASN;STAT5A;SQSTM1;ERBB2;PDCD4;ACACA;DIABLO;MAP2K1;PTEN;TP53;EEF2;CDH2,1,5,5,4,0.006619562521842018,0.04932636236669901,0.4,0.25,5.63595357786638e-50;1.621733249928534e-20;5.941996949432235e-11;1.494980776667928e-06;0.0020521598116165604;0.31761126081947816,3.637685847163404e-58;3.1086541079830255e-30;3.663199379361301e-19;6.729963730950261e-11;0.4462547853700044,conditional_information_dimension,5,0.03795155139902371,0,0.5778262123644061;0.41007478996657076;0.3560489597844383;0.35096895506571885;0.03795155139902371,0.018759866726048534,False,ov
CDH1,4,12,TFRC;CLDN7;CTNNB1;CDH2,VHL;GAPDH;TUBA1B;SYK;ANXA1;GAB2;ATM;BCL2L11;PDCD4;PTEN;TP53;CHEK2,1,3,3,3,0.06236529107615079,0.04932636236669901,0.2,0.15,1.2877458273876467e-40;1.5045973896265149e-15;8.758772384586502e-06;0.12683102776362656;0.23512139219966952,2.8218957045367267e-39;4.926726707517735e-16;1.7661609307192295e-06,reported,3,0.25193998551424224,2,0.5256546709048919;0.3647199539320793;0.25193998551424224,0.03724864611522321,True,ov
SERPINE1,2,12,ESR1;FN1,VHL;GAPDH;TUBA1B;SYK;ANXA1;GAB2;ATM;BCL2L11;PDCD4;PTEN;TP53;CHEK2,1,3,3,2,,0.04932636236669901,0.2,0.15,2.7159938847701973e-29;3.4859833528036747e-09;0.014540607648402645,9.718393065710474e-16;2.51824485024017e-06,proxy_dimensions,3,,0,,,,ov
HSPA1A,2,5,COL6A1;CDH2,GAPDH;TFRC;MAP2K1;PTEN;TP53,1,2,2,2,0.07217654690474933,0.04932636236669901,0.4,0.2,3.4497089804753396e-14;0.00027118631138433425;0.46171530459906285,7.196055774495383e-15;0.003753589296649604,reported,2,0.14317984354169452,1,0.3820032289166436;0.14317984354169452,0.0493442471845336,True,ov
SYK,4,5,ERBB3;RBM15;COL6A1;KIT,GAPDH;TFRC;MAP2K1;PTEN;TP53,1,3,3,2,0.03440269667445293,0.04932636236669901,0.4,0.2,1.1874974572724947e-16;7.435894489296798e-05;0.042037173462419496;0.08043014486912192;0.5848658205295358,6.406655668437524e-11;3.587404453861695e-05;0.06265610635337775,conditional_information_dimension,3,0.11670363247353442,0,0.3195406350802301;0.24338032343247856;0.11670363247353442,0.03222649450207314,False,ov
ANXA1,1,58,BCL2L11,MYH11;VHL;GAPDH;ESR1;TUBA1B;TFRC;IGFBP2;CLDN7;CCNB1;FN1;CAV1;CDH1;SERPINE1;HSPA1A;SYK;AR;RAB25;CASP7;RICTOR;CCNE1;GAB2;ATM;INPP4B;FASN;CTNNB1;MSH6;STAT5A;MYC;ASNS;SQSTM1;EEF2K;ERBB2;PDCD4;RPS6;ACACA;TP53BP1;TGM2;FOXM1;MSH2;MAPK1;DIABLO;BRAF;ERBB3;NF2;RBM15;MAP2K1;PTEN;TP53;ETS1;CHEK2;PEA15;COL6A1;EEF2;PRKCA;CDH2;KIT;PREX1;LCK,1,2,2,1,,0.04932636236669901,0.2,0.15,4.407364192455799e-35;2.2570564354350483e-07,5.967757007558517e-20,proxy_dimensions,2,,0,,,,ov
AR,5,22,ESR1;MYC;SQSTM1;TGM2;PREX1,VHL;GAPDH;TUBA1B;TFRC;SYK;ANXA1;RAB25;GAB2;ATM;STAT5A;BCL2L11;EEF2K;PDCD4;MAPK1;NF2;MAP2K1;PTEN;TP53;CHEK2;PEA15;EEF2;CDH2,1,6,6,5,,0.04932636236669901,0.2,0.2,6.395389060606558e-67;5.95311866338341e-42;6.383767651867526e-21;4.448751621284598e-13;2.8778040041526984e-05;0.01389505011498335,4.65093719676635e-51;2.4916073604805898e-27;1.278709746390532e-12;5.875689423139199e-05;0.019849726931524328,proxy_dimensions,6,,0,,,,ov
RAB25,1,12,CLDN7,VHL;GAPDH;TUBA1B;SYK;ANXA1;GAB2;ATM;BCL2L11;PDCD4;PTEN;TP53;CHEK2,1,2,2,1,,0.04932636236669901,0.2,0.15,7.91909123265728e-17;0.001161625892099834,9.069978204910138e-16,proxy_dimensions,2,,0,,,,ov
CASP7,1,32,LCK,VHL;GAPDH;TUBA1B;TFRC;IGFBP2;SYK;ANXA1;RAB25;GAB2;ATM;FASN;STAT5A;ASNS;BCL2L11;SQSTM1;EEF2K;ERBB2;PDCD4;ACACA;TGM2;MAPK1;DIABLO;NF2;RBM15;MAP2K1;PTEN;TP53;CHEK2;PEA15;EEF2;CDH2;KIT,1,2,2,1,,0.04932636236669901,0.2,0.25,5.825015921665857e-32;0.009318912326174914,8.650178224233525e-25,proxy_dimensions,2,,0,,,,ov
RICTOR,2,12,MYH11;EEF2,VHL;GAPDH;TUBA1B;SYK;ANXA1;GAB2;ATM;BCL2L11;PDCD4;PTEN;TP53;CHEK2,1,3,3,2,,0.04932636236669901,0.2,0.15,1.6047497641305914e-22;2.8112917936427565e-08;0.0003724060791039635,1.2631777523951892e-20;2.8731876026489174e-06,proxy_dimensions,3,,0,,,,ov
CCNE1,3,23,CCNB1;BCL2L11;CHEK2,VHL;GAPDH;TUBA1B;TFRC;IGFBP2;FN1;SERPINE1;ANXA1;RAB25;GAB2;ATM;FASN;STAT5A;SQSTM1;ERBB2;PDCD4;ACACA;DIABLO;MAP2K1;PTEN;TP53;EEF2;CDH2,1,4,4,3,,0.04932636236669901,0.4,0.25,1.857733686174976e-48;1.6093428716455668e-18;1.0700363819873527e-07;0.004460949878248613,6.360771212337098e-36;8.691778836068275e-14;0.0035604558352357028,proxy_dimensions,4,,0,,,,ov
GAB2,2,5,VHL;BRAF,GAPDH;TFRC;MAP2K1;PTEN;TP53,1,2,2,2,0.10321233810349277,0.04932636236669901,0.4,0.2,1.891972289503227e-08;0.004070254032509141;0.9013075827644204,3.0827317765924695e-10;7.695112633999089e-06,reported,2,0.21943976025076162,1,0.2683977017116645;0.21943976025076162,0.06331687706137358,True,ov
ATM,2,5,RPS6;MSH2,GAPDH;TFRC;MAP2K1;PTEN;TP53,1,2,2,1,0.014575548091659389,0.04932636236669901,0.4,0.2,2.7117293280973173e-16;5.3216286820928735e-09;0.09604435315020993,1.0812718148888578e-10;0.5017949391786963,conditional_information_dimension,2,0.033345603890946686,0,0.34709270223607713;0.033345603890946686,0.036890658489731935,False,ov
INPP4B,2,12,FOXM1;ERBB3,VHL;GAPDH;TUBA1B;SYK;ANXA1;GAB2;ATM;BCL2L11;PDCD4;PTEN;TP53;CHEK2,1,3,3,2,,0.04932636236669901,0.2,0.15,5.2063124323960275e-28;1.752532772863381e-09;0.015488827759260377,2.2303528912171004e-20;0.0009837640138182777,proxy_dimensions,3,,0,,,,ov
FASN,1,22,ACACA,VHL;GAPDH;TUBA1B;TFRC;SYK;ANXA1;RAB25;GAB2;ATM;STAT5A;BCL2L11;EEF2K;PDCD4;MAPK1;NF2;MAP2K1;PTEN;TP53;CHEK2;PEA15;EEF2;CDH2,1,2,2,1,,0.04932636236669901,0.2,0.2,2.4407884073101944e-14;0.0002612567533481569,2.259715402345171e-05,proxy_dimensions,2,,0,,,,ov
CTNNB1,5,32,CDH1;TP53BP1;RBM15;ETS1;LCK,VHL;GAPDH;TUBA1B;TFRC;IGFBP2;FN1;SERPINE1;ANXA1;RAB25;GAB2;ATM;FASN;STAT5A;ASNS;BCL2L11;SQSTM1;EEF2K;ERBB2;PDCD4;ACACA;TGM2;MAPK1;DIABLO;NF2;MAP2K1;PTEN;TP53;CHEK2;PEA15;EEF2;CDH2;KIT,1,6,6,5,,0.04932636236669901,0.4,0.3,3.60024801424375e-114;2.7931668987064553e-62;8.368180322611077e-35;4.955438665752848e-19;3.729023953197587e-07;0.003440872661873482,8.281983635413965e-83;3.889843313936458e-45;3.0810790891151707e-25;6.31477345873619e-10;4.112973741648299e-05,proxy_dimensions,6,,0,,,,ov
MSH6,3,12,CTNNB1;FOXM1;MSH2,VHL;GAPDH;TUBA1B;SYK;ANXA1;GAB2;ATM;BCL2L11;PDCD4;PTEN;TP53;CHEK2,1,4,4,3,,0.04932636236669901,0.2,0.15,2.6040660487674e-62;1.806578713553061e-26;2.196979406924807e-11;0.0033349404785278204,1.598480762414233e-38;1.3227358586167184e-20;5.493175636819912e-09,proxy_dimensions,4,,0,,,,ov
STAT5A,2,12,CDH2;PREX1,VHL;GAPDH;TUBA1B;SYK;ANXA1;GAB2;ATM;BCL2L11;PDCD4;PTEN;TP53;CHEK2,1,2,2,1,0.019398938319332756,0.04932636236669901,0.2,0.15,2.262999796260114e-18;2.494523667308467e-07;0.10123954002811265,3.8155905614983994e-10;0.39985057693182124,conditional_information_dimension,2,0.0417896954939645,0,0.3379475874340891;0.0417896954939645,0.03842790995986662,False,ov
MYC,3,12,AR;ACACA;ERBB3,VHL;GAPDH;TUBA1B;SYK;ANXA1;GAB2;ATM;BCL2L11;PDCD4;PTEN;TP53;CHEK2,1,4,4,3,,0.04932636236669901,0.2,0.15,1.079363714447698e-22;1.6548070185700555e-13;2.2335834239619598e-08;0.002861692377938525,4.540118149036817e-19;2.2098250669225184e-12;2.703184562818249e-07,proxy_dimensions,4,,0,,,,ov
ASNS,5,5,CCNB1;CAV1;ACACA;CHEK2;PRKCA,GAPDH;TFRC;MAP2K1;PTEN;TP53,1,2,2,2,0.1010285810575964,0.04932636236669901,0.4,0.2,1.1668075453199407e-23;3.125100725514524e-09;0.07171487325470323;0.30648090366217673;0.8496153899978142,5.774777920313147e-25;3.06219922670451e-10,reported,2,0.3422858075327162,1,0.44463334278069033;0.3422858075327162,0.0660844293174538,True,ov
BCL2L11,4,5,ANXA1;CCNE1;INPP4B;PRKCA,GAPDH;TFRC;MAP2K1;PTEN;TP53,1,2,2,2,0.0927534093720379,0.04932636236669901,0.4,0.2,1.2532972982845574e-12;4.8559545451781846e-05;0.10988325625336423;0.44425723068983913;0.5333389532054988,2.8733138549947224e-16;6.665472107540974e-07,reported,2,0.2737193984086285,1,0.36993033725428454;0.2737193984086285,0.06189991972233494,True,ov
SQSTM1,2,12,CCNB1;AR,VHL;GAPDH;TUBA1B;SYK;ANXA1;GAB2;ATM;BCL2L11;PDCD4;PTEN;TP53;CHEK2,1,3,3,2,,0.04932636236669901,0.2,0.15,2.0326038718296646e-36;9.338639531735248e-15;2.4242126990583754e-06,2.6102038838155666e-33;7.50423536700369e-11,proxy_dimensions,3,,0,,,,ov
EEF2K,3,5,BRAF;EEF2;KIT,GAPDH;TFRC;MAP2K1;PTEN;TP53,1,3,3,2,0.028243218075834884,0.04932636236669901,0.4,0.2,2.3329876434155603e-15;0.00010658065134090526;0.01492290873175153;0.15860936958173474,4.1825541664328123e-16;0.00015118094359791711;0.11012499800909978,conditional_information_dimension,3,0.07931085300291603,0,0.3994739119695023;0.2199709345634545;0.07931085300291603,0.0312570910937045,False,ov
ERBB2,1,22,LCK,VHL;GAPDH;TUBA1B;TFRC;SYK;ANXA1;RAB25;GAB2;ATM;STAT5A;BCL2L11;EEF2K;PDCD4;MAPK1;NF2;MAP2K1;PTEN;TP53;CHEK2;PEA15;EEF2;CDH2,1,2,2,1,,0.04932636236669901,0.2,0.2,3.901944666570149e-26;0.00019210947674676594,2.4787182942611945e-24,proxy_dimensions,2,,0,,,,ov
PDCD4,1,5,FASN,GAPDH;TFRC;MAP2K1;PTEN;TP53,1,1,1,0,0.09083814116069072,0.04932636236669901,0.4,0.2,0.0021585955932963683;0.9732782306949053,0.0664672294877126,conditional_information_dimension,1,0.09083814116069074,0,0.09083814116069074,0.04255509044738136,False,ov
RPS6,2,12,MSH2;COL6A1,VHL;GAPDH;TUBA1B;SYK;ANXA1;GAB2;ATM;BCL2L11;PDCD4;PTEN;TP53;CHEK2,1,3,3,2,,0.04932636236669901,0.2,0.15,1.5362204775558076e-41;8.253448565098596e-10;2.3056930892764142e-05,5.279497406134537e-26;4.497314395588237e-06,proxy_dimensions,3,,0,,,,ov
ACACA,3,22,FASN;MYC;ASNS,VHL;GAPDH;TUBA1B;TFRC;SYK;ANXA1;RAB25;GAB2;ATM;STAT5A;BCL2L11;EEF2K;PDCD4;MAPK1;NF2;MAP2K1;PTEN;TP53;CHEK2;PEA15;EEF2;CDH2,1,4,4,3,,0.04932636236669901,0.2,0.2,6.272241655516639e-29;1.1777201878117702e-17;2.36877853338965e-07;0.022887476925351164,1.9924780682999156e-21;1.9107918328585214e-10;0.006641950511658385,proxy_dimensions,4,,0,,,,ov
TP53BP1,3,22,CTNNB1;DIABLO;LCK,VHL;GAPDH;TUBA1B;TFRC;SYK;ANXA1;RAB25;GAB2;ATM;STAT5A;BCL2L11;EEF2K;PDCD4;MAPK1;NF2;MAP2K1;PTEN;TP53;CHEK2;PEA15;EEF2;CDH2,1,4,4,3,,0.04932636236669901,0.2,0.2,6.255078421036888e-57;5.070326018864914e-22;1.7833639773404746e-07;0.0032307588957576675,8.218328758687416e-40;2.5597408186075004e-20;1.861973503054017e-05,proxy_dimensions,4,,0,,,,ov
TGM2,4,5,ANXA1;AR;MSH6;PEA15,GAPDH;TFRC;MAP2K1;PTEN;TP53,1,4,4,3,0.0054628954190126845,0.04932636236669901,0.4,0.2,5.170016284336509e-20;2.091836310663317e-09;4.1425101246023356e-05;0.04018681418100961;0.21373814678619157,1.6292865368688797e-17;5.476584766469809e-09;0.0002947198109236398;0.6618839582922784,conditional_information_dimension,4,0.021768059846535244,0,0.3737845111192818;0.2908344888494259;0.22501914094569755;0.021768059846535244,0.015007277480373815,False,ov
FOXM1,3,12,CCNB1;INPP4B;MSH6,VHL;GAPDH;TUBA1B;SYK;ANXA1;GAB2;ATM;BCL2L11;PDCD4;PTEN;TP53;CHEK2,1,4,4,3,,0.04932636236669901,0.2,0.15,1.2147031602694167e-42;5.5179656830848143e-17;1.6022315473007391e-06;0.013447661119844002,3.3340002090148144e-23;1.70075410701807e-09;0.00041702633208824924,proxy_dimensions,4,,0,,,,ov
MSH2,2,12,MSH6;RPS6,VHL;GAPDH;TUBA1B;SYK;ANXA1;GAB2;ATM;BCL2L11;PDCD4;PTEN;TP53;CHEK2,1,3,3,2,,0.04932636236669901,0.2,0.15,6.54467530638789e-45;2.1038051977071435e-12;1.176437306133866e-05,5.064083577300655e-19;5.360227704894858e-08,proxy_dimensions,3,,0,,,,ov
MAPK1,2,12,NF2;PEA15,VHL;GAPDH;TUBA1B;SYK;ANXA1;GAB2;ATM;BCL2L11;PDCD4;PTEN;TP53;CHEK2,1,3,3,2,,0.04932636236669901,0.2,0.15,5.053203194227247e-33;2.1589594281343064e-16;0.016105593906198246,1.8717078161826687e-20;1.6777989096491864e-06,proxy_dimensions,3,,0,,,,ov
DIABLO,1,12,TP53BP1,VHL;GAPDH;TUBA1B;SYK;ANXA1;GAB2;ATM;BCL2L11;PDCD4;PTEN;TP53;CHEK2,1,2,2,1,,0.04932636236669901,0.2,0.15,2.807531267427867e-21;0.0008562353902900245,3.2696397280227914e-17,proxy_dimensions,2,,0,,,,ov
BRAF,3,12,CAV1;EEF2K;ETS1,VHL;GAPDH;TUBA1B;SYK;ANXA1;GAB2;ATM;BCL2L11;PDCD4;PTEN;TP53;CHEK2,1,3,3,3,0.06187519508853729,0.04932636236669901,0.2,0.15,1.0464768309893046e-33;3.8388942908515815e-11;0.00040000497738623713;0.12485500196344056,1.4407906272615222e-27;6.400076196951313e-10;5.1040653404831576e-05,reported,3,0.19938526733070508,2,0.4683404606400025;0.27744303761976635;0.19938526733070508,0.04054361227597667,True,ov
ERBB3,5,22,INPP4B;MYC;ETS1;COL6A1;PRKCA,VHL;GAPDH;TUBA1B;TFRC;SYK;ANXA1;RAB25;GAB2;ATM;STAT5A;BCL2L11;EEF2K;PDCD4;MAPK1;NF2;MAP2K1;PTEN;TP53;CHEK2;PEA15;EEF2;CDH2,1,6,6,5,,0.04932636236669901,0.2,0.2,3.1499470398512855e-70;4.907314308746193e-40;1.0189838582714104e-17;1.142130902875339e-08;0.0004816616149529077;0.01068495218213654,3.6557417248880284e-63;2.1173269051193108e-35;7.602179025800353e-17;2.7234804704224967e-07;0.0051368653346508895,proxy_dimensions,6,,0,,,,ov
NF2,1,12,MAPK1,VHL;GAPDH;TUBA1B;SYK;ANXA1;GAB2;ATM;BCL2L11;PDCD4;PTEN;TP53;CHEK2,1,2,2,1,,0.04932636236669901,0.2,0.15,1.514230673406658e-20;0.001064859354143989,1.925106261709532e-09,proxy_dimensions,2,,0,,,,ov
RBM15,2,23,CTNNB1;MSH6,VHL;GAPDH;TUBA1B;TFRC;IGFBP2;FN1;SERPINE1;ANXA1;RAB25;GAB2;ATM;FASN;STAT5A;SQSTM1;ERBB2;PDCD4;ACACA;DIABLO;MAP2K1;PTEN;TP53;EEF2;CDH2,1,3,3,2,,0.04932636236669901,0.4,0.25,1.8099179511768576e-56;2.685230628284941e-11;0.003973015053070493,3.064168240350768e-22;3.3547184336162975e-06,proxy_dimensions,3,,0,,,,ov
MAP2K1,1,12,CLDN7,VHL;GAPDH;TUBA1B;SYK;ANXA1;GAB2;ATM;BCL2L11;PDCD4;PTEN;TP53;CHEK2,1,2,2,1,,0.04932636236669901,0.2,0.15,1.819797119637347e-18;0.0004826965849204207,1.525996100840103e-16,proxy_dimensions,2,,0,,,,ov
PTEN,0,0,,,1,0,0,0,,0.04932636236669901,0.2,0.15,,,no_shared_direction,0,,0,,,,ov
TP53,0,0,,,1,0,0,0,,0.04932636236669901,0.2,0.15,,,no_shared_direction,0,,0,,,,ov
ETS1,3,5,CTNNB1;BRAF;ERBB3,GAPDH;TFRC;MAP2K1;PTEN;TP53,1,4,4,2,,0.04932636236669901,0.4,0.2,1.0365235454559865e-15;0.00014500801332149892;0.00524643468471689;0.03181138661795868,1.9653077957617024e-15;0.0007844307993823626;0.049727952942895406,proxy_dimensions,4,,0,,,,ov
CHEK2,3,23,CAV1;CCNE1;ASNS,VHL;GAPDH;TUBA1B;TFRC;IGFBP2;FN1;SERPINE1;ANXA1;RAB25;GAB2;ATM;FASN;STAT5A;SQSTM1;ERBB2;PDCD4;ACACA;DIABLO;MAP2K1;PTEN;TP53;EEF2;CDH2,1,4,4,3,,0.04932636236669901,0.4,0.25,7.63686823998744e-43;2.4726473568287233e-14;6.288978624248537e-08;0.017920324082644178,4.40004280821018e-26;9.150581122951502e-11;0.0002297600402508692,proxy_dimensions,4,,0,,,,ov
PEA15,2,12,TGM2;MAPK1,VHL;GAPDH;TUBA1B;SYK;ANXA1;GAB2;ATM;BCL2L11;PDCD4;PTEN;TP53;CHEK2,1,3,3,2,,0.04932636236669901,0.2,0.15,1.5179248806512298e-29;1.954368117820691e-15;0.00016525549263038367,7.144640956697035e-18;0.00029348595413092673,proxy_dimensions,3,,0,,,,ov
COL6A1,6,23,MYH11;CAV1;HSPA1A;SYK;RPS6;ERBB3,VHL;GAPDH;TUBA1B;TFRC;IGFBP2;FN1;SERPINE1;ANXA1;RAB25;GAB2;ATM;FASN;STAT5A;SQSTM1;ERBB2;PDCD4;ACACA;DIABLO;MAP2K1;PTEN;TP53;EEF2;CDH2,1,7,7,6,,0.04932636236669901,0.4,0.25,4.310519028597427e-56;2.5238117733983952e-34;2.4025023480336643e-21;4.279580406959168e-15;2.727096661650736e-09;7.139833993985872e-05;0.004005264302404253,1.544077835045286e-43;1.844102224511261e-27;3.148986280266656e-17;1.8090156962818095e-11;6.946508577451195e-06;0.005334497176445217,proxy_dimensions,7,,0,,,,ov
EEF2,2,12,RICTOR;EEF2K,VHL;GAPDH;TUBA1B;SYK;ANXA1;GAB2;ATM;BCL2L11;PDCD4;PTEN;TP53;CHEK2,1,3,3,2,,0.04932636236669901,0.2,0.15,3.355260751065213e-19;3.216399682128124e-10;0.0003562880910245404,5.759747153731134e-10;0.00029012944990293687,proxy_dimensions,3,,0,,,,ov
PRKCA,6,5,CLDN7;CCNB1;ASNS;BCL2L11;ERBB3;KIT,GAPDH;TFRC;MAP2K1;PTEN;TP53,1,4,4,3,0.014980924457885254,0.04932636236669901,0.4,0.2,1.8047208879890737e-24;1.1971326195799499e-11;0.00017261452220559918;0.015547813144970906;0.12913705382663876,3.0526838147697336e-17;0.0001995098029552418;0.038708722370646195;0.4151465718125341,conditional_information_dimension,4,0.08401551431723513,0,0.4510496095642276;0.25042623877460524;0.18106045177912797;0.08401551431723513,0.023266550443086075,False,ov
CDH2,3,12,CDH1;HSPA1A;STAT5A,VHL;GAPDH;TUBA1B;SYK;ANXA1;GAB2;ATM;BCL2L11;PDCD4;PTEN;TP53;CHEK2,1,3,3,3,0.03210784779146053,0.04932636236669901,0.2,0.15,4.011783939164088e-30;7.318496370693993e-11;0.01947657419997835;0.06316369107357497,4.216943113805974e-40;1.4652455155098352e-15;0.023354179730852336,reported,3,0.11238973374186742,1,0.5300285512613028;0.3999045595065774;0.11238973374186742,0.029277979954318002,True,ov
KIT,5,5,VHL;CAV1;SYK;EEF2K;PRKCA,GAPDH;TFRC;MAP2K1;PTEN;TP53,1,4,4,3,0.010722262339095538,0.04932636236669901,0.4,0.2,1.6690257542221034e-30;3.3173766542387595e-17;1.4627328327144692e-05;0.036173793645353704;0.11011453963508977,3.545571789058325e-29;2.985319961640373e-15;1.800438730791535e-05;0.5458599820840272,conditional_information_dimension,4,0.05477154261782305,0,0.4497180736642465;0.3845548510526867;0.2702623907551392;0.05477154261782305,0.018109536690082032,False,ov
PREX1,3,5,AR;CTNNB1;LCK,GAPDH;TFRC;MAP2K1;PTEN;TP53,1,4,4,3,,0.04932636236669901,0.4,0.2,2.6180850458416106e-20;1.4570574381035703e-09;4.2242784839129335e-05;0.021145961485927824,5.413127389675572e-19;5.679340542463412e-08;0.00040835846799049493,proxy_dimensions,4,,0,,,,ov
LCK,5,22,IGFBP2;CASP7;ERBB2;TP53BP1;PREX1,VHL;GAPDH;TUBA1B;TFRC;SYK;ANXA1;RAB25;GAB2;ATM;STAT5A;BCL2L11;EEF2K;PDCD4;MAPK1;NF2;MAP2K1;PTEN;TP53;CHEK2;PEA15;EEF2;CDH2,1,5,5,4,0.004028125621121566,0.04932636236669901,0.2,0.2,2.037707438361486e-50;1.7570758715707256e-23;1.7453301873422266e-08;0.0006460287171487388;0.033539881444722225;0.16140188537712397,2.468612577183884e-48;1.949549228899784e-27;4.271893103098432e-13;5.315176356416821e-06;0.6372267969699539,conditional_information_dimension,5,0.023502399397021503,0,0.523255582068511;0.4482868414304012;0.3354466797706825;0.26628025774436487;0.023502399397021503,0.020352021014131704,False,ov
CDH1,3,53,KIT;CTNNB1;IGFBP2,VHL;MYH11;SERPINE1;CAV1;TUBA1B;CASP7;GAPDH;STAT5A;ANXA1;FASN;RPS6;SYK;HSPA1A;ASNS;RBM15;SQSTM1;CCNB1;GAB2;MYC;PTEN;INPP4B;ERBB3;ATM;PXN;EEF2;EEF2K;FN1;BRAF;PDCD4;TP53BP1;RICTOR;ETS1;COL6A1;NF2;PREX1;AKT1;EIF4G1;LCK;BAP1;MAP2K1;MSH6;ACACA;CCNE1;EIF4EBP1;RAD50;DIABLO;TSC2;MSH2;RAD51;BAK1;RAB25;AR;XRCC5,3,4,4,3,,0.05,0.2,0.2,1.518915274563171e-60;1.1508382658441261e-32;2.947942006999752e-15;9.553553946796762e-08,4.8795881021223764e-49;2.118970463299734e-22;1.6063828630217473e-07,proxy_dimensions,4,,0,,,,skcm
VHL,3,5,ANXA1;ERBB3;RAB25,TUBA1B;MYC;RICTOR;DIABLO;BAK1,3,3,3,2,0.021734546416740913,0.05,0.4,0.2,3.9057956296413974e-09;8.080931383750702e-06;0.005798005950054965;0.27728065032527754,1.6906083954823155e-07;0.0027161727891727287;0.25099309107001944,conditional_information_dimension,3,0.06518189341792972,0,0.3167356806065832;0.21694066536426235;0.06518189341792972,0.028607937851025368,False,skcm
MYH11,2,47,CAV1;RAD50,CDH1;VHL;SERPINE1;KIT;TFRC;TUBA1B;CASP7;STAT5A;CTNNB1;ANXA1;FASN;IGFBP2;RPS6;SYK;ASNS;RBM15;SQSTM1;CCNB1;GAB2;MYC;PTEN;PRKCA;ERBB3;PXN;EEF2K;FN1;BRAF;PDCD4;TP53BP1;RICTOR;COL6A1;BCL2;PREX1;AKT1;EIF4G1;LCK;BAP1;MAP2K1;MSH6;ACACA;CCNE1;EIF4EBP1;DIABLO;TSC2;BAK1;RAB25;XRCC5,3,3,3,2,,0.05,0.4,0.3,3.0550216475859066e-46;1.1219329279758643e-15;0.0030145823014514302,4.544275420522373e-24;1.3311271836986335e-06,proxy_dimensions,3,,0,,,,skcm
SERPINE1,3,12,RBM15;EEF2K;PDCD4,MYH11;CAV1;TUBA1B;RPS6;ASNS;GAB2;PXN;TP53BP1;RICTOR;MAP2K1;DIABLO;TSC2,3,3,3,3,0.06598727801407737,0.05,0.2,0.15,5.532425507476035e-65;7.638819913013203e-12;0.023534360661323705;0.8105842717832082,1.1444781942532856e-55;2.0930949547033931e-10;1.8020981551345356e-06,reported,3,0.26646756636374896,2,0.7259206815190758;0.29579621455541355;0.26646756636374896,0.04273413655595723,True,skcm
KIT,3,53,CDH1;PRKCA;BCL2,VHL;MYH11;SERPINE1;CAV1;TUBA1B;CASP7;GAPDH;STAT5A;ANXA1;FASN;RPS6;SYK;HSPA1A;ASNS;RBM15;SQSTM1;CCNB1;GAB2;MYC;PTEN;INPP4B;ERBB3;ATM;PXN;EEF2;EEF2K;FN1;BRAF;PDCD4;TP53BP1;RICTOR;ETS1;COL6A1;NF2;PREX1;AKT1;EIF4G1;LCK;BAP1;MAP2K1;MSH6;ACACA;CCNE1;EIF4EBP1;RAD50;DIABLO;TSC2;MSH2;RAD51;BAK1;RAB25;AR;XRCC5,3,4,4,3,,0.05,0.2,0.2,9.513423713491748e-54;6.112545523641232e-31;6.631276721495328e-15;2.900283301118951e-07,1.9993328688066487e-40;1.1006123052799862e-17;4.253496519784083e-07,proxy_dimensions,4,,0,,,,skcm
TFRC,2,12,SQSTM1;PRKCA,MYH11;CAV1;TUBA1B;RPS6;ASNS;GAB2;PXN;TP53BP1;RICTOR;MAP2K1;DIABLO;TSC2,3,3,3,2,,0.05,0.2,0.15,1.9894330776458254e-30;1.6377271747990249e-13;0.004386799646307729,3.2750560150767225e-19;0.005142009067496433,proxy_dimensions,3,,0,,,,skcm
CAV1,3,13,MYH11;COL6A1;CCNE1,TUBA1B;ASNS;SQSTM1;MYC;PTEN;PDCD4;TP53BP1;RICTOR;BCL2;AKT1;MAP2K1;DIABLO;BAK1,3,4,4,3,,0.05,0.4,0.25,1.17472345277502e-57;3.985874847292189e-25;5.622604529354807e-07;0.015331581710787716,9.522178826062841e-50;1.876739476796524e-18;2.4540792302679713e-06,proxy_dimensions,4,,0,,,,skcm
TUBA1B,3,1,ERBB3;ETS1;LCK,BAK1,3,1,1,1,0.22781448859729456,0.05,0.4,0.15,9.481506126123599e-12,1.0211620858196959e-11,reported,1,0.40018642317301323,1,0.40018642317301323,0.22781448859729456,True,skcm
CASP7,4,12,SYK;PREX1;LCK;XRCC5,MYH11;CAV1;TUBA1B;RPS6;ASNS;GAB2;PXN;TP53BP1;RICTOR;MAP2K1;DIABLO;TSC2,3,4,4,4,0.032657673678451384,0.05,0.2,0.15,1.1669366091752132e-48;1.784614679603074e-14;6.2657610555377025e-06;0.04341304471782165;0.09966884312465708,2.707179528300128e-52;3.679053779354617e-13;6.389469995438152e-07;0.004166468066526787,reported,4,0.16205253259847585,1,0.7050044844869623;0.3640975573421031;0.2849036585454932;0.16205253259847585,0.02417078352728286,True,skcm
GAPDH,1,12,EEF2,MYH11;CAV1;TUBA1B;RPS6;ASNS;GAB2;PXN;TP53BP1;RICTOR;MAP2K1;DIABLO;TSC2,3,2,2,1,,0.05,0.2,0.15,2.0279029469156127e-29;2.356278708477754e-07,4.8947811671451285e-18,proxy_dimensions,2,,0,,,,skcm
STAT5A,4,12,KIT;CCNB1;EEF2K;LCK,MYH11;CAV1;TUBA1B;RPS6;ASNS;GAB2;PXN;TP53BP1;RICTOR;MAP2K1;DIABLO;TSC2,3,4,4,4,0.044768739767560066,0.05,0.2,0.15,2.5929930591231612e-73;4.7630468187537064e-17;4.670178486444791e-09;0.0001732530150144091;0.6023279491030233,1.8638318021292384e-58;1.0583933750176519e-21;3.5173684872781393e-11;0.00012227651075952766,reported,4,0.21612357871202673,1,0.6900215718123834;0.4378455560097583;0.3490391829706317;0.21612357871202673,0.03355617270722411,True,skcm
CTNNB1,2,5,CDH1;LCK,TUBA1B;MYC;RICTOR;DIABLO;BAK1,3,2,2,2,0.1258498935594308,0.05,0.4,0.2,1.1334633368291747e-22;1.4853815117474085e-07;0.9132242261535108,1.1595321315057585e-15;1.0736187498036281e-06,reported,2,0.27158949494811624,1,0.39379066514333366;0.27158949494811624,0.07809840562760605,True,skcm
ANXA1,4,5,VHL;CAV1;FN1;MSH6,TUBA1B;MYC;RICTOR;DIABLO;BAK1,3,3,3,3,0.04309710966067706,0.05,0.4,0.2,4.947162849151571e-27;3.8404182522352463e-07;0.042095565408536165;0.4612584285507557;0.9449891048492489,1.8110190977840445e-32;6.660405466573196e-10;0.0025034357003467242,reported,3,0.19500986790661257,1,0.5816233628359594;0.3574451261737419;0.19500986790661257,0.03430852621304419,True,skcm
FASN,1,29,ACACA,CDH1;MYH11;SERPINE1;KIT;TFRC;CAV1;TUBA1B;STAT5A;CTNNB1;ANXA1;IGFBP2;RPS6;ASNS;RBM15;SQSTM1;GAB2;PRKCA;ERBB3;ATM;PXN;PDCD4;TP53BP1;RICTOR;BCL2;AKT1;MAP2K1;DIABLO;TSC2;BAK1,3,2,2,1,,0.05,0.2,0.2,1.8124452469281682e-19;2.0155562917479214e-07,2.063008611823631e-11,proxy_dimensions,2,,0,,,,skcm
IGFBP2,2,12,CDH1;SQSTM1,MYH11;CAV1;TUBA1B;RPS6;ASNS;GAB2;PXN;TP53BP1;RICTOR;MAP2K1;DIABLO;TSC2,3,3,3,1,,0.05,0.2,0.15,9.613148731795694e-24;1.8615494046668497e-09;0.048524276141441954,4.2755836441306016e-16;0.06838223334222594,proxy_dimensions,3,,0,,,,skcm
RPS6,4,5,ETS1;BAP1;MAP2K1;AR,TUBA1B;MYC;RICTOR;DIABLO;BAK1,3,3,3,3,0.059447204041248,0.05,0.4,0.2,6.87132599775393e-28;7.513715860138196e-13;0.0019554607308298385;0.07565348086229852;0.8577737827432025,1.8565818028621384e-21;6.16375555842679e-08;0.0002221352376565225,reported,3,0.2302005607653701,1,0.48589625421789795;0.2921792207730944;0.2302005607653701,0.05014690763053215,True,skcm
SYK,4,5,CASP7;PREX1;LCK;EIF4EBP1,TUBA1B;MYC;RICTOR;DIABLO;BAK1,3,5,5,4,,0.05,0.4,0.2,5.582535358956091e-31;9.209814221935016e-13;1.352222747243214e-07;0.007766408518336031;0.01872734020907939,3.6428156294116203e-25;3.733260143482455e-08;0.0008203003291132329;0.020175565505072147,proxy_dimensions,5,,0,,,,skcm
HSPA1A,4,12,FN1;AKT1;BAP1;AR,MYH11;CAV1;TUBA1B;RPS6;ASNS;GAB2;PXN;TP53BP1;RICTOR;MAP2K1;DIABLO;TSC2,3,5,5,4,,0.05,0.2,0.15,3.63523683076786e-92;8.633703001427876e-16;2.2489226982134955e-07;0.0021005329104536556;0.023479784767950814,1.298925681378071e-72;6.36710620339261e-10;0.004522582302631982;0.037930895341531996,proxy_dimensions,5,,0,,,,skcm
ASNS,2,5,PXN;RAD51,TUBA1B;MYC;RICTOR;DIABLO;BAK1,3,2,2,2,0.09259176819615214,0.05,0.4,0.2,1.0569854644330548e-33;0.0026217537489880705;0.2518662881528308,5.129823689774809e-37;2.456924448924019e-05,reported,2,0.236024095846628,1,0.6319824354247778;0.236024095846628,0.06320014403171866,True,skcm
RBM15,3,5,SERPINE1;COL6A1;BAP1,TUBA1B;MYC;RICTOR;DIABLO;BAK1,3,3,3,3,0.05334399751564244,0.05,0.4,0.2,4.798729177219745e-41;1.575374793494618e-13;1.2282518393851952e-05;0.7511123973289947,4.494020018177976e-24;1.244268697294019e-12;0.00010940174857112638,reported,3,0.21727473722020627,1,0.45076715713872323;0.3745433175856346;0.21727473722020627,0.04209192715128685,True,skcm
SQSTM1,3,5,TFRC;IGFBP2;HSPA1A,TUBA1B;MYC;RICTOR;DIABLO;BAK1,3,4,4,3,,0.05,0.4,0.2,9.1529759155201e-33;7.876339779909258e-16;2.676062723514713e-07;0.00102949092214551,2.585883245820843e-30;3.2454110695173343e-14;1.3394644426248367e-05,proxy_dimensions,4,,0,,,,skcm
CCNB1,4,13,PRKCA;MSH6;CCNE1;EIF4EBP1,TUBA1B;ASNS;SQSTM1;MYC;PTEN;PDCD4;TP53BP1;RICTOR;BCL2;AKT1;MAP2K1;DIABLO;BAK1,3,5,5,4,,0.05,0.4,0.25,2.8768122743037336e-57;5.913893297903759e-28;4.910373034939656e-15;2.542769096786817e-06;0.03966564349249448,4.394304333637741e-50;9.371936578229667e-22;5.606614881611461e-13;2.038393471868529e-06,proxy_dimensions,5,,0,,,,skcm
GAB2,2,5,EIF4G1;LCK,TUBA1B;MYC;RICTOR;DIABLO;BAK1,3,2,2,2,0.18041190072715027,0.05,0.4,0.2,1.3682612280096264e-31;1.1809943447508047e-13;0.11303503554048017,6.3726435694291915e-25;4.768519545828987e-13,reported,2,0.3937143608794812,1,0.44156327052642547;0.3937143608794812,0.12034936396788345,True,skcm
MYC,2,29,PTEN;COL6A1,CDH1;MYH11;SERPINE1;KIT;TFRC;CAV1;TUBA1B;STAT5A;CTNNB1;ANXA1;IGFBP2;RPS6;ASNS;RBM15;SQSTM1;GAB2;PRKCA;ERBB3;ATM;PXN;PDCD4;TP53BP1;RICTOR;BCL2;AKT1;MAP2K1;DIABLO;TSC2;BAK1,3,3,3,2,,0.05,0.2,0.2,6.337881289148322e-66;1.270353829723065e-23;3.965907425777614e-09,8.230589215034123e-41;1.6573462286715067e-13,proxy_dimensions,3,,0,,,,skcm
PTEN,1,29,MYC,CDH1;MYH11;SERPINE1;KIT;TFRC;CAV1;TUBA1B;STAT5A;CTNNB1;ANXA1;IGFBP2;RPS6;ASNS;RBM15;SQSTM1;GAB2;PRKCA;ERBB3;ATM;PXN;PDCD4;TP53BP1;RICTOR;BCL2;AKT1;MAP2K1;DIABLO;TSC2;BAK1,3,2,2,1,,0.05,0.2,0.2,1.4225683386439618e-40;4.16424335855884e-09,7.120911377110345e-19,proxy_dimensions,2,,0,,,,skcm
INPP4B,3,13,NF2;MSH2;RAD51,TUBA1B;ASNS;SQSTM1;MYC;PTEN;PDCD4;TP53BP1;RICTOR;BCL2;AKT1;MAP2K1;DIABLO;BAK1,3,4,4,3,,0.05,0.4,0.25,4.8798909579170066e-49;4.824685615102659e-16;3.453760103264656e-07;0.012016878597416927,6.125367968505472e-44;2.302468272946758e-13;1.0160940334038553e-06,proxy_dimensions,4,,0,,,,skcm
PRKCA,3,12,CDH1;KIT;TFRC,MYH11;CAV1;TUBA1B;RPS6;ASNS;GAB2;PXN;TP53BP1;RICTOR;MAP2K1;DIABLO;TSC2,3,4,4,3,,0.05,0.2,0.15,1.9160867408804256e-18;1.8991279306814723e-08;0.0006797077471737421;0.031811301963463164,2.024955263774338e-13;0.0002297296571499549;0.02198776576729558,proxy_dimensions,4,,0,,,,skcm
ERBB3,1,12,VHL,MYH11;CAV1;TUBA1B;RPS6;ASNS;GAB2;PXN;TP53BP1;RICTOR;MAP2K1;DIABLO;TSC2,3,2,2,1,,0.05,0.2,0.15,8.398420080937799e-14;0.007633634206721528,2.7569673427043536e-07,proxy_dimensions,2,,0,,,,skcm
ATM,3,12,NF2;AKT1;ACACA,MYH11;CAV1;TUBA1B;RPS6;ASNS;GAB2;PXN;TP53BP1;RICTOR;MAP2K1;DIABLO;TSC2,3,3,3,3,0.025339767793054944,0.05,0.2,0.15,1.538298298751456e-46;3.128089847444155e-14;0.005051922778316298;0.34546780191436305,8.933959857329006e-51;1.035672189774665e-12;0.022104849988974853,reported,3,0.129538090894419,1,0.6869019592017396;0.40976572024784536;0.129538090894419,0.03080361421339223,True,skcm
PXN,3,5,ASNS;NF2;LCK,TUBA1B;MYC;RICTOR;DIABLO;BAK1,3,3,3,2,0.010368606289322613,0.05,0.4,0.2,1.744149366131907e-33;1.1073812408924434e-12;0.0001048689667248433;0.6953747484845403,3.421906723893808e-17;2.323066384268854e-06;0.5604106908587662,conditional_information_dimension,3,0.03308617304867176,0,0.44043440428243674;0.3098937054760172;0.03308617304867176,0.015572795639799714,False,skcm
EEF2,3,47,GAPDH;ETS1;NF2,CDH1;VHL;SERPINE1;KIT;TFRC;TUBA1B;CASP7;STAT5A;CTNNB1;ANXA1;FASN;IGFBP2;RPS6;SYK;ASNS;RBM15;SQSTM1;CCNB1;GAB2;MYC;PTEN;PRKCA;ERBB3;PXN;EEF2K;FN1;BRAF;PDCD4;TP53BP1;RICTOR;COL6A1;BCL2;PREX1;AKT1;EIF4G1;LCK;BAP1;MAP2K1;MSH6;ACACA;CCNE1;EIF4EBP1;DIABLO;TSC2;BAK1;RAB25;XRCC5,3,4,4,3,,0.05,0.4,0.3,8.032327749359291e-93;7.835357154399788e-42;1.7365501772885513e-15;5.519122298066468e-08,5.989502784964441e-67;7.413664327436356e-28;3.789781025750066e-08,proxy_dimensions,4,,0,,,,skcm
EEF2K,3,12,SERPINE1;STAT5A;EIF4G1,MYH11;CAV1;TUBA1B;RPS6;ASNS;GAB2;PXN;TP53BP1;RICTOR;MAP2K1;DIABLO;TSC2,3,3,3,3,0.05196413557393192,0.05,0.2,0.15,3.843531238838886e-64;7.781971329473843e-07;0.028180637076603798;0.843857463721126,1.3765640409119991e-49;2.0843108456129012e-13;7.926053027824918e-07,reported,3,0.27520328653314624,1,0.6755555886287632;0.35247433959695806;0.27520328653314624,0.03170459115565394,True,skcm
FN1,5,13,SERPINE1;STAT5A;ANXA1;HSPA1A;BRAF,TUBA1B;ASNS;SQSTM1;MYC;PTEN;PDCD4;TP53BP1;RICTOR;BCL2;AKT1;MAP2K1;DIABLO;BAK1,3,4,4,4,0.05901746149617342,0.05,0.4,0.25,2.320205928307931e-80;1.0141946649581543e-21;7.207353083266383e-12;0.001155422467500094;0.38944181021774293;0.8725110540086445,1.9805820597917285e-80;1.7510843792076034e-32;6.735310921353827e-18;3.427017893869569e-08,reported,4,0.3249816871389391,1,0.7519338469152439;0.500331228657641;0.416767648018172;0.3249816871389391,0.03828333921461236,True,skcm
BRAF,2,12,ETS1;EIF4G1,MYH11;CAV1;TUBA1B;RPS6;ASNS;GAB2;PXN;TP53BP1;RICTOR;MAP2K1;DIABLO;TSC2,3,3,3,2,,0.05,0.2,0.15,6.951398238921334e-77;5.3483888647442256e-12;0.012582510455365736,1.6197992773453255e-33;7.070201218973805e-12,proxy_dimensions,3,,0,,,,skcm
PDCD4,1,12,SERPINE1,MYH11;CAV1;TUBA1B;RPS6;ASNS;GAB2;PXN;TP53BP1;RICTOR;MAP2K1;DIABLO;TSC2,3,2,2,1,,0.05,0.2,0.15,3.3164732264648684e-23;0.0004392668903780569,3.044580511126287e-20,proxy_dimensions,2,,0,,,,skcm
TP53BP1,2,5,AKT1;EIF4G1,TUBA1B;MYC;RICTOR;DIABLO;BAK1,3,2,2,2,0.0816220344430824,0.05,0.4,0.2,7.986737429922413e-22;0.014177958370893818;0.26579327908070305,1.5770728094356703e-12;0.003531106231804704,reported,2,0.1644283320631465,1,0.3952674266314211;0.1644283320631465,0.05914885047362532,True,skcm
RICTOR,3,1,MYH11;STAT5A;EEF2,BAK1,3,1,1,1,0.21465899042480202,0.05,0.4,0.15,9.80576480780574e-12,6.1658564577476145e-09,reported,1,0.3521905392515383,1,0.3521905392515383,0.21465899042480202,True,skcm
ETS1,8,5,RPS6;EEF2;BRAF;BCL2;LCK;ACACA;RAD50;MSH2,TUBA1B;MYC;RICTOR;DIABLO;BAK1,3,5,5,5,0.018579798691545545,0.05,0.4,0.2,4.2755068102344693e-45;1.2877972755750094e-21;1.2123842401161358e-07;0.00011848815398160482;0.0445528922809067,7.649027620153942e-42;2.799620305661588e-21;4.877216910271466e-07;0.00013305177618644178;0.026373998627027388,reported,5,0.18804986620098324,2,0.6007389234347048;0.5296105927911819;0.3005850022326244;0.2736685505718567;0.18804986620098324,0.018579798691545555,True,skcm
COL6A1,5,5,CAV1;HSPA1A;RBM15;BAP1;MSH6,TUBA1B;MYC;RICTOR;DIABLO;BAK1,3,4,4,3,0.015295125669176452,0.05,0.4,0.2,1.7388907399005842e-47;6.178821482865775e-15;3.3034155727929817e-07;0.007510445788904311;0.3594089108798948,1.0551302624570509e-23;5.617999785632521e-10;0.0003229469838250408;0.15582868142936288,conditional_information_dimension,4,0.10953925686158975,0,0.5046743878109081;0.3631688189532704;0.259152550799761;0.10953925686158975,0.014829827420894233,False,skcm
NF2,5,47,INPP4B;ATM;EEF2;RAD50;AR,CDH1;VHL;SERPINE1;KIT;TFRC;TUBA1B;CASP7;STAT5A;CTNNB1;ANXA1;FASN;IGFBP2;RPS6;SYK;ASNS;RBM15;SQSTM1;CCNB1;GAB2;MYC;PTEN;PRKCA;ERBB3;PXN;EEF2K;FN1;BRAF;PDCD4;TP53BP1;RICTOR;COL6A1;BCL2;PREX1;AKT1;EIF4G1;LCK;BAP1;MAP2K1;MSH6;ACACA;CCNE1;EIF4EBP1;DIABLO;TSC2;BAK1;RAB25;XRCC5,3,5,5,5,0.027896418475153367,0.05,0.4,0.3,2.3283008519661894e-100;2.1389451140017728e-57;4.459920469863747e-30;6.45269643683388e-13;0.0006307865657024124;0.12154662613726208,1.3398589542852252e-100;1.3774011060545721e-61;9.2459295935391e-34;5.2215514379095434e-17;0.0024614508817539594,reported,5,0.1713995665102407,1,0.7112812064407315;0.6311811195782779;0.518485607864635;0.4605337916855919;0.1713995665102407,0.023561918052563503,True,skcm
BCL2,2,5,FN1;ETS1,TUBA1B;MYC;RICTOR;DIABLO;BAK1,3,2,2,2,0.08396171263496617,0.05,0.4,0.2,7.785695745370029e-13;6.522684049035898e-05;0.09055651073848052,1.0928784849345286e-12;0.00016636976280208992,reported,2,0.21126457415813965,1,0.37787447152291076;0.21126457415813965,0.05827589873040362,True,skcm
PREX1,2,13,SYK;LCK,TUBA1B;ASNS;SQSTM1;MYC;PTEN;PDCD4;TP53BP1;RICTOR;BCL2;AKT1;MAP2K1;DIABLO;BAK1,3,3,3,2,,0.05,0.4,0.25,1.4117610385163274e-34;7.140468286496322e-13;0.016951292372311105,1.370986498663136e-34;4.258651473034046e-12,proxy_dimensions,3,,0,,,,skcm
AKT1,2,12,HSPA1A;ATM,MYH11;CAV1;TUBA1B;RPS6;ASNS;GAB2;PXN;TP53BP1;RICTOR;MAP2K1;DIABLO;TSC2,3,3,3,2,,0.05,0.2,0.15,9.184792684559865e-34;8.907653325666198e-09;0.0021249479479778094,5.3357547012319624e-15;0.00010450980175280343,proxy_dimensions,3,,0,,,,skcm
EIF4G1,4,12,EEF2K;BRAF;ETS1;BAP1,MYH11;CAV1;TUBA1B;RPS6;ASNS;GAB2;PXN;TP53BP1;RICTOR;MAP2K1;DIABLO;TSC2,3,4,4,3,9.071538550433645e-05,0.05,0.2,0.15,2.622445752845024e-99;1.4299761342005694e-21;2.396857854674089e-11;0.025201177142488634;0.7442040282901777,8.282228190061852e-54;2.9837381299928682e-21;7.406341311173928e-09;0.992688507588659,conditional_information_dimension,4,0.000521728350262401,0,0.6638179987418866;0.46345025458490136;0.36342375524751946;0.000521728350262401,0.014241729415627652,False,skcm
LCK,6,13,CASP7;SYK;GAB2;PXN;PREX1;XRCC5,TUBA1B;ASNS;SQSTM1;MYC;PTEN;PDCD4;TP53BP1;RICTOR;BCL2;AKT1;MAP2K1;DIABLO;BAK1,3,5,5,5,0.01875615392595774,0.05,0.4,0.25,1.799508899435505e-79;5.28130073379569e-34;2.1856515058505796e-18;5.6329328537024465e-06;0.021001169180979693;0.11407199037869725;0.30487626595630574,9.132398100269215e-78;1.825368536335654e-36;6.433583489307925e-17;1.7437499520527908e-08;0.031891740492319846,reported,5,0.14898196740463737,1,0.728750010196305;0.5674682694562195;0.41367124516841947;0.3505891632154864;0.14898196740463737,0.018428916231050276,True,skcm
BAP1,6,13,RPS6;HSPA1A;RBM15;COL6A1;EIF4G1;MSH6,TUBA1B;ASNS;SQSTM1;MYC;PTEN;PDCD4;TP53BP1;RICTOR;BCL2;AKT1;MAP2K1;DIABLO;BAK1,3,6,6,6,0.013191581333146048,0.05,0.4,0.25,4.056282732045732e-94;2.0833491487949045e-41;1.343517835060133e-23;3.7414858499673883e-13;1.7690848070908796e-06;0.018114118799895346;0.10473789610866112,3.372678945033666e-62;1.1791317015657224e-38;5.582247480012586e-19;1.52880611197574e-11;4.913867279097553e-05;0.035553212784338734,reported,6,0.11963392133552994,1,0.6185050426117219;0.5751905120876579;0.4058346842059402;0.3692984649471118;0.25514821943273025;0.11963392133552994,0.019273402243815498,True,skcm
MAP2K1,1,58,TSC2,CDH1;VHL;MYH11;SERPINE1;KIT;TFRC;CAV1;TUBA1B;CASP7;GAPDH;STAT5A;CTNNB1;ANXA1;FASN;IGFBP2;RPS6;SYK;HSPA1A;ASNS;RBM15;SQSTM1;CCNB1;GAB2;MYC;PTEN;INPP4B;PRKCA;ERBB3;ATM;PXN;EEF2;EEF2K;FN1;BRAF;PDCD4;TP53BP1;RICTOR;ETS1;COL6A1;NF2;BCL2;PREX1;AKT1;EIF4G1;LCK;BAP1;MSH6;ACACA;CCNE1;EIF4EBP1;RAD50;DIABLO;MSH2;RAD51;BAK1;RAB25;AR;XRCC5,3,2,2,1,,0.05,0.2,0.15,2.2934195748948535e-58;5.866841886144807e-13,5.0933349426933834e-49,proxy_dimensions,2,,0,,,,skcm
MSH6,7,13,ANXA1;CCNB1;COL6A1;BAP1;MSH2;RAB25;XRCC5,TUBA1B;ASNS;SQSTM1;MYC;PTEN;PDCD4;TP53BP1;RICTOR;BCL2;AKT1;MAP2K1;DIABLO;BAK1,3,6,6,6,0.029741986886224554,0.05,0.4,0.25,2.559939731104498e-78;1.1224064432756885e-29;9.762499147084956e-19;5.292042130006717e-10;4.514633386528475e-06;0.0013332178682575052;0.14173497175619884;0.620681543835296,8.638331119441204e-67;1.2014343078364963e-40;1.5885255340630867e-28;1.7465412504196645e-16;1.3154021538379298e-10;1.8410479177452968e-06,reported,6,0.2875563489466842,1,0.6439792633912155;0.4977763323050985;0.48340927392571614;0.36928131433696343;0.311789267608949;0.2875563489466842,0.022702276850396663,True,skcm
ACACA,5,12,FASN;CCNB1;ATM;ETS1;CCNE1,MYH11;CAV1;TUBA1B;RPS6;ASNS;GAB2;PXN;TP53BP1;RICTOR;MAP2K1;DIABLO;TSC2,3,4,4,3,0.016360113186442753,0.05,0.2,0.15,1.179696509098872e-47;1.012706541663047e-20;2.880597604500019e-07;0.009664363443042669;0.4663702837678627;0.7035161609874899,3.1154593390886096e-51;4.956414569722498e-23;3.8063120543860617e-06;0.14758373233183464,conditional_information_dimension,4,0.11111952370432958,0,0.6390694385758031;0.5269118864055276;0.31156775926352165;0.11111952370432958,0.020147389517547645,False,skcm
CCNE1,2,12,CCNB1;ACACA,MYH11;CAV1;TUBA1B;RPS6;ASNS;GAB2;PXN;TP53BP1;RICTOR;MAP2K1;DIABLO;TSC2,3,3,3,2,,0.05,0.2,0.15,1.640098018650831e-30;7.022437039162373e-13;1.0180527728091853e-05,1.8270503565283966e-15;2.162047169284978e-08,proxy_dimensions,3,,0,,,,skcm
EIF4EBP1,2,13,SYK;CCNB1,TUBA1B;ASNS;SQSTM1;MYC;PTEN;PDCD4;TP53BP1;RICTOR;BCL2;AKT1;MAP2K1;DIABLO;BAK1,3,3,3,2,,0.05,0.4,0.25,2.3714076974874854e-30;8.84547358597408e-14;0.0004848033404641402,3.080657388008156e-16;0.00035290130440836784,proxy_dimensions,3,,0,,,,skcm
RAD50,3,5,MYH11;ETS1;NF2,TUBA1B;MYC;RICTOR;DIABLO;BAK1,3,3,3,3,0.06393151986173108,0.05,0.4,0.2,1.258322036193439e-32;5.355075949630165e-13;0.012927853782743833;0.18548207219646135,2.468752885339417e-30;4.6219098220563315e-14;0.00236285685419769,reported,3,0.17153856251003322,1,0.511241518203665;0.41754448943877587;0.17153856251003322,0.05312015910432489,True,skcm
DIABLO,0,0,,,3,0,0,0,,0.05,0.2,0.15,,,no_shared_direction,0,,0,,,,skcm
TSC2,2,5,STAT5A;EIF4G1,TUBA1B;MYC;RICTOR;DIABLO;BAK1,3,2,2,1,0.005236209753694732,0.05,0.4,0.2,1.3682878567210097e-32;6.80550925986532e-05;0.13686951040215772,6.4643073644306716e-09;0.8003002872954377,conditional_information_dimension,2,0.014354765099560523,0,0.3631824677991497;0.014354765099560523,0.03126319454352113,False,skcm
MSH2,3,5,INPP4B;ETS1;MSH6,TUBA1B;MYC;RICTOR;DIABLO;BAK1,3,4,4,3,,0.05,0.4,0.2,4.151834417352784e-23;3.0782119700338767e-07;4.614156041729382e-05;0.0019226590629044,1.8256396567357055e-17;0.00020933470493846148;0.005294482474178006,proxy_dimensions,4,,0,,,,skcm
RAD51,2,12,NF2;AR,MYH11;CAV1;TUBA1B;RPS6;ASNS;GAB2;PXN;TP53BP1;RICTOR;MAP2K1;DIABLO;TSC2,3,3,3,2,,0.05,0.2,0.15,1.1870520598815505e-43;5.941998256047953e-11;0.000729688555303676,7.034847094348434e-19;7.391300980914923e-08,proxy_dimensions,3,,0,,,,skcm
BAK1,1,12,LCK,MYH11;CAV1;TUBA1B;RPS6;ASNS;GAB2;PXN;TP53BP1;RICTOR;MAP2K1;DIABLO;TSC2,3,2,2,1,,0.05,0.2,0.15,8.15085433498397e-34;1.348146237741692e-15,5.085500391879183e-16,proxy_dimensions,2,,0,,,,skcm
RAB25,2,12,VHL;INPP4B,MYH11;CAV1;TUBA1B;RPS6;ASNS;GAB2;PXN;TP53BP1;RICTOR;MAP2K1;DIABLO;TSC2,3,3,3,2,,0.05,0.2,0.15,2.298830181551017e-21;2.975604109661618e-11;0.0021884625654055656,2.698853466613346e-19;5.2773994442492094e-09,proxy_dimensions,3,,0,,,,skcm
AR,4,5,RPS6;HSPA1A;NF2;RAD51,TUBA1B;MYC;RICTOR;DIABLO;BAK1,3,4,4,4,0.022873529285833773,0.05,0.4,0.2,4.322324466943081e-49;3.8934712535252116e-16;4.302678953597836e-05;0.0009089512565325258;0.11992431281505776,2.514936422659869e-43;4.929314987672246e-09;0.00025760430526563485;0.020555997043811,reported,4,0.13129061501919076,1,0.6775883426601419;0.33015332173110645;0.22541476372489846;0.13129061501919076,0.024146648786173713,True,skcm
XRCC5,3,13,CASP7;LCK;MSH6,TUBA1B;ASNS;SQSTM1;MYC;PTEN;PDCD4;TP53BP1;RICTOR;BCL2;AKT1;MAP2K1;DIABLO;BAK1,3,3,3,3,0.09785289567603371,0.05,0.4,0.25,1.902142466037099e-46;3.595126195493118e-16;1.0497030546129833e-06;0.18684757100984395,1.3224256976852686e-33;2.6647536465955226e-21;2.1337304224353166e-10,reported,3,0.34957543659654206,2,0.4648258579712935;0.42706955537746255;0.34957543659654206,0.056972485147090204,True,skcm
MYH11,3,49,RICTOR;CAV1;EIF4EBP1,VHL;CTNNB1;CASP7;CDH1;CDKN1B;ERBB2;FASN;HSPA1A;IGFBP2;STAT5A;ERCC1;SERPINE1;ETS1;DIABLO;ACACA;PXN;CTNNA1;RPS6;GAPDH;PTEN;NKX2-1;FN1;RAB25;ANXA1;EIF4G1;ASNS;EEF2K;EEF2;RBM15;TGM2;ATM;SQSTM1;BRAF;TUBA1B;RAD51;MAPK1;YBX1;SYK;GAB2;TP53BP1;RAD50;G6PD;BAP1;PDCD4;MYC;ITGA2;CDKN1A;MSH6;MS4A1,2,4,4,3,,0.05,0.2,0.25,7.447366351423805e-100;1.952718393967314e-52;9.972145387051285e-27;2.567445091894598e-13,5.016654420820896e-62;2.6163075017570385e-35;1.052164545155944e-15,proxy_dimensions,4,,0,,,,stad
RICTOR,2,4,MYH11;CAV1,SQSTM1;TUBA1B;RAD50;G6PD,2,3,3,2,,0.05,0.2,0.2,2.711331871027468e-20;8.749054427783243e-05;0.005402048953219973,5.144817231411051e-19;0.009753620195091935,proxy_dimensions,3,,0,,,,stad
VHL,2,3,RAB25;RAD51,SQSTM1;RAD50;G6PD,2,3,3,2,,0.05,0.2,0.15,5.048544670789905e-19;1.2601308653079216e-08;0.004226517926324129,9.074888195021506e-15;0.0012152098180332502,proxy_dimensions,3,,0,,,,stad
CTNNB1,3,7,CDH1;ANXA1;G6PD,VHL;RAB25;ASNS;ATM;SQSTM1;TUBA1B;ITGA2,2,3,3,2,0.026070605177199235,0.05,0.4,0.3,5.928994196861299e-34;3.822480108932197e-12;0.0019440878009636326;0.5033808332928104,4.129463513081478e-18;9.5264054632108e-08;0.06174072294562281,conditional_information_dimension,3,0.101576876748091,0,0.4177277339822779;0.31366888693927364;0.101576876748091,0.025548606542240244,False,stad
CLDN7,2,49,TIGAR;SMAD1,VHL;CTNNB1;CASP7;CDH1;CDKN1B;ERBB2;FASN;HSPA1A;IGFBP2;STAT5A;ERCC1;SERPINE1;ETS1;DIABLO;ACACA;PXN;CTNNA1;RPS6;GAPDH;PTEN;NKX2-1;FN1;RAB25;ANXA1;EIF4G1;ASNS;EEF2K;EEF2;RBM15;TGM2;ATM;SQSTM1;BRAF;TUBA1B;RAD51;MAPK1;YBX1;SYK;GAB2;TP53BP1;RAD50;G6PD;BAP1;PDCD4;MYC;ITGA2;CDKN1A;MSH6;MS4A1,2,3,3,2,,0.05,0.2,0.25,7.203472728839831e-44;8.091322864293941e-21;1.5924668852525508e-06,1.4144785381730534e-24;1.0800416867281727e-06,proxy_dimensions,3,,0,,,,stad
CASP7,3,7,PXN;GAPDH;ANXA1,VHL;RAB25;ASNS;ATM;SQSTM1;TUBA1B;ITGA2,2,4,4,3,,0.05,0.4,0.3,9.886717400072797e-41;9.062668088347773e-16;4.323819041149105e-08;0.010055403292479248,3.557498135048107e-31;1.9645292105852422e-10;2.1990584625810302e-05,proxy_dimensions,4,,0,,,,stad
CDH1,4,7,CTNNB1;ERBB2;ETS1;FN1,VHL;RAB25;ASNS;ATM;SQSTM1;TUBA1B;ITGA2,2,4,4,3,0.0042710144218122345,0.05,0.4,0.3,1.4747620998195998e-47;2.821941270921595e-19;5.283984536639496e-09;0.0001423703190934705;0.33904329946776124,2.202162315642881e-33;2.6803208259326684e-16;1.960083000449653e-05;0.6975280257853949,conditional_information_dimension,4,0.021216521065524147,0,0.5160785238163064;0.4250915792339779;0.2774734514800048;0.021216521065524147,0.015285274910339512,False,stad
CAV1,3,3,MYH11;RICTOR;MSH6,SQSTM1;RAD50;G6PD,2,3,3,3,0.03800153799132814,0.05,0.2,0.15,2.6947023482341717e-27;1.216355845414868e-07;0.006328753215252756,1.5283261934924492e-26;3.231384773378557e-06;0.0016953761577012613,reported,3,0.1698730334529641,1,0.5343364189849752;0.24614694911693716;0.1698730334529641,0.038001537991328105,True,stad
CDKN1B,4,7,IGFBP2;CTNNA1;YBX1;PDCD4,VHL;RAB25;ASNS;ATM;SQSTM1;TUBA1B;ITGA2,2,3,3,3,0.049055101227103784,0.05,0.4,0.3,1.912424986530288e-24;9.735789758363306e-06;0.0017290491651695086;0.11347229258366612;0.19788077748743474,1.8875630641631037e-28;4.065826514525369e-06;0.0037228642984899057,reported,3,0.1809560888372032,1,0.5611195295971234;0.26226288074548176;0.1809560888372032,0.040102467175296794,True,stad
ERBB2,1,3,CDH1,SQSTM1;RAD50;G6PD,2,2,2,1,,0.05,0.2,0.15,1.1648237232251947e-17;0.004743537535863351,5.214833395467304e-11,proxy_dimensions,2,,0,,,,stad
TIGAR,3,3,CLDN7;TFRC;ATM,SQSTM1;RAD50;G6PD,2,3,3,2,0.034495887630203906,0.05,0.2,0.15,1.0907464297777061e-22;0.0013747720526169744;0.026487906414792477,4.1077051597987304e-21;0.0030340046366936647;0.05764876497344404,conditional_information_dimension,3,0.1032105626258233,0,0.5105589181499277;0.190096908409668;0.1032105626258233,0.03449588763020392,False,stad
FASN,6,7,MYH11;ERCC1;CCNB1;ACACA;CTNNA1;EIF4EBP1,VHL;RAB25;ASNS;ATM;SQSTM1;TUBA1B;ITGA2,2,4,4,4,0.034887375495550016,0.05,0.4,0.3,2.6082499888399455e-43;1.5697165640234068e-20;4.0861665932853675e-09;0.01735530351189656;0.18087237724750485;0.7594537436361881;0.5741496044059494,3.143972714063012e-29;1.5142679449413126e-18;4.451909328653076e-08;0.0063750407847487905,reported,4,0.19013145694558825,1,0.45353007475914014;0.4364619788754981;0.3256167925126902;0.19013145694558825,0.029781773999057112,True,stad
TFRC,5,3,RICTOR;TIGAR;CCNB1;EEF2;MYC,SQSTM1;RAD50;G6PD,2,3,3,3,0.03947536058549222,0.05,0.2,0.15,3.549123678060343e-38;1.2992908815226435e-06;0.0041755875751156675,1.8077054593393353e-23;6.899461597054383e-05;0.01807861546834671,reported,3,0.1718561180739764,3,0.5344769842320705;0.255602743862061;0.1718561180739764,0.03947536058549219,True,stad
HSPA1A,3,7,CTNNA1;CDKN1A;MS4A1,VHL;RAB25;ASNS;ATM;SQSTM1;TUBA1B;ITGA2,2,4,4,3,,0.05,0.4,0.3,6.53155141240057e-36;4.347733061274003e-15;8.409360578720214e-05;0.03036105494230487,4.687906547933457e-22;9.992973560243105e-12;0.0001855563210228663,proxy_dimensions,4,,0,,,,stad
IGFBP2,2,3,CDKN1B;TGM2,SQSTM1;RAD50;G6PD,2,2,2,2,0.09144164262591897,0.05,0.2,0.15,1.505131626886764e-26;0.018679629765409166;0.2541099350252724,2.8631311925188135e-24;0.001302870330273813,reported,2,0.17368949061173633,1,0.519681609925041;0.17368949061173633,0.07490057870668428,True,stad
STAT5A,4,45,PXN;CTNNA1;PTEN;GAB2,MYH11;RICTOR;VHL;CTNNB1;CLDN7;CDH1;CAV1;CDKN1B;ERBB2;TIGAR;FASN;TFRC;HSPA1A;IGFBP2;ERCC1;SERPINE1;ETS1;CCNB1;DIABLO;ACACA;GAPDH;CCNE1;NKX2-1;FN1;RAB25;ANXA1;ASNS;EEF2;TGM2;ATM;SQSTM1;TUBA1B;INPP4B;RAD51;MAPK1;YBX1;RAD50;G6PD;PDCD4;MYC;SMAD1;ITGA2;CDKN1A;MS4A1;EIF4EBP1,2,5,5,4,,0.05,0.2,0.25,3.671920358455984e-146;1.4862213501175416e-76;9.296826433381502e-33;1.5806793407919958e-18;7.327503604525456e-07,3.4577237676013614e-87;1.420361642574602e-42;1.6123728151268451e-21;2.0467674319871122e-07,proxy_dimensions,5,,0,,,,stad
ERCC1,3,7,FASN;DIABLO;CDKN1A,VHL;RAB25;ASNS;ATM;SQSTM1;TUBA1B;ITGA2,2,4,4,3,,0.05,0.4,0.3,7.602600749750514e-33;3.2263662123579243e-07;0.004663707167997249;0.02596192017481184,1.1020503316967073e-22;3.6653935120692737e-07;0.013806629728645959,proxy_dimensions,4,,0,,,,stad
SERPINE1,4,3,NKX2-1;FN1;ANXA1;ITGA2,SQSTM1;RAD50;G6PD,2,3,3,3,0.041830057573825165,0.05,0.2,0.15,5.582342514754366e-53;3.21105697476774e-26;0.0073306026351254135,1.9724168719313243e-42;4.174579668134467e-15;0.010411452867892725,reported,3,0.1637250409407346,1,0.6006291698535058;0.4351721485805869;0.1637250409407346,0.04183005757382514,True,stad
ETS1,6,45,FASN;NKX2-1;RAB25;RAD51;MAPK1;MS4A1,MYH11;RICTOR;CTNNB1;CLDN7;CASP7;CDH1;CAV1;CDKN1B;ERBB2;TIGAR;TFRC;IGFBP2;STAT5A;SERPINE1;CCNB1;PXN;CTNNA1;RPS6;GAPDH;PTEN;CCNE1;FN1;ANXA1;EIF4G1;ASNS;EEF2K;RBM15;ATM;SQSTM1;BRAF;TUBA1B;INPP4B;YBX1;SYK;GAB2;TP53BP1;RAD50;G6PD;BAP1;PDCD4;MYC;SMAD1;ITGA2;MSH6;EIF4EBP1,2,7,7,6,,0.05,0.2,0.25,6.441583854460505e-163;2.163840172546331e-94;7.795383670116893e-52;4.825874245164653e-32;7.095908964186496e-18;1.9508070368593412e-08;0.0019065249851173876,5.781113348509148e-115;1.5240718238561674e-59;1.9447563583794865e-37;3.821320509496034e-21;9.423756637766561e-11;0.0001249318538331466,proxy_dimensions,7,,0,,,,stad
CCNB1,3,49,TFRC;CCNE1;EIF4EBP1,VHL;CTNNB1;CASP7;CDH1;CDKN1B;ERBB2;FASN;HSPA1A;IGFBP2;STAT5A;ERCC1;SERPINE1;ETS1;DIABLO;ACACA;PXN;CTNNA1;RPS6;GAPDH;PTEN;NKX2-1;FN1;RAB25;ANXA1;EIF4G1;ASNS;EEF2K;EEF2;RBM15;TGM2;ATM;SQSTM1;BRAF;TUBA1B;RAD51;MAPK1;YBX1;SYK;GAB2;TP53BP1;RAD50;G6PD;BAP1;PDCD4;MYC;ITGA2;CDKN1A;MSH6;MS4A1,2,4,4,3,,0.05,0.2,0.25,2.636283379959283e-93;5.915843574871238e-35;1.396671904119217e-07;0.001219182651985628,1.8187214044730995e-52;1.7708603899661062e-16;0.0016512357908220656,proxy_dimensions,4,,0,,,,stad
DIABLO,3,4,ERCC1;PXN;MYC,SQSTM1;TUBA1B;RAD50;G6PD,2,3,3,3,0.07435654849766107,0.05,0.2,0.2,7.764231231749606e-30;1.591938108434729e-11;7.66598683703932e-06;0.33615936934833857,1.6870950454709093e-32;3.103722740843969e-13;2.1158111973555396e-07,reported,3,0.27730032308275776,1,0.524150134382731;0.3255134231315347;0.27730032308275776,0.06727184797647384,True,stad
ACACA,2,4,FASN;ASNS,SQSTM1;TUBA1B;RAD50;G6PD,2,3,3,2,,0.05,0.2,0.2,5.556193040687492e-24;9.082243370557634e-09;0.026059776442409595,1.6368185032489775e-14;0.00028624142883362894,proxy_dimensions,3,,0,,,,stad
PXN,3,45,CASP7;STAT5A;CTNNA1,MYH11;RICTOR;VHL;CTNNB1;CLDN7;CDH1;CAV1;CDKN1B;ERBB2;TIGAR;FASN;TFRC;HSPA1A;IGFBP2;ERCC1;SERPINE1;ETS1;CCNB1;DIABLO;ACACA;GAPDH;CCNE1;NKX2-1;FN1;RAB25;ANXA1;ASNS;EEF2;TGM2;ATM;SQSTM1;TUBA1B;INPP4B;RAD51;MAPK1;YBX1;RAD50;G6PD;PDCD4;MYC;SMAD1;ITGA2;CDKN1A;MS4A1;EIF4EBP1,2,4,4,3,,0.05,0.2,0.25,8.05784127391492e-135;2.9243962468467102e-67;1.1092051369933703e-28;5.476390921098071e-11,7.431491505055415e-94;2.4876024898454974e-53;4.1697608629492675e-16,proxy_dimensions,4,,0,,,,stad
CTNNA1,4,7,CDKN1B;FASN;HSPA1A;PXN,VHL;RAB25;ASNS;ATM;SQSTM1;TUBA1B;ITGA2,2,4,4,4,0.030717056898049887,0.05,0.4,0.3,1.66920583043526e-43;1.4516896351613193e-22;8.027171592132184e-07;0.0006293269257460231;0.219549436211381,2.6252282719620904e-32;1.6873443129082463e-15;1.0806681517013129e-06;0.0015204842774131089,reported,4,0.17181840525908068,1,0.5131839439204204;0.39435784665853807;0.2582615252167711;0.17181840525908068,0.027208384825556712,True,stad
RPS6,1,3,RBM15,SQSTM1;RAD50;G6PD,2,2,2,1,,0.05,0.2,0.15,7.085494345870491e-23;0.004057754120170777,1.470810756667364e-17,proxy_dimensions,2,,0,,,,stad
GAPDH,4,7,CASP7;ANXA1;EEF2K;EEF2,VHL;RAB25;ASNS;ATM;SQSTM1;TUBA1B;ITGA2,2,4,4,3,0.008343781374247227,0.05,0.4,0.3,6.718320613950495e-49;7.204576697608305e-27;1.0073302469245997e-11;0.0006439210773865651;0.07199496966767263,3.752464120464492e-38;4.58821905488105e-21;1.2091597811142047e-06;0.4213894432892934,conditional_information_dimension,4,0.04387404398879118,0,0.5161511176549035;0.47162753496008997;0.30308401888808156;0.04387404398879118,0.018872711583716686,False,stad
PTEN,3,45,STAT5A;RBM15;SYK,MYH11;RICTOR;VHL;CTNNB1;CLDN7;CDH1;CAV1;CDKN1B;ERBB2;TIGAR;FASN;TFRC;HSPA1A;IGFBP2;ERCC1;SERPINE1;ETS1;CCNB1;DIABLO;ACACA;GAPDH;CCNE1;NKX2-1;FN1;RAB25;ANXA1;ASNS;EEF2;TGM2;ATM;SQSTM1;TUBA1B;INPP4B;RAD51;MAPK1;YBX1;RAD50;G6PD;PDCD4;MYC;SMAD1;ITGA2;CDKN1A;MS4A1;EIF4EBP1,2,4,4,3,,0.05,0.2,0.25,3.338159644686329e-113;8.534115906674173e-46;8.36636381945313e-16;1.6784988399264578e-06,1.3760567330299923e-69;2.2289693601064577e-36;3.977697394598239e-10,proxy_dimensions,4,,0,,,,stad
CCNE1,2,49,CCNB1;INPP4B,VHL;CTNNB1;CASP7;CDH1;CDKN1B;ERBB2;FASN;HSPA1A;IGFBP2;STAT5A;ERCC1;SERPINE1;ETS1;DIABLO;ACACA;PXN;CTNNA1;RPS6;GAPDH;PTEN;NKX2-1;FN1;RAB25;ANXA1;EIF4G1;ASNS;EEF2K;EEF2;RBM15;TGM2;ATM;SQSTM1;BRAF;TUBA1B;RAD51;MAPK1;YBX1;SYK;GAB2;TP53BP1;RAD50;G6PD;BAP1;PDCD4;MYC;ITGA2;CDKN1A;MSH6;MS4A1,2,3,3,2,,0.05,0.2,0.25,1.5496010100410557e-55;5.196250853132907e-16;0.0009788904981628415,1.720978723384827e-41;1.97752774732182e-15,proxy_dimensions,3,,0,,,,stad
NKX2-1,4,3,MYH11;SERPINE1;ETS1;MAPK1,SQSTM1;RAD50;G6PD,2,3,3,3,0.06035277798447077,0.05,0.2,0.15,1.3886992330366069e-52;5.6329691473333605e-14;0.002171867704572119,4.444799435631375e-24;1.078878279504084e-09;0.0009059526038753809,reported,3,0.20210835761748053,1,0.4787268062471143;0.3317123434246598;0.20210835761748053,0.06035277798447079,True,stad
FN1,3,52,CDH1;SERPINE1;PDCD4,MYH11;RICTOR;VHL;CLDN7;CASP7;CAV1;CDKN1B;TIGAR;FASN;TFRC;HSPA1A;IGFBP2;STAT5A;ERCC1;ETS1;CCNB1;DIABLO;ACACA;PXN;CTNNA1;RPS6;PTEN;CCNE1;NKX2-1;RAB25;EIF4G1;ASNS;EEF2K;EEF2;RBM15;TGM2;ATM;SQSTM1;BRAF;TUBA1B;INPP4B;RAD51;MAPK1;YBX1;SYK;GAB2;TP53BP1;RAD50;G6PD;BAP1;MYC;SMAD1;ITGA2;CDKN1A;MSH6;MS4A1;EIF4EBP1,2,4,4,3,,0.05,0.2,0.25,2.3305931238102062e-99;1.0261485574295431e-41;1.083910265311e-21;4.467733396159034e-09,1.0874614866704784e-62;1.2869532229303101e-23;1.67370121015058e-10,proxy_dimensions,4,,0,,,,stad
RAB25,3,4,VHL;ETS1;PXN,SQSTM1;TUBA1B;RAD50;G6PD,2,3,3,3,0.026143103909749874,0.05,0.2,0.2,1.284116224124805e-49;1.3603230998555344e-14;0.0042894927219845535;0.4724373143168874,3.061119547979604e-48;1.4175678542624306e-14;0.04227843179507147,reported,3,0.11036686678782626,1,0.6391827509487816;0.4244520814100311;0.11036686678782626,0.02445801927425558,True,stad
ANXA1,3,7,CTNNB1;CASP7;GAPDH,VHL;RAB25;ASNS;ATM;SQSTM1;TUBA1B;ITGA2,2,4,4,3,,0.05,0.4,0.3,4.82443798464283e-41;1.2014394645087694e-15;5.654638818254877e-07;0.0009840609449721601,5.713373251991116e-27;5.956931628961058e-13;0.0008995296515787644,proxy_dimensions,4,,0,,,,stad
EIF4G1,5,45,EEF2K;BRAF;GAB2;TP53BP1;BAP1,MYH11;RICTOR;VHL;CTNNB1;CLDN7;CDH1;CAV1;CDKN1B;ERBB2;TIGAR;FASN;TFRC;HSPA1A;IGFBP2;ERCC1;SERPINE1;ETS1;CCNB1;DIABLO;ACACA;GAPDH;CCNE1;NKX2-1;FN1;RAB25;ANXA1;ASNS;EEF2;TGM2;ATM;SQSTM1;TUBA1B;INPP4B;RAD51;MAPK1;YBX1;RAD50;G6PD;PDCD4;MYC;SMAD1;ITGA2;CDKN1A;MS4A1;EIF4EBP1,2,6,6,5,,0.05,0.2,0.25,3.1605831324852735e-111;1.439925368778926e-42;1.327534524690774e-25;2.1059273200254756e-13;1.9330714068305944e-07;0.005613831124583671,4.3652677018533025e-66;2.748516856962676e-37;4.3898431943116816e-20;1.2729111918864547e-11;2.8524210441373236e-06,proxy_dimensions,6,,0,,,,stad
ASNS,2,3,ACACA;PXN,SQSTM1;RAD50;G6PD,2,2,2,2,0.0841384929658862,0.05,0.2,0.15,7.037542697580668e-17;0.00044472966099520626;0.6366821357686827,4.779097511134531e-12;0.0004526833308430912,reported,2,0.18918662252682383,1,0.3593580860372097;0.18918662252682383,0.0688624650082521,True,stad
EEF2K,2,7,GAPDH;EIF4G1,VHL;RAB25;ASNS;ATM;SQSTM1;TUBA1B;ITGA2,2,3,3,2,,0.05,0.4,0.3,1.5972991920748402e-38;9.998695156810096e-11;0.04648066136089788,1.4237371265369092e-22;2.068819195438415e-10,proxy_dimensions,3,,0,,,,stad
EEF2,4,7,TFRC;ETS1;GAPDH;MAPK1,VHL;RAB25;ASNS;ATM;SQSTM1;TUBA1B;ITGA2,2,4,4,4,0.033686973463079355,0.05,0.4,0.3,2.7720903209108336e-53;4.11896593236844e-31;3.252473726865284e-17;0.006542211236407346;0.15939367658530573,7.12503742121941e-43;2.497141570944044e-25;1.0977920083268414e-09;0.00012415195402014207,reported,4,0.20724533509918153,1,0.5211151761686079;0.48613164370780515;0.3058765888068344;0.20724533509918153,0.02865435518526057,True,stad
RBM15,3,45,RPS6;PTEN;BAP1,MYH11;RICTOR;VHL;CTNNB1;CLDN7;CDH1;CAV1;CDKN1B;ERBB2;TIGAR;FASN;TFRC;HSPA1A;IGFBP2;ERCC1;SERPINE1;ETS1;CCNB1;DIABLO;ACACA;GAPDH;CCNE1;NKX2-1;FN1;RAB25;ANXA1;ASNS;EEF2;TGM2;ATM;SQSTM1;TUBA1B;INPP4B;RAD51;MAPK1;YBX1;RAD50;G6PD;PDCD4;MYC;SMAD1;ITGA2;CDKN1A;MS4A1;EIF4EBP1,2,4,4,3,,0.05,0.2,0.25,1.0710148077154832e-110;2.2180150019866252e-38;1.827218012429401e-16;3.872822270397964e-06,1.7613795997030466e-62;4.188982932210511e-32;5.6574506376532605e-12,proxy_dimensions,4,,0,,,,stad
TGM2,2,7,ETS1;MAPK1,VHL;RAB25;ASNS;ATM;SQSTM1;TUBA1B;ITGA2,2,2,2,2,0.09255907306683658,0.05,0.4,0.3,2.785997396736512e-19;8.644302933539023e-06;0.3431246527756915,3.166974440985122e-17;1.29443908579412e-06,reported,2,0.25898138284106226,1,0.4037622672527341;0.25898138284106226,0.05611339433093807,True,stad
ATM,2,3,TIGAR;ITGA2,SQSTM1;RAD50;G6PD,2,3,3,2,,0.05,0.2,0.15,1.7253892771598266e-09;0.0003193674262601461;0.048017818968862605,2.5270682232639817e-07;0.00023167404659242384,proxy_dimensions,3,,0,,,,stad
SQSTM1,0,0,,,2,0,0,0,,0.05,0.2,0.15,,,no_shared_direction,0,,0,,,,stad
BRAF,2,3,EIF4G1;GAB2,SQSTM1;RAD50;G6PD,2,2,2,2,0.14786860222979376,0.05,0.2,0.15,2.567906681776402e-34;1.4880833527740892e-08;0.23760586676728426,3.540010296870981e-18;1.2841125464942007e-09,reported,2,0.32156155440126505,2,0.374973730417222;0.32156155440126505,0.11990289688412405,True,stad
TUBA1B,1,3,EEF2,SQSTM1;RAD50;G6PD,2,2,2,1,,0.05,0.2,0.15,1.8347596981001095e-34;7.377402215105455e-05,1.3001916673088936e-24,proxy_dimensions,2,,0,,,,stad
INPP4B,1,49,CCNE1,VHL;CTNNB1;CASP7;CDH1;CDKN1B;ERBB2;FASN;HSPA1A;IGFBP2;STAT5A;ERCC1;SERPINE1;ETS1;DIABLO;ACACA;PXN;CTNNA1;RPS6;GAPDH;PTEN;NKX2-1;FN1;RAB25;ANXA1;EIF4G1;ASNS;EEF2K;EEF2;RBM15;TGM2;ATM;SQSTM1;BRAF;TUBA1B;RAD51;MAPK1;YBX1;SYK;GAB2;TP53BP1;RAD50;G6PD;BAP1;PDCD4;MYC;ITGA2;CDKN1A;MSH6;MS4A1,2,2,2,1,,0.05,0.2,0.25,4.658627527819498e-30;1.0859802016323209e-12,1.4610652284078243e-14,proxy_dimensions,2,,0,,,,stad
RAD51,3,3,VHL;ETS1;PXN,SQSTM1;RAD50;G6PD,2,3,3,3,0.04729142194340449,0.05,0.2,0.15,2.5111895688318335e-45;1.4350929001341074e-13;0.004712998305724917,6.705173780486441e-35;2.567104150606079e-07;0.0030663319977756744,reported,3,0.1603704677960368,1,0.5964533388964315;0.2800586651274314;0.1603704677960368,0.0472914219434045,True,stad
MAPK1,5,4,ETS1;NKX2-1;EEF2;TGM2;BAP1,SQSTM1;TUBA1B;RAD50;G6PD,2,4,4,4,0.03605664140736837,0.05,0.2,0.2,5.603388680249943e-88;4.602392520055915e-41;7.386580609924855e-07;0.00022592751789316914,2.120032918669959e-54;4.1931523298504924e-19;1.1408991550728115e-06;0.00013244318764132047,reported,4,0.22784545990584415,1,0.6665331145579134;0.45538798108695583;0.24136025699534663;0.22784545990584415,0.03605664140736838,True,stad
YBX1,2,3,CDKN1B;GAPDH,SQSTM1;RAD50;G6PD,2,2,2,2,0.10499514626329473,0.05,0.2,0.15,6.410656902202934e-17;0.0032737261983255927;0.4124342968032634,2.428438781805145e-19;0.00011557358064454118,reported,2,0.20756810589449193,2,0.4557825053099264;0.20756810589449193,0.0862865106552476,True,stad
SYK,2,45,CASP7;PTEN,MYH11;RICTOR;VHL;CTNNB1;CLDN7;CDH1;CAV1;CDKN1B;ERBB2;TIGAR;FASN;TFRC;HSPA1A;IGFBP2;ERCC1;SERPINE1;ETS1;CCNB1;DIABLO;ACACA;GAPDH;CCNE1;NKX2-1;FN1;RAB25;ANXA1;ASNS;EEF2;TGM2;ATM;SQSTM1;TUBA1B;INPP4B;RAD51;MAPK1;YBX1;RAD50;G6PD;PDCD4;MYC;SMAD1;ITGA2;CDKN1A;MS4A1;EIF4EBP1,2,3,3,2,,0.05,0.2,0.25,1.7782827832715577e-72;3.949215277168027e-26;6.722462737623814e-05,5.669805893637243e-45;1.3831637712578425e-12,proxy_dimensions,3,,0,,,,stad
GAB2,2,45,STAT5A;EIF4G1,MYH11;RICTOR;VHL;CTNNB1;CLDN7;CDH1;CAV1;CDKN1B;ERBB2;TIGAR;FASN;TFRC;HSPA1A;IGFBP2;ERCC1;SERPINE1;ETS1;CCNB1;DIABLO;ACACA;GAPDH;CCNE1;NKX2-1;FN1;RAB25;ANXA1;ASNS;EEF2;TGM2;ATM;SQSTM1;TUBA1B;INPP4B;RAD51;MAPK1;YBX1;RAD50;G6PD;PDCD4;MYC;SMAD1;ITGA2;CDKN1A;MS4A1;EIF4EBP1,2,3,3,2,,0.05,0.2,0.25,3.0280283595150422e-99;3.198978869213447e-35;7.223495976697642e-07,2.3403054268201503e-57;2.2287824041749617e-26,proxy_dimensions,3,,0,,,,stad
TP53BP1,2,3,EIF4G1;BAP1,SQSTM1;RAD50;G6PD,2,3,3,2,,0.05,0.2,0.15,3.801811280509329e-34;4.884860035352e-07;0.011069620389512919,3.0425151746378084e-15;1.2702339729069346e-05,proxy_dimensions,3,,0,,,,stad
RAD50,1,7,ETS1,VHL;RAB25;ASNS;ATM;SQSTM1;TUBA1B;ITGA2,2,2,2,1,,0.05,0.4,0.3,2.221256772607693e-22;1.0774919246350011e-07,3.78860518441198e-11,proxy_dimensions,2,,0,,,,stad
G6PD,2,7,CTNNB1;GAB2,VHL;RAB25;ASNS;ATM;SQSTM1;TUBA1B;ITGA2,2,3,3,2,,0.05,0.4,0.3,2.8764436254441305e-30;1.675388194064055e-07;0.0036193448018386563,8.974855353509251e-24;1.5295478582048645e-06,proxy_dimensions,3,,0,,,,stad
BAP1,4,45,EIF4G1;RBM15;TP53BP1;MSH6,MYH11;RICTOR;VHL;CTNNB1;CLDN7;CDH1;CAV1;CDKN1B;ERBB2;TIGAR;FASN;TFRC;HSPA1A;IGFBP2;ERCC1;SERPINE1;ETS1;CCNB1;DIABLO;ACACA;GAPDH;CCNE1;NKX2-1;FN1;RAB25;ANXA1;ASNS;EEF2;TGM2;ATM;SQSTM1;TUBA1B;INPP4B;RAD51;MAPK1;YBX1;RAD50;G6PD;PDCD4;MYC;SMAD1;ITGA2;CDKN1A;MS4A1;EIF4EBP1,2,5,5,4,,0.05,0.2,0.25,6.047722930525538e-106;1.2058316212365975e-34;4.132686876734866e-15;8.866066591267148e-08;0.007618774069860385,9.778537378190001e-45;2.1338944677094484e-23;1.5862895338775712e-12;7.511052687416562e-05,proxy_dimensions,5,,0,,,,stad
PDCD4,2,3,CDKN1B;FN1,SQSTM1;RAD50;G6PD,2,3,3,2,,0.05,0.2,0.15,1.1121571013067141e-20;1.022915859469447e-08;0.0025500606150388387,1.987938694992779e-14;0.00997305147398781,proxy_dimensions,3,,0,,,,stad
MYC,2,3,TFRC;DIABLO,SQSTM1;RAD50;G6PD,2,2,2,2,0.06046159735070778,0.05,0.2,0.15,2.519301376019189e-23;0.0011012083226528266;0.6261311697242307,1.4904315356106353e-12;0.01637102537725804,reported,2,0.13011290558887467,2,0.38976866948089783;0.13011290558887467,0.049473236188571905,True,stad
SMAD1,3,3,CLDN7;MSH6;EIF4EBP1,SQSTM1;RAD50;G6PD,2,3,3,2,0.01942613508847625,0.05,0.2,0.15,2.19255728988277e-17;0.0003976987571100263;0.022791791460951092,1.9692816767518432e-17;0.001657748113834956;0.2508527955250188,conditional_information_dimension,3,0.062536007219795,0,0.4654820409669704;0.21564955383246523;0.062536007219795,0.01942613508847624,False,stad
ITGA2,2,4,SERPINE1;ATM,SQSTM1;TUBA1B;RAD50;G6PD,2,2,2,2,0.07190179408800511,0.05,0.2,0.2,9.909638446311657e-13;0.04370189976003115;0.5162432040904519,1.3920271966574534e-11;0.0040012557548706525,reported,2,0.1557055521682293,1,0.3657667449060181;0.1557055521682293,0.05051684600210378,True,stad
CDKN1A,3,45,HSPA1A;ERCC1;MS4A1,MYH11;RICTOR;CTNNB1;CLDN7;CASP7;CDH1;CAV1;CDKN1B;ERBB2;TIGAR;TFRC;IGFBP2;STAT5A;SERPINE1;CCNB1;PXN;CTNNA1;RPS6;GAPDH;PTEN;CCNE1;FN1;ANXA1;EIF4G1;ASNS;EEF2K;RBM15;ATM;SQSTM1;BRAF;TUBA1B;INPP4B;YBX1;SYK;GAB2;TP53BP1;RAD50;G6PD;BAP1;PDCD4;MYC;SMAD1;ITGA2;MSH6;EIF4EBP1,2,4,4,3,,0.05,0.2,0.25,2.598483281768975e-79;3.6645842158399737e-25;3.4151401671646155e-09;0.0033648117222147677,2.3512651856908314e-54;2.4485957228303415e-23;4.2222759965782883e-07,proxy_dimensions,4,,0,,,,stad
MSH6,2,7,CCNB1;BAP1,VHL;RAB25;ASNS;ATM;SQSTM1;TUBA1B;ITGA2,2,3,3,2,,0.05,0.4,0.3,3.168749791486205e-44;3.852375948197964e-17;0.03341632887685869,1.3350137775506038e-27;1.1686061799853161e-11,proxy_dimensions,3,,0,,,,stad
MS4A1,3,45,HSPA1A;ETS1;CDKN1A,MYH11;RICTOR;CTNNB1;CLDN7;CASP7;CDH1;CAV1;CDKN1B;ERBB2;TIGAR;TFRC;IGFBP2;STAT5A;SERPINE1;CCNB1;PXN;CTNNA1;RPS6;GAPDH;PTEN;CCNE1;FN1;ANXA1;EIF4G1;ASNS;EEF2K;RBM15;ATM;SQSTM1;BRAF;TUBA1B;INPP4B;YBX1;SYK;GAB2;TP53BP1;RAD50;G6PD;BAP1;PDCD4;MYC;SMAD1;ITGA2;MSH6;EIF4EBP1,2,4,4,3,,0.05,0.2,0.25,1.7379559068168497e-96;1.6818386611918828e-40;5.919816038567655e-13;0.014406248579606552,1.1795304004467231e-51;5.483570239068937e-22;0.003186729664530168,proxy_dimensions,4,,0,,,,stad
EIF4EBP1,4,7,MYH11;FASN;CCNB1;SMAD1,VHL;RAB25;ASNS;ATM;SQSTM1;TUBA1B;ITGA2,2,4,4,3,0.014141260176250347,0.05,0.4,0.3,7.353840064772343e-34;2.9685897853770234e-14;9.425297907397325e-05;0.028594358320531806;0.317779491435418,1.6292541833052468e-22;2.462234778543177e-11;9.545402585013434e-05;0.21651699269289237,conditional_information_dimension,4,0.06739425903482929,0,0.44586352445594857;0.3554691265414378;0.25241067503750897;0.06739425903482929,0.017843849041231683,False,stad
MYH11,5,14,CAV1;RICTOR;PRKCA;ERBB3;BCL2L11,ESR1;VHL;IGFBP2;TUBA1B;CTNNB1;CLDN7;CDH1;ERBB2;PTEN;SYK;AR;SQSTM1;TP53BP1;PREX1,3,5,5,5,0.022677672306296453,0.04867923835112355,0.2,0.2,9.059255642631877e-41;6.504122772233426e-15;5.4672129839001804e-08;0.004356674334460159;0.03221121982693109;0.07717156170565019,4.86653191965096e-35;8.291844159394082e-18;1.134723379477915e-10;1.944121056584203e-06;0.0024426449505220806,reported,5,0.14891439432464523,1,0.4869019631059292;0.35006313336041645;0.2805495402067887;0.23262884967196265;0.14891439432464523,0.01629265720181382,True,ucec
ESR1,5,6,TUBA1B;PDCD4;TP53;AR;FN1,VHL;IGFBP2;ANXA1;SYK;SQSTM1;MSH6,3,3,3,3,0.03173249520018554,0.04867923835112355,0.4,0.25,5.266798535494584e-13;0.000750555241160775;0.014243065059932409;0.11183792864755482;0.680394766517826;0.6521181629465539,5.652268062183675e-16;0.00019239577909005253;0.04112464545485677,reported,3,0.14105304507796085,1,0.4133842602246199;0.22834041569625319;0.14105304507796085,0.0296320955906836,True,ucec
CAV1,4,34,MYH11;RICTOR;PRKCA;KDR,ESR1;VHL;IGFBP2;CASP7;CCNB1;ANXA1;TUBA1B;CTNNB1;CLDN7;CDH1;PDCD4;TGM2;CCNE1;ERBB2;FASN;TP53;STAT5A;PTEN;SYK;AR;ACACA;ASNS;MAP2K1;GAB2;RAB25;SQSTM1;TP53BP1;INPP4B;MSH6;PREX1;EIF4EBP1;DIABLO;FOXM1;TSC2,3,5,5,4,,0.04867923835112355,0.2,0.25,9.127098024359347e-71;3.8906145360721647e-29;5.871668780021062e-16;0.0001109703621174391;0.008248237349526618,5.8126118021591974e-43;9.429466862104247e-21;3.1896856825593814e-08;0.0035586717962136556,proxy_dimensions,5,,0,,,,ucec
VHL,1,2,INPP4B,TUBA1B;PTEN,3,0,0,1,,0.04867923835112355,0.2,0.15,0.11793562289976364;0.7734550198810712,0.037984215655538396,no_shared_direction,0,,0,,,,ucec
IGFBP2,2,2,GAB2;ITGA2,TUBA1B;PTEN,3,2,2,1,0.04569008160819065,0.04867923835112355,0.2,0.15,0.004540417077588073;0.014729148413323003,0.011138016254470955;0.06545734073961748,conditional_information_dimension,2,0.09051359070629984,0,0.15194338140500888;0.09051359070629984,0.045690081608190644,False,ucec
CASP7,2,2,TGM2;RAB25,TUBA1B;PTEN,3,2,2,1,0.008893812731312746,0.04867923835112355,0.2,0.15,2.922009608490262e-06;0.013205484283858236,0.009351048768938722;0.6892895250306343,conditional_information_dimension,2,0.019683840434828483,0,0.1779337874672822;0.019683840434828483,0.008893812731312746,False,ucec
RICTOR,4,34,MYH11;CAV1;PRKCA;KDR,ESR1;VHL;IGFBP2;CASP7;CCNB1;ANXA1;TUBA1B;CTNNB1;CLDN7;CDH1;PDCD4;TGM2;CCNE1;ERBB2;FASN;TP53;STAT5A;PTEN;SYK;AR;ACACA;ASNS;MAP2K1;GAB2;RAB25;SQSTM1;TP53BP1;INPP4B;MSH6;PREX1;EIF4EBP1;DIABLO;FOXM1;TSC2,3,5,5,4,,0.04867923835112355,0.2,0.25,9.127098024358308e-71;3.8906145360717185e-29;5.871668780020553e-16;0.00011097036211743759;0.008248237349526618,8.633434319111883e-36;1.4480933473905969e-18;4.912360638065785e-07;0.007102792763611177,proxy_dimensions,5,,0,,,,ucec
CCNB1,5,34,PDCD4;CCNE1;ASNS;RAB25;FOXM1,MYH11;CAV1;VHL;IGFBP2;CASP7;RICTOR;GAPDH;TFRC;ANXA1;TUBA1B;CTNNB1;CLDN7;CDH1;ATM;ERBB2;PRKCA;TP53;PTEN;SYK;EEF2;MAP2K1;BCL2;ETS1;SQSTM1;TP53BP1;INPP4B;MSH6;PREX1;KDR;ITGA2;EIF4EBP1;DIABLO;BCL2L11;RAD50,3,6,6,5,,0.04867923835112355,0.4,0.3,3.0392347211170485e-103;2.7531763778127837e-57;7.27076022208125e-38;4.209864628670452e-26;2.0709485939087325e-15;1.3382099090501038e-07,9.403355238833543e-73;8.602605681672623e-51;1.9519531213288713e-31;2.283665081629813e-19;2.4549130993303486e-08,proxy_dimensions,6,,0,,,,ucec
GAPDH,4,48,TFRC;ATM;EEF2;ETS1,ESR1;VHL;IGFBP2;CASP7;CCNB1;ANXA1;TUBA1B;CTNNB1;CLDN7;CDH1;PDCD4;TGM2;CCNE1;ERBB2;FASN;TP53;HSPA1A;STAT5A;PTEN;SYK;AR;ACACA;ASNS;MAP2K1;BRAF;GAB2;SERPINE1;EEF2K;RAB25;FN1;SQSTM1;TP53BP1;INPP4B;MSH6;RBM15;G6PD;EIF4G1;PREX1;ITGA2;EIF4EBP1;ERBB3;RPS6;DIABLO;FOXM1;BCL2L11;TSC2;MYC;BAK1,3,5,5,4,,0.04867923835112355,0.4,0.3,1.3059805079655922e-114;2.0597903420301913e-61;1.0145155944063554e-37;2.529811020208066e-18;5.735444393382078e-05,7.885408130190586e-79;3.9134211822437417e-51;2.375196309254574e-31;5.849541701004711e-16,proxy_dimensions,5,,0,,,,ucec
TFRC,3,14,GAPDH;CCNE1;PRKCA,ESR1;VHL;IGFBP2;TUBA1B;CTNNB1;CLDN7;CDH1;ERBB2;PTEN;SYK;AR;SQSTM1;TP53BP1;PREX1,3,3,3,3,0.05896469940525575,0.04867923835112355,0.2,0.2,1.1479040217594663e-43;7.170656883661916e-17;3.459472563129747e-05;0.48715605817527596,4.931053430407516e-36;7.805394822494874e-18;1.1010510126389001e-05,reported,3,0.2142022864792102,1,0.4711024704491591;0.38771368820573726;0.2142022864792102,0.036919506188759416,True,ucec
ANXA1,2,14,INPP4B;MSH6,ESR1;VHL;IGFBP2;TUBA1B;CTNNB1;CLDN7;CDH1;ERBB2;PTEN;SYK;AR;SQSTM1;TP53BP1;PREX1,3,3,3,2,,0.04867923835112355,0.2,0.2,3.2723753941666517e-23;5.047275006460124e-11;0.0006299255908959158,4.701796254490362e-14;9.135838509988149e-07,proxy_dimensions,3,,0,,,,ucec
TUBA1B,1,6,ESR1,VHL;IGFBP2;ANXA1;SYK;SQSTM1;MSH6,3,2,2,1,,0.04867923835112355,0.4,0.25,8.599080709336077e-05;0.010514044098831754,0.01967570296746204,proxy_dimensions,2,,0,,,,ucec
CTNNB1,2,6,CDH1;EEF2,VHL;IGFBP2;ANXA1;SYK;SQSTM1;MSH6,3,3,3,2,,0.04867923835112355,0.4,0.25,7.776053721927015e-13;0.0001872168150203432;0.04631280945240337,1.101431910670784e-10;0.009371666340023763,proxy_dimensions,3,,0,,,,ucec
CLDN7,1,2,CDH1,TUBA1B;PTEN,3,2,2,1,,0.04867923835112355,0.2,0.15,1.7119649665611145e-10;0.00044135277658961184,9.35090834848958e-09,proxy_dimensions,2,,0,,,,ucec
CDH1,2,57,CTNNB1;CLDN7,MYH11;ESR1;CAV1;VHL;IGFBP2;CASP7;RICTOR;CCNB1;GAPDH;TFRC;ANXA1;TUBA1B;ATM;PDCD4;TGM2;CCNE1;ERBB2;FASN;PRKCA;TP53;HSPA1A;STAT5A;PTEN;SYK;AR;EEF2;ACACA;ASNS;MAP2K1;BRAF;GAB2;BCL2;SERPINE1;EEF2K;ETS1;RAB25;FN1;SQSTM1;TP53BP1;INPP4B;MSH6;RBM15;G6PD;EIF4G1;PREX1;KDR;ITGA2;EIF4EBP1;ERBB3;RPS6;DIABLO;FOXM1;BCL2L11;TSC2;MYC;RAD50;BAK1,3,3,3,2,,0.04867923835112355,0.2,0.2,1.391354927822058e-102;3.005041839016663e-54;4.907326694476726e-18,2.2533585424868383e-60;3.69278204556042e-23,proxy_dimensions,3,,0,,,,ucec
ATM,3,6,GAPDH;MAP2K1;PREX1,VHL;IGFBP2;ANXA1;SYK;SQSTM1;MSH6,3,2,2,1,0.047265524766129094,0.04867923835112355,0.4,0.25,1.0099880117930242e-22;9.713522457326754e-12;0.05315620334792059;0.5811782688699745,3.863606412485588e-14;0.06111616725769067,conditional_information_dimension,2,0.11608716529460072,0,0.3937204668428791;0.11608716529460072,0.04475825050593563,False,ucec
PDCD4,3,6,ESR1;CCNB1;SERPINE1,VHL;IGFBP2;ANXA1;SYK;SQSTM1;MSH6,3,4,4,3,,0.04867923835112355,0.4,0.25,4.75296780903876e-23;1.2075809305281916e-05;0.0005856664144290872;0.00809672102597511,2.0909419026516374e-18;4.1905874201905126e-05;0.0035672576465901012,proxy_dimensions,4,,0,,,,ucec
TGM2,3,6,CASP7;G6PD;FOXM1,VHL;IGFBP2;ANXA1;SYK;SQSTM1;MSH6,3,4,4,3,,0.04867923835112355,0.4,0.25,8.11615706445329e-31;9.588062951957957e-11;1.6927002106704842e-06;0.0005474112842699994,2.778420880518287e-16;8.324659883743963e-09;0.00032652171913530477,proxy_dimensions,4,,0,,,,ucec
CCNE1,3,14,CCNB1;TFRC;ITGA2,ESR1;VHL;IGFBP2;TUBA1B;CTNNB1;CLDN7;CDH1;ERBB2;PTEN;SYK;AR;SQSTM1;TP53BP1;PREX1,3,4,4,3,,0.04867923835112355,0.2,0.2,1.7864714304270493e-37;6.916906227889579e-14;8.62806277314919e-06;0.0013428906578323975,1.0701499439829566e-24;6.531222177801963e-08;0.0010924462807537286,proxy_dimensions,4,,0,,,,ucec
ERBB2,2,6,TP53BP1;EIF4G1,VHL;IGFBP2;ANXA1;SYK;SQSTM1;MSH6,3,3,3,2,,0.04867923835112355,0.4,0.25,1.4622176960653745e-26;2.5918681693185286e-06;0.0013428897345086773,2.0626529341581414e-24;0.00011266964694016691,proxy_dimensions,3,,0,,,,ucec
FASN,2,34,ACACA;ASNS,MYH11;CAV1;VHL;IGFBP2;CASP7;RICTOR;GAPDH;TFRC;ANXA1;TUBA1B;CTNNB1;CLDN7;CDH1;ATM;ERBB2;PRKCA;TP53;PTEN;SYK;EEF2;MAP2K1;BCL2;ETS1;SQSTM1;TP53BP1;INPP4B;MSH6;PREX1;KDR;ITGA2;EIF4EBP1;DIABLO;BCL2L11;RAD50,3,2,2,2,0.08608814749288142,0.04867923835112355,0.4,0.3,7.385883506367496e-43;6.442277528993229e-07;0.650952151913666,4.949816634815121e-25;0.00018643613147397605,reported,2,0.1824373578000195,2,0.476411371553818;0.1824373578000195,0.041204842927989066,True,ucec
PRKCA,5,14,MYH11;CAV1;RICTOR;TFRC;BCL2,ESR1;VHL;IGFBP2;TUBA1B;CTNNB1;CLDN7;CDH1;ERBB2;PTEN;SYK;AR;SQSTM1;TP53BP1;PREX1,3,4,4,4,0.019857660697861986,0.04867923835112355,0.2,0.2,6.060379969393616e-41;8.847784877219942e-11;2.8488749422123444e-05;0.009371390599207462;0.07532131027805578;0.12882983615101828,3.1011597879438004e-30;9.302210252430114e-13;3.2469951296818303e-07;0.013650447011653305,reported,4,0.1439736413480446,1,0.483789244879249;0.31426964439556526;0.2746642066655941;0.1439736413480446,0.017146034091339177,True,ucec
TP53,2,14,EEF2;FOXM1,ESR1;VHL;IGFBP2;TUBA1B;CTNNB1;CLDN7;CDH1;ERBB2;PTEN;SYK;AR;SQSTM1;TP53BP1;PREX1,3,3,3,2,,0.04867923835112355,0.2,0.2,1.1025142942361676e-29;6.153860614344299e-10;0.00024027172726158588,9.369528998332965e-26;1.9296846063844706e-05,proxy_dimensions,3,,0,,,,ucec
HSPA1A,4,34,SERPINE1;FN1;RPS6;MYC,MYH11;CAV1;VHL;IGFBP2;CASP7;RICTOR;GAPDH;TFRC;ANXA1;TUBA1B;CTNNB1;CLDN7;CDH1;ATM;ERBB2;PRKCA;TP53;PTEN;SYK;EEF2;MAP2K1;BCL2;ETS1;SQSTM1;TP53BP1;INPP4B;MSH6;PREX1;KDR;ITGA2;EIF4EBP1;DIABLO;BCL2L11;RAD50,3,5,5,4,,0.04867923835112355,0.4,0.3,3.6661374223136427e-78;5.3959797459289355e-37;3.906635877160517e-13;1.0732851638583141e-07;0.01738239113719817,2.2160453110728506e-60;2.2571035884694466e-31;5.958438015168737e-08;0.007634056711623444,proxy_dimensions,5,,0,,,,ucec
STAT5A,3,6,RICTOR;SERPINE1;TSC2,VHL;IGFBP2;ANXA1;SYK;SQSTM1;MSH6,3,3,3,2,0.03001143242621152,0.04867923835112355,0.4,0.25,1.5641485997275325e-24;9.289357063202167e-07;0.011789420642557216;0.7128450808129441,7.342902473234972e-20;0.00011112055158280719;0.06455196060595078,conditional_information_dimension,3,0.09092810209984964,0,0.43922431307888465;0.21710261911265213;0.09092810209984964,0.025575058215151294,False,ucec
PTEN,1,6,CAV1,VHL;IGFBP2;ANXA1;SYK;SQSTM1;MSH6,3,2,2,1,,0.04867923835112355,0.4,0.25,1.5826209849974715e-08;0.02425097035903555,1.2498930606320377e-08,proxy_dimensions,2,,0,,,,ucec
SYK,2,2,ATM;PREX1,TUBA1B;PTEN,3,2,2,1,0.0346949563448627,0.04867923835112355,0.2,0.15,0.0005960855358620228;0.01115919025382027,0.001853577900773703;0.10602078541013704,conditional_information_dimension,2,0.07945724565553389,0,0.18573297357993643;0.07945724565553389,0.03469495634486266,False,ucec
AR,1,58,ESR1,MYH11;CAV1;VHL;IGFBP2;CASP7;RICTOR;CCNB1;GAPDH;TFRC;ANXA1;TUBA1B;CTNNB1;CLDN7;CDH1;ATM;PDCD4;TGM2;CCNE1;ERBB2;FASN;PRKCA;TP53;HSPA1A;STAT5A;PTEN;SYK;EEF2;ACACA;ASNS;MAP2K1;BRAF;GAB2;BCL2;SERPINE1;EEF2K;ETS1;RAB25;FN1;SQSTM1;TP53BP1;INPP4B;MSH6;RBM15;G6PD;EIF4G1;PREX1;KDR;ITGA2;EIF4EBP1;ERBB3;RPS6;DIABLO;FOXM1;BCL2L11;TSC2;MYC;RAD50;BAK1,3,2,2,1,,0.04867923835112355,0.2,0.2,1.6248805442162719e-41;0.00020928457896082528,1.7585996291358033e-28,proxy_dimensions,2,,0,,,,ucec
EEF2,4,14,RICTOR;GAPDH;TP53;ETS1,ESR1;VHL;IGFBP2;TUBA1B;CTNNB1;CLDN7;CDH1;ERBB2;PTEN;SYK;AR;SQSTM1;TP53BP1;PREX1,3,3,3,2,0.017260454148913272,0.04867923835112355,0.2,0.2,9.176018346226421e-43;1.4385539693364598e-21;1.1802792811305582e-05;0.38768851705415547;0.9059400035267696,2.3922709007833256e-34;6.46827792889965e-09;0.17869530712620815,conditional_information_dimension,3,0.0913504472419862,0,0.539924008043217;0.3249469122894125;0.0913504472419862,0.020610368267271573,False,ucec
ACACA,2,14,FASN;ETS1,ESR1;VHL;IGFBP2;TUBA1B;CTNNB1;CLDN7;CDH1;ERBB2;PTEN;SYK;AR;SQSTM1;TP53BP1;PREX1,3,2,2,2,0.1014304595544084,0.04867923835112355,0.2,0.2,7.459342147783002e-23;3.660424473621626e-09;0.9156538659282762,3.0563491072508122e-21;2.5700137934437228e-06,reported,2,0.2284661801983798,1,0.42051422146297235;0.2284661801983798,0.04674419479592685,True,ucec
ASNS,2,14,FASN;EIF4EBP1,ESR1;VHL;IGFBP2;TUBA1B;CTNNB1;CLDN7;CDH1;ERBB2;PTEN;SYK;AR;SQSTM1;TP53BP1;PREX1,3,3,3,2,,0.04867923835112355,0.2,0.2,6.823034813936525e-23;4.782026885648558e-09;0.03210949533545497,1.4133950607689095e-10;0.036179735472612995,proxy_dimensions,3,,0,,,,ucec
MAP2K1,2,14,EIF4EBP1;RPS6,ESR1;VHL;IGFBP2;TUBA1B;CTNNB1;CLDN7;CDH1;ERBB2;PTEN;SYK;AR;SQSTM1;TP53BP1;PREX1,3,3,3,2,,0.04867923835112355,0.2,0.2,3.6297063675746425e-36;1.3660796917556652e-11;0.013058432199657775,1.6940452062227892e-19;0.00857635652836777,proxy_dimensions,3,,0,,,,ucec
BRAF,2,14,GAB2;EIF4G1,ESR1;VHL;IGFBP2;TUBA1B;CTNNB1;CLDN7;CDH1;ERBB2;PTEN;SYK;AR;SQSTM1;TP53BP1;PREX1,3,3,3,2,,0.04867923835112355,0.2,0.2,4.362990535084402e-53;1.7818209387382772e-10;2.714649284669045e-05,5.322737992220257e-19;2.790407407037814e-05,proxy_dimensions,3,,0,,,,ucec
GAB2,2,6,RICTOR;BRAF,VHL;IGFBP2;ANXA1;SYK;SQSTM1;MSH6,3,3,3,2,,0.04867923835112355,0.4,0.25,7.358248545988409e-25;1.3504938573159112e-07;0.0017416870558075409,9.028908668972941e-17;2.511906969346868e-06,proxy_dimensions,3,,0,,,,ucec
BCL2,2,14,PRKCA;BCL2L11,ESR1;VHL;IGFBP2;TUBA1B;CTNNB1;CLDN7;CDH1;ERBB2;PTEN;SYK;AR;SQSTM1;TP53BP1;PREX1,3,3,3,2,,0.04867923835112355,0.2,0.2,2.552007185782799e-32;1.2139288185956395e-07;0.014885175054866046,1.0702158992190972e-23;4.2802463355661816e-06,proxy_dimensions,3,,0,,,,ucec
SERPINE1,5,14,PDCD4;HSPA1A;EEF2K;FN1;ITGA2,ESR1;VHL;IGFBP2;TUBA1B;CTNNB1;CLDN7;CDH1;ERBB2;PTEN;SYK;AR;SQSTM1;TP53BP1;PREX1,3,6,6,5,,0.04867923835112355,0.2,0.2,1.0330531822819126e-69;2.561218610435855e-34;1.335627245075083e-18;1.2727949962703103e-09;0.0006916251989250097;0.04457764943652855,2.1364793806707336e-47;2.3900155347644514e-28;7.888693970058243e-14;1.3810837678622509e-05;0.00490512451989343,proxy_dimensions,6,,0,,,,ucec
EEF2K,2,14,SERPINE1;EIF4G1,ESR1;VHL;IGFBP2;TUBA1B;CTNNB1;CLDN7;CDH1;ERBB2;PTEN;SYK;AR;SQSTM1;TP53BP1;PREX1,3,3,3,2,,0.04867923835112355,0.2,0.2,9.030832773217396e-64;3.4276186273380545e-17;0.00404033648488415,6.395269283719524e-38;5.914992644443532e-16,proxy_dimensions,3,,0,,,,ucec
ETS1,3,48,GAPDH;EEF2;RAD50,ESR1;VHL;IGFBP2;CASP7;CCNB1;ANXA1;TUBA1B;CTNNB1;CLDN7;CDH1;PDCD4;TGM2;CCNE1;ERBB2;FASN;TP53;HSPA1A;STAT5A;PTEN;SYK;AR;ACACA;ASNS;MAP2K1;BRAF;GAB2;SERPINE1;EEF2K;RAB25;FN1;SQSTM1;TP53BP1;INPP4B;MSH6;RBM15;G6PD;EIF4G1;PREX1;ITGA2;EIF4EBP1;ERBB3;RPS6;DIABLO;FOXM1;BCL2L11;TSC2;MYC;BAK1,3,4,4,3,,0.04867923835112355,0.4,0.3,2.0278287476960976e-85;6.572655073863949e-36;3.9378246860617643e-19;8.069491485660621e-06,8.808122515663695e-45;5.466472001865754e-23;3.4577938331211036e-09,proxy_dimensions,4,,0,,,,ucec
RAB25,2,14,CCNB1;ITGA2,ESR1;VHL;IGFBP2;TUBA1B;CTNNB1;CLDN7;CDH1;ERBB2;PTEN;SYK;AR;SQSTM1;TP53BP1;PREX1,3,3,3,2,,0.04867923835112355,0.2,0.2,2.6603558498072747e-30;2.3568083877376523e-17;2.8546953783312153e-08,6.273145887575636e-23;9.19621985401793e-10,proxy_dimensions,3,,0,,,,ucec
FN1,3,6,ESR1;HSPA1A;SERPINE1,VHL;IGFBP2;ANXA1;SYK;SQSTM1;MSH6,3,4,4,3,,0.04867923835112355,0.4,0.25,2.9060327216349958e-11;3.8793666140863657e-07;9.08990860338426e-05;0.009704978281870244,2.0789536309724887e-08;1.7550905457789238e-05;0.008446905886092426,proxy_dimensions,4,,0,,,,ucec
SQSTM1,1,2,G6PD,TUBA1B;PTEN,3,2,2,1,,0.04867923835112355,0.2,0.15,0.0006313170694658317;0.017531497606360098,0.04403791678602736,proxy_dimensions,2,,0,,,,ucec
TP53BP1,2,6,ERBB2;ASNS,VHL;IGFBP2;ANXA1;SYK;SQSTM1;MSH6,3,2,2,2,0.11002270476989989,0.04867923835112355,0.4,0.25,9.343055733845976e-18;0.000772566405384524;0.1353034223462177,1.249919808665406e-13;4.219833118827979e-06,reported,2,0.22362646935128555,1,0.32258170221065735;0.22362646935128555,0.0698096849495912,True,ucec
INPP4B,1,14,ANXA1,ESR1;VHL;IGFBP2;TUBA1B;CTNNB1;CLDN7;CDH1;ERBB2;PTEN;SYK;AR;SQSTM1;TP53BP1;PREX1,3,2,2,1,,0.04867923835112355,0.2,0.2,6.631236392494894e-16;0.0011038933068834489,2.784762151131283e-07,proxy_dimensions,2,,0,,,,ucec
MSH6,2,14,ANXA1;FOXM1,ESR1;VHL;IGFBP2;TUBA1B;CTNNB1;CLDN7;CDH1;ERBB2;PTEN;SYK;AR;SQSTM1;TP53BP1;PREX1,3,3,3,2,,0.04867923835112355,0.2,0.2,8.006552632965774e-23;5.941841542241192e-12;0.0005218854303113637,2.882506811348112e-14;0.0006961280702395118,proxy_dimensions,3,,0,,,,ucec
RBM15,4,34,SERPINE1;G6PD;TSC2;BAK1,MYH11;CAV1;VHL;IGFBP2;CASP7;RICTOR;GAPDH;TFRC;ANXA1;TUBA1B;CTNNB1;CLDN7;CDH1;ATM;ERBB2;PRKCA;TP53;PTEN;SYK;EEF2;MAP2K1;BCL2;ETS1;SQSTM1;TP53BP1;INPP4B;MSH6;PREX1;KDR;ITGA2;EIF4EBP1;DIABLO;BCL2L11;RAD50,3,5,5,4,,0.04867923835112355,0.4,0.3,1.4473387405225806e-134;1.3051155162863575e-71;1.307086973662794e-35;4.005829185592498e-21;7.557916862875429e-10,1.2832146385014717e-75;2.577766045472887e-37;2.2560038571315482e-21;1.0730096286490484e-09,proxy_dimensions,5,,0,,,,ucec
G6PD,3,6,TGM2;RBM15;TSC2,VHL;IGFBP2;ANXA1;SYK;SQSTM1;MSH6,3,3,3,3,0.023201210491079836,0.04867923835112355,0.4,0.25,1.5290824566864577e-39;3.454130934482576e-09;4.895035361327313e-05;0.8867713341713117,4.0801152243313476e-38;1.891281614389712e-07;0.03905951021433025,reported,3,0.10146341709195465,1,0.5714286610572515;0.27613941093804134;0.10146341709195465,0.017425221280071675,True,ucec
EIF4G1,5,34,BRAF;EEF2K;ERBB3;RAD50;BAK1,ESR1;VHL;IGFBP2;CASP7;CCNB1;ANXA1;TUBA1B;CTNNB1;CLDN7;CDH1;PDCD4;TGM2;CCNE1;ERBB2;FASN;TP53;STAT5A;PTEN;SYK;AR;ACACA;ASNS;MAP2K1;GAB2;RAB25;SQSTM1;TP53BP1;INPP4B;MSH6;PREX1;EIF4EBP1;DIABLO;FOXM1;TSC2,3,6,6,5,,0.04867923835112355,0.2,0.25,3.583586902698479e-123;8.768766350722577e-55;3.6401921854583837e-32;1.9420484060463865e-18;1.6867119763408021e-09;0.002236963493344808,3.354126453216608e-65;1.680443132471047e-35;6.931726515197036e-22;1.1814962997664247e-10;0.00036843939712879906,proxy_dimensions,6,,0,,,,ucec
PREX1,3,2,ATM;SYK;EEF2,TUBA1B;PTEN,3,2,2,2,0.05212256269557741,0.04867923835112355,0.2,0.15,0.0016150312263785319;0.0286311785615803,0.001935169021199825;0.020132251871322625,reported,2,0.13703951372208917,1,0.17664106692223108;0.13703951372208917,0.05212256269557746,True,ucec
KDR,2,14,CAV1;RICTOR,ESR1;VHL;IGFBP2;TUBA1B;CTNNB1;CLDN7;CDH1;ERBB2;PTEN;SYK;AR;SQSTM1;TP53BP1;PREX1,3,3,3,2,,0.04867923835112355,0.2,0.2,1.0836531804935346e-37;4.254251201000132e-14;0.001887154911470006,2.7830782144901456e-23;0.003052544127373988,proxy_dimensions,3,,0,,,,ucec
ITGA2,3,14,CCNE1;SERPINE1;RAB25,ESR1;VHL;IGFBP2;TUBA1B;CTNNB1;CLDN7;CDH1;ERBB2;PTEN;SYK;AR;SQSTM1;TP53BP1;PREX1,3,4,4,3,,0.04867923835112355,0.2,0.2,4.3316024405307585e-52;6.732270213302e-21;3.5566416032275826e-09;0.006923667332385439,1.7382168761074728e-45;5.588802646789622e-14;0.011115759900887093,proxy_dimensions,4,,0,,,,ucec
EIF4EBP1,3,14,CCNB1;ASNS;MAP2K1,ESR1;VHL;IGFBP2;TUBA1B;CTNNB1;CLDN7;CDH1;ERBB2;PTEN;SYK;AR;SQSTM1;TP53BP1;PREX1,3,3,3,3,0.08215560025911677,0.04867923835112355,0.2,0.2,5.338003683538858e-40;3.4593419705797204e-20;6.550373649812264e-07;0.18546089676685543,3.854230656610971e-42;1.252807244526635e-25;1.398354242524274e-10,reported,3,0.3085412715965217,1,0.45571467550416705;0.42454443601861874;0.3085412715965217,0.04915080005495167,True,ucec
ERBB3,2,14,MYH11;EIF4G1,ESR1;VHL;IGFBP2;TUBA1B;CTNNB1;CLDN7;CDH1;ERBB2;PTEN;SYK;AR;SQSTM1;TP53BP1;PREX1,3,3,3,2,,0.04867923835112355,0.2,0.2,1.8732282647548316e-57;2.4923447359392905e-19;1.483596107096106e-07,1.7581312033462286e-47;1.0692041047266368e-13,proxy_dimensions,3,,0,,,,ucec
RPS6,2,14,HSPA1A;MAP2K1,ESR1;VHL;IGFBP2;TUBA1B;CTNNB1;CLDN7;CDH1;ERBB2;PTEN;SYK;AR;SQSTM1;TP53BP1;PREX1,3,3,3,2,,0.04867923835112355,0.2,0.2,2.0097679798005235e-40;1.4254920311088241e-12;0.00029716504434205667,9.105975649306425e-19;0.00017995890284049212,proxy_dimensions,3,,0,,,,ucec
DIABLO,1,2,RAD50,TUBA1B;PTEN,3,2,2,1,,0.04867923835112355,0.2,0.15,4.174752951311917e-05;0.015194501756136252,7.050309167719513e-05,proxy_dimensions,2,,0,,,,ucec
FOXM1,4,14,CCNB1;TGM2;TP53;MSH6,ESR1;VHL;IGFBP2;TUBA1B;CTNNB1;CLDN7;CDH1;ERBB2;PTEN;SYK;AR;SQSTM1;TP53BP1;PREX1,3,4,4,3,0.008421346518906516,0.04867923835112355,0.2,0.2,9.388196751651634e-30;1.8511702777953393e-15;3.822007927484117e-05;0.025251192261259426;0.2463613842092108,1.1783245182107727e-31;6.591192270257537e-16;1.4034857864784054e-06;0.38979871761856333,conditional_information_dimension,4,0.04242652157526873,0,0.4593300209278377;0.36674766890634286;0.2735116355913441;0.04242652157526873,0.019715208437829562,False,ucec
BCL2L11,2,34,MYH11;BCL2,ESR1;VHL;IGFBP2;CASP7;CCNB1;ANXA1;TUBA1B;CTNNB1;CLDN7;CDH1;PDCD4;TGM2;CCNE1;ERBB2;FASN;TP53;STAT5A;PTEN;SYK;AR;ACACA;ASNS;MAP2K1;GAB2;RAB25;SQSTM1;TP53BP1;INPP4B;MSH6;PREX1;EIF4EBP1;DIABLO;FOXM1;TSC2,3,3,3,2,,0.04867923835112355,0.2,0.25,2.8406774403073206e-54;1.5039334311456039e-22;3.337817556729831e-11,2.951054087069594e-39;1.6180125792161107e-11,proxy_dimensions,3,,0,,,,ucec
TSC2,3,6,STAT5A;RBM15;G6PD,VHL;IGFBP2;ANXA1;SYK;SQSTM1;MSH6,3,3,3,3,0.06275746603796127,0.04867923835112355,0.4,0.25,3.5494812896732875e-31;5.733137205026883e-08;0.016024247106544154;0.896328656801799,1.908507198394104e-22;1.654072804135335e-10;4.2768482465346735e-05,reported,3,0.19968561232785798,1,0.4019212160524101;0.28507311040346744;0.19968561232785798,0.047179345923506616,True,ucec
MYC,1,14,HSPA1A,ESR1;VHL;IGFBP2;TUBA1B;CTNNB1;CLDN7;CDH1;ERBB2;PTEN;SYK;AR;SQSTM1;TP53BP1;PREX1,3,2,2,1,,0.04867923835112355,0.2,0.2,3.161114460973283e-16;0.005378293378168954,4.2762357913573816e-06,proxy_dimensions,2,,0,,,,ucec
RAD50,3,14,ETS1;EIF4G1;DIABLO,ESR1;VHL;IGFBP2;TUBA1B;CTNNB1;CLDN7;CDH1;ERBB2;PTEN;SYK;AR;SQSTM1;TP53BP1;PREX1,3,4,4,3,,0.04867923835112355,0.2,0.2,1.152207353342172e-61;3.848974164641301e-18;1.3328900436635356e-08;0.014910656999395065,8.059822560236367e-56;2.0508315040074176e-12;0.01098039006236881,proxy_dimensions,4,,0,,,,ucec
BAK1,2,14,RBM15;EIF4G1,ESR1;VHL;IGFBP2;TUBA1B;CTNNB1;CLDN7;CDH1;ERBB2;PTEN;SYK;AR;SQSTM1;TP53BP1;PREX1,3,3,3,2,,0.04867923835112355,0.2,0.2,3.113503150606628e-76;7.905781849605594e-22;4.7453758771990844e-05,1.116008053339237e-56;1.3759508357152495e-17,proxy_dimensions,3,,0,,,,ucec
