exposure,nZ,nW,Z,W,r_pca,r_bridge,r_joint,r_signal,nu,rank_test_level,window_fraction,alpha,joint_pvalues,conditional_pvalues,status,r_grid,conditional_root,conditional_roots,nu_raw,conditional_rank_agreement,eligible_designs,replicate,exposure_scale,rmst_estimate,survival_estimate,min_g
CLDN7,3,10,CDH1;ETS1;PEA15,VHL;GAPDH;TFRC;RAB25;GAB2;BCL2L11;PDCD4;MAP2K1;PTEN;TP53,1,3,3,2,0.0006385305304718228,0.04932636236669901,0.4,0.2,1.1756068236041399e-42;1.0614445443249362e-17;3.3488317006382828e-06;0.08879866450874417,6.174971607953571e-31;4.844030170839919e-14;0.9643180608842844,conditional_information_dimension,3,0.002224300317793986,0.46123740458843754;0.39452900082113485;0.002224300317793986,0.03158796520794676,False,0,0,0.9750090036510718,,,
CDH1,4,10,CLDN7;FN1;CTNNB1;CDH2,VHL;GAPDH;TFRC;RAB25;GAB2;BCL2L11;PDCD4;MAP2K1;PTEN;TP53,1,4,4,3,0.017765933713760413,0.04932636236669901,0.4,0.2,5.151108697945395e-52;7.266994202484295e-23;8.259370595260681e-07;0.020939402418284347;0.17576163873759815,3.9421748060287745e-42;8.99104326984867e-20;0.0002937038131810886;0.14920018024687917,conditional_information_dimension,4,0.07171220094350902,0.5244154258726658;0.4468713611210102;0.2149329601116249;0.07171220094350902,0.025069976325638118,False,0,0,0.9110359628759918,,,
HSPA1A,3,21,STAT5A;COL6A1;CDH2,GAPDH;ESR1;TUBA1B;TFRC;IGFBP2;CLDN7;FN1;SERPINE1;SYK;AR;RAB25;FASN;MYC;ACACA;TGM2;MAPK1;RBM15;MAP2K1;PTEN;TP53;PEA15,1,4,4,3,,0.04932636236669901,0.2,0.15,1.3699736544521227e-54;3.801249288110136e-25;1.8226222538513614e-09;9.990482273637809e-05,5.880097371675284e-41;1.6749772482009196e-19;0.00017547756059083878,proxy_dimensions,4,,,,,0,0,1.0422389300293282,,,
GAB2,1,21,VHL,GAPDH;ESR1;TUBA1B;TFRC;IGFBP2;CLDN7;FN1;SERPINE1;SYK;AR;RAB25;FASN;MYC;ACACA;TGM2;MAPK1;RBM15;MAP2K1;PTEN;TP53;PEA15,1,2,2,1,,0.04932636236669901,0.2,0.15,2.426856460022337e-25;5.786558835013821e-09,1.2007623031873697e-08,proxy_dimensions,2,,,,,0,0,0.949149579118191,,,
ASNS,2,21,CHEK2;PRKCA,GAPDH;ESR1;TUBA1B;TFRC;IGFBP2;CLDN7;FN1;SERPINE1;SYK;AR;RAB25;FASN;MYC;ACACA;TGM2;MAPK1;RBM15;MAP2K1;PTEN;TP53;PEA15,1,3,3,2,,0.04932636236669901,0.2,0.15,3.454908472630144e-47;8.359477655538669e-20;5.614644195614198e-05,2.865597718905725e-33;1.4559537711597758e-09,proxy_dimensions,3,,,,,0,0,0.9914046790276109,,,
BCL2L11,1,21,CCNE1,GAPDH;ESR1;TUBA1B;TFRC;IGFBP2;CLDN7;FN1;SERPINE1;SYK;AR;RAB25;FASN;MYC;ACACA;TGM2;MAPK1;RBM15;MAP2K1;PTEN;TP53;PEA15,1,2,2,1,,0.04932636236669901,0.2,0.15,1.6202965336950346e-20;1.0205522280826134e-05,3.4460045828580516e-06,proxy_dimensions,2,,,,,0,0,1.0037218677900648,,,
BRAF,2,21,RICTOR;ETS1,GAPDH;ESR1;TUBA1B;TFRC;IGFBP2;CLDN7;FN1;SERPINE1;SYK;AR;RAB25;FASN;MYC;ACACA;TGM2;MAPK1;RBM15;MAP2K1;PTEN;TP53;PEA15,1,2,2,2,0.05093416979399189,0.04932636236669901,0.2,0.15,4.97351343415783e-33;3.5215836428436765e-08;0.11705689801011547,1.6975625832185224e-26;0.009432388697961116,reported,2,0.128381542365066,0.5066134112634465;0.128381542365066,0.044253951163612644,True,1,0,0.9441751877478973,4.559110295408145,0.33087470745769243,0.5455766746020146
CDH2,3,21,HSPA1A;CCNE1;STAT5A,GAPDH;ESR1;TUBA1B;TFRC;IGFBP2;CLDN7;FN1;SERPINE1;SYK;AR;RAB25;FASN;MYC;ACACA;TGM2;MAPK1;RBM15;MAP2K1;PTEN;TP53;PEA15,1,4,4,3,,0.04932636236669901,0.2,0.15,1.1885821787586662e-38;2.1240144825871818e-20;3.138944757532008e-08;5.204030198417092e-05,3.958251945911539e-30;1.1267607487395809e-17;3.6364582486943525e-05,proxy_dimensions,4,,,,,0,0,1.0483107369024325,,,
CLDN7,2,27,TFRC;CDH1,VHL;GAPDH;TUBA1B;FN1;SERPINE1;HSPA1A;SYK;ANXA1;RAB25;ATM;STAT5A;BCL2L11;EEF2K;PDCD4;RPS6;TP53BP1;MAPK1;DIABLO;NF2;MAP2K1;PTEN;TP53;CHEK2;PEA15;EEF2;CDH2;KIT,1,3,3,2,,0.04932636236669901,0.2,0.15,4.4515784633772207e-79;3.8148961257702636e-44;1.5342696072868368e-16,6.065968192332172e-54;9.96705583565114e-27,proxy_dimensions,3,,,,,0,1,1.0001851570195452,,,
CDH1,4,8,CLDN7;SERPINE1;CTNNB1;CDH2,VHL;TFRC;SYK;RAB25;NF2;MAP2K1;PTEN;TP53,1,5,5,3,,0.04932636236669901,0.4,0.2,8.084593236540486e-41;1.4657887950472878e-21;7.12632144137991e-10;0.0007451828892017545;0.0293912376464893,2.7252877862023707e-31;1.148395395808098e-16;1.96776719817192e-05;0.051869112173837766,proxy_dimensions,5,,,,,0,1,0.9632465048209424,,,
HSPA1A,1,58,KIT,MYH11;VHL;GAPDH;ESR1;TUBA1B;TFRC;IGFBP2;CLDN7;CCNB1;FN1;CAV1;CDH1;SERPINE1;SYK;ANXA1;AR;RAB25;CASP7;RICTOR;CCNE1;GAB2;ATM;INPP4B;FASN;CTNNB1;MSH6;STAT5A;MYC;ASNS;BCL2L11;SQSTM1;EEF2K;ERBB2;PDCD4;RPS6;ACACA;TP53BP1;TGM2;FOXM1;MSH2;MAPK1;DIABLO;BRAF;ERBB3;NF2;RBM15;MAP2K1;PTEN;TP53;ETS1;CHEK2;PEA15;COL6A1;EEF2;PRKCA;CDH2;PREX1;LCK,1,2,2,1,,0.04932636236669901,0.2,0.15,1.2775416366112032e-50;2.0146552154191536e-19,1.952299917491676e-25,proxy_dimensions,2,,,,,0,1,1.0099670213014296,,,
GAB2,1,27,CASP7,VHL;GAPDH;TUBA1B;FN1;SERPINE1;HSPA1A;SYK;ANXA1;RAB25;ATM;STAT5A;BCL2L11;EEF2K;PDCD4;RPS6;TP53BP1;MAPK1;DIABLO;NF2;MAP2K1;PTEN;TP53;CHEK2;PEA15;EEF2;CDH2;KIT,1,2,2,1,,0.04932636236669901,0.2,0.15,1.2024649780708155e-31;4.718096867230839e-13,1.0634662460908674e-12,proxy_dimensions,2,,,,,0,1,1.0066649104779668,,,
ASNS,4,8,CAV1;ACACA;CHEK2;PRKCA,VHL;TFRC;SYK;RAB25;NF2;MAP2K1;PTEN;TP53,1,4,4,3,0.017584075511818485,0.04932636236669901,0.4,0.2,8.350985195124646e-57;5.222452894114564e-30;1.6244821995738313e-07;0.03961406595504668;0.35577420351144984,9.312119218706785e-56;8.861035322288519e-29;0.0002634887452757319;0.10070644643542416,conditional_information_dimension,4,0.08157897300299366,0.5604392310158361;0.5305971029576163;0.21285218406412146;0.08157897300299366,0.020868347481666154,False,0,1,0.9964428772379703,,,
BCL2L11,2,57,PDCD4;PTEN,MYH11;VHL;GAPDH;ESR1;TUBA1B;TFRC;IGFBP2;CLDN7;CCNB1;FN1;CAV1;CDH1;SERPINE1;HSPA1A;SYK;ANXA1;AR;RAB25;CASP7;RICTOR;CCNE1;GAB2;ATM;INPP4B;FASN;CTNNB1;MSH6;STAT5A;MYC;ASNS;SQSTM1;EEF2K;ERBB2;RPS6;ACACA;TP53BP1;TGM2;FOXM1;MSH2;MAPK1;DIABLO;BRAF;ERBB3;NF2;RBM15;MAP2K1;TP53;ETS1;CHEK2;PEA15;COL6A1;EEF2;PRKCA;CDH2;KIT;PREX1;LCK,1,3,3,2,,0.04932636236669901,0.2,0.15,2.1385993237908327e-84;7.175896773198236e-39;5.170349468897372e-15,1.7541079425324496e-57;2.5320058537412528e-15,proxy_dimensions,3,,,,,0,1,1.0669252347459166,,,
BRAF,3,8,CAV1;GAB2;ETS1,VHL;TFRC;SYK;RAB25;NF2;MAP2K1;PTEN;TP53,1,4,4,3,,0.04932636236669901,0.4,0.2,8.262741879869434e-56;4.923757496902694e-24;5.299963705641239e-06;0.00913416200969306,3.789079732412833e-38;8.481045232843642e-11;0.00015387323089713896,proxy_dimensions,4,,,,,0,1,0.9750305635835043,,,
CDH2,2,57,ATM;STAT5A,MYH11;VHL;GAPDH;ESR1;TUBA1B;TFRC;IGFBP2;CLDN7;CCNB1;FN1;CAV1;CDH1;SERPINE1;HSPA1A;SYK;ANXA1;AR;RAB25;CASP7;RICTOR;CCNE1;GAB2;INPP4B;FASN;CTNNB1;MSH6;MYC;ASNS;BCL2L11;SQSTM1;EEF2K;ERBB2;PDCD4;RPS6;ACACA;TP53BP1;TGM2;FOXM1;MSH2;MAPK1;DIABLO;BRAF;ERBB3;NF2;RBM15;MAP2K1;PTEN;TP53;ETS1;CHEK2;PEA15;COL6A1;EEF2;PRKCA;KIT;PREX1;LCK,1,3,3,2,,0.04932636236669901,0.2,0.15,1.2575912928468503e-97;6.002363792459949e-47;2.945963830037725e-20,6.364672514582461e-68;8.776017763934849e-21,proxy_dimensions,3,,,,,0,1,1.068362128559875,,,
CLDN7,1,50,CDH1,MYH11;VHL;GAPDH;ESR1;TUBA1B;TFRC;IGFBP2;CCNB1;FN1;CAV1;SERPINE1;HSPA1A;SYK;ANXA1;AR;RAB25;CASP7;RICTOR;CCNE1;GAB2;INPP4B;FASN;MYC;ASNS;BCL2L11;SQSTM1;EEF2K;ERBB2;PDCD4;RPS6;ACACA;TP53BP1;FOXM1;MAPK1;DIABLO;BRAF;ERBB3;NF2;RBM15;MAP2K1;PTEN;TP53;ETS1;CHEK2;COL6A1;EEF2;PRKCA;KIT;PREX1;LCK,2,2,2,1,,0.04932636236669901,0.2,0.15,1.5330186150454748e-59;1.236186669176395e-15,2.1238161070356345e-22,proxy_dimensions,2,,,,,0,2,1.0318597352700265,,,
CDH1,2,50,CLDN7;CTNNB1,MYH11;VHL;GAPDH;ESR1;TUBA1B;TFRC;IGFBP2;CCNB1;FN1;CAV1;SERPINE1;HSPA1A;SYK;ANXA1;AR;RAB25;CASP7;RICTOR;CCNE1;GAB2;INPP4B;FASN;MYC;ASNS;BCL2L11;SQSTM1;EEF2K;ERBB2;PDCD4;RPS6;ACACA;TP53BP1;FOXM1;MAPK1;DIABLO;BRAF;ERBB3;NF2;RBM15;MAP2K1;PTEN;TP53;ETS1;CHEK2;COL6A1;EEF2;PRKCA;KIT;PREX1;LCK,2,3,3,2,,0.04932636236669901,0.2,0.15,7.169710708836407e-115;1.2267346887698123e-55;7.029534087291891e-16,2.85297039445322e-76;2.9632371520647518e-21,proxy_dimensions,3,,,,,0,2,1.0447322353383643,,,
HSPA1A,1,34,COL6A1,VHL;GAPDH;TUBA1B;TFRC;CLDN7;CDH1;SYK;RAB25;CASP7;ATM;FASN;CTNNB1;MSH6;STAT5A;ASNS;EEF2K;ERBB2;ACACA;TP53BP1;TGM2;MSH2;DIABLO;BRAF;RBM15;MAP2K1;PTEN;TP53;ETS1;CHEK2;PEA15;EEF2;CDH2;PREX1;LCK,2,2,2,1,,0.04932636236669901,0.2,0.15,2.348506859681318e-41;1.9294532702472183e-07,1.4419620567758196e-29,proxy_dimensions,2,,,,,0,2,0.988084779147943,,,
GAB2,1,34,BCL2L11,VHL;GAPDH;TUBA1B;TFRC;CLDN7;CDH1;SYK;RAB25;CASP7;ATM;FASN;CTNNB1;MSH6;STAT5A;ASNS;EEF2K;ERBB2;ACACA;TP53BP1;TGM2;MSH2;DIABLO;BRAF;RBM15;MAP2K1;PTEN;TP53;ETS1;CHEK2;PEA15;EEF2;CDH2;PREX1;LCK,2,2,2,1,,0.04932636236669901,0.2,0.15,1.0690523574914472e-25;3.15962186970813e-11,6.033277551416853e-16,proxy_dimensions,2,,,,,0,2,0.9476235429175676,,,
ASNS,3,8,ACACA;TP53;PRKCA,VHL;TFRC;FN1;SERPINE1;GAB2;PDCD4;DIABLO;MAP2K1,2,3,3,3,0.03846791434248487,0.04932636236669901,0.4,0.2,4.2766604936029057e-14;1.4672806439239818e-05;0.02488375164201466;0.7348003265917155,4.3117001009405604e-17;2.21653044233578e-06;0.004397287676597663,reported,3,0.14090659012021492,0.3884027190819427;0.23794136648027872;0.14090659012021492,0.028306888471938393,True,1,2,0.9889766106652051,1.9423780165009445,0.0010276724892104348,0.711483920443883
BCL2L11,3,8,CCNE1;INPP4B;TGM2,VHL;TFRC;FN1;SERPINE1;GAB2;PDCD4;DIABLO;MAP2K1,2,4,4,3,,0.04932636236669901,0.4,0.2,1.3703384411193452e-22;1.0161622987099247e-08;0.00010208364919616492;0.01610286000913925,3.696115523148947e-16;2.3773505687839624e-07;0.0023773592629093825,proxy_dimensions,4,,,,,0,2,0.9760604547797728,,,
BRAF,2,8,CTNNB1;ETS1,VHL;TFRC;FN1;SERPINE1;GAB2;PDCD4;DIABLO;MAP2K1,2,3,3,2,,0.04932636236669901,0.4,0.2,1.7271382462397333e-36;9.192181665328773e-10;0.0006161494937014209,5.371668638079893e-18;9.895082374870094e-05,proxy_dimensions,3,,,,,0,2,0.9627390498765365,,,
CDH2,4,8,CCNE1;CTNNB1;STAT5A;SQSTM1,VHL;TFRC;FN1;SERPINE1;GAB2;PDCD4;DIABLO;MAP2K1,2,4,4,4,0.028473820778256814,0.04932636236669901,0.4,0.2,6.534539581545199e-44;3.6386591684373776e-18;2.458072236900164e-10;0.0011947007448804032;0.06650221300560501,5.187365999611774e-47;1.5386401374811954e-19;7.654384744938034e-10;0.005306767152453757,reported,4,0.138118421038464,0.56431328805789;0.3758975223753256;0.30962471573018746;0.138118421038464,0.028842296693967807,True,1,2,1.024444945659605,-0.08100659576523271,0.038854265949589815,0.6051204192125779
CLDN7,1,26,CDH1,VHL;TFRC;CCNB1;SYK;ANXA1;RAB25;CASP7;CCNE1;GAB2;ATM;MSH6;ASNS;BCL2L11;SQSTM1;PDCD4;RPS6;FOXM1;MSH2;DIABLO;BRAF;MAP2K1;PTEN;TP53;CHEK2;PRKCA;KIT,2,2,2,1,,0.04932636236669901,0.2,0.15,3.672170888386946e-50;5.750971807782736e-14,2.897416195684656e-18,proxy_dimensions,2,,,,,0,3,1.028683754013218,,,
CDH1,5,26,ESR1;CLDN7;CTNNB1;ERBB3;ETS1,VHL;TFRC;CCNB1;SYK;ANXA1;RAB25;CASP7;CCNE1;GAB2;ATM;MSH6;ASNS;BCL2L11;SQSTM1;PDCD4;RPS6;FOXM1;MSH2;DIABLO;BRAF;MAP2K1;PTEN;TP53;CHEK2;PRKCA;KIT,2,6,6,5,,0.04932636236669901,0.2,0.15,6.490073190295058e-157;1.4026040276746471e-94;8.006609255381395e-47;8.73682321450987e-24;4.926603902009192e-13;2.1962667625443747e-05,1.5015032995604957e-126;1.5782183444992245e-64;4.806162595916967e-37;5.2321872043883765e-15;1.8315878244979172e-05,proxy_dimensions,6,,,,,0,3,1.0198789509575317,,,
HSPA1A,4,6,CASP7;BRAF;COL6A1;CDH2,VHL;GAB2;RPS6;DIABLO;MAP2K1;PTEN,2,4,4,4,0.0238466912119936,0.04932636236669901,0.4,0.2,1.185582224911344e-34;1.442088669740775e-14;3.2569738275875328e-09;8.791750836148876e-05;0.8104708517000955,9.39177707236693e-29;2.5111245817068196e-13;1.1069560428991248e-06;0.01796531076532766,reported,4,0.11739483444212626,0.4595777929395152;0.32782132677865355;0.2569558034955472;0.11739483444212626,0.020648031297803716,True,1,3,1.0472823590646145,2.712301068541979,0.3224157239208192,0.57915145440867
GAB2,2,1,VHL;BRAF,MAP2K1,2,1,1,1,0.15641729376487018,0.04932636236669901,0.4,0.15,3.810259379556553e-06,9.090513344165618e-06,reported,1,0.23575279672028332,0.23575279672028332,0.15641729376487018,True,1,3,0.9940892746091248,0.9437892868469047,0.04431561611761386,0.5605561773720699
ASNS,4,6,CCNB1;CAV1;CHEK2;PRKCA,VHL;GAB2;RPS6;DIABLO;MAP2K1;PTEN,2,2,2,2,0.11700675499692799,0.04932636236669901,0.4,0.2,4.176234653500886e-25;9.0280721132129e-11;0.16536545671197334;0.780538992091653;0.6279448336107043,1.1225435923315722e-28;9.290593111042635e-13,reported,2,0.36860376367901365,0.4512333173468273;0.36860376367901365,0.07677223629180717,True,1,3,1.0035582836437194,0.0784631613569861,0.0030683017684719626,0.541250482592433
BCL2L11,3,6,ANXA1;RAB25;PRKCA,VHL;GAB2;RPS6;DIABLO;MAP2K1;PTEN,2,3,3,2,0.011418534216171653,0.04932636236669901,0.4,0.2,2.1387220240585812e-11;4.57434687002228e-05;0.04214475778152923;0.36129676958217805,3.746048390682524e-13;9.632259452201053e-06;0.5634959175484486,conditional_information_dimension,3,0.028715804792217917,0.33972809415666994;0.2595893261752696;0.028715804792217917,0.02110090787013524,False,0,3,0.9897863735329032,,,
BRAF,5,6,CAV1;HSPA1A;CTNNB1;EEF2K;ETS1,VHL;GAB2;RPS6;DIABLO;MAP2K1;PTEN,2,6,6,4,,0.04932636236669901,0.4,0.2,2.5524761915604804e-43;4.2033881543091704e-20;3.054634628555023e-08;8.725266156712256e-05;0.03530101421686597;0.03276153609674455,1.3341660678468609e-27;3.0856481932176906e-15;1.5784106455369117e-05;0.02557302054617726;0.09308950183760502,proxy_dimensions,6,,,,,0,3,0.9873430261131917,,,
CDH2,4,6,HSPA1A;STAT5A;SQSTM1;PREX1,VHL;GAB2;RPS6;DIABLO;MAP2K1;PTEN,2,3,3,3,0.03118188239143506,0.04932636236669901,0.4,0.2,1.6503592247353499e-29;9.470002167062004e-14;0.0010875797624801391;0.0967702026184937;0.9951877138881916,2.0330236778290414e-27;2.4650566703757664e-12;0.04500500946609228,reported,3,0.12342674529132244,0.4489220414186092;0.37146528252001376;0.12342674529132244,0.03234971141878563,True,1,3,1.046109887723204,3.7147726208666647,0.14185739648269105,0.39337096213590467
CLDN7,2,11,RAB25;PRKCA,GAPDH;TFRC;IGFBP2;SYK;ATM;ERBB2;MAPK1;NF2;PTEN;TP53;CHEK2,1,3,3,2,,0.04932636236669901,0.2,0.15,1.1781475205674303e-38;6.098161361363125e-15;4.10172085656315e-07,4.270731235916019e-31;9.511215081637915e-07,proxy_dimensions,3,,,,,0,4,0.952865880621853,,,
CDH1,2,11,CTNNB1;EEF2K,GAPDH;TFRC;IGFBP2;SYK;ATM;ERBB2;MAPK1;NF2;PTEN;TP53;CHEK2,1,3,3,2,,0.04932636236669901,0.2,0.15,2.9948511100013997e-50;1.9201282073726013e-18;9.048857855269213e-07,3.857448274783442e-36;1.0008345916669415e-08,proxy_dimensions,3,,,,,0,4,1.0024933337217474,,,
HSPA1A,3,5,ETS1;COL6A1;CDH2,TFRC;IGFBP2;ATM;ERBB2;PTEN,1,4,4,3,,0.04932636236669901,0.4,0.2,1.854254298462155e-16;1.8213587909326265e-09;1.1065583033053018e-05;0.020303998915754427,1.3296091708786608e-13;1.4045532834728408e-06;0.0018552653814662998,proxy_dimensions,4,,,,,0,4,0.987533193727736,,,
GAB2,2,11,VHL;RAB25,GAPDH;TFRC;IGFBP2;SYK;ATM;ERBB2;MAPK1;NF2;PTEN;TP53;CHEK2,1,2,2,2,0.13031930397111818,0.04932636236669901,0.2,0.15,3.588678587694256e-18;1.3683702275837907e-05;0.5857900986458693,1.5917219499551114e-22;3.6127372066016536e-10,reported,2,0.30396571744063144,0.39581169851722414;0.30396571744063144,0.0649461002621654,True,2,4,0.9839732543416971,0.8537265701769685,0.058128355764089576,0.5588303245961652
ASNS,2,5,ACACA;PRKCA,TFRC;IGFBP2;ATM;ERBB2;PTEN,1,2,2,2,0.0990629098629135,0.04932636236669901,0.4,0.2,2.613863169877362e-20;0.005883092229207057;0.7249814082511361,7.602786331504718e-25;1.6987466775556885e-05,reported,2,0.21118334284403692,0.469104636338434;0.21118334284403692,0.06546713814921701,True,1,4,1.0548611313366698,0.4724784732506358,0.03165774935964686,0.5744439698852947
BCL2L11,2,11,ANXA1;INPP4B,GAPDH;TFRC;IGFBP2;SYK;ATM;ERBB2;MAPK1;NF2;PTEN;TP53;CHEK2,1,3,3,2,,0.04932636236669901,0.2,0.15,1.3799788441602757e-23;3.8521942868987746e-09;0.00035437861904025853,7.067142949128948e-19;6.957707950584311e-06,proxy_dimensions,3,,,,,0,4,0.9508863050672923,,,
BRAF,3,11,CAV1;EEF2K;ETS1,GAPDH;TFRC;IGFBP2;SYK;ATM;ERBB2;MAPK1;NF2;PTEN;TP53;CHEK2,1,4,4,3,,0.04932636236669901,0.2,0.15,1.9654991261616319e-59;6.412647888566517e-29;2.0021325344017233e-10;0.0010933588695222769,5.888794217549335e-41;1.773639945681655e-21;0.0013745084886481501,proxy_dimensions,4,,,,,0,4,1.1020743926244256,,,
CDH2,2,5,HSPA1A;STAT5A,TFRC;IGFBP2;ATM;ERBB2;PTEN,1,2,2,2,0.08660773341089602,0.04932636236669901,0.4,0.2,1.9014295682575355e-19;6.458311266756518e-05;0.07697290304308249,1.0708450833281304e-18;0.00012802192850830507,reported,2,0.18850093386269234,0.41279489736783914;0.18850093386269234,0.06170638133065564,True,1,4,1.1806076395092624,1.8068551070970533,0.06380761285774032,0.42011075963608346
CLDN7,3,24,CDH1;MAP2K1;PRKCA,VHL;GAPDH;TFRC;ANXA1;GAB2;STAT5A;ASNS;BCL2L11;EEF2K;PDCD4;TP53BP1;TGM2;MAPK1;DIABLO;BRAF;NF2;RBM15;PTEN;ETS1;CHEK2;PEA15;EEF2;CDH2;KIT,2,4,4,3,,0.04932636236669901,0.2,0.15,6.714910632339023e-105;3.052289186273711e-55;3.741301951705573e-18;0.00010753813351916405,4.0494711191357347e-79;3.1191031622674973e-40;2.469280606888872e-15,proxy_dimensions,4,,,,,0,5,0.9632482330145333,,,
CDH1,2,24,CLDN7;CTNNB1,VHL;GAPDH;TFRC;ANXA1;GAB2;STAT5A;ASNS;BCL2L11;EEF2K;PDCD4;TP53BP1;TGM2;MAPK1;DIABLO;BRAF;NF2;RBM15;PTEN;ETS1;CHEK2;PEA15;EEF2;CDH2;KIT,2,3,3,2,,0.04932636236669901,0.2,0.15,2.5096925187986325e-86;4.344151316253808e-31;0.00013021935877837351,2.1609358124559316e-48;1.3833007116289217e-08,proxy_dimensions,3,,,,,0,5,0.9290294818182333,,,
HSPA1A,4,6,CASP7;COL6A1;CDH2;KIT,GAPDH;RAB25;DIABLO;MAP2K1;TP53;EEF2,2,3,3,3,0.054149322017243054,0.04932636236669901,0.4,0.2,7.920419963222956e-29;6.555052503330256e-10;0.00012045444402569932;0.1048805411419141;0.8555045811314735,4.520457995685798e-31;1.5406170306782585e-10;0.00036937956325832315,reported,3,0.19588664298177402,0.5026091770905555;0.3126546051030796;0.19588664298177402,0.042119567677449544,True,1,5,0.9607476339931836,0.5596713363412165,-0.016381671861142064,0.6147716020297954
GAB2,2,6,VHL;BRAF,GAPDH;RAB25;DIABLO;MAP2K1;TP53;EEF2,2,2,2,2,0.12357722147007043,0.04932636236669901,0.4,0.2,5.404669094584606e-13;3.153759522910991e-05;0.30282890707803095,7.415927755050412e-17;8.011871762250676e-09,reported,2,0.2806711025889989,0.33567979576488877;0.2806711025889989,0.07585191537777723,True,1,5,1.0390549217087373,2.135894803522517,0.12267585048108826,0.5541001432614746
ASNS,2,6,CAV1;CHEK2,GAPDH;RAB25;DIABLO;MAP2K1;TP53;EEF2,2,2,2,2,0.09696988706524429,0.04932636236669901,0.4,0.2,2.538204586981972e-17;0.0008296465757954217;0.11312292638280348,1.3691914449494179e-19;5.079550303009395e-06,reported,2,0.22364673378487937,0.40796305881902034;0.22364673378487937,0.06238032679549767,True,1,5,0.9832674037851643,-0.04838192501493414,0.03183778949270176,0.5906130503067428
BCL2L11,2,53,ANXA1;PEA15,MYH11;VHL;GAPDH;ESR1;TUBA1B;TFRC;IGFBP2;CLDN7;CCNB1;FN1;CAV1;CDH1;SERPINE1;HSPA1A;SYK;AR;RAB25;CASP7;RICTOR;CCNE1;GAB2;ATM;INPP4B;FASN;CTNNB1;MSH6;STAT5A;MYC;ASNS;SQSTM1;EEF2K;ERBB2;PDCD4;RPS6;ACACA;FOXM1;MSH2;DIABLO;BRAF;ERBB3;RBM15;MAP2K1;PTEN;TP53;ETS1;CHEK2;COL6A1;EEF2;PRKCA;CDH2;KIT;PREX1;LCK,2,3,3,2,,0.04932636236669901,0.2,0.15,2.6319864753125098e-73;4.9131851811324466e-30;1.7206140290809243e-07,1.0406872552095612e-47;7.420278457553507e-08,proxy_dimensions,3,,,,,0,5,1.035790453507728,,,
BRAF,4,20,GAB2;CTNNB1;EEF2K;ETS1,VHL;GAPDH;TFRC;CLDN7;RAB25;STAT5A;ASNS;BCL2L11;ERBB2;PDCD4;RPS6;MAPK1;DIABLO;NF2;MAP2K1;TP53;PEA15;EEF2;CDH2;KIT,2,5,5,4,,0.04932636236669901,0.4,0.25,1.4873426870686783e-95;1.2935067570953884e-45;1.8095482475058802e-20;1.1585467757900605e-07;0.006784975733166944,5.717180301392447e-64;9.625209588343555e-32;1.3098913628087293e-11;0.010210197964262606,proxy_dimensions,5,,,,,0,5,1.0064506639777584,,,
CDH2,3,6,HSPA1A;STAT5A;SQSTM1,GAPDH;RAB25;DIABLO;MAP2K1;TP53;EEF2,2,3,3,3,0.05748544849940022,0.04932636236669901,0.4,0.2,2.6757441162185e-20;1.1020868669532674e-08;0.030771950346114036;0.6859535447175871,5.678013229141348e-18;1.894997129243575e-09;0.00017559121938492126,reported,3,0.1849309682717437,0.35848517822010645;0.2777357410822633;0.1849309682717437,0.04375706922106784,True,1,5,0.9977583146533201,1.9482593959823427,0.06418971119787069,0.32549997095578054
CLDN7,2,5,CAV1;PRKCA,GAPDH;TUBA1B;RAB25;MAP2K1;TP53,1,2,2,1,0.033638876523415975,0.04932636236669901,0.4,0.2,5.2544959159689594e-20;3.149442111996347e-05;0.6449637866338169,6.291074471662173e-08;0.1661975539341462,conditional_information_dimension,2,0.06867402892496079,0.2964382824274499;0.06867402892496079,0.029852478767356666,False,0,6,0.9945041072050247,,,
CDH1,2,30,CTNNB1;CDH2,MYH11;VHL;GAPDH;TUBA1B;TFRC;IGFBP2;CLDN7;CAV1;HSPA1A;SYK;ANXA1;RAB25;RICTOR;GAB2;FASN;ASNS;BCL2L11;PDCD4;ACACA;TGM2;DIABLO;BRAF;NF2;MAP2K1;PTEN;TP53;PEA15;COL6A1;PRKCA;KIT,1,3,3,2,,0.04932636236669901,0.2,0.15,2.0957199373169686e-71;4.596930468723697e-43;5.654197549048317e-18,9.109857831496213e-45;1.3061201955441933e-17,proxy_dimensions,3,,,,,0,6,0.8969931876207224,,,
HSPA1A,3,5,BRAF;COL6A1;CDH2,GAPDH;TUBA1B;RAB25;MAP2K1;TP53,1,3,3,3,0.05031699699648135,0.04932636236669901,0.4,0.2,1.2330651376889328e-13;0.0005621380064897593;0.00500902969333493;0.15954061083307583,9.625135505778593e-14;3.0401327549624413e-05;0.001371568793850001,reported,3,0.1581335764546958,0.3566942352723559;0.19598217269831084;0.1581335764546958,0.04023906384745165,True,1,6,1.014653966024772,0.23730062531399604,0.024816403116770813,0.6452166547778349
GAB2,3,5,VHL;SQSTM1;KIT,GAPDH;TUBA1B;RAB25;MAP2K1;TP53,1,4,4,3,,0.04932636236669901,0.4,0.2,4.320877830908931e-15;3.12125518375371e-08;0.0002655273882368599;0.0410239588186044,2.2847321306308213e-12;3.9137821612487626e-07;0.00035558740070932524,proxy_dimensions,4,,,,,0,6,0.9736848763910458,,,
ASNS,2,5,ACACA;PRKCA,GAPDH;TUBA1B;RAB25;MAP2K1;TP53,1,3,3,2,,0.04932636236669901,0.4,0.2,7.422952598261245e-11;0.0015729016857686697;0.020803753387143162,2.1703399812008894e-06;0.004424589305293831,proxy_dimensions,3,,,,,0,6,0.974686476633117,,,
BCL2L11,1,55,PDCD4,MYH11;VHL;GAPDH;ESR1;TFRC;IGFBP2;CLDN7;CCNB1;FN1;CAV1;CDH1;SERPINE1;HSPA1A;ANXA1;AR;RAB25;CASP7;RICTOR;CCNE1;GAB2;ATM;INPP4B;FASN;CTNNB1;MSH6;STAT5A;MYC;ASNS;SQSTM1;EEF2K;ERBB2;RPS6;ACACA;TP53BP1;TGM2;FOXM1;MSH2;MAPK1;DIABLO;BRAF;ERBB3;NF2;RBM15;PTEN;TP53;ETS1;CHEK2;PEA15;COL6A1;EEF2;PRKCA;CDH2;KIT;PREX1;LCK,1,2,2,1,,0.04932636236669901,0.2,0.15,7.048765802122587e-63;9.645199164785018e-27,4.155250081149739e-28,proxy_dimensions,2,,,,,0,6,1.0487190798251627,,,
BRAF,2,23,HSPA1A;ETS1,GAPDH;ESR1;TUBA1B;TFRC;IGFBP2;ANXA1;RAB25;ATM;FASN;ASNS;EEF2K;ERBB2;PDCD4;ACACA;TGM2;MAPK1;NF2;MAP2K1;PTEN;TP53;PEA15;EEF2;PRKCA,1,3,3,2,,0.04932636236669901,0.4,0.25,8.292992139438424e-44;5.277092405346911e-16;0.00021151822552541578,2.160408714214127e-23;5.943902367394064e-05,proxy_dimensions,3,,,,,0,6,1.0107789141256862,,,
CDH2,3,30,CDH1;STAT5A;SQSTM1,MYH11;VHL;GAPDH;TUBA1B;TFRC;IGFBP2;CLDN7;CAV1;HSPA1A;SYK;ANXA1;RAB25;RICTOR;GAB2;FASN;ASNS;BCL2L11;PDCD4;ACACA;TGM2;DIABLO;BRAF;NF2;MAP2K1;PTEN;TP53;PEA15;COL6A1;PRKCA;KIT,1,4,4,3,,0.04932636236669901,0.2,0.15,5.6634211158040514e-83;3.9334366617224066e-47;6.027214763777662e-22;1.2772746240428216e-05,1.1608846162359566e-67;6.152094290198834e-35;5.615246581093631e-10,proxy_dimensions,4,,,,,0,6,1.013985099162898,,,
CLDN7,3,12,FN1;CDH1;PRKCA,VHL;TUBA1B;TFRC;ANXA1;RAB25;GAB2;TGM2;MAPK1;NF2;MAP2K1;PTEN;PEA15,1,4,4,3,,0.04932636236669901,0.4,0.2,3.5099078593789153e-41;2.8514844843768738e-25;8.591271323561293e-12;7.307527607503436e-06,7.898896221662264e-30;4.012109779466789e-14;6.824106068404626e-08,proxy_dimensions,4,,,,,0,7,1.010060378718164,,,
CDH1,2,12,CLDN7;CTNNB1,VHL;TUBA1B;TFRC;ANXA1;RAB25;GAB2;TGM2;MAPK1;NF2;MAP2K1;PTEN;PEA15,1,3,3,2,,0.04932636236669901,0.4,0.2,1.3905598448876513e-31;3.024629440761146e-18;1.6066443807167877e-05,6.7166311331499805e-21;2.868654204508232e-08,proxy_dimensions,3,,,,,0,7,0.920867257725452,,,
HSPA1A,3,12,SQSTM1;COL6A1;KIT,VHL;TUBA1B;TFRC;ANXA1;RAB25;GAB2;TGM2;MAPK1;NF2;MAP2K1;PTEN;PEA15,1,4,4,3,,0.04932636236669901,0.4,0.2,7.788195156443341e-16;1.1375820054340234e-07;7.574816067456712e-05;0.006784772133300173,1.010795415449558e-13;1.3664035206108956e-06;0.0018634392854106428,proxy_dimensions,4,,,,,0,7,1.1088186068124481,,,
GAB2,2,57,VHL;RAB25,MYH11;GAPDH;ESR1;TUBA1B;TFRC;IGFBP2;CLDN7;CCNB1;FN1;CAV1;CDH1;SERPINE1;HSPA1A;SYK;ANXA1;AR;CASP7;RICTOR;CCNE1;ATM;INPP4B;FASN;CTNNB1;MSH6;STAT5A;MYC;ASNS;BCL2L11;SQSTM1;EEF2K;ERBB2;PDCD4;RPS6;ACACA;TP53BP1;TGM2;FOXM1;MSH2;MAPK1;DIABLO;BRAF;ERBB3;NF2;RBM15;MAP2K1;PTEN;TP53;ETS1;CHEK2;PEA15;COL6A1;EEF2;PRKCA;CDH2;KIT;PREX1;LCK,1,3,3,2,,0.04932636236669901,0.2,0.15,2.471935490461666e-49;3.4401177512197904e-25;1.507797656594037e-05,6.437724659873102e-38;2.5071038152007227e-16,proxy_dimensions,3,,,,,0,7,1.0002299417908227,,,
ASNS,3,19,ERBB2;ACACA;CHEK2,VHL;GAPDH;TUBA1B;TFRC;CCNB1;SYK;ANXA1;RAB25;CASP7;CCNE1;GAB2;MSH6;SQSTM1;PDCD4;FOXM1;MSH2;BRAF;MAP2K1;PTEN,1,4,4,3,,0.04932636236669901,0.2,0.15,4.78842205265984e-44;4.5378381365689e-21;1.5768707531404268e-06;0.00036857069619579186,5.14149012212298e-33;5.016241973275058e-18;0.00034341682502976383,proxy_dimensions,4,,,,,0,7,1.0040110408023626,,,
BCL2L11,2,12,PDCD4;PRKCA,VHL;TUBA1B;TFRC;ANXA1;RAB25;GAB2;TGM2;MAPK1;NF2;MAP2K1;PTEN;PEA15,1,3,3,2,,0.04932636236669901,0.4,0.2,7.874684204064202e-27;1.9772262560404673e-12;0.0004697882939603322,9.529497805421655e-15;0.0005934153107457895,proxy_dimensions,3,,,,,0,7,1.0036901662061222,,,
BRAF,1,12,KIT,VHL;TUBA1B;TFRC;ANXA1;RAB25;GAB2;TGM2;MAPK1;NF2;MAP2K1;PTEN;PEA15,1,2,2,1,,0.04932636236669901,0.4,0.2,1.6545424159502218e-20;2.955589344555214e-09,3.634048766245165e-09,proxy_dimensions,2,,,,,0,7,1.0169168842456717,,,
CDH2,2,19,STAT5A;NF2,VHL;GAPDH;TUBA1B;TFRC;CCNB1;SYK;ANXA1;RAB25;CASP7;CCNE1;GAB2;MSH6;SQSTM1;PDCD4;FOXM1;MSH2;BRAF;MAP2K1;PTEN,1,3,3,2,,0.04932636236669901,0.2,0.15,3.909518583021113e-29;1.0417457775321982e-14;5.651943973011491e-05,3.788089874922453e-20;8.165923022422526e-07,proxy_dimensions,3,,,,,0,7,1.0657438838489077,,,
CLDN7,2,27,DIABLO;PRKCA,VHL;GAPDH;TUBA1B;TFRC;IGFBP2;CCNB1;FN1;SERPINE1;ANXA1;RAB25;CCNE1;GAB2;FASN;MSH6;STAT5A;ASNS;SQSTM1;ERBB2;PDCD4;ACACA;TGM2;FOXM1;MSH2;TP53;CHEK2;PEA15;CDH2,1,3,3,2,,0.04932636236669901,0.2,0.15,3.7161888429629945e-53;2.1959748613277924e-23;5.732113366798258e-07,9.275241140233925e-32;9.057634414178182e-07,proxy_dimensions,3,,,,,0,8,1.0241826411160655,,,
CDH1,3,11,FN1;CAV1;CTNNB1,VHL;TUBA1B;TFRC;RAB25;GAB2;TGM2;MAPK1;NF2;MAP2K1;PEA15;EEF2,1,3,3,2,0.0031937055730313427,0.04932636236669901,0.4,0.2,2.0064037642999234e-45;4.561466592244704e-22;1.1690276823701318e-05;0.18505973501699127,3.4182473855300606e-42;2.0504020212053043e-16;0.8161959418795173,conditional_information_dimension,3,0.011556808715918545,0.5397912339729068;0.4226787010277835;0.011556808715918545,0.024949470518465,False,0,8,0.9644696459079104,,,
HSPA1A,2,3,TFRC;COL6A1,TUBA1B;GAB2;MAP2K1,1,2,2,2,0.05210490595496165,0.04932636236669901,0.4,0.15,0.00012309065502821642;0.026514626248230543;0.38421496370746544,0.0025073401542177686;0.03609555197199384,reported,2,0.10379814234004023,0.1709351275653602;0.10379814234004023,0.047490806856627835,True,1,8,0.9643015197722763,-1.5448090668272014,0.03573018536268889,0.6356720385971121
GAB2,0,0,,,1,0,0,0,,0.04932636236669901,0.2,0.15,,,no_shared_direction,0,,,,,0,8,0.9613602732345964,,,
ASNS,3,11,ACACA;TP53;PRKCA,VHL;TUBA1B;TFRC;RAB25;GAB2;TGM2;MAPK1;NF2;MAP2K1;PEA15;EEF2,1,4,4,3,,0.04932636236669901,0.4,0.2,4.158683980600203e-32;4.4529862491726665e-08;0.0004794717023102919;0.007517884276781567,1.0876600952408406e-31;5.053848063703841e-07;0.013374013252872763,proxy_dimensions,4,,,,,0,8,0.9612484342730455,,,
BCL2L11,3,11,ANXA1;INPP4B;PDCD4,VHL;TUBA1B;TFRC;RAB25;GAB2;TGM2;MAPK1;NF2;MAP2K1;PEA15;EEF2,1,4,4,3,,0.04932636236669901,0.4,0.2,8.715532313261533e-36;1.6923906315705653e-21;9.914277504483388e-09;0.0003076241447941662,1.5685280892515373e-26;6.008033829027442e-12;0.00033231007195406184,proxy_dimensions,4,,,,,0,8,0.9868407405199225,,,
BRAF,2,27,EEF2K;ETS1,VHL;GAPDH;TUBA1B;TFRC;IGFBP2;CCNB1;FN1;SERPINE1;ANXA1;RAB25;CCNE1;GAB2;FASN;MSH6;STAT5A;ASNS;SQSTM1;ERBB2;PDCD4;ACACA;TGM2;FOXM1;MSH2;TP53;CHEK2;PEA15;CDH2,1,3,3,2,,0.04932636236669901,0.2,0.15,1.2309448752444832e-54;1.0803677192995608e-20;2.6491765043633427e-07,1.2944580832422552e-31;8.804234059375516e-15,proxy_dimensions,3,,,,,0,8,1.013885368252138,,,
CDH2,3,3,CCNE1;STAT5A;SQSTM1,TUBA1B;GAB2;MAP2K1,1,3,3,3,0.03543098519521998,0.04932636236669901,0.4,0.15,1.8865253571926696e-08;0.0001784577105400396;0.04598303000055497,6.205270218671335e-06;0.0008131921473953951;0.018121421582811315,reported,3,0.11709294685935508,0.2278280984033637;0.18011597855533687;0.11709294685935508,0.035430985195219956,True,1,8,1.0122023956183566,0.3993146160319595,0.04232718279469295,0.5035012223998603
CLDN7,1,31,CDH1,MYH11;VHL;GAPDH;TUBA1B;TFRC;CAV1;HSPA1A;RAB25;RICTOR;GAB2;ATM;INPP4B;ASNS;EEF2K;RPS6;TGM2;MAPK1;DIABLO;BRAF;ERBB3;NF2;MAP2K1;PTEN;TP53;ETS1;CHEK2;PEA15;COL6A1;EEF2;PRKCA;KIT,1,2,2,1,,0.04932636236669901,0.2,0.15,1.5537381973547074e-45;6.165940155572074e-05,9.009494682071544e-09,proxy_dimensions,2,,,,,0,9,1.033633847431618,,,
CDH1,2,31,CLDN7;CTNNB1,MYH11;VHL;GAPDH;TUBA1B;TFRC;CAV1;HSPA1A;RAB25;RICTOR;GAB2;ATM;INPP4B;ASNS;EEF2K;RPS6;TGM2;MAPK1;DIABLO;BRAF;ERBB3;NF2;MAP2K1;PTEN;TP53;ETS1;CHEK2;PEA15;COL6A1;EEF2;PRKCA;KIT,1,3,3,2,,0.04932636236669901,0.2,0.15,9.141742300386955e-74;8.143807690528272e-26;4.1678406416250524e-05,4.565917251537216e-47;2.7953194023145127e-16,proxy_dimensions,3,,,,,0,9,1.0761486260008701,,,
HSPA1A,3,9,SQSTM1;PDCD4;COL6A1,VHL;GAPDH;RAB25;GAB2;MAPK1;NF2;MAP2K1;PTEN;PEA15,1,3,3,3,0.039699756364811316,0.04932636236669901,0.4,0.2,1.2333531440182755e-23;1.9563197955052098e-12;0.00012972444150940345;0.07780320944864444,2.0967540840905274e-23;4.795679563469019e-13;0.01575136719178488,reported,3,0.11962654206535532,0.38550524508356326;0.3651526747944342;0.11962654206535532,0.036372957195918106,True,1,9,0.9768015233510242,4.891225222980356,0.13753980584402117,0.5982593711873331
GAB2,1,58,VHL,MYH11;GAPDH;ESR1;TUBA1B;TFRC;IGFBP2;CLDN7;CCNB1;FN1;CAV1;CDH1;SERPINE1;HSPA1A;SYK;ANXA1;AR;RAB25;CASP7;RICTOR;CCNE1;ATM;INPP4B;FASN;CTNNB1;MSH6;STAT5A;MYC;ASNS;BCL2L11;SQSTM1;EEF2K;ERBB2;PDCD4;RPS6;ACACA;TP53BP1;TGM2;FOXM1;MSH2;MAPK1;DIABLO;BRAF;ERBB3;NF2;RBM15;MAP2K1;PTEN;TP53;ETS1;CHEK2;PEA15;COL6A1;EEF2;PRKCA;CDH2;KIT;PREX1;LCK,1,2,2,1,,0.04932636236669901,0.4,0.2,4.2866049719761485e-41;3.8381250825017654e-09,1.00930620526777e-15,proxy_dimensions,2,,,,,0,9,0.9673608598774311,,,
ASNS,2,9,ACACA;PRKCA,VHL;GAPDH;RAB25;GAB2;MAPK1;NF2;MAP2K1;PTEN;PEA15,1,2,2,2,0.07610234452964207,0.04932636236669901,0.4,0.2,1.7300076468218856e-14;0.003310659329603177;0.17003739949136157,5.566290822752681e-19;0.0007454376956939854,reported,2,0.16630014747173763,0.424063117849375;0.16630014747173763,0.04949799046060925,True,1,9,1.0081955176766084,-0.011284594200036762,0.09767119036711774,0.6184834389291766
BCL2L11,3,31,ANXA1;CCNE1;PDCD4,MYH11;VHL;GAPDH;TUBA1B;TFRC;CAV1;HSPA1A;RAB25;RICTOR;GAB2;ATM;INPP4B;ASNS;EEF2K;RPS6;TGM2;MAPK1;DIABLO;BRAF;ERBB3;NF2;MAP2K1;PTEN;TP53;ETS1;CHEK2;PEA15;COL6A1;EEF2;PRKCA;KIT,1,4,4,3,,0.04932636236669901,0.2,0.15,3.0170749760665446e-84;1.9501808869931733e-52;5.7794378025155735e-27;6.382050268923229e-14,1.028519929954719e-56;1.4837606013833384e-31;1.893818613496874e-15,proxy_dimensions,4,,,,,0,9,1.0766209344660138,,,
BRAF,3,9,CAV1;CTNNB1;ETS1,VHL;GAPDH;RAB25;GAB2;MAPK1;NF2;MAP2K1;PTEN;PEA15,1,3,3,3,0.06276601972024018,0.04932636236669901,0.4,0.2,1.3196917958822857e-35;2.550171266715759e-05;0.033889484233080525;0.9431673510454684,7.927293112015958e-26;6.36395643263789e-11;8.07855633266306e-06,reported,3,0.21920571088043864,0.43979558592938084;0.2826770386955146;0.21920571088043864,0.04171742228485904,True,1,9,1.0494051967841944,0.05841769805119165,0.11352868118418753,0.26926792805262434
CDH2,1,31,STAT5A,MYH11;VHL;GAPDH;TUBA1B;TFRC;CAV1;HSPA1A;RAB25;RICTOR;GAB2;ATM;INPP4B;ASNS;EEF2K;RPS6;TGM2;MAPK1;DIABLO;BRAF;ERBB3;NF2;MAP2K1;PTEN;TP53;ETS1;CHEK2;PEA15;COL6A1;EEF2;PRKCA;KIT,1,2,2,1,,0.04932636236669901,0.2,0.15,4.516509008889223e-48;3.0684930117287496e-13,7.747156710641319e-37,proxy_dimensions,2,,,,,0,9,0.9614897246577992,,,
CLDN7,4,26,CDH1;MAPK1;MAP2K1;PRKCA,VHL;GAPDH;TUBA1B;SYK;ANXA1;RAB25;GAB2;ATM;FASN;STAT5A;ASNS;BCL2L11;ERBB2;PDCD4;RPS6;ACACA;TGM2;DIABLO;NF2;RBM15;PTEN;ETS1;PEA15;EEF2;CDH2;KIT,1,5,5,4,,0.04932636236669901,0.2,0.15,1.0266744689338249e-122;6.289031719299637e-69;4.03580665658149e-27;4.289380173002587e-10;0.0007418692410365848,6.87567409957001e-87;5.667489782184604e-35;4.6670469146802523e-14;1.1308081620708001e-05,proxy_dimensions,5,,,,,0,10,1.049745992154072,,,
CDH1,3,9,CLDN7;CTNNB1;CDH2,GAPDH;TUBA1B;RAB25;FASN;ERBB2;ACACA;DIABLO;PTEN;TP53,1,4,4,3,,0.04932636236669901,0.4,0.2,1.525203372797829e-43;1.2930584638222388e-15;0.0010182357959144144;0.03788701106780655,3.56371976220633e-26;4.8826434677078174e-11;0.0033136447716656543,proxy_dimensions,4,,,,,0,10,1.0541635854715454,,,
HSPA1A,1,26,COL6A1,VHL;GAPDH;TUBA1B;SYK;ANXA1;RAB25;GAB2;ATM;FASN;STAT5A;ASNS;BCL2L11;ERBB2;PDCD4;RPS6;ACACA;TGM2;DIABLO;NF2;RBM15;PTEN;ETS1;PEA15;EEF2;CDH2;KIT,1,2,2,1,,0.04932636236669901,0.2,0.15,2.0766200123969073e-41;1.6614081444691979e-09,4.1054153502549373e-22,proxy_dimensions,2,,,,,0,10,0.9953598311865209,,,
GAB2,2,56,VHL;RAB25,MYH11;GAPDH;ESR1;TUBA1B;TFRC;IGFBP2;CLDN7;CCNB1;FN1;CAV1;CDH1;SERPINE1;HSPA1A;SYK;AR;CASP7;RICTOR;CCNE1;ATM;INPP4B;FASN;CTNNB1;MSH6;STAT5A;MYC;ASNS;BCL2L11;SQSTM1;EEF2K;ERBB2;PDCD4;RPS6;ACACA;TP53BP1;TGM2;FOXM1;MSH2;MAPK1;DIABLO;BRAF;ERBB3;NF2;RBM15;MAP2K1;PTEN;TP53;ETS1;CHEK2;PEA15;COL6A1;EEF2;PRKCA;CDH2;KIT;PREX1;LCK,1,3,3,2,,0.04932636236669901,0.2,0.15,2.207981172485277e-73;6.836893980693938e-36;2.358133761231849e-11,1.9562726116120954e-49;2.3051399195757187e-23,proxy_dimensions,3,,,,,0,10,0.9980405558252167,,,
ASNS,2,9,CCNB1;CHEK2,GAPDH;TUBA1B;RAB25;FASN;ERBB2;ACACA;DIABLO;PTEN;TP53,1,3,3,2,,0.04932636236669901,0.4,0.2,2.7466620162935964e-31;2.303616202810497e-06;0.01631404704021943,3.564977468983464e-15;0.00033115669872492757,proxy_dimensions,3,,,,,0,10,1.0478144411534862,,,
BCL2L11,2,9,ANXA1;PDCD4,GAPDH;TUBA1B;RAB25;FASN;ERBB2;ACACA;DIABLO;PTEN;TP53,1,2,2,2,0.09725693993694215,0.04932636236669901,0.4,0.2,1.1497989654047083e-16;2.635760871090308e-06;0.09850100117567334,9.580387572551703e-18;2.7085999408739457e-05,reported,2,0.2061633600831985,0.39379247069902934;0.2061633600831985,0.06055010602500153,True,1,10,1.0710696672543283,0.34165768724098255,-0.011346944441269404,0.46099902039000396
BRAF,3,9,CAV1;CASP7;EEF2K,GAPDH;TUBA1B;RAB25;FASN;ERBB2;ACACA;DIABLO;PTEN;TP53,1,4,4,3,,0.04932636236669901,0.4,0.2,4.0228158080662354e-30;3.851969434350502e-11;2.2692858715098637e-05;0.04631522207025093,1.518429591800078e-18;1.8232731478067577e-07;0.00014592944553295985,proxy_dimensions,4,,,,,0,10,1.0499882146321387,,,
CDH2,3,9,CDH1;STAT5A;SQSTM1,GAPDH;TUBA1B;RAB25;FASN;ERBB2;ACACA;DIABLO;PTEN;TP53,1,4,4,3,,0.04932636236669901,0.4,0.2,5.619503676079941e-32;1.820302056152104e-09;0.00010096481143899798;0.015165585019932126,6.167204380667621e-29;2.689690003242335e-07;0.007277566866514921,proxy_dimensions,4,,,,,0,10,1.0147894383474978,,,
CLDN7,3,9,CDH1;RAB25;MAPK1,GAPDH;TFRC;ATM;PDCD4;RPS6;NF2;MAP2K1;PTEN;TP53,1,3,3,2,0.028728021124636044,0.04932636236669901,0.4,0.2,2.3853480679785275e-31;1.4805804390035595e-14;1.8796693240500052e-07;0.11897079602028572,1.0982728929149263e-27;7.653012906369308e-11;0.05329761522076635,conditional_information_dimension,3,0.09586475737168637,0.4603117143740453;0.3393479276256811;0.09586475737168637,0.03248237630237355,False,0,11,1.0201415301122103,,,
CDH1,3,9,CLDN7;CTNNB1;CDH2,GAPDH;TFRC;ATM;PDCD4;RPS6;NF2;MAP2K1;PTEN;TP53,1,4,4,3,,0.04932636236669901,0.4,0.2,3.058862906806993e-46;1.8327506741277628e-20;7.49676069774415e-10;0.0040474881280914195,3.0387258864998915e-37;3.350813507903098e-13;3.8669110406594334e-05,proxy_dimensions,4,,,,,0,11,1.0165846613910072,,,
HSPA1A,3,9,CASP7;COL6A1;KIT,GAPDH;TFRC;ATM;PDCD4;RPS6;NF2;MAP2K1;PTEN;TP53,1,3,3,2,0.01697990005981778,0.04932636236669901,0.4,0.2,2.071350380627906e-20;6.581897517061822e-08;0.010461820179236692;0.3636748394803256,4.605204325614868e-20;0.0003556675347989263;0.31536432988243407,conditional_information_dimension,3,0.04989037204816492,0.4504414073168077;0.21822743146538554;0.04989037204816492,0.024871529906254335,False,0,11,1.0051752733618555,,,
GAB2,3,9,VHL;RAB25;ERBB2,GAPDH;TFRC;ATM;PDCD4;RPS6;NF2;MAP2K1;PTEN;TP53,1,2,2,2,0.08352259846312424,0.04932636236669901,0.4,0.2,1.4210982398649983e-11;0.000654070607714916;0.05867881200451649;0.44145771535672074,4.814499457680518e-15;7.563040633352436e-05,reported,2,0.21396585493645862,0.3722015518904272;0.21396585493645862,0.04684857215615759,True,1,11,1.0021041789084826,1.0086774807357435,0.05522377490887576,0.5583397344482861
ASNS,2,17,ACACA;CHEK2,VHL;TUBA1B;CLDN7;SYK;ANXA1;RAB25;GAB2;ATM;TP53BP1;MAPK1;DIABLO;NF2;RBM15;MAP2K1;PTEN;TP53;KIT,1,3,3,2,,0.04932636236669901,0.2,0.15,2.0270780683476373e-38;8.549446978473648e-17;0.0006844300238837384,3.193882416859863e-30;2.661856531653144e-10,proxy_dimensions,3,,,,,0,11,1.0693934878742082,,,
BCL2L11,1,17,PRKCA,VHL;TUBA1B;CLDN7;SYK;ANXA1;RAB25;GAB2;ATM;TP53BP1;MAPK1;DIABLO;NF2;RBM15;MAP2K1;PTEN;TP53;KIT,1,2,2,1,,0.04932636236669901,0.2,0.15,1.5249721243748085e-32;2.31987483131128e-12,1.8425823549158698e-22,proxy_dimensions,2,,,,,0,11,0.9860477478097593,,,
BRAF,2,9,CTNNB1;ETS1,GAPDH;TFRC;ATM;PDCD4;RPS6;NF2;MAP2K1;PTEN;TP53,1,3,3,2,,0.04932636236669901,0.4,0.2,1.4942318395803652e-32;4.886882212542214e-07;0.001072993811492544,8.977450636868317e-24;0.002168783226639661,proxy_dimensions,3,,,,,0,11,1.0092999579321988,,,
CDH2,4,17,CDH1;CCNE1;STAT5A;SQSTM1,VHL;TUBA1B;CLDN7;SYK;ANXA1;RAB25;GAB2;ATM;TP53BP1;MAPK1;DIABLO;NF2;RBM15;MAP2K1;PTEN;TP53;KIT,1,5,5,4,,0.04932636236669901,0.2,0.15,3.439493640580239e-67;1.258999015779281e-30;1.1650795001781512e-17;1.8039434787821605e-09;0.018354961619684765,5.387759865397629e-62;6.592476590682082e-26;1.2528648497470404e-12;0.00017216991259930188,proxy_dimensions,5,,,,,0,11,0.991960273892666,,,
CLDN7,2,52,CDH1;MAPK1,MYH11;VHL;GAPDH;ESR1;TUBA1B;TFRC;IGFBP2;CCNB1;FN1;CAV1;SERPINE1;HSPA1A;SYK;ANXA1;AR;RAB25;CASP7;RICTOR;CCNE1;GAB2;ATM;INPP4B;FASN;MSH6;STAT5A;MYC;ASNS;BCL2L11;SQSTM1;EEF2K;ERBB2;PDCD4;RPS6;ACACA;TP53BP1;TGM2;FOXM1;MSH2;DIABLO;BRAF;ERBB3;PTEN;TP53;ETS1;CHEK2;COL6A1;EEF2;PRKCA;CDH2;KIT;PREX1;LCK,1,3,3,2,,0.04932636236669901,0.2,0.15,2.2757831629058764e-74;3.938484700061779e-31;4.0947762539049305e-06,2.751658897946769e-44;1.452837473394411e-13,proxy_dimensions,3,,,,,0,12,0.9963150217094213,,,
CDH1,2,52,CLDN7;CTNNB1,MYH11;VHL;GAPDH;ESR1;TUBA1B;TFRC;IGFBP2;CCNB1;FN1;CAV1;SERPINE1;HSPA1A;SYK;ANXA1;AR;RAB25;CASP7;RICTOR;CCNE1;GAB2;ATM;INPP4B;FASN;MSH6;STAT5A;MYC;ASNS;BCL2L11;SQSTM1;EEF2K;ERBB2;PDCD4;RPS6;ACACA;TP53BP1;TGM2;FOXM1;MSH2;DIABLO;BRAF;ERBB3;PTEN;TP53;ETS1;CHEK2;COL6A1;EEF2;PRKCA;CDH2;KIT;PREX1;LCK,1,3,3,2,,0.04932636236669901,0.2,0.15,4.1746907106665234e-94;6.940567588277725e-39;1.6802642801006704e-05,8.370674194530551e-64;1.982286043553657e-12,proxy_dimensions,3,,,,,0,12,0.9747046728662967,,,
HSPA1A,1,30,COL6A1,VHL;GAPDH;TFRC;IGFBP2;CLDN7;CDH1;ANXA1;RAB25;CCNE1;GAB2;ATM;FASN;CTNNB1;MSH6;BCL2L11;PDCD4;RPS6;ACACA;TP53BP1;TGM2;MSH2;MAPK1;DIABLO;NF2;RBM15;MAP2K1;PTEN;TP53;CHEK2;PEA15,1,2,2,1,,0.04932636236669901,0.2,0.15,8.839614024904499e-33;3.352105965293545e-09,1.3976933422563857e-19,proxy_dimensions,2,,,,,0,12,1.0148938532257339,,,
GAB2,1,58,VHL,MYH11;GAPDH;ESR1;TUBA1B;TFRC;IGFBP2;CLDN7;CCNB1;FN1;CAV1;CDH1;SERPINE1;HSPA1A;SYK;ANXA1;AR;RAB25;CASP7;RICTOR;CCNE1;ATM;INPP4B;FASN;CTNNB1;MSH6;STAT5A;MYC;ASNS;BCL2L11;SQSTM1;EEF2K;ERBB2;PDCD4;RPS6;ACACA;TP53BP1;TGM2;FOXM1;MSH2;MAPK1;DIABLO;BRAF;ERBB3;NF2;RBM15;MAP2K1;PTEN;TP53;ETS1;CHEK2;PEA15;COL6A1;EEF2;PRKCA;CDH2;KIT;PREX1;LCK,1,2,2,1,,0.04932636236669901,0.2,0.15,8.021082270893613e-34;7.039084720041832e-11,3.4964499999551616e-13,proxy_dimensions,2,,,,,0,12,1.0333685063598728,,,
ASNS,3,9,BRAF;CHEK2;PRKCA,VHL;IGFBP2;MSH6;PDCD4;MSH2;DIABLO;MAP2K1;PTEN;TP53,1,4,4,3,,0.04932636236669901,0.4,0.2,1.3864682566269595e-33;5.437902663342842e-10;9.765709410632101e-06;0.03190208283992904,6.242326816422837e-24;2.1375032029892665e-07;0.00825669393043629,proxy_dimensions,4,,,,,0,12,0.9789150636836195,,,
BCL2L11,2,9,CCNE1;PRKCA,VHL;IGFBP2;MSH6;PDCD4;MSH2;DIABLO;MAP2K1;PTEN;TP53,1,3,3,2,,0.04932636236669901,0.4,0.2,9.413109604807302e-16;5.587773125512084e-06;0.015969079549398014,2.8455274780895653e-06;0.005679185896576708,proxy_dimensions,3,,,,,0,12,1.013743021859086,,,
BRAF,4,9,CTNNB1;ASNS;EEF2K;ETS1,VHL;IGFBP2;MSH6;PDCD4;MSH2;DIABLO;MAP2K1;PTEN;TP53,1,5,5,4,,0.04932636236669901,0.4,0.2,3.486596492702962e-47;4.666917720525453e-19;2.0541482532114978e-08;0.00018564964307057614;0.039423507580695384,2.0781258190550064e-33;2.1314205094562533e-14;4.005358303548879e-06;0.016917485835734835,proxy_dimensions,5,,,,,0,12,0.9087220241271763,,,
CDH2,3,9,STAT5A;SQSTM1;RPS6,VHL;IGFBP2;MSH6;PDCD4;MSH2;DIABLO;MAP2K1;PTEN;TP53,1,3,3,2,0.021012611466309852,0.04932636236669901,0.4,0.2,7.350221025349154e-29;1.9048940305325776e-08;0.0014126232666954283;0.14211416351909575,5.0887201608699576e-30;1.0707944743455063e-06;0.1488619970918873,conditional_information_dimension,3,0.07168318864982821,0.5200625906286209;0.27223788818610617;0.07168318864982821,0.031330456936948727,False,0,12,0.9313625462719033,,,
CLDN7,1,6,CDH1,GAPDH;IGFBP2;RAB25;GAB2;ATM;PTEN,1,2,2,1,,0.04932636236669901,0.4,0.2,4.276328119003359e-16;5.997529891758196e-07,7.045212706344392e-07,proxy_dimensions,2,,,,,0,13,0.9705538601289361,,,
CDH1,2,6,CLDN7;CTNNB1,GAPDH;IGFBP2;RAB25;GAB2;ATM;PTEN,1,3,3,2,,0.04932636236669901,0.4,0.2,8.76938859862504e-30;1.6118137887953553e-15;3.2280077521585345e-06,8.743775762578314e-23;3.423626468622352e-09,proxy_dimensions,3,,,,,0,13,0.969392268436293,,,
HSPA1A,3,24,COL6A1;CDH2;KIT,VHL;GAPDH;ESR1;TUBA1B;TFRC;IGFBP2;CLDN7;CCNB1;FN1;SERPINE1;SYK;RAB25;CCNE1;ATM;INPP4B;FASN;ASNS;BCL2L11;SQSTM1;ACACA;FOXM1;DIABLO;TP53;CHEK2,1,4,4,3,,0.04932636236669901,0.2,0.15,1.7388691801955868e-51;2.0557807983761534e-25;6.445454091952019e-14;5.91522064787939e-05,9.17871794354396e-38;1.64916150845792e-16;7.756198378167182e-05,proxy_dimensions,4,,,,,0,13,1.0066981503648054,,,
GAB2,1,24,BRAF,VHL;GAPDH;ESR1;TUBA1B;TFRC;IGFBP2;CLDN7;CCNB1;FN1;SERPINE1;SYK;RAB25;CCNE1;ATM;INPP4B;FASN;ASNS;BCL2L11;SQSTM1;ACACA;FOXM1;DIABLO;TP53;CHEK2,1,2,2,1,,0.04932636236669901,0.2,0.15,6.944911172520754e-31;0.0001848658633733141,5.607317060478053e-16,proxy_dimensions,2,,,,,0,13,1.0045513091661182,,,
ASNS,2,6,CAV1;ACACA,GAPDH;IGFBP2;RAB25;GAB2;ATM;PTEN,1,2,2,2,0.052208816815202765,0.04932636236669901,0.4,0.2,9.581216721576602e-07;0.0024580360937375063;0.06246189728152334,5.960454626196012e-08;0.024253658833601813,reported,2,0.11153848654191335,0.28460181312837457;0.11153848654191335,0.046160338596462305,True,1,13,1.0000577387065681,0.7642306144523794,0.12491981563803185,0.6515945372160684
BCL2L11,1,54,CCNE1,MYH11;VHL;GAPDH;ESR1;TUBA1B;TFRC;IGFBP2;CLDN7;FN1;CAV1;CDH1;SERPINE1;HSPA1A;SYK;ANXA1;AR;RAB25;CASP7;RICTOR;GAB2;ATM;FASN;CTNNB1;MSH6;STAT5A;MYC;ASNS;EEF2K;ERBB2;PDCD4;RPS6;ACACA;TP53BP1;TGM2;MSH2;MAPK1;DIABLO;BRAF;ERBB3;NF2;RBM15;MAP2K1;PTEN;TP53;ETS1;CHEK2;PEA15;COL6A1;EEF2;PRKCA;CDH2;KIT;PREX1;LCK,1,2,2,1,,0.04932636236669901,0.2,0.15,1.5389673218274708e-56;4.050164309140535e-20,5.31922228050715e-30,proxy_dimensions,2,,,,,0,13,0.9793867004428631,,,
BRAF,2,24,GAB2;EEF2K,VHL;GAPDH;ESR1;TUBA1B;TFRC;IGFBP2;CLDN7;CCNB1;FN1;SERPINE1;SYK;RAB25;CCNE1;ATM;INPP4B;FASN;ASNS;BCL2L11;SQSTM1;ACACA;FOXM1;DIABLO;TP53;CHEK2,1,3,3,2,,0.04932636236669901,0.2,0.15,2.2511441334560336e-48;3.358809648920866e-19;0.00012552790025538647,3.622178419039946e-28;1.6736927623159303e-10,proxy_dimensions,3,,,,,0,13,1.0071578636615968,,,
CDH2,2,24,HSPA1A;STAT5A,VHL;GAPDH;ESR1;TUBA1B;TFRC;IGFBP2;CLDN7;CCNB1;FN1;SERPINE1;SYK;RAB25;CCNE1;ATM;INPP4B;FASN;ASNS;BCL2L11;SQSTM1;ACACA;FOXM1;DIABLO;TP53;CHEK2,1,3,3,2,,0.04932636236669901,0.2,0.15,8.144361360575357e-42;4.492558634005464e-24;9.606487433857504e-12,9.168198839164322e-30;1.292506035602326e-12,proxy_dimensions,3,,,,,0,13,1.0557923640115063,,,
CLDN7,3,10,CDH1;MAPK1;PRKCA,VHL;GAPDH;TFRC;SYK;RAB25;ATM;DIABLO;MAP2K1;PTEN;TP53,1,4,4,3,,0.04932636236669901,0.4,0.2,2.7321164888360213e-53;3.3415488496134083e-34;8.272377793100047e-17;2.6084889450495704e-05,6.395589710402214e-35;6.066590724924595e-18;1.8874273428875373e-05,proxy_dimensions,4,,,,,0,14,1.0369610161917098,,,
CDH1,2,26,CLDN7;CTNNB1,VHL;GAPDH;TFRC;FN1;SERPINE1;ANXA1;AR;RAB25;CASP7;GAB2;INPP4B;FASN;STAT5A;MYC;ASNS;ERBB2;ACACA;TGM2;DIABLO;ERBB3;MAP2K1;PTEN;TP53;CDH2;PREX1;LCK,1,3,3,2,,0.04932636236669901,0.2,0.15,1.1543330610689089e-80;9.893986593978427e-44;6.579628951904475e-15,3.3198907161487836e-54;3.0440116622842564e-17,proxy_dimensions,3,,,,,0,14,1.0988137798769766,,,
HSPA1A,3,10,BRAF;COL6A1;KIT,VHL;GAPDH;TFRC;SYK;RAB25;ATM;DIABLO;MAP2K1;PTEN;TP53,1,4,4,2,,0.04932636236669901,0.4,0.2,6.378017475943548e-33;4.224465520129783e-11;0.005030149822747113;0.04908015656570529,5.1534379593789636e-30;1.0115376370196924e-10;0.061972486723126524,proxy_dimensions,4,,,,,0,14,1.0106621973566687,,,
GAB2,2,3,VHL;BRAF,SYK;RAB25;PTEN,1,3,3,1,,0.04932636236669901,0.4,0.15,1.2048862404110367e-18;0.0026919367486002224;0.04253595617312465,3.40568276223829e-09;0.12707085550601005,proxy_dimensions,3,,,,,0,14,0.9719956200029658,,,
ASNS,3,10,CCNB1;ERBB2;PRKCA,VHL;GAPDH;TFRC;SYK;RAB25;ATM;DIABLO;MAP2K1;PTEN;TP53,1,4,4,3,,0.04932636236669901,0.4,0.2,1.4512621181234004e-39;1.1738351275922696e-19;1.0395253095236133e-06;0.017985376357460357,7.550427934867417e-30;1.529697437644091e-13;5.633662834589451e-06,proxy_dimensions,4,,,,,0,14,1.0316808115831486,,,
BCL2L11,3,10,CCNE1;PDCD4;PRKCA,VHL;GAPDH;TFRC;SYK;RAB25;ATM;DIABLO;MAP2K1;PTEN;TP53,1,4,4,3,,0.04932636236669901,0.4,0.2,1.4643601189020524e-46;2.938817947974499e-27;1.1291154038027888e-10;0.00016384181626353424,2.4864568695870765e-36;1.486126240076088e-19;1.8460154072793577e-06,proxy_dimensions,4,,,,,0,14,0.970959564988536,,,
BRAF,5,10,CAV1;HSPA1A;GAB2;EEF2K;COL6A1,VHL;GAPDH;TFRC;SYK;RAB25;ATM;DIABLO;MAP2K1;PTEN;TP53,1,4,4,4,0.03961338925022237,0.04932636236669901,0.4,0.2,2.1747251802614485e-47;3.069649542529563e-21;8.028035774343415e-08;0.0037285162131976096;0.10670216243329918;0.5930955533719382,1.7646974987754747e-34;8.98082951647312e-16;7.930010125457387e-07;0.002110094493301215,reported,4,0.17353121507861577,0.49861337640242054;0.37240635286800683;0.25204604531634406;0.17353121507861577,0.030976769283642378,True,1,14,1.0203235706419695,1.6570710704233444,0.08372651655594822,0.541176784319312
CDH2,4,3,STAT5A;SQSTM1;RPS6;EEF2,SYK;RAB25;PTEN,1,3,3,3,0.03998062709646123,0.04932636236669901,0.4,0.15,7.756862862007755e-12;0.0001978957653150805;0.006997341321881177,6.5939948341278094e-12;0.00022979977379245387;0.004211719951376369,reported,3,0.1634481424514181,0.35065682877458487;0.19082864771238794;0.1634481424514181,0.039980627096461205,True,1,14,0.9698336619265107,3.1697404087859695,0.10977588564143484,0.4220750672222945
CLDN7,2,10,CDH1;PRKCA,VHL;TUBA1B;RAB25;GAB2;ATM;SQSTM1;BRAF;MAP2K1;PTEN;TP53,1,3,3,2,,0.04932636236669901,0.4,0.2,5.7052182894163904e-27;1.671708716711238e-10;0.003385353431304694,3.967548803489349e-12;0.0003822496932871906,proxy_dimensions,3,,,,,0,15,1.0083323847192567,,,
CDH1,3,10,CLDN7;SERPINE1;CTNNB1,VHL;TUBA1B;RAB25;GAB2;ATM;SQSTM1;BRAF;MAP2K1;PTEN;TP53,1,4,4,3,,0.04932636236669901,0.4,0.2,1.4205897324215864e-48;1.0076176841662075e-23;0.00011104108289348584;0.013536709792182015,2.2844433441758695e-39;2.5172046725238187e-14;0.002220263049203096,proxy_dimensions,4,,,,,0,15,0.9580430378055382,,,
HSPA1A,3,10,TFRC;CASP7;COL6A1,VHL;TUBA1B;RAB25;GAB2;ATM;SQSTM1;BRAF;MAP2K1;PTEN;TP53,1,4,4,3,,0.04932636236669901,0.4,0.2,9.367062008100832e-26;5.349662111189085e-13;3.2160874622729836e-07;0.00060558843642548,1.0827677973213631e-19;2.176215003330134e-10;6.0457481012786514e-05,proxy_dimensions,4,,,,,0,15,0.9868359779048059,,,
GAB2,2,57,RAB25;BRAF,MYH11;VHL;GAPDH;ESR1;TUBA1B;TFRC;IGFBP2;CLDN7;CCNB1;FN1;CAV1;CDH1;SERPINE1;HSPA1A;SYK;ANXA1;AR;CASP7;RICTOR;CCNE1;ATM;INPP4B;FASN;CTNNB1;MSH6;STAT5A;MYC;ASNS;BCL2L11;SQSTM1;EEF2K;ERBB2;PDCD4;RPS6;ACACA;TP53BP1;TGM2;FOXM1;MSH2;MAPK1;DIABLO;ERBB3;NF2;RBM15;MAP2K1;PTEN;TP53;ETS1;CHEK2;PEA15;COL6A1;EEF2;PRKCA;CDH2;KIT;PREX1;LCK,1,3,3,2,,0.04932636236669901,0.2,0.15,1.5755069061680848e-66;6.519157444597882e-30;2.58309415478178e-10,1.8683468435567252e-50;2.6785706408166775e-22,proxy_dimensions,3,,,,,0,15,0.9842163886496624,,,
ASNS,2,10,FASN;CHEK2,VHL;TUBA1B;RAB25;GAB2;ATM;SQSTM1;BRAF;MAP2K1;PTEN;TP53,1,2,2,1,0.003668733616472248,0.04932636236669901,0.4,0.2,2.3104490929853274e-15;0.0002451958421475616;0.09487668816939399,8.950250317732887e-09;0.8574389931336464,conditional_information_dimension,2,0.008920460960638744,0.31814268994637407;0.008920460960638744,0.039528988280613526,False,0,15,1.0143319101986716,,,
BCL2L11,4,10,ANXA1;CCNE1;RBM15;PRKCA,VHL;TUBA1B;RAB25;GAB2;ATM;SQSTM1;BRAF;MAP2K1;PTEN;TP53,1,3,3,3,0.06725051352149067,0.04932636236669901,0.4,0.2,1.5332820097079795e-34;1.1353781136922836e-14;4.80173424627035e-06;0.060645253548478925;0.2597704123378807,2.4040499908778702e-40;1.7347101540685508e-18;3.9890911810115346e-07,reported,3,0.2652289462584926,0.5141017422793386;0.38958532333135043;0.2652289462584926,0.04534218110480504,True,1,15,0.9785717000185317,-0.28005097207551355,-0.005364944557215301,0.4280510661576186
BRAF,1,57,GAB2,MYH11;VHL;GAPDH;ESR1;TUBA1B;TFRC;IGFBP2;CLDN7;CCNB1;FN1;CAV1;CDH1;SERPINE1;HSPA1A;SYK;ANXA1;AR;CASP7;RICTOR;CCNE1;ATM;INPP4B;FASN;CTNNB1;MSH6;STAT5A;MYC;ASNS;BCL2L11;SQSTM1;EEF2K;ERBB2;PDCD4;RPS6;ACACA;TP53BP1;TGM2;FOXM1;MSH2;MAPK1;DIABLO;ERBB3;NF2;RBM15;MAP2K1;PTEN;TP53;ETS1;CHEK2;PEA15;COL6A1;EEF2;PRKCA;CDH2;KIT;PREX1;LCK,1,2,2,1,,0.04932636236669901,0.2,0.15,2.6473747438147172e-45;2.2839070942495777e-10,1.964486956421646e-11,proxy_dimensions,2,,,,,0,15,0.945920977926727,,,
CDH2,3,10,CTNNB1;STAT5A;DIABLO,VHL;TUBA1B;RAB25;GAB2;ATM;SQSTM1;BRAF;MAP2K1;PTEN;TP53,1,4,4,3,,0.04932636236669901,0.4,0.2,1.401877424921386e-34;1.0149771833630785e-07;0.0008833020000513125;0.015299340065914957,9.991035051442727e-32;0.0002951403746913169;0.006168560696850792,proxy_dimensions,4,,,,,0,15,1.0374219457179263,,,
CLDN7,2,5,CDH1;MAP2K1,GAPDH;RAB25;PDCD4;PTEN;TP53,1,2,2,2,0.07687696808985488,0.04932636236669901,0.4,0.2,3.583956277381971e-15;0.0003357261263590406;0.7444621869360986,1.3331228239903953e-12;0.00010791759992724295,reported,2,0.19052198050688016,0.32953226865658075;0.19052198050688016,0.05178741280796173,True,1,16,1.013274266483806,-1.5373288323723255,-0.14383512159832332,0.44260800996515715
CDH1,2,50,CLDN7;CTNNB1,MYH11;VHL;GAPDH;ESR1;TFRC;IGFBP2;CCNB1;FN1;CAV1;SERPINE1;HSPA1A;SYK;ANXA1;AR;RAB25;RICTOR;CCNE1;GAB2;ATM;INPP4B;FASN;STAT5A;MYC;ASNS;BCL2L11;SQSTM1;EEF2K;ERBB2;PDCD4;RPS6;ACACA;TGM2;FOXM1;MAPK1;DIABLO;BRAF;ERBB3;NF2;MAP2K1;PTEN;TP53;ETS1;CHEK2;PEA15;COL6A1;EEF2;PRKCA;CDH2;KIT;PREX1,1,3,3,2,,0.04932636236669901,0.4,0.25,2.754668845423474e-102;1.155434421041391e-52;1.924227006299607e-18,2.5203921875217302e-73;1.9531986864693987e-29,proxy_dimensions,3,,,,,0,16,0.9775920053732664,,,
HSPA1A,2,38,PDCD4;COL6A1,VHL;GAPDH;TUBA1B;TFRC;IGFBP2;CLDN7;FN1;CDH1;SERPINE1;SYK;ANXA1;RAB25;CASP7;GAB2;CTNNB1;MSH6;ASNS;BCL2L11;EEF2K;ERBB2;TP53BP1;TGM2;MSH2;MAPK1;DIABLO;BRAF;NF2;RBM15;MAP2K1;TP53;ETS1;CHEK2;PEA15;PRKCA;CDH2;KIT;PREX1;LCK,1,3,3,2,,0.04932636236669901,0.2,0.15,1.0632756501413795e-67;1.7903946157857134e-30;1.1149308981373317e-12,5.093963994685982e-42;7.449191142561151e-19,proxy_dimensions,3,,,,,0,16,0.9832961109134243,,,
GAB2,2,48,VHL;GAPDH,MYH11;ESR1;TFRC;IGFBP2;CLDN7;CCNB1;FN1;CAV1;SERPINE1;HSPA1A;SYK;ANXA1;AR;RAB25;RICTOR;CCNE1;ATM;INPP4B;FASN;MSH6;STAT5A;MYC;ASNS;BCL2L11;SQSTM1;EEF2K;PDCD4;RPS6;ACACA;TGM2;FOXM1;MSH2;MAPK1;DIABLO;BRAF;ERBB3;NF2;MAP2K1;PTEN;TP53;CHEK2;PEA15;COL6A1;EEF2;PRKCA;CDH2;KIT;PREX1,1,3,3,2,,0.04932636236669901,0.2,0.15,1.4016075216812856e-82;8.64519434051563e-42;3.724557672734149e-12,1.1340114539037777e-57;8.87198774332814e-22,proxy_dimensions,3,,,,,0,16,1.0097379108915343,,,
ASNS,2,5,SQSTM1;CHEK2,GAPDH;RAB25;PDCD4;PTEN;TP53,1,3,3,2,,0.04932636236669901,0.4,0.2,2.7774118173620423e-14;2.0053779278092476e-06;0.0026855263864235895,1.6307179203891436e-09;3.0217281463059455e-05,proxy_dimensions,3,,,,,0,16,1.0098022021799005,,,
BCL2L11,2,54,IGFBP2;ANXA1,MYH11;VHL;GAPDH;ESR1;TUBA1B;TFRC;CLDN7;CCNB1;FN1;CAV1;CDH1;SERPINE1;HSPA1A;SYK;AR;RAB25;CASP7;RICTOR;CCNE1;GAB2;ATM;INPP4B;FASN;CTNNB1;MSH6;STAT5A;MYC;SQSTM1;ERBB2;PDCD4;RPS6;ACACA;TP53BP1;TGM2;FOXM1;MSH2;MAPK1;DIABLO;BRAF;ERBB3;NF2;RBM15;MAP2K1;PTEN;TP53;ETS1;PEA15;COL6A1;EEF2;PRKCA;CDH2;KIT;PREX1;LCK,1,3,3,2,,0.04932636236669901,0.2,0.15,2.7801507070457388e-73;1.2628081297106192e-30;3.3861670310646517e-13,1.33271197504439e-40;1.0827266369097264e-19,proxy_dimensions,3,,,,,0,16,0.9797032572846849,,,
BRAF,1,58,ETS1,MYH11;VHL;GAPDH;ESR1;TUBA1B;TFRC;IGFBP2;CLDN7;CCNB1;FN1;CAV1;CDH1;SERPINE1;HSPA1A;SYK;ANXA1;AR;RAB25;CASP7;RICTOR;CCNE1;GAB2;ATM;INPP4B;FASN;CTNNB1;MSH6;STAT5A;MYC;ASNS;BCL2L11;SQSTM1;EEF2K;ERBB2;PDCD4;RPS6;ACACA;TP53BP1;TGM2;FOXM1;MSH2;MAPK1;DIABLO;ERBB3;NF2;RBM15;MAP2K1;PTEN;TP53;CHEK2;PEA15;COL6A1;EEF2;PRKCA;CDH2;KIT;PREX1;LCK,1,2,2,1,,0.04932636236669901,0.2,0.2,6.178970509446503e-93;8.176431557450427e-29,4.2163925554075975e-49,proxy_dimensions,2,,,,,0,16,1.031485718866426,,,
CDH2,2,5,ESR1;STAT5A,GAPDH;RAB25;PDCD4;PTEN;TP53,1,2,2,2,0.06603770610750208,0.04932636236669901,0.4,0.2,3.937871728987306e-21;4.127341395582676e-06;0.05594810310065317,4.725111513923345e-21;0.0018133120042265751,reported,2,0.15397511124256316,0.45002654154967453;0.15397511124256316,0.05370685904646223,True,1,16,0.9978644208308779,-1.046509584066073,-0.04377848706059274,0.5760423207326972
CLDN7,2,10,CDH1;MAP2K1,TUBA1B;TFRC;IGFBP2;RAB25;GAB2;STAT5A;RPS6;MAPK1;TP53;CDH2,1,3,3,2,,0.04932636236669901,0.4,0.2,6.360923158697934e-25;7.724224281994475e-06;0.000826143534197549,1.5810580234000392e-07;0.0005291363401683192,proxy_dimensions,3,,,,,0,17,1.0163498429223148,,,
CDH1,2,54,CLDN7;CTNNB1,MYH11;VHL;GAPDH;ESR1;TUBA1B;TFRC;IGFBP2;CCNB1;FN1;CAV1;SERPINE1;HSPA1A;SYK;ANXA1;AR;RAB25;CASP7;RICTOR;CCNE1;ATM;INPP4B;FASN;MSH6;STAT5A;MYC;ASNS;BCL2L11;SQSTM1;EEF2K;PDCD4;RPS6;ACACA;TGM2;FOXM1;MSH2;MAPK1;DIABLO;BRAF;ERBB3;NF2;RBM15;MAP2K1;PTEN;TP53;ETS1;CHEK2;PEA15;COL6A1;EEF2;PRKCA;CDH2;KIT;PREX1;LCK,1,3,3,2,,0.04932636236669901,0.2,0.15,3.2922021037172614e-115;3.97493638803943e-49;7.683458212029544e-11,6.3971900352758165e-78;2.242531473253322e-18,proxy_dimensions,3,,,,,0,17,1.0046334123971055,,,
HSPA1A,2,44,COL6A1;KIT,VHL;GAPDH;TUBA1B;TFRC;IGFBP2;CLDN7;CCNB1;FN1;CDH1;SERPINE1;SYK;ANXA1;RAB25;CASP7;CCNE1;GAB2;ATM;FASN;CTNNB1;MSH6;STAT5A;ASNS;BCL2L11;SQSTM1;ERBB2;PDCD4;RPS6;ACACA;TP53BP1;TGM2;FOXM1;MSH2;MAPK1;DIABLO;NF2;RBM15;MAP2K1;TP53;CHEK2;PEA15;PRKCA;CDH2;PREX1;LCK,1,3,3,2,,0.04932636236669901,0.2,0.15,1.3711994804606089e-72;4.864677578585038e-28;8.915780225462511e-12,8.830101813317706e-56;2.2566614717255978e-18,proxy_dimensions,3,,,,,0,17,0.9801275655178459,,,
GAB2,1,54,ERBB2,MYH11;VHL;GAPDH;ESR1;TUBA1B;TFRC;IGFBP2;CCNB1;FN1;CAV1;SERPINE1;HSPA1A;SYK;ANXA1;AR;RAB25;CASP7;RICTOR;CCNE1;ATM;INPP4B;FASN;MSH6;STAT5A;MYC;ASNS;BCL2L11;SQSTM1;EEF2K;PDCD4;RPS6;ACACA;TGM2;FOXM1;MSH2;MAPK1;DIABLO;BRAF;ERBB3;NF2;RBM15;MAP2K1;PTEN;TP53;ETS1;CHEK2;PEA15;COL6A1;EEF2;PRKCA;CDH2;KIT;PREX1;LCK,1,2,2,1,,0.04932636236669901,0.2,0.15,6.68704268598634e-39;5.351644925323317e-15,2.072396147518336e-17,proxy_dimensions,2,,,,,0,17,0.9873266362990775,,,
ASNS,2,10,CHEK2;PRKCA,TUBA1B;TFRC;IGFBP2;RAB25;GAB2;STAT5A;RPS6;MAPK1;TP53;CDH2,1,2,2,2,0.13145607669436188,0.04932636236669901,0.4,0.2,1.5284093901917179e-31;3.583351953532029e-08;0.2652408877702627,1.2454922079221204e-30;5.613569894061935e-09,reported,2,0.28345537437669754,0.4919573056159844;0.28345537437669754,0.07318501549476968,True,1,17,0.9083668949983279,0.6293915427008427,0.05414330917317956,0.524802049461776
BCL2L11,5,10,ANXA1;CCNE1;PDCD4;PEA15;PRKCA,TUBA1B;TFRC;IGFBP2;RAB25;GAB2;STAT5A;RPS6;MAPK1;TP53;CDH2,1,6,6,4,,0.04932636236669901,0.4,0.2,6.945055272114889e-48;5.771986029248104e-23;7.699929316905296e-12;0.00018625631474744817;0.00966182639198819;0.04635438374452196,5.0877952682520873e-45;1.2682572853037168e-21;4.746553576621749e-10;0.020388043269943992;0.06746211997222558,proxy_dimensions,6,,,,,0,17,1.0652188384028898,,,
BRAF,2,44,PTEN;ETS1,VHL;GAPDH;TUBA1B;TFRC;IGFBP2;CLDN7;CCNB1;FN1;CDH1;SERPINE1;SYK;ANXA1;RAB25;CASP7;CCNE1;GAB2;ATM;FASN;CTNNB1;MSH6;STAT5A;ASNS;BCL2L11;SQSTM1;ERBB2;PDCD4;RPS6;ACACA;TP53BP1;TGM2;FOXM1;MSH2;MAPK1;DIABLO;NF2;RBM15;MAP2K1;TP53;CHEK2;PEA15;PRKCA;CDH2;PREX1;LCK,1,3,3,2,,0.04932636236669901,0.2,0.15,2.4307404718812923e-84;1.9300816487375534e-30;2.0304805461331614e-08,5.375264171173334e-49;3.305344740745222e-08,proxy_dimensions,3,,,,,0,17,0.9621489205468937,,,
CDH2,2,54,CCNE1;STAT5A,MYH11;VHL;GAPDH;ESR1;TUBA1B;TFRC;IGFBP2;CLDN7;CCNB1;FN1;CAV1;CDH1;SERPINE1;HSPA1A;SYK;AR;RAB25;CASP7;RICTOR;GAB2;ATM;INPP4B;FASN;CTNNB1;MSH6;MYC;ASNS;SQSTM1;EEF2K;ERBB2;RPS6;ACACA;TP53BP1;TGM2;FOXM1;MSH2;MAPK1;DIABLO;BRAF;ERBB3;NF2;RBM15;MAP2K1;PTEN;TP53;ETS1;CHEK2;PEA15;COL6A1;EEF2;PRKCA;KIT;PREX1;LCK,1,3,3,2,,0.04932636236669901,0.2,0.15,4.857180119092889e-99;7.679073649849341e-48;1.815401760678447e-16,4.337342109104726e-74;3.639291875010745e-26,proxy_dimensions,3,,,,,0,17,1.0671695800347476,,,
CLDN7,2,22,CDH1;RAB25,VHL;GAPDH;IGFBP2;CCNB1;SYK;CASP7;CCNE1;GAB2;ASNS;EEF2K;ERBB2;TGM2;FOXM1;RBM15;PTEN;TP53;CHEK2;PEA15;EEF2;KIT;PREX1;LCK,1,3,3,2,,0.04932636236669901,0.2,0.15,3.9741754982441175e-29;7.9155141421227e-11;0.001316465275889627,7.717295365278804e-17;5.887439055297934e-07,proxy_dimensions,3,,,,,0,18,1.0131597138748984,,,
CDH1,3,22,CLDN7;CTNNB1;CDH2,VHL;GAPDH;IGFBP2;CCNB1;SYK;CASP7;CCNE1;GAB2;ASNS;EEF2K;ERBB2;TGM2;FOXM1;RBM15;PTEN;TP53;CHEK2;PEA15;EEF2;KIT;PREX1;LCK,1,4,4,3,,0.04932636236669901,0.2,0.15,2.1702455701849197e-70;2.476367287616839e-22;1.4155218081558663e-10;0.0009442209179317036,5.449244792018013e-59;1.2013842286537056e-15;0.0009845741794910733,proxy_dimensions,4,,,,,0,18,0.9511049490535447,,,
HSPA1A,2,22,SQSTM1;COL6A1,VHL;GAPDH;IGFBP2;CCNB1;SYK;CASP7;CCNE1;GAB2;ASNS;EEF2K;ERBB2;TGM2;FOXM1;RBM15;PTEN;TP53;CHEK2;PEA15;EEF2;KIT;PREX1;LCK,1,3,3,2,,0.04932636236669901,0.2,0.15,1.1201141436137892e-53;7.212352571806685e-19;2.994554135705891e-10,1.9093019605335236e-36;8.112946458842669e-11,proxy_dimensions,3,,,,,0,18,0.9917461997122553,,,
GAB2,2,2,VHL;RAB25,ASNS;TP53,1,1,1,1,0.11505032264104768,0.04932636236669901,0.4,0.15,0.0001001326316050846;0.05444590737589889,0.0053658917444820335,reported,1,0.159447237426848,0.159447237426848,0.08834151382935396,True,1,18,1.0187213763924203,-1.3354086265005907,-0.0013494290697447576,0.6804138967949569
ASNS,2,52,TGM2;EEF2,MYH11;VHL;GAPDH;ESR1;TUBA1B;TFRC;IGFBP2;CLDN7;CCNB1;FN1;CAV1;CDH1;SERPINE1;HSPA1A;SYK;ANXA1;AR;RAB25;RICTOR;CCNE1;GAB2;ATM;INPP4B;FASN;CTNNB1;MSH6;STAT5A;MYC;BCL2L11;SQSTM1;EEF2K;PDCD4;RPS6;ACACA;TP53BP1;FOXM1;MSH2;MAPK1;DIABLO;BRAF;ERBB3;NF2;RBM15;MAP2K1;PTEN;TP53;ETS1;CHEK2;COL6A1;PRKCA;CDH2;KIT,1,3,3,2,,0.04932636236669901,0.2,0.15,3.917301951464591e-81;1.6513491916477181e-40;9.11954667691505e-19,3.4991410294055507e-54;3.2245639306925747e-21,proxy_dimensions,3,,,,,0,18,0.9968267033977684,,,
BCL2L11,4,22,ANXA1;INPP4B;PDCD4;PRKCA,VHL;GAPDH;IGFBP2;CCNB1;SYK;CASP7;CCNE1;GAB2;ASNS;EEF2K;ERBB2;TGM2;FOXM1;RBM15;PTEN;TP53;CHEK2;PEA15;EEF2;KIT;PREX1;LCK,1,5,5,4,,0.04932636236669901,0.2,0.15,8.992712201177734e-83;1.5310190514238154e-54;1.4717600165261932e-34;6.816449923517776e-20;6.865530901810185e-08,3.070452379345155e-68;1.3731848909744996e-41;2.559603760588328e-21;7.742589484821107e-08,proxy_dimensions,5,,,,,0,18,0.9728642023534593,,,
BRAF,4,8,CTNNB1;EEF2K;ERBB3;ETS1,GAB2;FASN;ASNS;ACACA;MAPK1;NF2;MAP2K1;TP53,1,4,4,3,0.0035211560528365083,0.04932636236669901,0.4,0.2,4.769847989451541e-54;5.019046438587218e-22;4.735443384774298e-06;0.021810704660117444;0.1617243234035456,2.6014379720648707e-35;2.921214633570238e-10;0.00019588591079735754;0.7783324982619908,conditional_information_dimension,4,0.01401277351644311,0.547710455587372;0.31217497645647685;0.23020513966207215;0.01401277351644311,0.02084966001097156,False,0,18,1.0248986309783423,,,
CDH2,2,22,CDH1;STAT5A,VHL;GAPDH;IGFBP2;CCNB1;SYK;CASP7;CCNE1;GAB2;ASNS;EEF2K;ERBB2;TGM2;FOXM1;RBM15;PTEN;TP53;CHEK2;PEA15;EEF2;KIT;PREX1;LCK,1,3,3,2,,0.04932636236669901,0.2,0.15,1.1857416153723297e-49;6.382304916339204e-26;1.458372792374709e-07,2.8004070486033225e-36;1.2948520185027237e-12,proxy_dimensions,3,,,,,0,18,0.9590246765592148,,,
CLDN7,3,4,CAV1;CDH1;PRKCA,TFRC;IGFBP2;RPS6;PTEN,1,3,3,3,0.03862609668304127,0.04932636236669901,0.4,0.15,1.3407482626118367e-18;1.6472970243828593e-09;0.002223546054352053;0.31755032323763666,1.1741919421507847e-17;4.472572449635742e-09;0.0036004015794224424,reported,3,0.14399331868395135,0.35918810337731644;0.2928892491830209;0.14399331868395135,0.03500369393089487,True,1,19,0.9881589107695813,0.242529165892902,0.06256908517225145,0.6120126803445225
CDH1,5,23,CLDN7;SERPINE1;CTNNB1;RBM15;CDH2,VHL;GAPDH;TUBA1B;TFRC;IGFBP2;ANXA1;RAB25;GAB2;ATM;FASN;STAT5A;ASNS;BCL2L11;EEF2K;PDCD4;ACACA;DIABLO;BRAF;MAP2K1;PTEN;TP53;CHEK2;KIT,1,6,6,5,,0.04932636236669901,0.2,0.15,4.504923839648454e-119;3.845831818292776e-66;1.2432099772299891e-39;1.699782306422301e-21;1.043684493548081e-11;9.680236658959323e-06,2.050262432062155e-96;1.0219649270348265e-54;3.602875458754734e-31;2.9184027029682415e-18;3.766816964124412e-08,proxy_dimensions,6,,,,,0,19,1.0001892402745736,,,
HSPA1A,4,4,SQSTM1;ETS1;COL6A1;CDH2,TFRC;IGFBP2;RPS6;PTEN,1,3,3,2,0.014365521480166153,0.04932636236669901,0.4,0.15,1.605481191939961e-14;1.2362759442740353e-05;0.004219190641609578;0.15916780755813809,2.7462503947140143e-11;0.00022809403150376355;0.6069529479198872,conditional_information_dimension,3,0.04968651352532098,0.3403058245060781;0.2446986396274527;0.04968651352532098,0.022944890653881434,False,0,19,1.0588871926763326,,,
GAB2,2,4,VHL;SQSTM1,TFRC;IGFBP2;RPS6;PTEN,1,2,2,2,0.07001828501592054,0.04932636236669901,0.4,0.15,0.00012329544205966445;0.012749414748864525;0.25685736241774854,1.7301660981854634e-05;0.003119951291271557,reported,2,0.14599063469136686,0.21152822438673297;0.14599063469136686,0.05344676956666493,True,1,19,1.0003227707806488,1.2093505473677568,0.015647320897460067,0.6042548328725229
ASNS,3,4,CCNB1;RICTOR;CHEK2,TFRC;IGFBP2;RPS6;PTEN,1,3,3,3,0.03894972953515455,0.04932636236669901,0.4,0.15,7.353437734655644e-08;0.00199931561524481;0.0328355231328403;0.48951959647383547,7.623313302746172e-09;0.0001517226613636628;0.007467345989204633,reported,3,0.13243018036954007,0.28176245834566394;0.19358284330481823;0.13243018036954007,0.033986984467987445,True,1,19,0.9623715352545774,-3.2145000704487785,-0.03197062341163545,0.6454595015166739
BCL2L11,4,4,RAB25;CCNE1;PDCD4;TGM2,TFRC;IGFBP2;RPS6;PTEN,1,4,4,3,0.014593785157921743,0.04932636236669901,0.4,0.15,1.618062877740604e-14;2.0415220007664746e-06;0.003464313421227919;0.025917365645964856,1.6796792191270982e-11;9.140524794584216e-05;0.045014127082721705;0.24522700447990323,conditional_information_dimension,4,0.057800142386647116,0.346305349235528;0.24127838426936427;0.14346209570340276;0.057800142386647116,0.014593785157921764,False,0,19,0.9263587891251404,,,
BRAF,4,4,CAV1;CTNNB1;EEF2K;ETS1,TFRC;IGFBP2;RPS6;PTEN,1,3,3,3,0.05532429704493556,0.04932636236669901,0.4,0.15,3.441206550094805e-14;1.3032079947463454e-09;4.7594099567503526e-05;0.6967420458674342,1.752012588850249e-12;1.805919815447608e-07;0.001383050723203726,reported,3,0.17906989410498036,0.3066929394984112;0.262627351625752;0.17906989410498036,0.0486942716438678,True,1,19,1.0229468681165772,-3.8958914900544297,-0.09893170832094378,0.5558754286898951
CDH2,7,4,CDH1;HSPA1A;CCNE1;CTNNB1;STAT5A;SQSTM1;ETS1,TFRC;IGFBP2;RPS6;PTEN,1,3,3,3,0.03573744381283539,0.04932636236669901,0.4,0.15,1.2936043697796084e-14;1.6016743064763586e-06;0.0012852303492660406;0.32526508883197436,2.2949064963706433e-15;5.924066603592486e-07;0.0015153677234719253,reported,3,0.21775760002656203,0.386491698674872;0.27875584650369517;0.21775760002656203,0.034141000943362095,True,2,19,0.9442133927650125,0.2424248419933481,0.019182899947897958,0.6214626247257391
CLDN7,2,17,ACACA;PRKCA,TUBA1B;TFRC;IGFBP2;SYK;RAB25;ATM;STAT5A;ASNS;EEF2K;ERBB2;TGM2;MAP2K1;PTEN;TP53;PEA15;EEF2;KIT,1,3,3,2,,0.04932636236669901,0.2,0.15,5.809045700730473e-55;3.270545623917409e-27;6.596155894931692e-11,1.2494768139531227e-38;8.575132788897271e-11,proxy_dimensions,3,,,,,0,20,1.0567402327931543,,,
CDH1,2,17,CTNNB1;CDH2,TUBA1B;TFRC;IGFBP2;SYK;RAB25;ATM;STAT5A;ASNS;EEF2K;ERBB2;TGM2;MAP2K1;PTEN;TP53;PEA15;EEF2;KIT,1,3,3,2,,0.04932636236669901,0.2,0.15,1.7666227564591114e-35;5.317347627491715e-21;1.6017737257484893e-11,1.112135492531027e-20;2.333805110879534e-11,proxy_dimensions,3,,,,,0,20,1.0708464348083004,,,
HSPA1A,3,13,TFRC;SQSTM1;COL6A1,VHL;GAPDH;IGFBP2;CLDN7;RAB25;GAB2;ERBB2;DIABLO;MAP2K1;PTEN;TP53;CDH2;KIT,1,4,4,3,,0.04932636236669901,0.4,0.2,3.5708261930044384e-36;3.4658342726864317e-14;1.7078164478374852e-06;0.013455764074752633,1.8168160873722302e-18;4.875185880138383e-08;0.008136490575219707,proxy_dimensions,4,,,,,0,20,1.0128061638192951,,,
GAB2,1,17,VHL,TUBA1B;TFRC;IGFBP2;SYK;RAB25;ATM;STAT5A;ASNS;EEF2K;ERBB2;TGM2;MAP2K1;PTEN;TP53;PEA15;EEF2;KIT,1,2,2,1,,0.04932636236669901,0.2,0.15,1.05451778979836e-28;3.8270091038716566e-07,1.38916296143042e-13,proxy_dimensions,2,,,,,0,20,0.9645933312208697,,,
ASNS,2,13,ACACA;CHEK2,VHL;GAPDH;IGFBP2;CLDN7;RAB25;GAB2;ERBB2;DIABLO;MAP2K1;PTEN;TP53;CDH2;KIT,1,3,3,2,,0.04932636236669901,0.4,0.2,8.695435881645662e-21;1.7033671007579343e-08;0.00024034132710815662,2.0382181594478516e-14;0.0004470850279270657,proxy_dimensions,3,,,,,0,20,1.039441051950728,,,
BCL2L11,2,17,PDCD4;PRKCA,TUBA1B;TFRC;IGFBP2;SYK;RAB25;ATM;STAT5A;ASNS;EEF2K;ERBB2;TGM2;MAP2K1;PTEN;TP53;PEA15;EEF2;KIT,1,3,3,2,,0.04932636236669901,0.2,0.15,8.209484714625445e-51;1.9409606674758288e-25;5.416900741634108e-10,6.982374062231728e-41;5.133920155377507e-15,proxy_dimensions,3,,,,,0,20,1.0044873665263852,,,
BRAF,2,17,CAV1;ETS1,TUBA1B;TFRC;IGFBP2;SYK;RAB25;ATM;STAT5A;ASNS;EEF2K;ERBB2;TGM2;MAP2K1;PTEN;TP53;PEA15;EEF2;KIT,1,3,3,2,,0.04932636236669901,0.2,0.15,4.2490294103781193e-72;1.5681078120587085e-30;7.602596029437466e-10,2.4612932742046273e-44;1.0532287527776003e-11,proxy_dimensions,3,,,,,0,20,0.9965969048793014,,,
CDH2,2,17,CDH1;HSPA1A,TUBA1B;TFRC;IGFBP2;SYK;RAB25;ATM;STAT5A;ASNS;EEF2K;ERBB2;TGM2;MAP2K1;PTEN;TP53;PEA15;EEF2;KIT,1,3,3,2,,0.04932636236669901,0.2,0.15,1.6910687592492568e-36;6.465304265251137e-21;3.156388994097173e-11,4.335622914187938e-27;1.2061868933032234e-11,proxy_dimensions,3,,,,,0,20,1.024145164848874,,,
CLDN7,2,9,FN1;CDH1,VHL;ESR1;TFRC;FASN;ERBB2;ACACA;PTEN;TP53;EEF2,1,2,2,2,0.05115263194006462,0.04932636236669901,0.4,0.2,4.6674675190719275e-27;0.0001435924261894231;0.5074923043393653,6.086953895052997e-16;0.02317787019504415,reported,2,0.11239456906751573,0.4040589829221433;0.11239456906751573,0.03428837713652024,True,1,21,0.9932327510412824,-1.4149517866330656,-0.10683881745878263,0.5177319085361122
CDH1,3,55,CLDN7;CTNNB1;PDCD4,MYH11;VHL;GAPDH;ESR1;TUBA1B;TFRC;IGFBP2;CCNB1;FN1;CAV1;SERPINE1;HSPA1A;SYK;ANXA1;AR;RAB25;CASP7;RICTOR;CCNE1;GAB2;ATM;INPP4B;FASN;MSH6;STAT5A;MYC;ASNS;BCL2L11;SQSTM1;EEF2K;ERBB2;RPS6;ACACA;TP53BP1;TGM2;FOXM1;MSH2;MAPK1;DIABLO;BRAF;ERBB3;NF2;MAP2K1;PTEN;TP53;ETS1;CHEK2;PEA15;COL6A1;EEF2;PRKCA;CDH2;KIT;PREX1;LCK,1,4,4,3,,0.04932636236669901,0.2,0.15,3.619486940869953e-136;3.459189207872946e-70;5.848782659320409e-39;2.5082758437208776e-15,1.216345718686497e-106;8.004385622872591e-50;1.1319399481960095e-20,proxy_dimensions,4,,,,,0,21,0.9926377351494523,,,
HSPA1A,3,9,COL6A1;CDH2;KIT,VHL;ESR1;TFRC;FASN;ERBB2;ACACA;PTEN;TP53;EEF2,1,3,3,3,0.059299686280267966,0.04932636236669901,0.4,0.2,9.52331760048634e-09;0.00015019593745498863;0.007366322968994637;0.10934774169578039,2.0841240076169396e-11;2.0982418302663635e-06;0.0009513904476583157,reported,3,0.16320171737989378,0.2975588847951182;0.2243180444825309;0.16320171737989378,0.039899908712640285,True,1,21,1.0524706841323177,-0.507607065883898,-0.008705649240804286,0.647784573680349
GAB2,1,31,BRAF,VHL;GAPDH;ESR1;TUBA1B;IGFBP2;CLDN7;FN1;CDH1;SERPINE1;SYK;ANXA1;RAB25;CASP7;FASN;CTNNB1;MSH6;STAT5A;BCL2L11;SQSTM1;ERBB2;PDCD4;ACACA;MSH2;NF2;RBM15;MAP2K1;PTEN;CHEK2;CDH2;PREX1;LCK,1,2,2,1,,0.04932636236669901,0.2,0.15,7.351077708244373e-38;6.1475017077144955e-09,5.741934622477652e-20,proxy_dimensions,2,,,,,0,21,0.9823143696767096,,,
ASNS,2,31,CAV1;TP53,VHL;GAPDH;ESR1;TUBA1B;IGFBP2;CLDN7;FN1;CDH1;SERPINE1;SYK;ANXA1;RAB25;CASP7;FASN;CTNNB1;MSH6;STAT5A;BCL2L11;SQSTM1;ERBB2;PDCD4;ACACA;MSH2;NF2;RBM15;MAP2K1;PTEN;CHEK2;CDH2;PREX1;LCK,1,3,3,2,,0.04932636236669901,0.2,0.15,1.6835350075417775e-42;3.966817269643686e-19;8.456978859234334e-06,2.8200632632770376e-23;4.716143493135825e-08,proxy_dimensions,3,,,,,0,21,0.9744637612530163,,,
BCL2L11,4,9,ANXA1;CCNE1;INPP4B;PDCD4,VHL;ESR1;TFRC;FASN;ERBB2;ACACA;PTEN;TP53;EEF2,1,4,4,4,0.029190331901769565,0.04932636236669901,0.4,0.2,2.684091251974479e-35;7.272168726919423e-08;0.0001424387520960478;0.01125864346689458;0.38941686221925853,7.826395614759869e-42;4.7828754396443e-11;4.231140701635889e-07;0.0026653429269572772,reported,4,0.1487104940997434,0.588978893536398;0.27720706391164457;0.25061561640564645;0.1487104940997434,0.023725741007845854,True,1,21,1.0199197848787913,-0.6536715926354342,-0.005081674392599305,0.5548567189300072
BRAF,3,9,GAB2;EEF2K;ETS1,VHL;ESR1;TFRC;FASN;ERBB2;ACACA;PTEN;TP53;EEF2,1,3,3,3,0.08762366280904806,0.04932636236669901,0.4,0.2,3.356370633047666e-35;3.2081341465121313e-18;1.5785229332053113e-09;0.10626106758981785,2.6666467329549137e-36;2.3064982115779696e-17;8.0927539056223e-08,reported,3,0.26208020414132677,0.4816341735450351;0.3576373886957228;0.26208020414132677,0.05618653457282272,True,1,21,0.9579538474445781,-2.17377936589755,-0.09718625191496116,0.6036410179179093
CDH2,4,9,HSPA1A;STAT5A;SQSTM1;KIT,VHL;ESR1;TFRC;FASN;ERBB2;ACACA;PTEN;TP53;EEF2,1,4,4,4,0.026782827684836943,0.04932636236669901,0.4,0.2,3.8025656175633554e-26;1.3280691032602789e-09;6.618488170091957e-05;0.011920848728801881;0.16519411556430835,2.3351764647410184e-31;1.9645436333388086e-11;0.0001897571725683092;0.0301080573888337,reported,4,0.10764815744979536,0.5041342795119332;0.33264094300744157;0.20553452381118256;0.10764815744979536,0.025380974148097743,True,1,21,1.0267137717154222,0.67465981321122,-0.020670939487156467,0.5131407602497476
CLDN7,1,24,CDH1,VHL;TFRC;FN1;SERPINE1;SYK;CCNE1;ATM;FASN;STAT5A;ASNS;BCL2L11;EEF2K;ERBB2;PDCD4;ACACA;TGM2;MAPK1;DIABLO;NF2;TP53;PEA15;EEF2;CDH2;KIT,1,2,2,1,,0.04932636236669901,0.2,0.15,4.260234512810689e-37;2.262466895936721e-10,3.1054562379356065e-18,proxy_dimensions,2,,,,,0,22,0.9765006966135727,,,
CDH1,3,24,CLDN7;CTNNB1;MAP2K1,VHL;TFRC;FN1;SERPINE1;SYK;CCNE1;ATM;FASN;STAT5A;ASNS;BCL2L11;EEF2K;ERBB2;PDCD4;ACACA;TGM2;MAPK1;DIABLO;NF2;TP53;PEA15;EEF2;CDH2;KIT,1,4,4,3,,0.04932636236669901,0.2,0.15,7.846543331928613e-80;6.229197972283491e-42;5.044193180817317e-15;9.67856077972337e-08,2.2551338444470116e-54;1.3462308140931405e-17;4.167617347485864e-08,proxy_dimensions,4,,,,,0,22,0.9867363401392236,,,
HSPA1A,3,9,SQSTM1;ETS1;COL6A1,TUBA1B;IGFBP2;FN1;SERPINE1;RAB25;BCL2L11;ERBB2;MAP2K1;PTEN,1,3,3,2,0.02084408595081509,0.04932636236669901,0.4,0.2,4.0169313926501105e-28;6.959551274204605e-08;0.00015708300003797575;0.21251640141685638,2.92425970160872e-30;1.4442548013550279e-06;0.0832170659026907,conditional_information_dimension,3,0.08597322361029341,0.5231543158267888;0.2656212293322703;0.08597322361029341,0.028456268195998845,False,0,22,0.9956483616569091,,,
GAB2,2,9,BRAF;KIT,TUBA1B;IGFBP2;FN1;SERPINE1;RAB25;BCL2L11;ERBB2;MAP2K1;PTEN,1,2,2,2,0.051422110825160544,0.04932636236669901,0.4,0.2,5.426231040452661e-18;0.000140370287030469;0.8818189771208941,6.968957993075917e-14;0.008933506296786837,reported,2,0.1292945092743683,0.37330443290403853;0.1292945092743683,0.03299758465552798,True,1,22,0.9860658009038842,-4.971021988010485,-0.07133881601602267,0.657936589931419
ASNS,2,9,ACACA;CHEK2,TUBA1B;IGFBP2;FN1;SERPINE1;RAB25;BCL2L11;ERBB2;MAP2K1;PTEN,1,3,3,2,,0.04932636236669901,0.4,0.2,5.299623497205541e-16;1.6160098142560732e-06;0.025550886854991746,3.1904977648162215e-15;2.08980137714625e-06,proxy_dimensions,3,,,,,0,22,0.896300703349013,,,
BCL2L11,1,58,PDCD4,MYH11;VHL;GAPDH;ESR1;TUBA1B;TFRC;IGFBP2;CLDN7;CCNB1;FN1;CAV1;CDH1;SERPINE1;HSPA1A;SYK;ANXA1;AR;RAB25;CASP7;RICTOR;CCNE1;GAB2;ATM;INPP4B;FASN;CTNNB1;MSH6;STAT5A;MYC;ASNS;SQSTM1;EEF2K;ERBB2;RPS6;ACACA;TP53BP1;TGM2;FOXM1;MSH2;MAPK1;DIABLO;BRAF;ERBB3;NF2;RBM15;MAP2K1;PTEN;TP53;ETS1;CHEK2;PEA15;COL6A1;EEF2;PRKCA;CDH2;KIT;PREX1;LCK,1,2,2,1,,0.04932636236669901,0.2,0.15,4.343015606506611e-67;1.7329805055109672e-31,7.1996310071220834e-34,proxy_dimensions,2,,,,,0,22,0.956139964827534,,,
BRAF,3,9,GAB2;EEF2K;ETS1,TUBA1B;IGFBP2;FN1;SERPINE1;RAB25;BCL2L11;ERBB2;MAP2K1;PTEN,1,4,4,3,,0.04932636236669901,0.4,0.2,2.8168273427394554e-33;7.906370671661298e-15;1.9901389843441357e-05;0.002977414801890898,1.7011128998799697e-20;6.6581192470139e-09;0.0005061998506610525,proxy_dimensions,4,,,,,0,22,0.9615027962164951,,,
CDH2,3,9,CDH1;STAT5A;SQSTM1,TUBA1B;IGFBP2;FN1;SERPINE1;RAB25;BCL2L11;ERBB2;MAP2K1;PTEN,1,4,4,3,,0.04932636236669901,0.4,0.2,4.100860378978451e-25;1.372878531563958e-09;0.00020356001590124978;0.009584167091018825,2.5009837695399525e-21;2.068563760697364e-05;0.011801634810187145,proxy_dimensions,4,,,,,0,22,1.0188284920626909,,,
CLDN7,2,19,CDH1;ACACA,GAPDH;TUBA1B;TFRC;FN1;SERPINE1;HSPA1A;SYK;CASP7;ASNS;ERBB2;TGM2;MAPK1;DIABLO;NF2;MAP2K1;PTEN;TP53;CHEK2;PEA15,1,3,3,2,,0.04932636236669901,0.2,0.15,1.1852554503629502e-41;2.7981115914794417e-15;3.791934391528334e-06,4.947470278339912e-23;1.7082295510208735e-09,proxy_dimensions,3,,,,,0,23,0.9385151294067814,,,
CDH1,3,19,CLDN7;CTNNB1;CDH2,GAPDH;TUBA1B;TFRC;FN1;SERPINE1;HSPA1A;SYK;CASP7;ASNS;ERBB2;TGM2;MAPK1;DIABLO;NF2;MAP2K1;PTEN;TP53;CHEK2;PEA15,1,4,4,3,,0.04932636236669901,0.2,0.15,4.792957069798152e-78;4.093364495310625e-40;4.59078474660784e-16;7.433535080151188e-06,6.7604389546434675e-59;6.122661599465011e-25;1.828116815060169e-09,proxy_dimensions,4,,,,,0,23,1.010912632403422,,,
HSPA1A,4,2,TFRC;MYC;COL6A1;KIT,MAP2K1;PTEN,1,2,2,1,0.041331623275225764,0.04932636236669901,0.4,0.15,1.4371689022703884e-06;0.000773221451193644,0.00017758911138081833;0.12646252770523683,conditional_information_dimension,2,0.11842009593957993,0.24345492451264736;0.11842009593957993,0.04133162327522574,False,0,23,0.979610135548463,,,
GAB2,1,19,VHL,GAPDH;TUBA1B;TFRC;FN1;SERPINE1;HSPA1A;SYK;CASP7;ASNS;ERBB2;TGM2;MAPK1;DIABLO;NF2;MAP2K1;PTEN;TP53;CHEK2;PEA15,1,2,2,1,,0.04932636236669901,0.2,0.15,6.536332775949077e-23;0.0013596561797477782,6.117797831422039e-13,proxy_dimensions,2,,,,,0,23,1.00182032189515,,,
ASNS,3,4,CCNB1;SQSTM1;CHEK2,TFRC;MAP2K1;PTEN;EEF2,1,2,2,2,0.07201587212576332,0.04932636236669901,0.4,0.2,1.7261268725473307e-05;0.029512220026978977;0.2915133014546176;0.4557121581689394,3.8360737540769986e-05;0.0016139414354094813,reported,2,0.1767762161133943,0.2038976654121829;0.1767762161133943,0.0536918959864696,True,1,23,0.9675602430363899,0.45749473795197015,-0.006266593358297462,0.5861668946033914
BCL2L11,3,19,RAB25;CCNE1;PDCD4,GAPDH;TUBA1B;TFRC;FN1;SERPINE1;HSPA1A;SYK;CASP7;ASNS;ERBB2;TGM2;MAPK1;DIABLO;NF2;MAP2K1;PTEN;TP53;CHEK2;PEA15,1,4,4,3,,0.04932636236669901,0.2,0.15,3.398145928521652e-52;1.0108678380845674e-27;2.2090489131958206e-11;0.00024614782043125993,1.2813116673164165e-40;2.662083866371823e-21;5.947951251241194e-09,proxy_dimensions,4,,,,,0,23,1.0314380602422022,,,
BRAF,1,19,CAV1,GAPDH;TUBA1B;TFRC;FN1;SERPINE1;HSPA1A;SYK;CASP7;ASNS;ERBB2;TGM2;MAPK1;DIABLO;NF2;MAP2K1;PTEN;TP53;CHEK2;PEA15,1,2,2,1,,0.04932636236669901,0.2,0.15,8.825247154488531e-55;3.0871394105779096e-16,5.400807883499468e-23,proxy_dimensions,2,,,,,0,23,0.922508072281492,,,
CDH2,3,19,CDH1;STAT5A;PREX1,GAPDH;TUBA1B;TFRC;FN1;SERPINE1;HSPA1A;SYK;CASP7;ASNS;ERBB2;TGM2;MAPK1;DIABLO;NF2;MAP2K1;PTEN;TP53;CHEK2;PEA15,1,4,4,3,,0.04932636236669901,0.2,0.15,5.4053872966203095e-70;1.005631114315751e-41;2.0002085459094326e-20;4.99879874741074e-11,1.0525515636156957e-57;3.264703626779517e-29;8.13299040193678e-12,proxy_dimensions,4,,,,,0,23,1.0150934262862399,,,
CLDN7,3,11,CDH1;RAB25;PRKCA,TUBA1B;TFRC;GAB2;EEF2K;ERBB2;RPS6;BRAF;MAP2K1;PTEN;TP53;EEF2,1,3,3,2,0.031531904914814675,0.04932636236669901,0.4,0.2,2.4559927775918456e-32;1.0022677935449068e-17;0.001577192275133916;0.16779547432228467,2.1772360223434895e-24;3.827365108627316e-06;0.05036453750995689,conditional_information_dimension,3,0.0970671602362172,0.47423847377169615;0.25271460411035446;0.0970671602362172,0.03249167467714573,False,0,24,1.0822561289181045,,,
CDH1,4,21,CLDN7;CTNNB1;PDCD4;MAP2K1,GAPDH;TUBA1B;TFRC;IGFBP2;CCNB1;ANXA1;GAB2;FASN;MSH6;ASNS;SQSTM1;ERBB2;RPS6;ACACA;TGM2;FOXM1;MSH2;RBM15;PTEN;TP53;EEF2,1,5,5,4,,0.04932636236669901,0.2,0.15,4.06623509007411e-85;6.230825894800816e-46;8.647148106321274e-23;6.632973637804189e-10;0.002762846433904258,8.62809783101408e-64;3.475375998283768e-33;6.201934545146937e-11;0.0007935836732735145,proxy_dimensions,5,,,,,0,24,0.9782135461047422,,,
HSPA1A,2,21,COL6A1;CDH2,GAPDH;TUBA1B;TFRC;IGFBP2;CCNB1;ANXA1;GAB2;FASN;MSH6;ASNS;SQSTM1;ERBB2;RPS6;ACACA;TGM2;FOXM1;MSH2;RBM15;PTEN;TP53;EEF2,1,3,3,2,,0.04932636236669901,0.2,0.15,4.59420294863738e-32;9.85942523107051e-14;0.009456753992131906,2.9393654114594326e-26;5.775967874881172e-11,proxy_dimensions,3,,,,,0,24,0.9848546801784719,,,
GAB2,0,0,,,1,0,0,0,,0.04932636236669901,0.2,0.15,,,no_shared_direction,0,,,,,0,24,1.013827441722997,,,
ASNS,2,11,ACACA;CHEK2,TUBA1B;TFRC;GAB2;EEF2K;ERBB2;RPS6;BRAF;MAP2K1;PTEN;TP53;EEF2,1,3,3,2,,0.04932636236669901,0.4,0.2,3.268758948094914e-21;3.192869769150611e-10;0.04082128710416219,3.0619745376694796e-19;1.023566083646379e-07,proxy_dimensions,3,,,,,0,24,0.9916608376569975,,,
BCL2L11,3,21,RAB25;CCNE1;PDCD4,GAPDH;TUBA1B;TFRC;IGFBP2;CCNB1;ANXA1;GAB2;FASN;MSH6;ASNS;SQSTM1;ERBB2;RPS6;ACACA;TGM2;FOXM1;MSH2;RBM15;PTEN;TP53;EEF2,1,4,4,3,,0.04932636236669901,0.2,0.15,1.5377012449465624e-63;2.8539278472459584e-32;2.635751005446515e-13;0.011272273731685517,3.591155693286435e-54;3.3052170232062416e-25;4.176630725636175e-06,proxy_dimensions,4,,,,,0,24,0.9622293604161195,,,
BRAF,1,21,EEF2K,GAPDH;TUBA1B;TFRC;IGFBP2;CCNB1;ANXA1;GAB2;FASN;MSH6;ASNS;SQSTM1;ERBB2;RPS6;ACACA;TGM2;FOXM1;MSH2;RBM15;PTEN;TP53;EEF2,1,2,2,1,,0.04932636236669901,0.2,0.15,1.459571920175535e-33;5.297214123461413e-13,4.59741795414748e-14,proxy_dimensions,2,,,,,0,24,0.9681534554264378,,,
CDH2,4,11,HSPA1A;RICTOR;STAT5A;SQSTM1,TUBA1B;TFRC;GAB2;EEF2K;ERBB2;RPS6;BRAF;MAP2K1;PTEN;TP53;EEF2,1,4,4,4,0.03258242642474054,0.04932636236669901,0.4,0.2,4.657204027293547e-37;1.13005943438801e-12;1.5481663538811942e-07;0.000563756191444894;0.06304615745384964,2.0358124489412414e-39;1.2042546096360176e-13;6.88940872012654e-08;0.0005068067898245422,reported,4,0.17181233233019524,0.552392257193616;0.3130575827121525;0.254105010421252;0.17181233233019524,0.028114424753003128,True,1,24,1.0164481396155105,-0.20374873466115265,-0.01647718394294834,0.5761146655629806
CLDN7,1,58,DIABLO,MYH11;VHL;GAPDH;ESR1;TUBA1B;TFRC;IGFBP2;CCNB1;FN1;CAV1;CDH1;SERPINE1;HSPA1A;SYK;ANXA1;AR;RAB25;CASP7;RICTOR;CCNE1;GAB2;ATM;INPP4B;FASN;CTNNB1;MSH6;STAT5A;MYC;ASNS;BCL2L11;SQSTM1;EEF2K;ERBB2;PDCD4;RPS6;ACACA;TP53BP1;TGM2;FOXM1;MSH2;MAPK1;BRAF;ERBB3;NF2;RBM15;MAP2K1;PTEN;TP53;ETS1;CHEK2;PEA15;COL6A1;EEF2;PRKCA;CDH2;KIT;PREX1;LCK,2,2,2,1,,0.04932636236669901,0.2,0.15,2.7392639729016196e-63;7.944609431334986e-23,4.888754106191786e-25,proxy_dimensions,2,,,,,0,25,1.007407261276114,,,
CDH1,2,24,FN1;CTNNB1,VHL;GAPDH;TUBA1B;TFRC;IGFBP2;CLDN7;SYK;RAB25;GAB2;ATM;FASN;STAT5A;SQSTM1;EEF2K;RPS6;ACACA;DIABLO;NF2;MAP2K1;PTEN;TP53;EEF2;CDH2;KIT,2,3,3,2,,0.04932636236669901,0.4,0.25,2.6767613840467996e-82;6.9450975281181144e-40;5.566059339296503e-12,8.70381059266813e-42;3.2578679491692064e-14,proxy_dimensions,3,,,,,0,25,0.9396938579804891,,,
HSPA1A,2,22,ATM;COL6A1,VHL;TUBA1B;TFRC;IGFBP2;CLDN7;FN1;CDH1;SERPINE1;SYK;ANXA1;GAB2;ASNS;EEF2K;ERBB2;PDCD4;DIABLO;NF2;PTEN;TP53;CHEK2;EEF2;KIT,2,3,3,2,,0.04932636236669901,0.2,0.15,7.653666284821178e-54;8.081450929291336e-26;2.0771473088276276e-09,7.411910476353731e-41;5.838469320344265e-19,proxy_dimensions,3,,,,,0,25,1.0813646439252522,,,
GAB2,0,0,,,2,0,0,0,,0.04932636236669901,0.2,0.15,,,no_shared_direction,0,,,,,0,25,1.0007075328435024,,,
ASNS,3,12,CCNB1;SQSTM1;CHEK2,GAPDH;CLDN7;SYK;RAB25;GAB2;ATM;FASN;ACACA;MAP2K1;TP53;EEF2;KIT,2,3,3,3,0.08005764985481413,0.04932636236669901,0.4,0.2,4.8641185066839135e-52;1.873673294158697e-18;9.39102862118812e-09;0.0683101948988057,1.5085519986676205e-34;1.5794255262234291e-18;2.7162658777317823e-09,reported,3,0.28938554398039507,0.45297223346613874;0.35427843566795103;0.28938554398039507,0.048889179290945786,True,1,25,1.0067115040282342,7.097182910870689,0.30073214343839305,0.5491946655878606
BCL2L11,2,22,RAB25;CCNE1,VHL;TUBA1B;TFRC;IGFBP2;CLDN7;FN1;CDH1;SERPINE1;SYK;ANXA1;GAB2;ASNS;EEF2K;ERBB2;PDCD4;DIABLO;NF2;PTEN;TP53;CHEK2;EEF2;KIT,2,3,3,2,,0.04932636236669901,0.2,0.15,5.616123678328185e-36;1.7370071366288985e-15;1.1472505684592543e-07,2.0994368824432744e-18;2.1566040249147386e-09,proxy_dimensions,3,,,,,0,25,1.0117721178404822,,,
BRAF,1,22,ETS1,VHL;TUBA1B;TFRC;IGFBP2;CLDN7;FN1;CDH1;SERPINE1;SYK;ANXA1;GAB2;ASNS;EEF2K;ERBB2;PDCD4;DIABLO;NF2;PTEN;TP53;CHEK2;EEF2;KIT,2,2,2,1,,0.04932636236669901,0.2,0.15,6.499067700127088e-63;5.3081473553206115e-27,5.1376680777598174e-27,proxy_dimensions,2,,,,,0,25,1.0232047185221627,,,
CDH2,2,12,STAT5A;SQSTM1,GAPDH;CLDN7;SYK;RAB25;GAB2;ATM;FASN;ACACA;MAP2K1;TP53;EEF2;KIT,2,3,3,2,,0.04932636236669901,0.4,0.2,3.1858179429457914e-34;5.309373595808775e-16;5.503852996372726e-06,2.2900162094835277e-30;9.96896169766087e-12,proxy_dimensions,3,,,,,0,25,0.9707676110497162,,,
CLDN7,2,15,CDH1;MAP2K1,VHL;GAPDH;TUBA1B;TFRC;SYK;ANXA1;GAB2;BCL2L11;EEF2K;PDCD4;NF2;RBM15;TP53;CDH2;KIT,1,3,3,2,,0.04932636236669901,0.2,0.15,1.6706868289720248e-43;5.3725117580145485e-14;0.00012073860972294203,2.8188253747247006e-27;1.6671357027336756e-11,proxy_dimensions,3,,,,,0,26,0.996429462972821,,,
CDH1,3,13,CLDN7;CTNNB1;RBM15,GAPDH;TFRC;IGFBP2;RAB25;ATM;SQSTM1;EEF2K;RPS6;NF2;MAP2K1;PTEN;TP53;CDH2,1,4,4,3,,0.04932636236669901,0.4,0.25,4.035250122071678e-69;1.254696331275735e-40;1.1273448112749635e-19;4.280542796547473e-07,3.081394361817853e-54;1.4534652747690328e-25;7.585440608954065e-12,proxy_dimensions,4,,,,,0,26,0.958817181897027,,,
HSPA1A,5,2,TFRC;BRAF;COL6A1;CDH2;KIT,PTEN;TP53,1,2,2,2,0.05717696064863539,0.04932636236669901,0.4,0.15,6.65657476300388e-09;0.012380864917885906,2.569507337082395e-09;0.007275426280928465,reported,2,0.18459315939509668,0.3306738369729713;0.18459315939509668,0.05717696064863546,True,1,26,0.9600467178407948,0.15262579847424768,0.015881824672215984,0.6326742415607085
GAB2,2,13,VHL;BRAF,GAPDH;TFRC;IGFBP2;RAB25;ATM;SQSTM1;EEF2K;RPS6;NF2;MAP2K1;PTEN;TP53;CDH2,1,3,3,2,,0.04932636236669901,0.4,0.25,6.824327420665454e-29;5.890934729276378e-09;0.012572259955859864,1.17119117519469e-19;1.3643838093291968e-08,proxy_dimensions,3,,,,,0,26,0.9705703796091006,,,
ASNS,3,15,CAV1;ACACA;TGM2,VHL;GAPDH;TUBA1B;TFRC;SYK;ANXA1;GAB2;BCL2L11;EEF2K;PDCD4;NF2;RBM15;TP53;CDH2;KIT,1,3,3,3,0.09169662762138707,0.04932636236669901,0.2,0.15,3.1558596825892414e-40;1.021175206183657e-20;1.904153811047088e-08;0.050229218361076855,2.786151006372395e-39;9.073912334069571e-24;8.971816275485069e-12,reported,3,0.329675287381754,0.44859707500599805;0.39256225783819293;0.329675287381754,0.04939947919275023,True,2,26,1.0347200372376684,-1.120396094941522,-0.020620511699753503,0.6231229369565287
BCL2L11,3,2,ANXA1;CCNE1;PRKCA,PTEN;TP53,1,2,2,2,0.0807678972101155,0.04932636236669901,0.4,0.15,4.107476126271623e-08;0.00034033970707147054,6.562857479240898e-09;0.00012499170713391465,reported,2,0.20835329445724401,0.2727236487062707;0.20835329445724401,0.08076789721011556,True,2,26,0.9749023655339214,0.36620596602252387,0.049325862363213756,0.5896508288942044
BRAF,2,13,GAB2;ETS1,GAPDH;TFRC;IGFBP2;RAB25;ATM;SQSTM1;EEF2K;RPS6;NF2;MAP2K1;PTEN;TP53;CDH2,1,3,3,2,,0.04932636236669901,0.4,0.25,2.0704613070398686e-25;4.4418877957862e-06;0.020151830007742393,4.055429481245086e-08;0.0003229497787194746,proxy_dimensions,3,,,,,0,26,0.9542631512385703,,,
CDH2,4,2,HSPA1A;CCNE1;STAT5A;SQSTM1,PTEN;TP53,1,2,2,1,0.03472248953597881,0.04932636236669901,0.4,0.15,2.6799310893551195e-07;0.03140997363019904,1.1595948130413e-06;0.27880118211165583,conditional_information_dimension,2,0.09725356920480605,0.30136907953343295;0.09725356920480605,0.03472248953597878,False,0,26,1.086849643215752,,,
CLDN7,2,9,FN1;CDH1,VHL;GAPDH;IGFBP2;RAB25;ATM;EEF2K;DIABLO;MAP2K1;PTEN,1,2,2,1,0.026052050198751585,0.04932636236669901,0.4,0.2,4.587963313141631e-34;7.805750781743916e-06;0.19077429609614138,2.22020593965595e-11;0.1892438568251671,conditional_information_dimension,2,0.06512507034857808,0.3533045688633729;0.06512507034857808,0.028454456840964183,False,0,27,1.0099094431293105,,,
CDH1,4,26,TFRC;CLDN7;SERPINE1;CTNNB1,VHL;GAPDH;TUBA1B;IGFBP2;RAB25;GAB2;ATM;FASN;MSH6;STAT5A;ASNS;SQSTM1;EEF2K;PDCD4;RPS6;ACACA;TGM2;MSH2;MAPK1;DIABLO;NF2;MAP2K1;TP53;PEA15;CDH2;KIT,1,5,5,4,,0.04932636236669901,0.2,0.15,6.025520924594813e-112;7.756521649809553e-56;1.7841732574938374e-31;1.424529606880838e-15;2.864438674131188e-05,4.6938061364326183e-88;6.304197764117021e-47;1.5212178774147835e-27;1.3896910071579817e-12,proxy_dimensions,5,,,,,0,27,0.9758782228502977,,,
HSPA1A,2,9,COL6A1;KIT,VHL;GAPDH;IGFBP2;RAB25;ATM;EEF2K;DIABLO;MAP2K1;PTEN,1,3,3,2,,0.04932636236669901,0.4,0.2,2.2326587725144744e-19;4.699780111549111e-07;0.002573889020360053,3.900902524850987e-17;4.9651481633681325e-05,proxy_dimensions,3,,,,,0,27,1.0401554320128805,,,
GAB2,1,9,KIT,VHL;GAPDH;IGFBP2;RAB25;ATM;EEF2K;DIABLO;MAP2K1;PTEN,1,2,2,1,,0.04932636236669901,0.4,0.2,9.678303283666384e-26;2.847241531476707e-11,7.246704784941056e-14,proxy_dimensions,2,,,,,0,27,1.0623369026747627,,,
ASNS,2,25,ACACA;CHEK2,MYH11;VHL;GAPDH;ESR1;IGFBP2;CAV1;HSPA1A;SYK;RAB25;RICTOR;GAB2;ATM;MSH6;EEF2K;ERBB2;RPS6;MSH2;DIABLO;MAP2K1;PTEN;TP53;PEA15;COL6A1;EEF2;KIT,1,3,3,2,,0.04932636236669901,0.4,0.25,7.681747861574886e-41;1.7685670856692924e-19;4.7430136228420124e-05,1.4529940203937657e-26;7.524436752659264e-11,proxy_dimensions,3,,,,,0,27,0.9752865255369617,,,
BCL2L11,4,9,ANXA1;CCNE1;PDCD4;PEA15,VHL;GAPDH;IGFBP2;RAB25;ATM;EEF2K;DIABLO;MAP2K1;PTEN,1,4,4,3,0.016750600749173863,0.04932636236669901,0.4,0.2,1.6096545155384133e-20;3.2818512549769403e-10;0.0002442698475583149;0.017967002608121244;0.13302640551807726,8.973935314818528e-21;3.154037619339124e-08;0.0009003447524099712;0.1393258131146068,conditional_information_dimension,4,0.07349450662979413,0.4278158113576739;0.2847768011255209;0.20025151238234257;0.07349450662979413,0.02521358800919857,False,0,27,1.016508930763733,,,
BRAF,2,9,ETS1;KIT,VHL;GAPDH;IGFBP2;RAB25;ATM;EEF2K;DIABLO;MAP2K1;PTEN,1,3,3,2,,0.04932636236669901,0.4,0.2,7.627012732505745e-27;2.1749582605312006e-07;0.018589814429293684,4.926056991959117e-13;0.0009716686771222625,proxy_dimensions,3,,,,,0,27,0.9229016145234112,,,
CDH2,2,9,STAT5A;SQSTM1,VHL;GAPDH;IGFBP2;RAB25;ATM;EEF2K;DIABLO;MAP2K1;PTEN,1,3,3,2,,0.04932636236669901,0.4,0.2,2.1558605783666057e-32;3.5784419226476937e-11;0.006283573321521869,1.2236984507691426e-23;0.00761092962068712,proxy_dimensions,3,,,,,0,27,1.0319061521250146,,,
CLDN7,2,21,CAV1;CDH1,VHL;GAPDH;TUBA1B;TFRC;IGFBP2;RAB25;CASP7;GAB2;ATM;STAT5A;BCL2L11;ERBB2;RPS6;DIABLO;MAP2K1;PTEN;TP53;CHEK2;EEF2;PREX1;LCK,1,3,3,2,,0.04932636236669901,0.4,0.2,6.358496282720084e-41;4.717475276988911e-13;0.0011750865878771414,5.62536975149798e-18;0.0014877803480392536,proxy_dimensions,3,,,,,0,28,0.9885378834833921,,,
CDH1,3,21,CLDN7;CTNNB1;CDH2,VHL;GAPDH;TUBA1B;TFRC;IGFBP2;RAB25;CASP7;GAB2;ATM;STAT5A;BCL2L11;ERBB2;RPS6;DIABLO;MAP2K1;PTEN;TP53;CHEK2;EEF2;PREX1;LCK,1,4,4,3,,0.04932636236669901,0.4,0.2,5.49248416167554e-73;2.5960635440882208e-45;4.699185249847457e-21;0.0003716642220411279,1.2737508945357394e-59;7.405848837493688e-34;7.839725720772572e-13,proxy_dimensions,4,,,,,0,28,1.0423650476658775,,,
HSPA1A,2,21,ETS1;COL6A1,VHL;GAPDH;TUBA1B;TFRC;IGFBP2;RAB25;CASP7;GAB2;ATM;STAT5A;BCL2L11;ERBB2;RPS6;DIABLO;MAP2K1;PTEN;TP53;CHEK2;EEF2;PREX1;LCK,1,3,3,2,,0.04932636236669901,0.4,0.2,1.937173403126294e-53;5.13339669697083e-30;1.1721295521397005e-10,4.0326260268366705e-42;2.004523501232254e-21,proxy_dimensions,3,,,,,0,28,0.9313849637660693,,,
GAB2,1,58,VHL,MYH11;GAPDH;ESR1;TUBA1B;TFRC;IGFBP2;CLDN7;CCNB1;FN1;CAV1;CDH1;SERPINE1;HSPA1A;SYK;ANXA1;AR;RAB25;CASP7;RICTOR;CCNE1;ATM;INPP4B;FASN;CTNNB1;MSH6;STAT5A;MYC;ASNS;BCL2L11;SQSTM1;EEF2K;ERBB2;PDCD4;RPS6;ACACA;TP53BP1;TGM2;FOXM1;MSH2;MAPK1;DIABLO;BRAF;ERBB3;NF2;RBM15;MAP2K1;PTEN;TP53;ETS1;CHEK2;PEA15;COL6A1;EEF2;PRKCA;CDH2;KIT;PREX1;LCK,1,2,2,1,,0.04932636236669901,0.2,0.15,3.644178786653965e-36;4.700873832001601e-11,5.232200574094469e-17,proxy_dimensions,2,,,,,0,28,0.9777284722673593,,,
ASNS,3,21,CCNE1;FASN;ACACA,VHL;GAPDH;TUBA1B;TFRC;IGFBP2;RAB25;CASP7;GAB2;ATM;STAT5A;BCL2L11;ERBB2;RPS6;DIABLO;MAP2K1;PTEN;TP53;CHEK2;EEF2;PREX1;LCK,1,4,4,3,,0.04932636236669901,0.4,0.2,7.258137713841775e-34;2.8170317514954603e-16;1.6802563696661817e-09;3.54030467253265e-05,1.534576582064518e-24;4.59789178232292e-13;6.019280294783566e-06,proxy_dimensions,4,,,,,0,28,0.9614118095710282,,,
BCL2L11,4,17,ANXA1;PDCD4;DIABLO;PRKCA,VHL;GAPDH;TUBA1B;TFRC;IGFBP2;RAB25;GAB2;FASN;SQSTM1;EEF2K;ACACA;TP53BP1;MAP2K1;PTEN;EEF2;CDH2;KIT,1,5,5,4,,0.04932636236669901,0.2,0.15,2.1154429344801448e-74;2.775533404838204e-44;1.2776618869363501e-26;1.8805231463198502e-16;4.875467899465987e-07,2.473930046632957e-69;8.342308340360478e-39;9.004640618843101e-21;2.1957546133573187e-10,proxy_dimensions,5,,,,,0,28,0.9704071042712372,,,
BRAF,3,21,CAV1;CTNNB1;ETS1,VHL;GAPDH;TUBA1B;TFRC;IGFBP2;RAB25;CASP7;GAB2;ATM;STAT5A;BCL2L11;ERBB2;RPS6;DIABLO;MAP2K1;PTEN;TP53;CHEK2;EEF2;PREX1;LCK,1,4,4,3,,0.04932636236669901,0.4,0.2,9.538898588085635e-68;2.438277958742846e-40;2.80760402148176e-19;0.000619002609438304,4.334799160540047e-53;3.122911358116626e-32;3.9745225992050234e-14,proxy_dimensions,4,,,,,0,28,1.0298738688344198,,,
CDH2,2,21,CDH1;SQSTM1,VHL;GAPDH;TUBA1B;TFRC;IGFBP2;RAB25;CASP7;GAB2;ATM;STAT5A;BCL2L11;ERBB2;RPS6;DIABLO;MAP2K1;PTEN;TP53;CHEK2;EEF2;PREX1;LCK,1,3,3,2,,0.04932636236669901,0.4,0.2,2.180129402038765e-46;1.4486858696742863e-22;3.4415775315545433e-09,5.78814700367622e-28;2.1758982205271478e-11,proxy_dimensions,3,,,,,0,28,1.0535774802489652,,,
CLDN7,2,55,CDH1;MAP2K1,MYH11;VHL;GAPDH;ESR1;TUBA1B;TFRC;IGFBP2;CCNB1;FN1;CAV1;SERPINE1;HSPA1A;SYK;ANXA1;AR;RAB25;CASP7;RICTOR;CCNE1;GAB2;ATM;INPP4B;FASN;MSH6;STAT5A;MYC;ASNS;BCL2L11;SQSTM1;EEF2K;ERBB2;PDCD4;RPS6;ACACA;TP53BP1;TGM2;FOXM1;MSH2;MAPK1;DIABLO;BRAF;ERBB3;NF2;RBM15;PTEN;TP53;ETS1;CHEK2;PEA15;COL6A1;EEF2;PRKCA;KIT;PREX1;LCK,1,3,3,2,,0.04932636236669901,0.2,0.15,8.499180291201064e-70;3.76737302430117e-22;9.858253555915825e-07,1.0001507762000752e-37;1.0467221931649446e-15,proxy_dimensions,3,,,,,0,29,1.0297874987597189,,,
CDH1,3,55,CLDN7;CTNNB1;CDH2,MYH11;VHL;GAPDH;ESR1;TUBA1B;TFRC;IGFBP2;CCNB1;FN1;CAV1;SERPINE1;HSPA1A;SYK;ANXA1;AR;RAB25;CASP7;RICTOR;CCNE1;GAB2;ATM;INPP4B;FASN;MSH6;STAT5A;MYC;ASNS;BCL2L11;SQSTM1;EEF2K;ERBB2;PDCD4;RPS6;ACACA;TP53BP1;TGM2;FOXM1;MSH2;MAPK1;DIABLO;BRAF;ERBB3;NF2;RBM15;PTEN;TP53;ETS1;CHEK2;PEA15;COL6A1;EEF2;PRKCA;KIT;PREX1;LCK,1,4,4,3,,0.04932636236669901,0.2,0.15,2.994844265512226e-133;2.2366381817900748e-69;5.0854974119366336e-26;7.580095632397432e-07,1.8665769384661428e-94;2.5228903607276557e-35;2.0621567161039343e-14,proxy_dimensions,4,,,,,0,29,0.9561864784774926,,,
HSPA1A,3,9,CASP7;ERBB3;COL6A1,GAPDH;TUBA1B;TFRC;SYK;ATM;BCL2L11;MAP2K1;PTEN;TP53,1,3,3,3,0.03977463913051533,0.04932636236669901,0.4,0.2,7.192628883075799e-18;3.637502322643608e-09;0.0001809781114227928;0.10095256838876873,7.444344480451364e-19;4.057613942643266e-07;0.020641786060082233,reported,3,0.11469820461472499,0.4018747414468216;0.26705706415957414;0.11469820461472499,0.03542906556065306,True,1,29,0.9503115125213321,-0.5725264766002099,-0.11948271205558504,0.5580050437186186
GAB2,4,2,MYH11;RAB25;BRAF;KIT,TFRC;PTEN,1,2,2,2,0.06234293651323834,0.04932636236669901,0.4,0.15,6.458940745847205e-09;0.008809255504435294,2.4621434224874904e-09;0.004280674652268484,reported,2,0.17898939440761558,0.31802871976823927;0.17898939440761558,0.06234293651323845,True,1,29,1.0693991895223705,1.2441129630359926,0.014918039142955968,0.5845439676081166
ASNS,1,9,CHEK2,GAPDH;TUBA1B;TFRC;SYK;ATM;BCL2L11;MAP2K1;PTEN;TP53,1,2,2,1,,0.04932636236669901,0.4,0.2,1.7893676129546498e-13;0.029896354337187202,1.681602144395603e-09,proxy_dimensions,2,,,,,0,29,0.95904230322344,,,
BCL2L11,1,26,CCNE1,GAPDH;TUBA1B;CLDN7;FN1;CDH1;SERPINE1;SYK;ANXA1;RAB25;GAB2;FASN;CTNNB1;ASNS;EEF2K;ERBB2;PDCD4;ACACA;TP53BP1;DIABLO;BRAF;RBM15;MAP2K1;PTEN;TP53;CDH2;KIT,1,2,2,1,,0.04932636236669901,0.2,0.15,8.232814572871896e-38;2.5350474699575686e-11,9.454655297378453e-19,proxy_dimensions,2,,,,,0,29,1.017483826613962,,,
BRAF,4,9,RICTOR;EEF2K;ETS1;KIT,GAPDH;TUBA1B;TFRC;SYK;ATM;BCL2L11;MAP2K1;PTEN;TP53,1,4,4,4,0.04546764983253729,0.04932636236669901,0.4,0.2,9.761919415414227e-39;2.2114727533718287e-18;1.6261999306068577e-09;0.0026089568479150203;0.07930885581625509,1.419665612119133e-33;2.875439770037969e-19;2.3294765097232024e-10;2.6258140271670505e-05,reported,4,0.2070011926708966,0.4475266939104541;0.3649016339355061;0.2812077759128223;0.2070011926708966,0.03283569129555518,True,1,29,0.9520193729038089,3.951916638680822,0.2292447320084693,0.5798764294437101
CDH2,3,9,CDH1;CCNE1;SQSTM1,GAPDH;TUBA1B;TFRC;SYK;ATM;BCL2L11;MAP2K1;PTEN;TP53,1,3,3,2,0.017595150444419404,0.04932636236669901,0.4,0.2,2.1610063645901406e-27;3.9354483625462206e-08;0.0056426491897575625;0.15213754378042285,2.6559292434617856e-33;4.595138328376669e-09;0.2652988130658165,conditional_information_dimension,3,0.055344581022792064,0.5274217984535197;0.31916060254665424;0.055344581022792064,0.024965124616353175,False,0,29,1.0255662163879038,,,
CLDN7,1,57,CDH1,MYH11;VHL;GAPDH;ESR1;TUBA1B;TFRC;IGFBP2;CCNB1;FN1;CAV1;SERPINE1;HSPA1A;SYK;ANXA1;AR;RAB25;CASP7;RICTOR;CCNE1;GAB2;ATM;INPP4B;FASN;MSH6;STAT5A;MYC;ASNS;BCL2L11;SQSTM1;EEF2K;ERBB2;PDCD4;RPS6;ACACA;TP53BP1;TGM2;FOXM1;MSH2;MAPK1;DIABLO;BRAF;ERBB3;NF2;RBM15;MAP2K1;PTEN;TP53;ETS1;CHEK2;PEA15;COL6A1;EEF2;PRKCA;CDH2;KIT;PREX1;LCK,2,2,2,1,,0.04932636236669901,0.2,0.15,3.060184856597981e-48;2.897840472612917e-09,7.402367826843067e-20,proxy_dimensions,2,,,,,0,30,0.9791064775411571,,,
CDH1,2,57,CLDN7;CTNNB1,MYH11;VHL;GAPDH;ESR1;TUBA1B;TFRC;IGFBP2;CCNB1;FN1;CAV1;SERPINE1;HSPA1A;SYK;ANXA1;AR;RAB25;CASP7;RICTOR;CCNE1;GAB2;ATM;INPP4B;FASN;MSH6;STAT5A;MYC;ASNS;BCL2L11;SQSTM1;EEF2K;ERBB2;PDCD4;RPS6;ACACA;TP53BP1;TGM2;FOXM1;MSH2;MAPK1;DIABLO;BRAF;ERBB3;NF2;RBM15;MAP2K1;PTEN;TP53;ETS1;CHEK2;PEA15;COL6A1;EEF2;PRKCA;CDH2;KIT;PREX1;LCK,2,3,3,2,,0.04932636236669901,0.2,0.15,5.3470907563139545e-95;1.1411263788072214e-39;4.662699102767079e-09,4.4207175157446466e-61;3.3008035933368716e-13,proxy_dimensions,3,,,,,0,30,0.940513598944819,,,
HSPA1A,3,11,MYC;COL6A1;CDH2,VHL;GAPDH;TFRC;RAB25;STAT5A;ERBB2;DIABLO;NF2;MAP2K1;PTEN;EEF2,2,3,3,2,0.025303872566190922,0.04932636236669901,0.4,0.2,3.8307681755311682e-31;2.0119191078101787e-14;0.001430934926985154;0.20796837417679026,9.558155487712228e-30;2.742686263418718e-10;0.08891502312783509,conditional_information_dimension,3,0.08443194080520688,0.48582607279717216;0.333447851914145;0.08443194080520688,0.03301261844080168,False,0,30,0.9967079357528893,,,
GAB2,3,3,MYH11;VHL;PREX1,RAB25;MAP2K1;PTEN,2,3,3,2,0.03320217463711486,0.04932636236669901,0.4,0.15,3.9351301382189325e-08;0.00017946168832777215;0.03743761444422022,4.861927372365218e-08;0.0005522448897274835;0.05057257994252119,conditional_information_dimension,3,0.0969799759024306,0.2760166048672942;0.19666950867349345;0.0969799759024306,0.03320217463711489,False,0,30,1.062441749150771,,,
ASNS,3,37,ACACA;TGM2;CHEK2,VHL;GAPDH;ESR1;TUBA1B;IGFBP2;CLDN7;CCNB1;FN1;CDH1;SERPINE1;SYK;ANXA1;RAB25;CASP7;CCNE1;GAB2;ATM;CTNNB1;MSH6;BCL2L11;SQSTM1;EEF2K;ERBB2;RPS6;TP53BP1;FOXM1;MSH2;DIABLO;BRAF;RBM15;MAP2K1;PTEN;ETS1;EEF2;KIT;PREX1;LCK,2,4,4,3,,0.04932636236669901,0.2,0.15,6.482546008957534e-62;2.7204119776560325e-32;2.3342231228750025e-17;7.927292978339768e-08,1.021422196940691e-38;2.4306996778830233e-20;7.861798838995632e-08,proxy_dimensions,4,,,,,0,30,1.055079584114296,,,
BCL2L11,3,11,CCNE1;PDCD4;PRKCA,VHL;GAPDH;TFRC;RAB25;STAT5A;ERBB2;DIABLO;NF2;MAP2K1;PTEN;EEF2,2,3,3,3,0.03437908164954338,0.04932636236669901,0.4,0.2,1.402520754121676e-32;3.920241854983777e-13;0.0001728492981216972;0.19633827485213534,2.2432835084580604e-36;1.8301638790039156e-13;0.02619577160618563,reported,3,0.11020792048837418,0.5165731320606565;0.37345867016892753;0.11020792048837418,0.032513259202756925,True,1,30,0.9733191634220579,-0.6040189417783175,0.05999292275295717,0.65799649396381
BRAF,2,57,EEF2K;ETS1,MYH11;VHL;GAPDH;ESR1;TUBA1B;TFRC;IGFBP2;CLDN7;CCNB1;FN1;CAV1;CDH1;SERPINE1;HSPA1A;SYK;ANXA1;AR;RAB25;CASP7;RICTOR;CCNE1;GAB2;ATM;INPP4B;FASN;CTNNB1;MSH6;STAT5A;MYC;ASNS;BCL2L11;SQSTM1;ERBB2;PDCD4;RPS6;ACACA;TP53BP1;TGM2;FOXM1;MSH2;MAPK1;DIABLO;ERBB3;NF2;RBM15;MAP2K1;PTEN;TP53;CHEK2;PEA15;COL6A1;EEF2;PRKCA;CDH2;KIT;PREX1;LCK,2,3,3,2,,0.04932636236669901,0.2,0.15,1.289254732731047e-111;5.400408588602201e-64;4.305699148889605e-28,9.394918045993336e-74;5.240339260013907e-33,proxy_dimensions,3,,,,,0,30,0.9770602628061751,,,
CDH2,2,11,HSPA1A;SQSTM1,VHL;GAPDH;TFRC;RAB25;STAT5A;ERBB2;DIABLO;NF2;MAP2K1;PTEN;EEF2,2,3,3,2,,0.04932636236669901,0.4,0.2,1.012770164479431e-24;1.1783665236057803e-11;0.0008798475430771801,8.981497438083893e-13;0.0007271328090088039,proxy_dimensions,3,,,,,0,30,1.0637779105905116,,,
CLDN7,3,18,ESR1;CDH1;ACACA,VHL;GAPDH;TFRC;SYK;ANXA1;RAB25;GAB2;ATM;ASNS;BCL2L11;ERBB2;PDCD4;RPS6;PTEN;TP53;CHEK2;EEF2;KIT,1,4,4,3,,0.04932636236669901,0.2,0.15,2.4928244731230234e-65;2.4210664838485097e-38;1.5254640705041542e-21;1.7559992125861122e-06,5.655841401574935e-49;1.118815182198904e-25;4.830770775065281e-09,proxy_dimensions,4,,,,,0,31,0.9745961627529914,,,
CDH1,4,3,CLDN7;FN1;SERPINE1;CTNNB1,GAPDH;TUBA1B;TP53,1,3,3,2,0.016375002668942835,0.04932636236669901,0.4,0.15,3.394394769568406e-23;2.123369410222033e-08;0.0030858674388234923,2.4326481398069812e-17;6.10611975835018e-07;0.3434976193143766,conditional_information_dimension,3,0.07263613736175563,0.39243121870496467;0.2966484786095706;0.07263613736175563,0.016375002668942838,False,0,31,0.9618437172821986,,,
HSPA1A,3,3,TFRC;SQSTM1;COL6A1,GAPDH;TUBA1B;TP53,1,3,3,3,0.035717622715971786,0.04932636236669901,0.4,0.15,1.0994336798657294e-12;2.0096374682001594e-07;0.022764284663284923,4.64451440102387e-09;0.002052528597213974;0.027209980085450464,reported,3,0.10947847777359536,0.3080329881772397;0.1708874691385076;0.10947847777359536,0.03571762271597174,True,1,31,1.0388770849736393,1.9656784725113523,0.04018166674330697,0.6494023899296288
GAB2,1,3,KIT,GAPDH;TUBA1B;TP53,1,2,2,1,,0.04932636236669901,0.4,0.15,0.0002357359741256986;0.029747870886928294,0.0006815292914060132,proxy_dimensions,2,,,,,0,31,0.9391494861269826,,,
ASNS,3,3,CCNB1;ACACA;CHEK2,GAPDH;TUBA1B;TP53,1,3,3,2,0.0025661103690961928,0.04932636236669901,0.4,0.15,4.265288209305467e-16;2.0342352126686934e-08;0.00018395987950292392,3.5695003676175083e-12;0.0001198670498135623;0.8796098060848306,conditional_information_dimension,3,0.007530843820209387,0.3412678561797125;0.23558190799238077;0.007530843820209387,0.002566110369096184,False,0,31,0.9997777867628321,,,
BCL2L11,3,3,CCNE1;PDCD4;PRKCA,GAPDH;TUBA1B;TP53,1,3,3,2,0.02282595272553345,0.04932636236669901,0.4,0.15,2.5223423363557813e-13;0.0014715531125954154;0.047436439954401256,4.311926445614214e-11;0.0049448329457079145;0.14676016091519045,conditional_information_dimension,3,0.07205504512421096,0.3498314524592921;0.17635263380549498;0.07205504512421096,0.022825952725533463,False,0,31,0.9876918511773376,,,
BRAF,4,18,CTNNB1;EEF2K;NF2;ETS1,VHL;GAPDH;TFRC;SYK;ANXA1;RAB25;GAB2;ATM;ASNS;BCL2L11;ERBB2;PDCD4;RPS6;PTEN;TP53;CHEK2;EEF2;KIT,1,5,5,4,,0.04932636236669901,0.2,0.15,9.063187008492492e-91;8.02800704282541e-51;5.767375287177761e-28;5.789914778728835e-14;0.0001915339185596625,1.3835676627083796e-73;9.067343945114414e-35;2.0314673469874482e-17;5.405848864222203e-06,proxy_dimensions,5,,,,,0,31,1.04017949088656,,,
CDH2,2,10,ESR1;STAT5A,VHL;GAPDH;TUBA1B;SYK;RAB25;GAB2;PDCD4;PTEN;TP53;KIT,1,3,3,2,,0.04932636236669901,0.4,0.2,2.1362996813739093e-26;3.595951146400358e-07;0.003778455259185842,5.716240847699499e-26;1.0377526872531183e-05,proxy_dimensions,3,,,,,0,31,1.0401959871830764,,,
CLDN7,2,24,CDH1;DIABLO,VHL;GAPDH;ESR1;TUBA1B;IGFBP2;FN1;SERPINE1;SYK;ANXA1;AR;RAB25;GAB2;ATM;BCL2L11;EEF2K;ERBB2;TP53BP1;TGM2;BRAF;RBM15;TP53;PEA15;EEF2;PREX1,1,3,3,2,,0.04932636236669901,0.2,0.15,2.846758718726119e-62;2.0554491707176834e-22;0.001962002887388393,1.4474830947293973e-45;8.009746512110765e-10,proxy_dimensions,3,,,,,0,32,0.9766517231432409,,,
CDH1,3,8,CLDN7;FN1;CTNNB1,GAPDH;TFRC;SYK;ERBB2;MAP2K1;PTEN;CHEK2;EEF2,1,4,4,3,,0.04932636236669901,0.4,0.2,3.7615584748433893e-34;3.2330395152468946e-13;3.3665634184698304e-05;0.028961923008765114,6.932399399909522e-30;1.872667654043294e-08;0.00012690819926720033,proxy_dimensions,4,,,,,0,32,0.9634771530678978,,,
HSPA1A,5,8,CASP7;COL6A1;CDH2;KIT;LCK,GAPDH;TFRC;SYK;ERBB2;MAP2K1;PTEN;CHEK2;EEF2,1,5,5,4,0.01800077365945227,0.04932636236669901,0.4,0.2,3.3642706066411884e-38;5.00214434227109e-20;3.938677384877291e-09;0.002845140492175784;0.03993512801176626;0.8476315841685884,1.5263408867686035e-39;1.3588552741431602e-22;2.0193160612843525e-10;0.0007700423976412996;0.055383379533604664,conditional_information_dimension,5,0.09527756440719283,0.4872374714883268;0.4232306381472519;0.32592990584166665;0.19359133404357748;0.09527756440719283,0.015868312301208838,False,0,32,0.9671890273189396,,,
GAB2,2,8,VHL;KIT,GAPDH;TFRC;SYK;ERBB2;MAP2K1;PTEN;CHEK2;EEF2,1,3,3,2,,0.04932636236669901,0.4,0.2,1.6472739078328904e-20;1.4982208903439511e-12;4.725528797396284e-07,5.857094652999779e-14;5.980131609904111e-07,proxy_dimensions,3,,,,,0,32,0.9776087881327549,,,
ASNS,2,24,ACACA;CHEK2,VHL;GAPDH;ESR1;TUBA1B;IGFBP2;FN1;SERPINE1;SYK;ANXA1;AR;RAB25;GAB2;ATM;BCL2L11;EEF2K;ERBB2;TP53BP1;TGM2;BRAF;RBM15;TP53;PEA15;EEF2;PREX1,1,3,3,2,,0.04932636236669901,0.2,0.15,3.7653683265802984e-26;2.302227054922825e-08;0.0037090874516576373,2.474590769602305e-17;2.463769541664979e-06,proxy_dimensions,3,,,,,0,32,1.0159418309269437,,,
BCL2L11,1,8,CCNE1,GAPDH;TFRC;SYK;ERBB2;MAP2K1;PTEN;CHEK2;EEF2,1,2,2,1,,0.04932636236669901,0.4,0.2,2.877752577242959e-10;0.034213687523690056,8.853453385477462e-10,proxy_dimensions,2,,,,,0,32,0.896017320734128,,,
BRAF,1,54,EEF2K,MYH11;VHL;GAPDH;ESR1;TUBA1B;TFRC;IGFBP2;CLDN7;CCNB1;CAV1;CDH1;HSPA1A;SYK;ANXA1;AR;RAB25;CASP7;RICTOR;CCNE1;GAB2;ATM;INPP4B;FASN;CTNNB1;MSH6;STAT5A;MYC;ASNS;BCL2L11;SQSTM1;ERBB2;PDCD4;RPS6;ACACA;TP53BP1;FOXM1;MSH2;MAPK1;DIABLO;ERBB3;NF2;RBM15;MAP2K1;PTEN;TP53;ETS1;CHEK2;COL6A1;EEF2;PRKCA;CDH2;KIT;PREX1;LCK,1,2,2,1,,0.04932636236669901,0.2,0.15,4.257762806829484e-80;1.1521187683204679e-26,2.133463083466525e-29,proxy_dimensions,2,,,,,0,32,1.078659491156281,,,
CDH2,2,24,CCNE1;STAT5A,VHL;GAPDH;ESR1;TUBA1B;IGFBP2;FN1;SERPINE1;SYK;ANXA1;AR;RAB25;GAB2;ATM;BCL2L11;EEF2K;ERBB2;TP53BP1;TGM2;BRAF;RBM15;TP53;PEA15;EEF2;PREX1,1,3,3,2,,0.04932636236669901,0.2,0.15,2.1646566984918636e-79;1.2323453947071618e-36;1.0502792410945554e-12,3.8893304868868006e-66;1.2323852269477299e-26,proxy_dimensions,3,,,,,0,32,0.9826705173164068,,,
CLDN7,2,54,CDH1;GAB2,MYH11;VHL;GAPDH;ESR1;TUBA1B;TFRC;IGFBP2;CCNB1;FN1;CAV1;SERPINE1;HSPA1A;SYK;ANXA1;AR;RAB25;CASP7;RICTOR;CCNE1;ATM;INPP4B;FASN;MSH6;STAT5A;MYC;ASNS;BCL2L11;SQSTM1;EEF2K;ERBB2;PDCD4;RPS6;ACACA;TGM2;FOXM1;MSH2;MAPK1;DIABLO;BRAF;ERBB3;NF2;RBM15;MAP2K1;PTEN;TP53;CHEK2;PEA15;COL6A1;EEF2;PRKCA;CDH2;KIT;PREX1;LCK,1,3,3,2,,0.04932636236669901,0.2,0.15,1.5713460231890723e-75;1.6277486649227367e-37;2.4509844597681055e-17,5.4148475069513785e-43;1.2636894047427413e-20,proxy_dimensions,3,,,,,0,33,0.9563244782668948,,,
CDH1,2,54,CLDN7;CTNNB1,MYH11;VHL;GAPDH;ESR1;TUBA1B;TFRC;IGFBP2;CCNB1;FN1;CAV1;SERPINE1;HSPA1A;SYK;ANXA1;AR;RAB25;CASP7;RICTOR;CCNE1;ATM;INPP4B;FASN;MSH6;STAT5A;MYC;ASNS;BCL2L11;SQSTM1;EEF2K;ERBB2;PDCD4;RPS6;ACACA;TGM2;FOXM1;MSH2;MAPK1;DIABLO;BRAF;ERBB3;NF2;RBM15;MAP2K1;PTEN;TP53;CHEK2;PEA15;COL6A1;EEF2;PRKCA;CDH2;KIT;PREX1;LCK,1,3,3,2,,0.04932636236669901,0.2,0.15,2.2680356575316594e-117;6.575354455970444e-57;2.4923480808701473e-19,3.682127143487255e-84;6.219545131436409e-24,proxy_dimensions,3,,,,,0,33,1.0141232606239232,,,
HSPA1A,2,10,ETS1;COL6A1,GAPDH;TFRC;RAB25;FASN;ASNS;ERBB2;ACACA;PTEN;TP53;EEF2,1,3,3,2,,0.04932636236669901,0.4,0.2,8.878816608729801e-19;8.722902500963784e-05;0.02992448218616268,2.667250902337015e-15;0.004936773574854009,proxy_dimensions,3,,,,,0,33,0.9712286741126432,,,
GAB2,2,10,VHL;BRAF,GAPDH;TFRC;RAB25;FASN;ASNS;ERBB2;ACACA;PTEN;TP53;EEF2,1,3,3,2,,0.04932636236669901,0.4,0.2,5.711407403617435e-17;4.401169097862096e-07;0.0017359875045453094,1.6034028002904826e-12;0.0020389883805571147,proxy_dimensions,3,,,,,0,33,0.9939209492662676,,,
ASNS,5,2,VHL;INPP4B;SQSTM1;ACACA;PRKCA,GAPDH;TFRC,1,2,2,2,0.046231230341461975,0.04932636236669901,0.4,0.15,1.1195607521217747e-11;0.011599422943938587,1.4204246570484447e-11;0.02044272059516576,reported,2,0.16835775895832666,0.3741825648546361;0.16835775895832666,0.04623123034146196,True,1,33,0.9883083708463619,0.030318309602316473,0.04445874391701691,0.5841083324352112
BCL2L11,5,10,FN1;ANXA1;CCNE1;PDCD4;PRKCA,GAPDH;TFRC;RAB25;FASN;ASNS;ERBB2;ACACA;PTEN;TP53;EEF2,1,4,4,4,0.04072845591601505,0.04932636236669901,0.4,0.2,1.1431909584672111e-33;2.4095216884249316e-11;3.219957722052395e-05;0.040118173507821944;0.6991236829380283;0.5957990823418161,1.073614836523151e-40;1.5383856943191658e-14;1.8934292716488632e-06;0.0003548673404109351,reported,4,0.19661174474960966,0.561384272534317;0.35950736847461234;0.22507501152707118;0.19661174474960966,0.029945401970746997,True,1,33,0.9866323392837029,1.3827080928457876,0.03429928929073341,0.5765672075997347
BRAF,3,10,GAB2;EEF2K;NF2,GAPDH;TFRC;RAB25;FASN;ASNS;ERBB2;ACACA;PTEN;TP53;EEF2,1,4,4,3,,0.04932636236669901,0.4,0.2,7.894525658346388e-33;2.29559814620467e-14;2.4764865992006614e-08;6.017419349835777e-05,5.273046694009229e-22;5.674741230607726e-11;7.465168341286974e-05,proxy_dimensions,4,,,,,0,33,1.0004142699011822,,,
CDH2,5,2,CCNE1;STAT5A;SQSTM1;TP53BP1;PREX1,GAPDH;TFRC,1,2,2,2,0.08756196790578077,0.04932636236669901,0.4,0.15,1.980503528889345e-21;7.927132096964402e-08,3.695509620072236e-20;2.9975544705126206e-06,reported,2,0.27196588619100287,0.4348832396810012;0.27196588619100287,0.08756196790578076,True,1,33,0.9743926516416677,0.9809489215823779,0.018332181115082263,0.6387747052138122
CLDN7,1,58,TFRC,MYH11;VHL;GAPDH;ESR1;TUBA1B;IGFBP2;CCNB1;FN1;CAV1;CDH1;SERPINE1;HSPA1A;SYK;ANXA1;AR;RAB25;CASP7;RICTOR;CCNE1;GAB2;ATM;INPP4B;FASN;CTNNB1;MSH6;STAT5A;MYC;ASNS;BCL2L11;SQSTM1;EEF2K;ERBB2;PDCD4;RPS6;ACACA;TP53BP1;TGM2;FOXM1;MSH2;MAPK1;DIABLO;BRAF;ERBB3;NF2;RBM15;MAP2K1;PTEN;TP53;ETS1;CHEK2;PEA15;COL6A1;EEF2;PRKCA;CDH2;KIT;PREX1;LCK,1,2,2,1,,0.04932636236669901,0.2,0.15,6.982560876160229e-64;1.5064796543966496e-26,3.0480165164961306e-26,proxy_dimensions,2,,,,,0,34,1.0289535461348975,,,
CDH1,4,9,CLDN7;RAB25;CTNNB1;CDH2,TFRC;ATM;FASN;STAT5A;ACACA;MAP2K1;PTEN;TP53;EEF2,1,3,3,3,0.06672290918107916,0.04932636236669901,0.4,0.2,1.8104579608852272e-39;5.530978758527724e-20;5.534911131494012e-06;0.07512580079060037;0.5897421900062477,1.1077743219742304e-43;2.0239093643486996e-22;1.9834624272319256e-06,reported,3,0.2508697444113381,0.5091891327413176;0.4435950940514555;0.2508697444113381,0.045738657522708705,True,1,34,1.0032366309706533,0.24760585380365904,0.016664577941989712,0.5759782498912769
HSPA1A,2,9,SQSTM1;COL6A1,TFRC;ATM;FASN;STAT5A;ACACA;MAP2K1;PTEN;TP53;EEF2,1,2,2,1,0.040097135340793295,0.04932636236669901,0.4,0.2,3.262388554444738e-08;0.0016597220997445425;0.1768131238940774,1.3640395907873372e-09;0.1597174941188617,conditional_information_dimension,2,0.0697377103387194,0.32496445590658624;0.0697377103387194,0.039835953427636246,False,0,34,0.9884149741373246,,,
GAB2,2,56,VHL;DIABLO,MYH11;GAPDH;ESR1;TUBA1B;TFRC;IGFBP2;CLDN7;CCNB1;FN1;CAV1;CDH1;SERPINE1;HSPA1A;SYK;ANXA1;AR;RAB25;CASP7;RICTOR;CCNE1;ATM;INPP4B;FASN;CTNNB1;MSH6;MYC;ASNS;BCL2L11;SQSTM1;EEF2K;ERBB2;PDCD4;RPS6;ACACA;TP53BP1;TGM2;FOXM1;MSH2;MAPK1;BRAF;ERBB3;NF2;RBM15;MAP2K1;PTEN;TP53;ETS1;CHEK2;PEA15;COL6A1;EEF2;PRKCA;CDH2;KIT;PREX1;LCK,1,3,3,2,,0.04932636236669901,0.2,0.15,1.8326578544635154e-63;2.8931617050268766e-35;4.1462346301182455e-10,5.241100765120691e-41;1.9802665218908128e-15,proxy_dimensions,3,,,,,0,34,1.0197076501310094,,,
ASNS,1,45,CHEK2,VHL;GAPDH;TUBA1B;TFRC;IGFBP2;CLDN7;CCNB1;FN1;CDH1;SERPINE1;SYK;ANXA1;RAB25;CASP7;CCNE1;GAB2;ATM;FASN;CTNNB1;MSH6;STAT5A;BCL2L11;EEF2K;ERBB2;PDCD4;RPS6;ACACA;TP53BP1;TGM2;FOXM1;MSH2;MAPK1;DIABLO;BRAF;NF2;RBM15;MAP2K1;TP53;ETS1;PEA15;PRKCA;CDH2;KIT;PREX1;LCK,1,2,2,1,,0.04932636236669901,0.2,0.15,4.945721040428668e-62;4.923040146987506e-16,3.975927154551789e-33,proxy_dimensions,2,,,,,0,34,0.9437099925611553,,,
BCL2L11,4,9,ANXA1;CCNE1;TGM2;PEA15,TFRC;ATM;FASN;STAT5A;ACACA;MAP2K1;PTEN;TP53;EEF2,1,4,4,3,0.00498569510912705,0.04932636236669901,0.4,0.2,2.438677477988798e-27;1.1618071964542645e-13;4.029716112778254e-07;0.0008697644159374604;0.25436199974796625,6.255232513203047e-29;3.154484737557926e-14;2.202056084073403e-06;0.6522185951462829,conditional_information_dimension,4,0.022433343611826934,0.4517198391615179;0.34730047214595156;0.2740303178499867;0.022433343611826934,0.02008028786406819,False,0,34,0.9980437920872469,,,
BRAF,3,9,GAB2;CTNNB1;ETS1,TFRC;ATM;FASN;STAT5A;ACACA;MAP2K1;PTEN;TP53;EEF2,1,4,4,3,,0.04932636236669901,0.4,0.2,3.4374288721727135e-29;5.917393598535688e-18;3.437412904969855e-09;0.03761658084863382,6.8714122835138015e-22;2.9108134049308165e-10;0.0056982395557685335,proxy_dimensions,4,,,,,0,34,0.9430568452244554,,,
CDH2,1,9,CDH1,TFRC;ATM;FASN;STAT5A;ACACA;MAP2K1;PTEN;TP53;EEF2,1,2,2,1,,0.04932636236669901,0.4,0.2,4.206614526013156e-16;0.0014720082420594464,0.002099075330296314,proxy_dimensions,2,,,,,0,34,1.064507395217357,,,
CLDN7,4,27,CAV1;CDH1;ACACA;MAP2K1,VHL;GAPDH;TUBA1B;TFRC;IGFBP2;FN1;SERPINE1;SYK;ANXA1;CASP7;ATM;STAT5A;BCL2L11;PDCD4;TP53BP1;TGM2;MAPK1;NF2;RBM15;PTEN;TP53;ETS1;CHEK2;PEA15;KIT;PREX1;LCK,1,4,4,4,0.05352939210274143,0.04932636236669901,0.2,0.15,3.6495770075400533e-62;3.6294283960632366e-29;1.967836635530818e-14;3.0619292131458086e-07;0.06569533019851694,4.312997316366956e-62;5.490717992543591e-39;7.096967199356069e-20;6.536280071973555e-10,reported,4,0.3003756803317698,0.5310863738145989;0.48411445102874895;0.3653584761701524;0.3003756803317698,0.029738781142874003,True,1,35,0.9934546174933004,-0.5865618210664584,-0.12765755975889065,0.6211539077251176
CDH1,3,27,CLDN7;CTNNB1;CDH2,VHL;GAPDH;TUBA1B;TFRC;IGFBP2;FN1;SERPINE1;SYK;ANXA1;CASP7;ATM;STAT5A;BCL2L11;PDCD4;TP53BP1;TGM2;MAPK1;NF2;RBM15;PTEN;TP53;ETS1;CHEK2;PEA15;KIT;PREX1;LCK,1,3,3,3,0.03920964074705836,0.04932636236669901,0.2,0.15,2.9295907052425714e-79;3.363749473834176e-32;8.04858275613747e-12;0.07219172277148662,1.7386500724973174e-68;5.487046220636941e-19;0.0006493949117860405,reported,3,0.16834249980914082,0.6803482155384933;0.42399418375453285;0.16834249980914082,0.03158532526608895,True,1,35,1.0308024979235952,2.0760713461224967,0.30566640728891115,0.6900299804551695
HSPA1A,3,13,SQSTM1;COL6A1;CDH2,TUBA1B;IGFBP2;FN1;SERPINE1;GAB2;BCL2L11;EEF2K;ERBB2;DIABLO;MAP2K1;PTEN;TP53;EEF2,1,3,3,2,0.0017026202419051556,0.04932636236669901,0.4,0.2,2.9877467162734685e-16;8.896757731871527e-05;0.02765261551568229;0.17707125294369822,1.0024268226048456e-18;0.00025437724304606913;0.9077684849060087,conditional_information_dimension,3,0.005760326091061096,0.4340101383486993;0.22734169788107694;0.005760326091061096,0.02981309454320471,False,0,35,0.9476921672181723,,,
GAB2,2,27,RAB25;BRAF,VHL;GAPDH;TUBA1B;TFRC;IGFBP2;FN1;SERPINE1;SYK;ANXA1;CASP7;ATM;STAT5A;BCL2L11;PDCD4;TP53BP1;TGM2;MAPK1;NF2;RBM15;PTEN;TP53;ETS1;CHEK2;PEA15;KIT;PREX1;LCK,1,3,3,2,,0.04932636236669901,0.2,0.15,1.49516656398207e-66;3.197044638054499e-28;1.927998247065869e-12,4.4496537483173265e-46;5.895209081013895e-15,proxy_dimensions,3,,,,,0,35,0.9778234326178975,,,
ASNS,3,13,ACACA;CHEK2;PRKCA,TUBA1B;IGFBP2;FN1;SERPINE1;GAB2;BCL2L11;EEF2K;ERBB2;DIABLO;MAP2K1;PTEN;TP53;EEF2,1,3,3,3,0.08524850928488473,0.04932636236669901,0.4,0.2,1.1271359457312309e-30;1.0336246400432166e-16;4.336095350007281e-05;0.10548298075618916,1.9378117416727734e-35;1.2498349388492608e-19;1.8617699670807908e-10,reported,3,0.30905147045721887,0.45097210569856333;0.35413829738114366;0.30905147045721887,0.04542216008213895,True,1,35,1.0102507104516867,-0.31762281085412375,-0.03984647177309955,0.6807260584523492
BCL2L11,6,3,CCNE1;FASN;PDCD4;PEA15;PRKCA;KIT,ERBB2;PTEN;TP53,1,3,3,3,0.03772642165139978,0.04932636236669901,0.4,0.15,4.135063545412197e-13;5.769239959518973e-05;0.025491004578066665,1.0479843191765262e-13;4.117709954027353e-05;0.026492844639451767,reported,3,0.16413849528017055,0.3831290250575066;0.2536042099149399;0.16413849528017055,0.03772642165139978,True,1,35,1.032635528900498,0.1445800292785091,-0.023398346535732285,0.5192632539929594
BRAF,2,13,CTNNB1;ETS1,TUBA1B;IGFBP2;FN1;SERPINE1;GAB2;BCL2L11;EEF2K;ERBB2;DIABLO;MAP2K1;PTEN;TP53;EEF2,1,3,3,2,,0.04932636236669901,0.4,0.2,5.811391416507824e-40;2.1710061815510028e-10;0.018845397554257612,2.742918447744074e-16;0.029685151143975543,proxy_dimensions,3,,,,,0,35,1.0575069604626337,,,
CDH2,3,27,CDH1;AR;ASNS,VHL;GAPDH;TUBA1B;TFRC;IGFBP2;FN1;SERPINE1;SYK;ANXA1;CASP7;ATM;STAT5A;BCL2L11;PDCD4;TP53BP1;TGM2;MAPK1;NF2;RBM15;PTEN;TP53;ETS1;CHEK2;PEA15;KIT;PREX1;LCK,1,4,4,3,,0.04932636236669901,0.2,0.15,3.3906718940378847e-79;7.55253904295729e-46;2.681011601839237e-24;2.6676418916500387e-12,7.146988004270379e-68;2.7203859143114793e-35;4.018940282046449e-14,proxy_dimensions,4,,,,,0,35,1.0071766538420046,,,
CLDN7,4,3,CDH1;MAP2K1;ETS1;PRKCA,VHL;GAB2;PTEN,1,3,3,3,0.03293612988727192,0.04932636236669901,0.4,0.15,1.1890102441173987e-18;3.5710295910768883e-07;0.0033958351072535756,2.8248049501248843e-11;1.2098074475668506e-06;0.030427887056704187,reported,3,0.13092169117586677,0.29874624188500076;0.2711452509635339;0.13092169117586677,0.03293612988727193,True,1,36,1.0185725032598263,0.6516729222130248,-0.056935918143805164,0.5602442528631859
CDH1,3,7,CLDN7;CTNNB1;CDH2,VHL;GAPDH;RAB25;GAB2;ATM;MAP2K1;PTEN,1,3,3,3,0.040985728371774284,0.04932636236669901,0.4,0.2,4.415181225755169e-45;1.8641853656118805e-19;0.00025901467772766214;0.5053254006367518,5.188434249029516e-31;8.667917606417816e-13;0.008160468118954461,reported,3,0.1309632532043944,0.4742603523647558;0.3580546133304048;0.1309632532043944,0.034306130928401624,True,1,36,1.0561766472757743,-0.17181567758370925,0.08197541426700687,0.632377107824146
HSPA1A,3,7,SQSTM1;COL6A1;CDH2,VHL;GAPDH;RAB25;GAB2;ATM;MAP2K1;PTEN,1,2,2,2,0.09700253173286481,0.04932636236669901,0.4,0.2,1.3065730118235001e-11;0.00026299448811198384;0.5381019236258197;0.6836131973900127,2.2060766176207568e-12;9.612788056418128e-07,reported,2,0.2571606678152358,0.30193826212437913;0.2571606678152358,0.054180959744339854,True,1,36,0.9354292617308532,1.7215422874489874,0.11029936037095103,0.6321369375963933
GAB2,1,58,RAB25,MYH11;VHL;GAPDH;ESR1;TUBA1B;TFRC;IGFBP2;CLDN7;CCNB1;FN1;CAV1;CDH1;SERPINE1;HSPA1A;SYK;ANXA1;AR;CASP7;RICTOR;CCNE1;ATM;INPP4B;FASN;CTNNB1;MSH6;STAT5A;MYC;ASNS;BCL2L11;SQSTM1;EEF2K;ERBB2;PDCD4;RPS6;ACACA;TP53BP1;TGM2;FOXM1;MSH2;MAPK1;DIABLO;BRAF;ERBB3;NF2;RBM15;MAP2K1;PTEN;TP53;ETS1;CHEK2;PEA15;COL6A1;EEF2;PRKCA;CDH2;KIT;PREX1;LCK,1,2,2,1,,0.04932636236669901,0.2,0.15,7.2753873047825626e-34;6.767213048169209e-13,1.4466320577161312e-17,proxy_dimensions,2,,,,,0,36,0.9536292417661844,,,
ASNS,5,7,CCNB1;FASN;ACACA;COL6A1;PRKCA,VHL;GAPDH;RAB25;GAB2;ATM;MAP2K1;PTEN,1,4,4,3,0.007003163077907205,0.04932636236669901,0.4,0.2,3.813934186629304e-14;3.2471651732837083e-07;0.0003893042874313916;0.040247706419273103;0.4157042346235267;0.5096945377777286,1.0650154938460773e-14;8.710287653897981e-07;0.009440831023900973;0.6433326537475657,conditional_information_dimension,4,0.046761679012860234,0.37276232607533927;0.2852715324574783;0.19774716906806525;0.046761679012860234,0.01548325931383817,False,0,36,0.9605232256993965,,,
BCL2L11,2,7,FN1;PDCD4,VHL;GAPDH;RAB25;GAB2;ATM;MAP2K1;PTEN,1,3,3,2,,0.04932636236669901,0.4,0.2,2.582595260748977e-10;0.0005484177928510497;0.040603201454692775,6.400949194890954e-08;0.041161417926903775,proxy_dimensions,3,,,,,0,36,1.0133701534760757,,,
BRAF,3,17,EEF2K;MAP2K1;ETS1,VHL;GAPDH;TUBA1B;TFRC;RAB25;CASP7;GAB2;ATM;FASN;BCL2L11;PDCD4;TP53BP1;DIABLO;RBM15;PTEN;TP53;KIT,1,4,4,3,,0.04932636236669901,0.2,0.15,1.078597700005316e-46;3.073187855845559e-25;8.970844022648398e-14;1.8211245925491762e-05,7.280117881869757e-26;3.7943062054366556e-14;2.9507712100410692e-05,proxy_dimensions,4,,,,,0,36,0.9827695410091492,,,
CDH2,4,7,CDH1;HSPA1A;STAT5A;SQSTM1,VHL;GAPDH;RAB25;GAB2;ATM;MAP2K1;PTEN,1,4,4,4,0.035165004810316154,0.04932636236669901,0.4,0.2,8.381316846058695e-44;1.997429349979624e-17;2.249027544003998e-07;0.021541488928088718;0.28714073735428397,4.291742583054426e-49;2.844983898579011e-20;2.6098434396544313e-08;0.00036636906377490356,reported,4,0.1759990742575441,0.573901186470929;0.40538069710454955;0.2605462730868597;0.1759990742575441,0.02775678118906316,True,1,36,0.9387239112178288,1.4415550326715818,0.09682947169143494,0.6382326229144906
CLDN7,2,39,CDH1;PRKCA,VHL;GAPDH;ESR1;TUBA1B;TFRC;CCNB1;FN1;SERPINE1;SYK;ANXA1;RAB25;CCNE1;GAB2;ATM;FASN;MSH6;ASNS;SQSTM1;EEF2K;ERBB2;PDCD4;RPS6;ACACA;TP53BP1;TGM2;FOXM1;MSH2;MAPK1;DIABLO;BRAF;NF2;MAP2K1;PTEN;TP53;ETS1;CHEK2;PEA15;EEF2;KIT,1,3,3,2,,0.04932636236669901,0.2,0.15,1.214572691037726e-69;3.4883644902829095e-37;1.7294980130282728e-09,2.80792766100634e-44;1.006156303973815e-15,proxy_dimensions,3,,,,,0,37,1.0768072807192652,,,
CDH1,3,39,CLDN7;CTNNB1;CDH2,VHL;GAPDH;ESR1;TUBA1B;TFRC;CCNB1;FN1;SERPINE1;SYK;ANXA1;RAB25;CCNE1;GAB2;ATM;FASN;MSH6;ASNS;SQSTM1;EEF2K;ERBB2;PDCD4;RPS6;ACACA;TP53BP1;TGM2;FOXM1;MSH2;MAPK1;DIABLO;BRAF;NF2;MAP2K1;PTEN;TP53;ETS1;CHEK2;PEA15;EEF2;KIT,1,4,4,3,,0.04932636236669901,0.2,0.15,1.8747692986560634e-93;7.36893239150355e-47;3.8440085747163046e-24;4.201704537487517e-09,1.2863850539538433e-66;8.476723000679049e-28;5.700413131307461e-13,proxy_dimensions,4,,,,,0,37,1.0484318145581735,,,
HSPA1A,5,10,SQSTM1;PDCD4;BRAF;COL6A1;CDH2,VHL;ESR1;TUBA1B;RAB25;MSH6;RPS6;MSH2;MAP2K1;PTEN;EEF2,1,6,6,5,,0.04932636236669901,0.4,0.2,9.598663491391658e-44;8.895641847669682e-20;4.825751158983891e-12;2.9967819257964734e-06;0.00043154508213494216;0.00787434299833899,1.0667328450541358e-35;1.4038026910001486e-19;1.177574452789769e-11;1.9445389793874662e-05;0.004802008999465644,proxy_dimensions,6,,,,,0,37,1.0155572782694913,,,
GAB2,1,10,KIT,VHL;ESR1;TUBA1B;RAB25;MSH6;RPS6;MSH2;MAP2K1;PTEN;EEF2,1,2,2,1,,0.04932636236669901,0.4,0.2,2.1971434415337057e-19;0.0038140666765447235,1.4899026468349553e-06,proxy_dimensions,2,,,,,0,37,1.0132177822366135,,,
ASNS,3,10,CCNB1;CHEK2;PRKCA,VHL;ESR1;TUBA1B;RAB25;MSH6;RPS6;MSH2;MAP2K1;PTEN;EEF2,1,3,3,3,0.07133408905703427,0.04932636236669901,0.4,0.2,6.940396700006713e-36;1.0327403272241354e-16;4.5540374988551815e-05;0.3220375705098206,1.242643556556651e-35;8.48338512914203e-21;8.495042605580496e-09,reported,3,0.2805419824034092,0.4408278414666576;0.3910838273840016;0.2805419824034092,0.04731769034537198,True,1,37,0.9760439126596797,-0.6082864733422223,0.011465363143971275,0.629370930592202
BCL2L11,4,10,FN1;ANXA1;CCNE1;INPP4B,VHL;ESR1;TUBA1B;RAB25;MSH6;RPS6;MSH2;MAP2K1;PTEN;EEF2,1,4,4,3,0.004228687880119913,0.04932636236669901,0.4,0.2,2.1299414034151375e-35;2.1440473008811558e-20;1.0508473787273335e-09;0.0006571036404784699;0.9124628805308999,9.982792087775605e-32;5.825132328033817e-19;3.10555225156206e-07;0.689246994641596,conditional_information_dimension,4,0.019904982771892035,0.4300821346114318;0.40222488785660393;0.2909538933223304;0.019904982771892035,0.009452537500192502,False,0,37,1.051398999277878,,,
BRAF,5,10,CAV1;HSPA1A;RICTOR;EEF2K;ETS1,VHL;ESR1;TUBA1B;RAB25;MSH6;RPS6;MSH2;MAP2K1;PTEN;EEF2,1,5,5,4,0.0011256293375190615,0.04932636236669901,0.4,0.2,2.0628008485173125e-63;7.349671030635646e-33;3.5338650393420274e-13;1.6854422315162384e-06;0.010494883667354718;0.17094067946100047,3.385061119713054e-55;9.28879881563409e-27;2.8932472848525058e-11;0.00039773250254538284;0.8855573387016576,conditional_information_dimension,5,0.00717392295571151,0.5817098938920057;0.4610524541797856;0.33553980823446145;0.22272853983753432;0.00717392295571151,0.015554791899553165,False,0,37,1.0157973667484703,,,
CDH2,5,10,CDH1;HSPA1A;CTNNB1;STAT5A;SQSTM1,VHL;ESR1;TUBA1B;RAB25;MSH6;RPS6;MSH2;MAP2K1;PTEN;EEF2,1,5,5,4,0.0009296456587166618,0.04932636236669901,0.4,0.2,3.287476982713614e-58;1.4378892119155964e-19;3.004214020322703e-11;1.4662839633224964e-06;0.04916575802171143;0.12175136183203539,8.499711874938154e-49;1.274813594734757e-15;7.679693313057583e-09;0.00013105804276541732;0.8721018208185491,conditional_information_dimension,5,0.008024299008210079,0.615479766622691;0.3467467280961022;0.2810720164139484;0.23516911745329314;0.008024299008210079,0.012314804327925755,False,0,37,0.9714648117016123,,,
CLDN7,2,19,CDH1;PRKCA,VHL;TUBA1B;TFRC;IGFBP2;RAB25;GAB2;FASN;SQSTM1;ACACA;TP53BP1;MAPK1;DIABLO;BRAF;NF2;MAP2K1;PTEN;PEA15;CDH2;KIT,1,3,3,2,,0.04932636236669901,0.4,0.25,1.1996299433168086e-54;6.2969486311142935e-28;2.8100208317982174e-08,1.1327406394363624e-35;2.7165315363612285e-09,proxy_dimensions,3,,,,,0,38,0.9371590674829526,,,
CDH1,3,22,CLDN7;CTNNB1;CDH2,VHL;IGFBP2;SYK;ANXA1;RAB25;GAB2;FASN;MSH6;BCL2L11;PDCD4;ACACA;TP53BP1;TGM2;MSH2;MAPK1;DIABLO;NF2;MAP2K1;PTEN;TP53;PEA15;KIT,1,4,4,3,,0.04932636236669901,0.2,0.15,1.4866782433529368e-70;4.1687336110089494e-35;8.513929508352214e-13;3.855619197440583e-06,3.4182823865087734e-52;1.8094482319764796e-21;6.390588770484955e-07,proxy_dimensions,4,,,,,0,38,0.9587007411671783,,,
HSPA1A,2,22,COL6A1;CDH2,VHL;IGFBP2;SYK;ANXA1;RAB25;GAB2;FASN;MSH6;BCL2L11;PDCD4;ACACA;TP53BP1;TGM2;MSH2;MAPK1;DIABLO;NF2;MAP2K1;PTEN;TP53;PEA15;KIT,1,3,3,2,,0.04932636236669901,0.2,0.15,5.9711274366103086e-27;3.1085322794618947e-10;0.000294436777984322,1.0365420532397029e-19;1.6914993455050728e-07,proxy_dimensions,3,,,,,0,38,1.0156178007895356,,,
GAB2,1,58,VHL,MYH11;GAPDH;ESR1;TUBA1B;TFRC;IGFBP2;CLDN7;CCNB1;FN1;CAV1;CDH1;SERPINE1;HSPA1A;SYK;ANXA1;AR;RAB25;CASP7;RICTOR;CCNE1;ATM;INPP4B;FASN;CTNNB1;MSH6;STAT5A;MYC;ASNS;BCL2L11;SQSTM1;EEF2K;ERBB2;PDCD4;RPS6;ACACA;TP53BP1;TGM2;FOXM1;MSH2;MAPK1;DIABLO;BRAF;ERBB3;NF2;RBM15;MAP2K1;PTEN;TP53;ETS1;CHEK2;PEA15;COL6A1;EEF2;PRKCA;CDH2;KIT;PREX1;LCK,1,2,2,1,,0.04932636236669901,0.4,0.25,5.357473863500985e-34;5.5925240301043496e-14,2.7261877161917154e-17,proxy_dimensions,2,,,,,0,38,0.9999224344888192,,,
ASNS,2,22,ERBB2;CHEK2,VHL;IGFBP2;SYK;ANXA1;RAB25;GAB2;FASN;MSH6;BCL2L11;PDCD4;ACACA;TP53BP1;TGM2;MSH2;MAPK1;DIABLO;NF2;MAP2K1;PTEN;TP53;PEA15;KIT,1,3,3,2,,0.04932636236669901,0.2,0.15,1.3820168334688615e-45;1.7088929121514552e-13;2.745026190083657e-05,7.123573751956342e-29;6.022064278706978e-08,proxy_dimensions,3,,,,,0,38,0.9948251400634043,,,
BCL2L11,1,19,PRKCA,VHL;TUBA1B;TFRC;IGFBP2;RAB25;GAB2;FASN;SQSTM1;ACACA;TP53BP1;MAPK1;DIABLO;BRAF;NF2;MAP2K1;PTEN;PEA15;CDH2;KIT,1,2,2,1,,0.04932636236669901,0.4,0.25,3.513539438203458e-42;8.945296282452873e-15,2.3014066434454443e-30,proxy_dimensions,2,,,,,0,38,0.9901099130744162,,,
BRAF,3,5,GAB2;ATM;EEF2K,TFRC;FASN;ACACA;PTEN;KIT,1,3,3,3,0.03271010450179368,0.04932636236669901,0.4,0.2,1.342301775120753e-12;0.000728660915258156;0.044948631339278226;0.20583766783302165,3.341216545996908e-13;4.055349909033028e-05;0.02314078034215947,reported,3,0.11256269079970413,0.3502660481070871;0.22127898535918367;0.11256269079970413,0.027217067734237165,True,1,38,1.0022049903927137,-1.6293750052749572,-0.05413327528505986,0.47993514730926845
CDH2,4,22,CDH1;HSPA1A;STAT5A;SQSTM1,VHL;IGFBP2;SYK;ANXA1;RAB25;GAB2;FASN;MSH6;BCL2L11;PDCD4;ACACA;TP53BP1;TGM2;MSH2;MAPK1;DIABLO;NF2;MAP2K1;PTEN;TP53;PEA15;KIT,1,5,5,4,,0.04932636236669901,0.2,0.15,1.2028030720047948e-53;1.5855107959998605e-27;3.6249948064720034e-16;2.583612469356988e-07;0.00928747504296631,3.543627050466935e-50;1.6935065701176648e-23;1.733525503016056e-14;3.661439769873844e-06,proxy_dimensions,5,,,,,0,38,0.9768261802807028,,,
CLDN7,2,6,MAPK1;PRKCA,GAPDH;TFRC;IGFBP2;RAB25;PTEN;TP53,1,3,3,2,,0.04932636236669901,0.4,0.2,1.6612519935055823e-28;1.355840664108077e-10;0.009502082650612876,4.8913593243157086e-20;0.01771621701731013,proxy_dimensions,3,,,,,0,39,0.9900022419737886,,,
CDH1,1,25,CTNNB1,VHL;GAPDH;TUBA1B;IGFBP2;CLDN7;FN1;SERPINE1;SYK;ANXA1;RAB25;ATM;FASN;STAT5A;SQSTM1;PDCD4;ACACA;TGM2;MAPK1;DIABLO;NF2;MAP2K1;PTEN;TP53;PEA15;CDH2,1,2,2,1,,0.04932636236669901,0.2,0.15,1.4269120468416177e-73;3.0635268468933555e-25,1.0831807144964894e-28,proxy_dimensions,2,,,,,0,39,0.941644844712486,,,
HSPA1A,2,6,COL6A1;CDH2,GAPDH;TFRC;IGFBP2;RAB25;PTEN;TP53,1,3,3,2,,0.04932636236669901,0.4,0.2,2.853408096092816e-19;7.553815986864276e-05;0.011337324387169835,5.36209616617074e-19;0.001029180570112263,proxy_dimensions,3,,,,,0,39,1.0276295639937976,,,
GAB2,2,6,VHL;BRAF,GAPDH;TFRC;IGFBP2;RAB25;PTEN;TP53,1,2,2,1,0.015453888161513387,0.04932636236669901,0.4,0.2,3.7741118434775584e-08;0.00856735671474431;0.2868019343689991,0.0002739300703555939;0.4854204294406247,conditional_information_dimension,2,0.03463280516836604,0.2237706315125496;0.03463280516836604,0.03034752894537314,False,0,39,1.0246018869252371,,,
ASNS,3,33,CAV1;CHEK2;PRKCA,VHL;GAPDH;ESR1;TUBA1B;TFRC;IGFBP2;FN1;CDH1;SERPINE1;SYK;ANXA1;RAB25;CASP7;ATM;FASN;CTNNB1;STAT5A;ERBB2;PDCD4;ACACA;TP53BP1;TGM2;MAPK1;DIABLO;NF2;RBM15;MAP2K1;PTEN;TP53;PEA15;EEF2;PREX1;LCK,1,4,4,3,,0.04932636236669901,0.4,0.25,1.0937642137013086e-82;3.2566924775535e-33;1.3307955442326568e-18;9.815422417290938e-09,1.57421384978366e-67;1.098233183403605e-22;1.3631264791841036e-08,proxy_dimensions,4,,,,,0,39,0.9848854627508654,,,
BCL2L11,5,2,ANXA1;RAB25;CCNE1;MSH6;PRKCA,TFRC;PTEN,1,2,2,2,0.052284774055630465,0.04932636236669901,0.4,0.15,4.5599062116090544e-11;0.04606508400297489,6.693854354739063e-12;0.024495948936270984,reported,2,0.16529102026665177,0.3801162413576319;0.16529102026665177,0.052284774055630465,True,1,39,0.9976925914083583,-0.7349946637979105,-0.022797402596864236,0.5406344615165232
BRAF,5,6,CAV1;GAB2;ATM;EEF2K;ETS1,GAPDH;TFRC;IGFBP2;RAB25;PTEN;TP53,1,4,4,4,0.05564395441523452,0.04932636236669901,0.4,0.2,3.546099673574905e-43;8.968856017161578e-20;4.10303946488596e-11;3.3442543129329146e-06;0.19335702066534366;0.6142664676916982,8.475813421512503e-47;7.144450620444882e-22;1.086539398344533e-13;1.2736482007531956e-07,reported,4,0.2752564671349603,0.5507570162685389;0.36281383477455037;0.31120205136107126;0.2752564671349603,0.046953050007273255,True,1,39,1.0453804836070424,-1.2751468469173082,-0.027708450493910287,0.5340272404877554
CDH2,3,6,HSPA1A;STAT5A;SQSTM1,GAPDH;TFRC;IGFBP2;RAB25;PTEN;TP53,1,3,3,3,0.0476802843123397,0.04932636236669901,0.4,0.2,2.3975794918475496e-10;1.1275522231582914e-06;0.0012909677228641083;0.6631050827803011,2.6367052903391873e-12;8.653743517839097e-08;0.00172159528197388,reported,3,0.15490815816754266,0.2891973952725433;0.26179516507647155;0.15490815816754266,0.03597433543669275,True,1,39,1.0994873781543175,2.8319896570928127,0.1392344399769897,0.3958006240480759
CLDN7,3,11,CDH1;RAB25;TP53BP1,VHL;GAPDH;ANXA1;ATM;FASN;RPS6;ACACA;MAP2K1;PTEN;TP53;EEF2,1,3,3,2,0.02658110641332896,0.04932636236669901,0.4,0.2,3.3876994934322863e-37;3.4901575587883426e-16;0.003130115491684439;0.16034366920744128,5.3327527408416906e-27;9.05369905517094e-06;0.04957616957471613,conditional_information_dimension,3,0.09740029500305473,0.5021646748779472;0.24400607189021367;0.09740029500305473,0.03356797266338441,False,0,40,0.9881665050996541,,,
CDH1,2,11,CLDN7;CTNNB1,VHL;GAPDH;ANXA1;ATM;FASN;RPS6;ACACA;MAP2K1;PTEN;TP53;EEF2,1,3,3,2,,0.04932636236669901,0.4,0.2,5.1611414573093075e-52;4.724328973829779e-20;0.00023876473186737693,1.1036506884014413e-42;8.652886663174271e-14,proxy_dimensions,3,,,,,0,40,0.9525376244953789,,,
HSPA1A,3,16,SQSTM1;COL6A1;CDH2,VHL;GAPDH;TUBA1B;TFRC;ANXA1;CASP7;ATM;FASN;ASNS;BCL2L11;ERBB2;PDCD4;ACACA;PTEN;TP53;ETS1,1,4,4,3,,0.04932636236669901,0.2,0.15,3.368521306049178e-31;9.241447389977893e-17;1.8464045654868372e-06;0.0015303014343432705,1.6219069887260235e-26;2.3911862000018915e-14;7.319274204504218e-05,proxy_dimensions,4,,,,,0,40,1.01078063502742,,,
GAB2,1,16,BRAF,VHL;GAPDH;TUBA1B;TFRC;ANXA1;CASP7;ATM;FASN;ASNS;BCL2L11;ERBB2;PDCD4;ACACA;PTEN;TP53;ETS1,1,2,2,1,,0.04932636236669901,0.2,0.15,2.3866544279588053e-35;0.0025143410274629475,5.207477019294385e-26,proxy_dimensions,2,,,,,0,40,0.9368055226541827,,,
ASNS,4,3,ERBB2;BRAF;CHEK2;PRKCA,VHL;FASN;ACACA,1,2,2,1,0.01786161008341013,0.04932636236669901,0.4,0.15,3.0170894624984957e-21;1.0588689094572886e-10;0.377028890591553,4.693524317513871e-10;0.8308359869957332,conditional_information_dimension,2,0.046552947295155814,0.3687129070814973;0.046552947295155814,0.024399300841848538,False,0,40,1.0117072716881352,,,
BCL2L11,1,11,INPP4B,VHL;GAPDH;ANXA1;ATM;FASN;RPS6;ACACA;MAP2K1;PTEN;TP53;EEF2,1,2,2,1,,0.04932636236669901,0.4,0.2,3.3683448260388236e-16;2.5293363605933807e-08,2.671728902470447e-10,proxy_dimensions,2,,,,,0,40,0.9731917916059254,,,
BRAF,3,16,GAB2;EEF2K;NF2,VHL;GAPDH;TUBA1B;TFRC;ANXA1;CASP7;ATM;FASN;ASNS;BCL2L11;ERBB2;PDCD4;ACACA;PTEN;TP53;ETS1,1,4,4,3,,0.04932636236669901,0.2,0.15,4.253066908569102e-50;6.928826953122208e-14;0.0005536770204785778;0.032382295742987795,6.323892404062022e-21;7.928366209256671e-06;0.0474927991171592,proxy_dimensions,4,,,,,0,40,1.0078312161010294,,,
CDH2,4,3,CDH1;HSPA1A;RAB25;STAT5A,VHL;FASN;ACACA,1,3,3,2,0.024685762152076293,0.04932636236669901,0.4,0.15,4.529498566537654e-13;0.00018957690221385392;0.028910655077144878,2.364150621385247e-12;0.002950147157835031;0.20635981982013565,conditional_information_dimension,3,0.0882162435826927,0.37555432906692954;0.20116812854889113;0.0882162435826927,0.024685762152076286,False,0,40,1.0616152380051678,,,
CLDN7,2,10,CDH1;PRKCA,VHL;TFRC;RAB25;GAB2;ATM;EEF2K;BRAF;MAP2K1;EEF2;KIT,1,3,3,2,,0.04932636236669901,0.4,0.2,3.061746702953575e-53;2.8586802216761396e-21;2.3227336940625428e-05,4.130264183682015e-29;1.1110282053279934e-06,proxy_dimensions,3,,,,,0,41,1.0584240716722533,,,
CDH1,2,56,CLDN7;CTNNB1,MYH11;VHL;GAPDH;ESR1;TUBA1B;TFRC;IGFBP2;CCNB1;FN1;CAV1;SERPINE1;HSPA1A;SYK;ANXA1;AR;RAB25;CASP7;RICTOR;CCNE1;GAB2;ATM;INPP4B;FASN;MSH6;STAT5A;MYC;ASNS;BCL2L11;SQSTM1;EEF2K;ERBB2;PDCD4;RPS6;ACACA;TP53BP1;TGM2;FOXM1;MSH2;MAPK1;DIABLO;BRAF;ERBB3;NF2;RBM15;MAP2K1;PTEN;TP53;CHEK2;PEA15;COL6A1;EEF2;PRKCA;CDH2;KIT;PREX1;LCK,1,3,3,2,,0.04932636236669901,0.2,0.15,1.1754284339088214e-117;2.878678754070417e-56;8.533530566258044e-11,1.2001934432989775e-77;3.187364433985224e-19,proxy_dimensions,3,,,,,0,41,1.0439167702589613,,,
HSPA1A,1,36,COL6A1,VHL;TUBA1B;TFRC;IGFBP2;CLDN7;CDH1;RAB25;CASP7;GAB2;ATM;FASN;CTNNB1;STAT5A;ASNS;BCL2L11;SQSTM1;EEF2K;ERBB2;RPS6;ACACA;TP53BP1;TGM2;MAPK1;DIABLO;BRAF;RBM15;MAP2K1;PTEN;TP53;ETS1;PEA15;EEF2;CDH2;KIT;PREX1;LCK,1,2,2,1,,0.04932636236669901,0.2,0.15,4.038492408194543e-39;1.0182848519098838e-08,4.183087251929844e-24,proxy_dimensions,2,,,,,0,41,0.997593129961785,,,
GAB2,3,56,VHL;RAB25;KIT,MYH11;GAPDH;ESR1;TUBA1B;TFRC;IGFBP2;CLDN7;CCNB1;FN1;CAV1;CDH1;SERPINE1;HSPA1A;SYK;ANXA1;AR;CASP7;RICTOR;CCNE1;ATM;INPP4B;FASN;CTNNB1;MSH6;STAT5A;MYC;ASNS;BCL2L11;SQSTM1;EEF2K;ERBB2;PDCD4;RPS6;ACACA;TP53BP1;TGM2;FOXM1;MSH2;MAPK1;DIABLO;BRAF;ERBB3;NF2;RBM15;MAP2K1;PTEN;TP53;ETS1;CHEK2;PEA15;COL6A1;EEF2;PRKCA;CDH2;PREX1;LCK,1,4,4,3,,0.04932636236669901,0.4,0.2,1.882219990807717e-116;2.0763566817075464e-66;8.874417216735273e-35;3.1679813452372636e-13,2.9786850114288176e-96;9.310670081109249e-47;1.262551412518028e-20,proxy_dimensions,4,,,,,0,41,1.0478043283557565,,,
ASNS,2,10,CCNB1;CHEK2,VHL;TFRC;RAB25;GAB2;ATM;EEF2K;BRAF;MAP2K1;EEF2;KIT,1,3,3,2,,0.04932636236669901,0.4,0.2,1.0067990983241956e-20;3.4924691636830333e-09;0.019776220921410653,5.4509338299895557e-14;7.902392656341366e-05,proxy_dimensions,3,,,,,0,41,0.9575148024337001,,,
BCL2L11,1,10,CCNE1,VHL;TFRC;RAB25;GAB2;ATM;EEF2K;BRAF;MAP2K1;EEF2;KIT,1,2,2,1,,0.04932636236669901,0.4,0.2,2.113947467179914e-17;2.0018699870800806e-05,9.522968273429894e-10,proxy_dimensions,2,,,,,0,41,0.9916190153019182,,,
BRAF,1,57,EEF2K,MYH11;VHL;GAPDH;ESR1;TUBA1B;TFRC;IGFBP2;CLDN7;CCNB1;FN1;CAV1;CDH1;SERPINE1;HSPA1A;SYK;ANXA1;AR;RAB25;CASP7;RICTOR;CCNE1;GAB2;ATM;INPP4B;FASN;CTNNB1;MSH6;STAT5A;MYC;ASNS;BCL2L11;SQSTM1;ERBB2;PDCD4;RPS6;ACACA;TP53BP1;TGM2;FOXM1;MSH2;MAPK1;DIABLO;ERBB3;NF2;RBM15;MAP2K1;PTEN;TP53;ETS1;CHEK2;PEA15;COL6A1;PRKCA;CDH2;KIT;PREX1;LCK,1,2,2,1,,0.04932636236669901,0.2,0.15,3.890033761762823e-80;5.660293762710598e-25,4.0083163939335767e-25,proxy_dimensions,2,,,,,0,41,1.053271036221884,,,
CDH2,2,57,STAT5A;SQSTM1,MYH11;VHL;GAPDH;ESR1;TUBA1B;TFRC;IGFBP2;CLDN7;CCNB1;FN1;CAV1;CDH1;SERPINE1;HSPA1A;SYK;ANXA1;AR;RAB25;CASP7;RICTOR;CCNE1;GAB2;ATM;INPP4B;FASN;CTNNB1;MSH6;MYC;ASNS;BCL2L11;EEF2K;ERBB2;PDCD4;RPS6;ACACA;TP53BP1;TGM2;FOXM1;MSH2;MAPK1;DIABLO;BRAF;ERBB3;NF2;RBM15;MAP2K1;PTEN;TP53;ETS1;CHEK2;PEA15;COL6A1;EEF2;PRKCA;KIT;PREX1;LCK,1,3,3,2,,0.04932636236669901,0.2,0.15,3.9151215157865365e-111;3.7919643589448854e-51;2.1389629013211573e-17,3.253099646429706e-74;2.709871639665067e-31,proxy_dimensions,3,,,,,0,41,0.9289352868671883,,,
CLDN7,2,10,CDH1;RAB25,VHL;GAPDH;GAB2;ASNS;TGM2;DIABLO;MAP2K1;TP53;PEA15;EEF2,1,3,3,2,,0.04932636236669901,0.4,0.2,4.8224299002101575e-33;3.170276570570316e-12;0.001733564887173814,2.1045520298420737e-12;0.0026678690925393644,proxy_dimensions,3,,,,,0,42,1.0268196194644745,,,
CDH1,2,10,CLDN7;CTNNB1,VHL;GAPDH;GAB2;ASNS;TGM2;DIABLO;MAP2K1;TP53;PEA15;EEF2,1,3,3,2,,0.04932636236669901,0.4,0.2,9.305123375693885e-42;4.431023512887875e-15;0.00015862248766928982,2.5568258920064555e-28;7.985745295399624e-13,proxy_dimensions,3,,,,,0,42,1.010950580125603,,,
HSPA1A,3,10,CASP7;COL6A1;KIT,VHL;GAPDH;GAB2;ASNS;TGM2;DIABLO;MAP2K1;TP53;PEA15;EEF2,1,3,3,3,0.0638404379906865,0.04932636236669901,0.4,0.2,8.497427180751729e-23;3.647145821595749e-11;0.0032241087062604796;0.3462638561712293,4.953721591337253e-28;4.255195446884722e-16;1.0252486339145984e-05,reported,3,0.21674597722044883,0.40645548870967624;0.36754475496711164;0.21674597722044883,0.04188020802270072,True,1,42,1.0372492275148704,1.1442314147098198,0.06315244629512913,0.6070590500631184
GAB2,1,23,BRAF,VHL;GAPDH;TUBA1B;TFRC;CLDN7;SYK;ANXA1;RAB25;FASN;ASNS;BCL2L11;PDCD4;ACACA;TGM2;DIABLO;NF2;PTEN;TP53;ETS1;CHEK2;EEF2;CDH2;KIT,1,2,2,1,,0.04932636236669901,0.2,0.15,5.267270885255557e-44;6.291265181868486e-13,3.1653447705880025e-29,proxy_dimensions,2,,,,,0,42,0.9717541343252432,,,
ASNS,2,57,TP53;CHEK2,MYH11;VHL;GAPDH;ESR1;TUBA1B;TFRC;IGFBP2;CLDN7;CCNB1;FN1;CAV1;CDH1;SERPINE1;HSPA1A;SYK;ANXA1;AR;RAB25;CASP7;RICTOR;CCNE1;GAB2;ATM;INPP4B;FASN;CTNNB1;MSH6;STAT5A;MYC;BCL2L11;SQSTM1;EEF2K;ERBB2;PDCD4;RPS6;ACACA;TP53BP1;TGM2;FOXM1;MSH2;MAPK1;DIABLO;BRAF;ERBB3;NF2;RBM15;MAP2K1;PTEN;ETS1;PEA15;COL6A1;EEF2;PRKCA;CDH2;KIT;PREX1;LCK,1,3,3,2,,0.04932636236669901,0.2,0.15,7.06534747744878e-64;1.3708188105733148e-19;7.195651491717736e-09,2.3406387541288506e-41;6.3551727289024815e-09,proxy_dimensions,3,,,,,0,42,0.9593440448345124,,,
BCL2L11,1,10,CCNE1,VHL;GAPDH;GAB2;ASNS;TGM2;DIABLO;MAP2K1;TP53;PEA15;EEF2,1,2,2,1,,0.04932636236669901,0.4,0.2,5.237654707173288e-21;0.0011034956997563066,5.29924291513784e-06,proxy_dimensions,2,,,,,0,42,0.9952127224293704,,,
BRAF,3,10,RICTOR;MSH6;EEF2K,VHL;GAPDH;GAB2;ASNS;TGM2;DIABLO;MAP2K1;TP53;PEA15;EEF2,1,4,4,3,,0.04932636236669901,0.4,0.2,1.7552005943996732e-35;4.8190156708694824e-15;1.1249296244860685e-06;0.0011767810707080815,3.022575238209949e-24;8.752333511178146e-13;4.503266696297796e-05,proxy_dimensions,4,,,,,0,42,1.0354275722005954,,,
CDH2,2,10,AR;SQSTM1,VHL;GAPDH;GAB2;ASNS;TGM2;DIABLO;MAP2K1;TP53;PEA15;EEF2,1,3,3,2,,0.04932636236669901,0.4,0.2,2.707858849321526e-23;1.0479476105792899e-10;0.00044685278287597176,2.272490037042381e-19;3.980278742243161e-08,proxy_dimensions,3,,,,,0,42,1.036797943761523,,,
CLDN7,2,17,MAP2K1;PRKCA,GAPDH;ESR1;TUBA1B;TFRC;FN1;SERPINE1;HSPA1A;SYK;EEF2K;ERBB2;PDCD4;DIABLO;PTEN;TP53;EEF2;CDH2;KIT,1,3,3,2,,0.04932636236669901,0.2,0.15,9.040956110859023e-49;1.1988373386807923e-24;1.7645854087219239e-06,2.0003703632549936e-30;3.2581303488970123e-06,proxy_dimensions,3,,,,,0,43,0.9747319539633683,,,
CDH1,2,17,CTNNB1;ERBB3,GAPDH;ESR1;TUBA1B;TFRC;FN1;SERPINE1;HSPA1A;SYK;EEF2K;ERBB2;PDCD4;DIABLO;PTEN;TP53;EEF2;CDH2;KIT,1,3,3,2,,0.04932636236669901,0.2,0.15,1.1956710445660241e-85;2.5860544873102272e-42;1.4326144916025308e-19,1.7362176365581427e-52;1.346438174679686e-19,proxy_dimensions,3,,,,,0,43,1.0003734201513619,,,
HSPA1A,2,8,COL6A1;KIT,VHL;SYK;RAB25;GAB2;EEF2K;ERBB2;PTEN;TP53,1,3,3,2,,0.04932636236669901,0.4,0.2,4.105462956095019e-21;4.081951321430974e-08;0.002026974320432914,3.5473407411003306e-16;1.8845829326831264e-06,proxy_dimensions,3,,,,,0,43,0.9987606540240596,,,
GAB2,2,17,VHL;RAB25,GAPDH;ESR1;TUBA1B;TFRC;FN1;SERPINE1;HSPA1A;SYK;EEF2K;ERBB2;PDCD4;DIABLO;PTEN;TP53;EEF2;CDH2;KIT,1,3,3,2,,0.04932636236669901,0.2,0.15,1.9157943818610874e-18;1.0685851769138132e-05;0.039401495124082676,8.137840021693901e-10;0.009705321161407533,proxy_dimensions,3,,,,,0,43,0.9714202527693239,,,
ASNS,3,8,ACACA;CHEK2;PRKCA,VHL;SYK;RAB25;GAB2;EEF2K;ERBB2;PTEN;TP53,1,4,4,3,,0.04932636236669901,0.4,0.2,3.3470091114445115e-25;5.835594461461978e-12;4.070023559623911e-06;0.0017609332827840285,9.870306949653426e-21;3.2817764898576684e-10;0.0001360035427897566,proxy_dimensions,4,,,,,0,43,0.9983598053695683,,,
BCL2L11,2,17,CCNE1;PEA15,GAPDH;ESR1;TUBA1B;TFRC;FN1;SERPINE1;HSPA1A;SYK;EEF2K;ERBB2;PDCD4;DIABLO;PTEN;TP53;EEF2;CDH2;KIT,1,3,3,2,,0.04932636236669901,0.2,0.15,2.2093405644253987e-50;1.1564394071949672e-21;2.8718375147895417e-08,3.4414180969928332e-37;9.178977498115356e-10,proxy_dimensions,3,,,,,0,43,1.1104143912825788,,,
BRAF,2,17,NF2;ETS1,GAPDH;ESR1;TUBA1B;TFRC;FN1;SERPINE1;HSPA1A;SYK;EEF2K;ERBB2;PDCD4;DIABLO;PTEN;TP53;EEF2;CDH2;KIT,1,3,3,2,,0.04932636236669901,0.2,0.15,1.1105162387894624e-65;1.3742352909421904e-24;4.0421996490719116e-07,3.6250225024004366e-41;1.9095595980536755e-12,proxy_dimensions,3,,,,,0,43,1.0245009616278355,,,
CDH2,5,2,CDH1;CCNE1;STAT5A;SQSTM1;PREX1,RAB25;ERBB2,1,2,2,2,0.09047071971708143,0.04932636236669901,0.4,0.15,2.2807066584181222e-15;5.296474690819291e-09,4.438593975415626e-13;3.0397627587043874e-06,reported,2,0.27184040887413113,0.33880004062782487;0.27184040887413113,0.09047071971708145,True,2,43,1.1305488665919672,0.9772562814080795,0.01379867072538119,0.6325849563444177
CLDN7,2,36,CDH1;PRKCA,VHL;GAPDH;TUBA1B;TFRC;IGFBP2;CCNB1;FN1;SERPINE1;SYK;ANXA1;RAB25;CCNE1;GAB2;ATM;MSH6;STAT5A;BCL2L11;EEF2K;PDCD4;RPS6;TGM2;FOXM1;MSH2;MAPK1;DIABLO;BRAF;NF2;RBM15;MAP2K1;PTEN;TP53;ETS1;PEA15;EEF2;CDH2;KIT,1,3,3,2,,0.04932636236669901,0.2,0.15,3.757444380369847e-82;1.151961999175581e-39;1.0041965772030304e-08,3.435763734012954e-52;1.0327416688839143e-12,proxy_dimensions,3,,,,,0,44,0.9810181039929744,,,
CDH1,2,36,CLDN7;CTNNB1,VHL;GAPDH;TUBA1B;TFRC;IGFBP2;CCNB1;FN1;SERPINE1;SYK;ANXA1;RAB25;CCNE1;GAB2;ATM;MSH6;STAT5A;BCL2L11;EEF2K;PDCD4;RPS6;TGM2;FOXM1;MSH2;MAPK1;DIABLO;BRAF;NF2;RBM15;MAP2K1;PTEN;TP53;ETS1;PEA15;EEF2;CDH2;KIT,1,3,3,2,,0.04932636236669901,0.2,0.15,9.935847088918415e-85;4.230377285287879e-34;8.375542531466994e-08,1.1117354884118095e-58;2.3010352635212676e-16,proxy_dimensions,3,,,,,0,44,1.0780552063771893,,,
HSPA1A,3,12,SQSTM1;RBM15;COL6A1,VHL;GAPDH;TUBA1B;IGFBP2;RAB25;GAB2;ERBB2;PDCD4;DIABLO;PTEN;TP53;KIT,1,3,3,3,0.04443396227722167,0.04932636236669901,0.4,0.2,8.496612651906137e-46;2.969373913039825e-16;0.0002479573904449759;0.10263954363180937,9.717328972720095e-45;1.1185854276673685e-21;0.0001963384501050146,reported,3,0.1835701806960749,0.5184880800794217;0.4478890407696796;0.1835701806960749,0.033134386290890744,True,1,44,0.9186696174053127,-0.037384078567955566,-0.06580454340850955,0.6108338329989758
GAB2,1,58,VHL,MYH11;GAPDH;ESR1;TUBA1B;TFRC;IGFBP2;CLDN7;CCNB1;FN1;CAV1;CDH1;SERPINE1;HSPA1A;SYK;ANXA1;AR;RAB25;CASP7;RICTOR;CCNE1;ATM;INPP4B;FASN;CTNNB1;MSH6;STAT5A;MYC;ASNS;BCL2L11;SQSTM1;EEF2K;ERBB2;PDCD4;RPS6;ACACA;TP53BP1;TGM2;FOXM1;MSH2;MAPK1;DIABLO;BRAF;ERBB3;NF2;RBM15;MAP2K1;PTEN;TP53;ETS1;CHEK2;PEA15;COL6A1;EEF2;PRKCA;CDH2;KIT;PREX1;LCK,1,2,2,1,,0.04932636236669901,0.2,0.15,2.745123672417133e-45;1.6268720075026517e-10,1.1820029296540225e-16,proxy_dimensions,2,,,,,0,44,1.0216541737367446,,,
ASNS,3,36,ACACA;CHEK2;PRKCA,VHL;GAPDH;TUBA1B;TFRC;IGFBP2;CCNB1;FN1;SERPINE1;SYK;ANXA1;RAB25;CCNE1;GAB2;ATM;MSH6;STAT5A;BCL2L11;EEF2K;PDCD4;RPS6;TGM2;FOXM1;MSH2;MAPK1;DIABLO;BRAF;NF2;RBM15;MAP2K1;PTEN;TP53;ETS1;PEA15;EEF2;CDH2;KIT,1,4,4,3,,0.04932636236669901,0.2,0.15,3.240682798872847e-105;1.0489474800170015e-57;3.1978462236365367e-21;2.6563490136652404e-07,1.7333686282467624e-85;6.220995421798577e-41;1.9417212229185634e-12,proxy_dimensions,4,,,,,0,44,1.0178378960057002,,,
BCL2L11,2,12,ANXA1;PRKCA,VHL;GAPDH;TUBA1B;IGFBP2;RAB25;GAB2;ERBB2;PDCD4;DIABLO;PTEN;TP53;KIT,1,3,3,2,,0.04932636236669901,0.4,0.2,1.1463725287534716e-31;6.521198272407316e-15;6.139517035484424e-08,2.1718284734653712e-24;4.10116392689623e-08,proxy_dimensions,3,,,,,0,44,0.9747101712811468,,,
BRAF,1,12,ETS1,VHL;GAPDH;TUBA1B;IGFBP2;RAB25;GAB2;ERBB2;PDCD4;DIABLO;PTEN;TP53;KIT,1,2,2,1,,0.04932636236669901,0.4,0.2,5.957368674984882e-32;2.6847723983989145e-11,1.0602821333752697e-13,proxy_dimensions,2,,,,,0,44,1.006262110503664,,,
CDH2,1,58,STAT5A,MYH11;VHL;GAPDH;ESR1;TUBA1B;TFRC;IGFBP2;CLDN7;CCNB1;FN1;CAV1;CDH1;SERPINE1;HSPA1A;SYK;ANXA1;AR;RAB25;CASP7;RICTOR;CCNE1;GAB2;ATM;INPP4B;FASN;CTNNB1;MSH6;MYC;ASNS;BCL2L11;SQSTM1;EEF2K;ERBB2;PDCD4;RPS6;ACACA;TP53BP1;TGM2;FOXM1;MSH2;MAPK1;DIABLO;BRAF;ERBB3;NF2;RBM15;MAP2K1;PTEN;TP53;ETS1;CHEK2;PEA15;COL6A1;EEF2;PRKCA;KIT;PREX1;LCK,1,2,2,1,,0.04932636236669901,0.2,0.15,2.086203624872996e-86;1.355283673553083e-28,1.2225835103138277e-51,proxy_dimensions,2,,,,,0,44,1.0174014254361747,,,
CLDN7,3,23,CDH1;MAP2K1;PRKCA,VHL;GAPDH;TUBA1B;IGFBP2;SYK;ANXA1;RAB25;CASP7;FASN;STAT5A;ASNS;PDCD4;ACACA;TGM2;MAPK1;NF2;RBM15;PTEN;TP53;CHEK2;PEA15;CDH2;KIT,1,4,4,3,,0.04932636236669901,0.2,0.15,7.894697002617605e-80;3.6860358686354564e-41;4.327390882560029e-19;3.3835704008793022e-06,1.8500237555227771e-62;1.6400922009155312e-23;2.447868263363459e-06,proxy_dimensions,4,,,,,0,45,1.0623619707632679,,,
CDH1,3,23,TFRC;CLDN7;CTNNB1,VHL;GAPDH;TUBA1B;IGFBP2;SYK;ANXA1;RAB25;CASP7;FASN;STAT5A;ASNS;PDCD4;ACACA;TGM2;MAPK1;NF2;RBM15;PTEN;TP53;CHEK2;PEA15;CDH2;KIT,1,4,4,3,,0.04932636236669901,0.2,0.15,1.2908884301381535e-85;2.7235580969952237e-51;1.5165912228583258e-26;2.4763314221812114e-10,5.175301380436205e-66;5.598661321472632e-32;2.519188207470795e-10,proxy_dimensions,4,,,,,0,45,1.0394892409452148,,,
HSPA1A,1,23,COL6A1,VHL;GAPDH;TUBA1B;IGFBP2;SYK;ANXA1;RAB25;CASP7;FASN;STAT5A;ASNS;PDCD4;ACACA;TGM2;MAPK1;NF2;RBM15;PTEN;TP53;CHEK2;PEA15;CDH2;KIT,1,2,2,1,,0.04932636236669901,0.2,0.15,1.3464824647383318e-29;9.356509438248157e-08,2.527828865391216e-13,proxy_dimensions,2,,,,,0,45,0.9891327035684506,,,
GAB2,2,23,BRAF;MAP2K1,VHL;GAPDH;TUBA1B;IGFBP2;SYK;ANXA1;RAB25;CASP7;FASN;STAT5A;ASNS;PDCD4;ACACA;TGM2;MAPK1;NF2;RBM15;PTEN;TP53;CHEK2;PEA15;CDH2;KIT,1,3,3,2,,0.04932636236669901,0.2,0.15,9.668378058408231e-49;1.903333772607191e-24;6.881094342518876e-12,1.3014980792916937e-30;5.0172862603122127e-14,proxy_dimensions,3,,,,,0,45,1.0215743812645726,,,
ASNS,3,30,CCNB1;ACACA;CHEK2,VHL;GAPDH;ESR1;TFRC;IGFBP2;FN1;SERPINE1;SYK;RAB25;CASP7;GAB2;ATM;STAT5A;BCL2L11;SQSTM1;EEF2K;ERBB2;PDCD4;TGM2;MAPK1;DIABLO;NF2;MAP2K1;PTEN;TP53;PEA15;EEF2;CDH2;PREX1;LCK,1,4,4,3,,0.04932636236669901,0.4,0.25,5.9050426274474e-83;1.4923492023513374e-46;5.193243803548001e-23;0.0005329409024979687,4.1453507175567753e-73;2.2018312760143143e-42;1.7986984197170955e-22,proxy_dimensions,4,,,,,0,45,0.934659613773216,,,
BCL2L11,1,23,CCNE1,VHL;GAPDH;TUBA1B;IGFBP2;SYK;ANXA1;RAB25;CASP7;FASN;STAT5A;ASNS;PDCD4;ACACA;TGM2;MAPK1;NF2;RBM15;PTEN;TP53;CHEK2;PEA15;CDH2;KIT,1,2,2,1,,0.04932636236669901,0.2,0.15,4.064628851900935e-40;1.6549740700447056e-14,1.42407908007735e-22,proxy_dimensions,2,,,,,0,45,1.0131976428530638,,,
BRAF,3,23,GAB2;EEF2K;ETS1,VHL;GAPDH;TUBA1B;IGFBP2;SYK;ANXA1;RAB25;CASP7;FASN;STAT5A;ASNS;PDCD4;ACACA;TGM2;MAPK1;NF2;RBM15;PTEN;TP53;CHEK2;PEA15;CDH2;KIT,1,4,4,3,,0.04932636236669901,0.2,0.15,7.695308823542371e-59;2.0434968736803525e-28;5.9496208597451045e-15;7.832214230055129e-05,1.1179972570852289e-37;4.342140908648776e-18;0.00013121614045513748,proxy_dimensions,4,,,,,0,45,0.9745958854990182,,,
CDH2,2,57,STAT5A;SQSTM1,MYH11;VHL;GAPDH;ESR1;TUBA1B;TFRC;IGFBP2;CLDN7;CCNB1;FN1;CAV1;CDH1;SERPINE1;HSPA1A;SYK;ANXA1;AR;RAB25;CASP7;RICTOR;CCNE1;GAB2;ATM;INPP4B;FASN;CTNNB1;MSH6;MYC;ASNS;BCL2L11;EEF2K;ERBB2;PDCD4;RPS6;ACACA;TP53BP1;TGM2;FOXM1;MSH2;MAPK1;DIABLO;BRAF;ERBB3;NF2;RBM15;MAP2K1;PTEN;TP53;ETS1;CHEK2;PEA15;COL6A1;EEF2;PRKCA;KIT;PREX1;LCK,1,3,3,2,,0.04932636236669901,0.4,0.25,4.220151067877288e-116;8.683911075111552e-55;3.9196138466162616e-22,3.3251544040739862e-81;1.082053341432333e-31,proxy_dimensions,3,,,,,0,45,1.0118605876108278,,,
CLDN7,3,15,CDH1;TP53BP1;PRKCA,VHL;GAPDH;TUBA1B;TFRC;IGFBP2;FN1;SERPINE1;RAB25;GAB2;BCL2L11;ERBB2;PDCD4;MAP2K1;PTEN;TP53,2,4,4,3,,0.04932636236669901,0.4,0.2,1.0288505854740922e-73;4.145335838643146e-27;2.376635703192433e-14;0.0001750553309955752,4.365905955933377e-39;3.451741303963173e-18;3.732415999232003e-05,proxy_dimensions,4,,,,,0,46,0.98232171216945,,,
CDH1,3,24,CLDN7;CTNNB1;CDH2,VHL;TUBA1B;IGFBP2;SYK;ANXA1;RAB25;GAB2;ATM;FASN;MSH6;ASNS;PDCD4;ACACA;TGM2;MSH2;MAPK1;DIABLO;BRAF;NF2;MAP2K1;PTEN;TP53;ETS1;PEA15,2,4,4,3,,0.04932636236669901,0.2,0.15,7.314927403372581e-93;1.845207550169418e-44;4.2972357336184e-22;3.1422790656340614e-08,1.7060677967316135e-65;1.676833402396761e-33;3.2802227296128703e-12,proxy_dimensions,4,,,,,0,46,0.999254479945056,,,
HSPA1A,3,15,SQSTM1;COL6A1;CDH2,VHL;GAPDH;TUBA1B;TFRC;IGFBP2;FN1;SERPINE1;RAB25;GAB2;BCL2L11;ERBB2;PDCD4;MAP2K1;PTEN;TP53,2,4,4,3,,0.04932636236669901,0.4,0.2,4.5762875710653274e-35;3.1055571819574317e-16;1.969859174125834e-08;0.0009049811534327588,1.4855139767911844e-29;3.0261194897646835e-11;0.0008569086617522984,proxy_dimensions,4,,,,,0,46,1.0275786405358018,,,
GAB2,1,58,VHL,MYH11;GAPDH;ESR1;TUBA1B;TFRC;IGFBP2;CLDN7;CCNB1;FN1;CAV1;CDH1;SERPINE1;HSPA1A;SYK;ANXA1;AR;RAB25;CASP7;RICTOR;CCNE1;ATM;INPP4B;FASN;CTNNB1;MSH6;STAT5A;MYC;ASNS;BCL2L11;SQSTM1;EEF2K;ERBB2;PDCD4;RPS6;ACACA;TP53BP1;TGM2;FOXM1;MSH2;MAPK1;DIABLO;BRAF;ERBB3;NF2;RBM15;MAP2K1;PTEN;TP53;ETS1;CHEK2;PEA15;COL6A1;EEF2;PRKCA;CDH2;KIT;PREX1;LCK,2,2,2,1,,0.04932636236669901,0.2,0.15,1.8236477541992123e-34;6.518326321983918e-13,2.3544839938961698e-14,proxy_dimensions,2,,,,,0,46,1.0059513842488352,,,
ASNS,2,15,FASN;CHEK2,VHL;GAPDH;TUBA1B;TFRC;IGFBP2;FN1;SERPINE1;RAB25;GAB2;BCL2L11;ERBB2;PDCD4;MAP2K1;PTEN;TP53,2,3,3,2,,0.04932636236669901,0.4,0.2,2.0204413977602157e-29;1.0381942373483782e-12;0.00016565613213154835,1.1083992725592667e-25;1.9920434176280806e-10,proxy_dimensions,3,,,,,0,46,0.9939314528898114,,,
BCL2L11,2,2,IGFBP2;PDCD4,TUBA1B;TP53,2,2,2,2,0.05750924556930412,0.04932636236669901,0.4,0.15,1.6902556314128812e-08;0.02609116471441651,1.0000327913156192e-08;0.022627306071438865,reported,2,0.11284606966285017,0.2986183971210399;0.11284606966285017,0.05750924556930414,True,1,46,0.9714523569944269,-0.21719590015014265,0.04797607785175367,0.599554574958553
BRAF,1,58,ETS1,MYH11;VHL;GAPDH;ESR1;TUBA1B;TFRC;IGFBP2;CLDN7;CCNB1;FN1;CAV1;CDH1;SERPINE1;HSPA1A;SYK;ANXA1;AR;RAB25;CASP7;RICTOR;CCNE1;GAB2;ATM;INPP4B;FASN;CTNNB1;MSH6;STAT5A;MYC;ASNS;BCL2L11;SQSTM1;EEF2K;ERBB2;PDCD4;RPS6;ACACA;TP53BP1;TGM2;FOXM1;MSH2;MAPK1;DIABLO;ERBB3;NF2;RBM15;MAP2K1;PTEN;TP53;CHEK2;PEA15;COL6A1;EEF2;PRKCA;CDH2;KIT;PREX1;LCK,2,2,2,1,,0.04932636236669901,0.2,0.15,1.6330104453465948e-70;3.942637759279883e-20,1.5057856539502256e-30,proxy_dimensions,2,,,,,0,46,0.997117716599505,,,
CDH2,5,24,ESR1;CDH1;HSPA1A;CCNE1;STAT5A,VHL;TUBA1B;IGFBP2;SYK;ANXA1;RAB25;GAB2;ATM;FASN;MSH6;ASNS;PDCD4;ACACA;TGM2;MSH2;MAPK1;DIABLO;BRAF;NF2;MAP2K1;PTEN;TP53;ETS1;PEA15,2,6,6,5,,0.04932636236669901,0.2,0.15,6.705991710669142e-89;5.25358375365481e-51;2.5448059064377544e-31;3.2975397290011827e-18;4.736810477941011e-07;0.005445964110757102,1.384391000108457e-74;3.4445141840934245e-38;1.5718621145350815e-21;7.154625679913426e-09;0.00048249545983351794,proxy_dimensions,6,,,,,0,46,0.9968791531793747,,,
CLDN7,2,55,CDH1;MAP2K1,MYH11;VHL;GAPDH;ESR1;TUBA1B;TFRC;IGFBP2;CCNB1;FN1;CAV1;SERPINE1;HSPA1A;SYK;ANXA1;AR;RAB25;CASP7;RICTOR;CCNE1;GAB2;ATM;INPP4B;FASN;MSH6;STAT5A;MYC;ASNS;BCL2L11;SQSTM1;EEF2K;ERBB2;PDCD4;RPS6;ACACA;TGM2;FOXM1;MSH2;MAPK1;DIABLO;BRAF;ERBB3;NF2;RBM15;PTEN;TP53;ETS1;CHEK2;PEA15;COL6A1;EEF2;PRKCA;CDH2;KIT;PREX1;LCK,1,3,3,2,,0.04932636236669901,0.2,0.15,2.486048423241506e-55;9.472021687053452e-16;2.229159403246274e-05,2.4540773876670925e-27;4.912442436126544e-12,proxy_dimensions,3,,,,,0,47,0.9696568658250064,,,
CDH1,2,55,CLDN7;CTNNB1,MYH11;VHL;GAPDH;ESR1;TUBA1B;TFRC;IGFBP2;CCNB1;FN1;CAV1;SERPINE1;HSPA1A;SYK;ANXA1;AR;RAB25;CASP7;RICTOR;CCNE1;GAB2;ATM;INPP4B;FASN;MSH6;STAT5A;MYC;ASNS;BCL2L11;SQSTM1;EEF2K;ERBB2;PDCD4;RPS6;ACACA;TGM2;FOXM1;MSH2;MAPK1;DIABLO;BRAF;ERBB3;NF2;RBM15;PTEN;TP53;ETS1;CHEK2;PEA15;COL6A1;EEF2;PRKCA;CDH2;KIT;PREX1;LCK,1,3,3,2,,0.04932636236669901,0.2,0.15,1.4042993182665185e-102;1.1388628039399684e-35;2.836676973110543e-05,2.654415939581074e-66;4.291303122291155e-09,proxy_dimensions,3,,,,,0,47,0.8965231116305644,,,
HSPA1A,2,12,SQSTM1;COL6A1,VHL;GAPDH;TUBA1B;TFRC;IGFBP2;GAB2;TGM2;MAPK1;MAP2K1;PTEN;TP53;CHEK2,1,3,3,2,,0.04932636236669901,0.4,0.2,2.116354729161776e-12;2.0629589368480232e-06;0.0012792685533676456,2.065407388399158e-08;0.0023208485248679754,proxy_dimensions,3,,,,,0,47,0.9859255563136021,,,
GAB2,1,58,EEF2K,MYH11;VHL;GAPDH;ESR1;TUBA1B;TFRC;IGFBP2;CLDN7;CCNB1;FN1;CAV1;CDH1;SERPINE1;HSPA1A;SYK;ANXA1;AR;RAB25;CASP7;RICTOR;CCNE1;ATM;INPP4B;FASN;CTNNB1;MSH6;STAT5A;MYC;ASNS;BCL2L11;SQSTM1;ERBB2;PDCD4;RPS6;ACACA;TP53BP1;TGM2;FOXM1;MSH2;MAPK1;DIABLO;BRAF;ERBB3;NF2;RBM15;MAP2K1;PTEN;TP53;ETS1;CHEK2;PEA15;COL6A1;EEF2;PRKCA;CDH2;KIT;PREX1;LCK,1,2,2,1,,0.04932636236669901,0.2,0.15,6.877408285230126e-56;1.4809667419234725e-14,3.281187227338779e-40,proxy_dimensions,2,,,,,0,47,0.9901990323338522,,,
ASNS,1,57,ACACA,MYH11;VHL;GAPDH;ESR1;TUBA1B;TFRC;IGFBP2;CLDN7;CCNB1;FN1;CAV1;CDH1;SERPINE1;HSPA1A;SYK;ANXA1;AR;RAB25;CASP7;RICTOR;CCNE1;GAB2;ATM;INPP4B;CTNNB1;MSH6;STAT5A;MYC;BCL2L11;SQSTM1;EEF2K;ERBB2;PDCD4;RPS6;TP53BP1;TGM2;FOXM1;MSH2;MAPK1;DIABLO;BRAF;ERBB3;NF2;RBM15;MAP2K1;PTEN;TP53;ETS1;CHEK2;PEA15;COL6A1;EEF2;PRKCA;CDH2;KIT;PREX1;LCK,1,2,2,1,,0.04932636236669901,0.2,0.15,3.7325366436417947e-56;3.5616992098320866e-21,7.176694694105798e-24,proxy_dimensions,2,,,,,0,47,1.058106136627957,,,
BCL2L11,2,56,FN1;ANXA1,MYH11;VHL;GAPDH;ESR1;TUBA1B;TFRC;IGFBP2;CLDN7;CCNB1;CAV1;CDH1;HSPA1A;SYK;AR;RAB25;CASP7;RICTOR;CCNE1;GAB2;ATM;INPP4B;FASN;CTNNB1;MSH6;STAT5A;MYC;ASNS;SQSTM1;EEF2K;ERBB2;PDCD4;RPS6;ACACA;TP53BP1;TGM2;FOXM1;MSH2;MAPK1;DIABLO;BRAF;ERBB3;NF2;RBM15;MAP2K1;PTEN;TP53;ETS1;CHEK2;PEA15;COL6A1;EEF2;PRKCA;CDH2;KIT;PREX1;LCK,1,3,3,2,,0.04932636236669901,0.2,0.15,3.4472053056321533e-90;8.749790365929366e-46;3.791544912775185e-14,3.064579899136518e-51;4.3652627485916775e-14,proxy_dimensions,3,,,,,0,47,1.0225826610432196,,,
BRAF,2,12,CAV1;ETS1,VHL;GAPDH;TUBA1B;TFRC;IGFBP2;GAB2;TGM2;MAPK1;MAP2K1;PTEN;TP53;CHEK2,1,3,3,2,,0.04932636236669901,0.4,0.2,2.663323160741143e-29;5.858681255947811e-15;1.1005081818218938e-05,2.6220606175349668e-15;4.702488867607353e-06,proxy_dimensions,3,,,,,0,47,1.0818709305251424,,,
CDH2,3,12,RAB25;STAT5A;SQSTM1,VHL;GAPDH;TUBA1B;TFRC;IGFBP2;GAB2;TGM2;MAPK1;MAP2K1;PTEN;TP53;CHEK2,1,3,3,3,0.039226134374608125,0.04932636236669901,0.4,0.2,8.340236676622507e-30;1.0183867607298446e-13;0.00011288139292701833;0.241737243545807,1.4439116154186802e-35;2.4468297901077426e-15;0.012143564161531516,reported,3,0.1242145944809117,0.49334236859457875;0.3941329581275757;0.1242145944809117,0.032062426562388044,True,1,47,1.0195601882191128,-4.460435493505247,-0.3167240509819324,0.5745614430109469
CLDN7,2,28,CDH1;PRKCA,GAPDH;TUBA1B;TFRC;SYK;ANXA1;RAB25;CASP7;CCNE1;FASN;MSH6;STAT5A;ASNS;BCL2L11;EEF2K;ERBB2;PDCD4;ACACA;TP53BP1;MSH2;DIABLO;RBM15;MAP2K1;PTEN;ETS1;CHEK2;CDH2;PREX1;LCK,1,3,3,2,,0.04932636236669901,0.2,0.15,3.9219951213859266e-89;6.984918356280891e-41;1.4511185720224283e-11,1.7392934801067963e-55;1.566864792438806e-17,proxy_dimensions,3,,,,,0,48,1.0958566700192334,,,
CDH1,2,28,CLDN7;CTNNB1,GAPDH;TUBA1B;TFRC;SYK;ANXA1;RAB25;CASP7;CCNE1;FASN;MSH6;STAT5A;ASNS;BCL2L11;EEF2K;ERBB2;PDCD4;ACACA;TP53BP1;MSH2;DIABLO;RBM15;MAP2K1;PTEN;ETS1;CHEK2;CDH2;PREX1;LCK,1,3,3,2,,0.04932636236669901,0.2,0.15,4.722015175380708e-95;1.0659817782443874e-41;6.334256229283324e-11,8.270917710437638e-60;2.03586227927871e-14,proxy_dimensions,3,,,,,0,48,1.12156878897534,,,
HSPA1A,1,28,COL6A1,GAPDH;TUBA1B;TFRC;SYK;ANXA1;RAB25;CASP7;CCNE1;FASN;MSH6;STAT5A;ASNS;BCL2L11;EEF2K;ERBB2;PDCD4;ACACA;TP53BP1;MSH2;DIABLO;RBM15;MAP2K1;PTEN;ETS1;CHEK2;CDH2;PREX1;LCK,1,2,2,1,,0.04932636236669901,0.2,0.15,1.1354539516684137e-42;0.00022902825553318008,1.6160500547948507e-23,proxy_dimensions,2,,,,,0,48,0.9539485976744289,,,
GAB2,3,28,MYH11;VHL;BRAF,GAPDH;TUBA1B;TFRC;SYK;ANXA1;RAB25;CASP7;CCNE1;FASN;MSH6;STAT5A;ASNS;BCL2L11;EEF2K;ERBB2;PDCD4;ACACA;TP53BP1;MSH2;DIABLO;RBM15;MAP2K1;PTEN;ETS1;CHEK2;CDH2;PREX1;LCK,1,4,4,3,,0.04932636236669901,0.2,0.15,7.639048474438725e-73;4.468200425026359e-25;9.608417651732995e-07;0.00025064258679334024,1.661279209861353e-60;2.9842803176267684e-23;0.00031031979919365037,proxy_dimensions,4,,,,,0,48,0.9818675340567713,,,
ASNS,1,7,PRKCA,TFRC;IGFBP2;RAB25;ERBB2;DIABLO;MAP2K1;TP53,1,2,2,1,,0.04932636236669901,0.4,0.2,5.080624224989312e-11;7.534197252672966e-05,1.6910136172752814e-06,proxy_dimensions,2,,,,,0,48,1.0386796594311438,,,
BCL2L11,2,7,CCNE1;PRKCA,TFRC;IGFBP2;RAB25;ERBB2;DIABLO;MAP2K1;TP53,1,3,3,2,,0.04932636236669901,0.4,0.2,7.416880851493712e-20;3.744236935789426e-09;0.001007192942235391,2.8504338007653108e-18;2.1902570155939977e-07,proxy_dimensions,3,,,,,0,48,0.9897947948337807,,,
BRAF,4,7,CAV1;GAB2;CTNNB1;EEF2K,TFRC;IGFBP2;RAB25;ERBB2;DIABLO;MAP2K1;TP53,1,3,3,3,0.04554900808830844,0.04932636236669901,0.4,0.2,4.3521575027395077e-23;2.7282911614455252e-11;1.5027806136693503e-06;0.0539516770564189;0.2998782324821738,7.627773877337399e-23;3.2087905062854185e-09;0.0037310920716646673,reported,3,0.16522393021086218,0.43255889634567124;0.3057275529154337;0.16522393021086218,0.03526827128637106,True,2,48,1.0688828158017172,0.4403026970044257,0.06043907987500902,0.5010989512715935
CDH2,2,52,STAT5A;PREX1,MYH11;VHL;GAPDH;ESR1;TUBA1B;TFRC;IGFBP2;CLDN7;CCNB1;FN1;CAV1;CDH1;SERPINE1;HSPA1A;SYK;ANXA1;AR;RAB25;RICTOR;CCNE1;GAB2;ATM;INPP4B;FASN;CTNNB1;MSH6;MYC;ASNS;BCL2L11;SQSTM1;EEF2K;ERBB2;PDCD4;RPS6;ACACA;TGM2;FOXM1;MSH2;MAPK1;DIABLO;BRAF;ERBB3;NF2;MAP2K1;TP53;ETS1;CHEK2;PEA15;COL6A1;EEF2;PRKCA;KIT,1,3,3,2,,0.04932636236669901,0.2,0.15,9.871631104302978e-86;7.854575505903761e-53;3.9223375922513837e-22,2.5276648563548124e-53;1.3942204467985089e-22,proxy_dimensions,3,,,,,0,48,1.0298319787091599,,,
CLDN7,4,29,CDH1;GAB2;MAP2K1;PRKCA,VHL;GAPDH;ESR1;TUBA1B;TFRC;IGFBP2;FN1;SERPINE1;SYK;ANXA1;RAB25;ATM;STAT5A;BCL2L11;EEF2K;ERBB2;PDCD4;RPS6;TP53BP1;TGM2;MAPK1;DIABLO;NF2;PTEN;CHEK2;PEA15;EEF2;CDH2;KIT,1,5,5,4,,0.04932636236669901,0.2,0.15,1.048751498531846e-99;1.3221651457621474e-59;7.41942885137718e-30;2.389275841408261e-14;5.070413151714795e-08,1.198108809854774e-75;1.8636846141536253e-45;9.447963248953056e-22;9.650497973114409e-08,proxy_dimensions,5,,,,,0,49,1.0513333920876906,,,
CDH1,3,13,CLDN7;CTNNB1;CDH2,GAPDH;TFRC;RAB25;CASP7;ATM;MSH6;ASNS;ERBB2;RPS6;MSH2;MAP2K1;PTEN;TP53,1,4,4,3,,0.04932636236669901,0.4,0.2,3.835855078478164e-60;1.7633263982545723e-29;1.1536678450382395e-10;0.019142670632321886,8.592465366718145e-39;2.44290433012361e-16;6.8283244998845094e-06,proxy_dimensions,4,,,,,0,49,0.9828619738895679,,,
HSPA1A,3,13,COL6A1;CDH2;KIT,GAPDH;TFRC;RAB25;CASP7;ATM;MSH6;ASNS;ERBB2;RPS6;MSH2;MAP2K1;PTEN;TP53,1,4,4,3,,0.04932636236669901,0.4,0.2,1.4618665682328556e-35;5.905366037833279e-14;6.046108264070033e-07;0.011578585251254886,3.546566027820705e-27;2.033688099585239e-10;0.0001549140105796961,proxy_dimensions,4,,,,,0,49,1.0854256467862995,,,
GAB2,3,13,VHL;CLDN7;BRAF,GAPDH;TFRC;RAB25;CASP7;ATM;MSH6;ASNS;ERBB2;RPS6;MSH2;MAP2K1;PTEN;TP53,1,4,4,3,,0.04932636236669901,0.4,0.2,2.609890056723975e-45;4.43919411805803e-19;9.30036369834803e-07;0.0006551925583425944,3.451514681762923e-39;4.91399329429874e-15;7.165122697781459e-05,proxy_dimensions,4,,,,,0,49,0.9623418809622101,,,
ASNS,4,3,RAB25;ACACA;TP53BP1;PRKCA,ATM;ERBB2;TP53,1,3,3,3,0.03989138276813619,0.04932636236669901,0.4,0.15,5.302991964861786e-37;1.1115199899874575e-09;8.746313694570432e-06,7.450708408223488e-35;2.7101229826277515e-07;0.009584156143950534,reported,3,0.15081601205820455,0.5603669299376725;0.275337364513949;0.15081601205820455,0.039891382768136155,True,1,49,1.000334926798164,-1.4413073466511648,0.04219555751441321,0.6910674170302491
BCL2L11,3,13,ANXA1;CCNE1;PDCD4,GAPDH;TFRC;RAB25;CASP7;ATM;MSH6;ASNS;ERBB2;RPS6;MSH2;MAP2K1;PTEN;TP53,1,4,4,3,,0.04932636236669901,0.4,0.2,1.6497439829954322e-28;1.17368420728346e-15;8.796105863742102e-05;0.008841502982833385,1.0932693823412935e-23;1.1375245168733269e-12;0.0012007837913950705,proxy_dimensions,4,,,,,0,49,0.9487414325027839,,,
BRAF,3,13,CAV1;GAB2;ETS1,GAPDH;TFRC;RAB25;CASP7;ATM;MSH6;ASNS;ERBB2;RPS6;MSH2;MAP2K1;PTEN;TP53,1,4,4,3,,0.04932636236669901,0.4,0.2,8.184784630556664e-46;1.5780738064992783e-18;5.204072429753615e-09;0.009832240560869992,2.0215993863713443e-28;2.2138728966597434e-09;0.007476622314018956,proxy_dimensions,4,,,,,0,49,0.9770269027456526,,,
CDH2,3,13,CDH1;HSPA1A;STAT5A,GAPDH;TFRC;RAB25;CASP7;ATM;MSH6;ASNS;ERBB2;RPS6;MSH2;MAP2K1;PTEN;TP53,1,4,4,3,,0.04932636236669901,0.4,0.2,3.894633794497737e-58;4.311844995923775e-28;5.942750825820394e-11;0.0006601899601500947,3.490227057537196e-56;1.2455756430950263e-25;2.4481714439789845e-09,proxy_dimensions,4,,,,,0,49,0.9327512008650615,,,
CLDN7,3,7,CDH1;MAPK1;MAP2K1,VHL;GAPDH;RAB25;GAB2;PTEN;TP53;EEF2,2,3,3,3,0.05627100805006409,0.04932636236669901,0.4,0.2,1.622089636226827e-42;2.1796395529524437e-14;2.5759854747819336e-05;0.6096546765000037,6.269752523586984e-33;1.473740693923764e-11;3.367254971857626e-06,reported,3,0.22800632132424611,0.503244518346188;0.2880723056926518;0.22800632132424611,0.039256636391141034,True,1,50,0.97653835564526,0.2568787542922316,-0.017628106675469563,0.5057871396457094
CDH1,3,7,CLDN7;CTNNB1;CDH2,VHL;GAPDH;RAB25;GAB2;PTEN;TP53;EEF2,2,3,3,3,0.05992654461816466,0.04932636236669901,0.4,0.2,1.468492643100982e-36;4.031021091133122e-11;1.966373652282094e-05;0.08471175896812194,2.5537316056140675e-25;1.247842552047016e-11;1.3432964294036598e-05,reported,3,0.21392247886353247,0.4262568543967476;0.29957047418141636;0.21392247886353247,0.044734007230428766,True,1,50,0.9455479328175468,1.9497688633786983,0.1482900156124241,0.525958843931444
HSPA1A,2,7,COL6A1;CDH2,VHL;GAPDH;RAB25;GAB2;PTEN;TP53;EEF2,2,2,2,2,0.11557267635075005,0.04932636236669901,0.4,0.2,2.6338370364592338e-17;0.0013583630694962894;0.06746360833330996,5.267232709746561e-22;7.65564409501399e-06,reported,2,0.2194923459716101,0.4370304691536974;0.2194923459716101,0.06555657857141665,True,1,50,0.9835854301362208,1.2679561984573213,0.06788909841454713,0.518895241088621
GAB2,1,26,EEF2,VHL;GAPDH;TUBA1B;TFRC;CLDN7;FN1;SERPINE1;SYK;ANXA1;RAB25;ATM;BCL2L11;SQSTM1;EEF2K;PDCD4;RPS6;TP53BP1;MAPK1;DIABLO;NF2;RBM15;MAP2K1;PTEN;TP53;CHEK2;PEA15,2,2,2,1,,0.04932636236669901,0.2,0.15,2.770375172602299e-51;1.1027375672565428e-15,4.1189119355164546e-29,proxy_dimensions,2,,,,,0,50,0.9753345365598375,,,
ASNS,2,26,ACACA;MSH2,VHL;GAPDH;TUBA1B;TFRC;CLDN7;FN1;SERPINE1;SYK;ANXA1;RAB25;ATM;BCL2L11;SQSTM1;EEF2K;PDCD4;RPS6;TP53BP1;MAPK1;DIABLO;NF2;RBM15;MAP2K1;PTEN;TP53;CHEK2;PEA15,2,3,3,2,,0.04932636236669901,0.2,0.15,6.861554517253073e-54;1.0601940097605789e-20;4.551766298237352e-08,1.8452005928045753e-38;1.305739147551568e-10,proxy_dimensions,3,,,,,0,50,0.9871593387236849,,,
BCL2L11,2,7,INPP4B;PEA15,VHL;GAPDH;RAB25;GAB2;PTEN;TP53;EEF2,2,3,3,2,,0.04932636236669901,0.4,0.2,2.4523076671665006e-17;8.88166649746245e-08;0.00032349033276893503,9.694345811063433e-13;0.0006037946936702077,proxy_dimensions,3,,,,,0,50,0.9622435663866569,,,
BRAF,2,26,CAV1;ETS1,VHL;GAPDH;TUBA1B;TFRC;CLDN7;FN1;SERPINE1;SYK;ANXA1;RAB25;ATM;BCL2L11;SQSTM1;EEF2K;PDCD4;RPS6;TP53BP1;MAPK1;DIABLO;NF2;RBM15;MAP2K1;PTEN;TP53;CHEK2;PEA15,2,3,3,2,,0.04932636236669901,0.2,0.15,3.33901484433788e-47;1.2316756025537385e-11;3.245431822127082e-05,3.4131197632910024e-18;2.8185405575537217e-07,proxy_dimensions,3,,,,,0,50,1.0265167393378212,,,
CDH2,5,7,CDH1;HSPA1A;CTNNB1;STAT5A;SQSTM1,VHL;GAPDH;RAB25;GAB2;PTEN;TP53;EEF2,2,4,4,4,0.03528127783192574,0.04932636236669901,0.4,0.2,1.944258864315586e-39;5.747518086895066e-16;3.0062828624409906e-07;9.276760200031718e-05;0.0607365507448441;0.7529125486501458,9.719037110277622e-41;2.6413229411406427e-14;6.831360034713333e-07;0.0016904068653868834,reported,4,0.1765783601471249,0.5635319471229772;0.34886335450074873;0.2515242851844827;0.1765783601471249,0.03051582476528658,True,1,50,1.0112185669811222,1.5004960119411836,0.08591784688570221,0.5094764445837936
CLDN7,2,11,CAV1;CDH1,VHL;TUBA1B;IGFBP2;GAB2;EEF2K;ERBB2;DIABLO;BRAF;PTEN;TP53;EEF2,1,2,2,2,0.040266403883864176,0.04932636236669901,0.4,0.2,3.6792115163123256e-43;7.75998685282515e-07;0.24068474336445145,2.635377643890195e-21;0.0437013689071161,reported,2,0.0999102543601533,0.46463565010575575;0.0999102543601533,0.03242476554021579,True,2,51,1.010092306567259,2.7384194483593642,-0.20014819761888322,0.5318858681506552
CDH1,5,11,CLDN7;SERPINE1;CTNNB1;COL6A1;CDH2,VHL;TUBA1B;IGFBP2;GAB2;EEF2K;ERBB2;DIABLO;BRAF;PTEN;TP53;EEF2,1,4,4,4,0.04527642337902506,0.04932636236669901,0.4,0.2,1.1304738354628115e-43;6.649007927320794e-10;9.621571218023674e-06;0.019680960512242936;0.6088124789019338;0.86865338372796,1.5393832868006768e-37;1.210473971965457e-19;9.025111660752504e-13;1.7414688796860133e-06,reported,4,0.25237187540469463,0.4905126569541563;0.34226786378211027;0.31388820459338757;0.25237187540469463,0.03026206056468542,True,1,51,1.0334760940451835,0.44709026086756937,0.11980543296305134,0.579118086636064
HSPA1A,3,11,SQSTM1;COL6A1;KIT,VHL;TUBA1B;IGFBP2;GAB2;EEF2K;ERBB2;DIABLO;BRAF;PTEN;TP53;EEF2,1,3,3,3,0.034641193468199896,0.04932636236669901,0.4,0.2,2.6283402421538515e-25;1.845055207747488e-10;0.00015339809952323369;0.11973543824232827,1.0737868266341948e-28;2.7896048681678243e-12;0.007463279593484242,reported,3,0.13243913948579908,0.4560788044189851;0.35019671581891;0.13243913948579908,0.031693433088155094,True,1,51,1.0199901095160633,0.35862627361465116,0.06871793477803304,0.6303918530763118
GAB2,1,16,VHL,TUBA1B;TFRC;SYK;ANXA1;RAB25;MSH6;BCL2L11;MSH2;MAPK1;DIABLO;BRAF;NF2;MAP2K1;PTEN;TP53;CHEK2,1,2,2,1,,0.04932636236669901,0.2,0.15,9.830830841589559e-24;2.510811945996034e-05,1.305084512837117e-08,proxy_dimensions,2,,,,,0,51,1.102005450370677,,,
ASNS,4,2,FASN;SQSTM1;ACACA;CHEK2,PTEN;TP53,1,2,2,1,0.014731372890931009,0.04932636236669901,0.4,0.15,1.196848170720226e-08;0.029633164526121306,0.00031740585752518756;0.7974212269477092,conditional_information_dimension,2,0.05008169420617088,0.2585299691568762;0.05008169420617088,0.014731372890931007,False,0,51,1.0013945553032342,,,
BCL2L11,3,11,ANXA1;CCNE1;PDCD4,VHL;TUBA1B;IGFBP2;GAB2;EEF2K;ERBB2;DIABLO;BRAF;PTEN;TP53;EEF2,1,3,3,2,0.01876590470838545,0.04932636236669901,0.4,0.2,2.67957727464136e-34;2.230529158692806e-13;0.00012910224219816647;0.1220304557253635,6.322831744878108e-32;7.70966051147562e-07;0.227166320871544,conditional_information_dimension,3,0.059993614724155445,0.5343873322746211;0.2777290619810364;0.059993614724155445,0.030520283067503005,False,0,51,1.0580038757769734,,,
BRAF,0,0,,,1,0,0,0,,0.04932636236669901,0.2,0.15,,,no_shared_direction,0,,,,,0,51,1.003860568128692,,,
CDH2,6,11,CDH1;AR;CCNE1;CTNNB1;STAT5A;SQSTM1,VHL;TUBA1B;IGFBP2;GAB2;EEF2K;ERBB2;DIABLO;BRAF;PTEN;TP53;EEF2,1,6,6,6,0.00963890634718889,0.04932636236669901,0.4,0.2,4.69322741723789e-52;1.0070385406857798e-20;1.1286332061466078e-11;9.944143998958741e-07;0.0014159497648710078;0.026605578842748116;0.5118384522261508,6.754882427249407e-61;9.863683666802798e-25;1.9027172401052653e-13;1.0489897435599415e-08;3.290206797983622e-05;0.04118311661929031,reported,6,0.10162931480831308,0.641768886957225;0.4258712337334942;0.31048563353147945;0.2658281143170078;0.22961931312752556;0.10162931480831308,0.01019428872127667,True,1,51,1.0189330497941331,0.09251899433104302,-0.11950035034259453,0.2648412163999288
CLDN7,1,6,CDH1,TFRC;RAB25;ASNS;PTEN;TP53;EEF2,1,2,2,1,,0.04932636236669901,0.4,0.2,1.16912983203092e-09;0.006990067781975629,0.00662413964725651,proxy_dimensions,2,,,,,0,52,0.9550773042497825,,,
CDH1,3,6,CLDN7;CTNNB1;PRKCA,TFRC;RAB25;ASNS;PTEN;TP53;EEF2,1,2,2,2,0.11446604829928288,0.04932636236669901,0.4,0.2,3.110985706077079e-31;2.1521495373177375e-08;0.09064049535716794;0.18403268241623247,4.338115101093685e-32;2.9042667059129258e-09,reported,2,0.3041535097952349,0.5087825046752582;0.3041535097952349,0.06992225749331764,True,1,52,0.9890408077938104,0.7749051561738977,0.05612718606885688,0.686660364756995
HSPA1A,2,18,MYC;COL6A1,GAPDH;TUBA1B;TFRC;CLDN7;FN1;SERPINE1;ANXA1;RAB25;ATM;STAT5A;BCL2L11;EEF2K;ERBB2;PDCD4;DIABLO;PEA15;EEF2;CDH2,1,3,3,2,,0.04932636236669901,0.2,0.15,1.621841507416245e-31;6.893744430795663e-14;6.222115889966029e-06,3.007868386817456e-22;5.614597553546963e-06,proxy_dimensions,3,,,,,0,52,0.9615212331812732,,,
GAB2,3,18,VHL;BRAF;MAP2K1,GAPDH;TUBA1B;TFRC;CLDN7;FN1;SERPINE1;ANXA1;RAB25;ATM;STAT5A;BCL2L11;EEF2K;ERBB2;PDCD4;DIABLO;PEA15;EEF2;CDH2,1,3,3,3,0.05117610082986004,0.04932636236669901,0.2,0.15,3.24499479530565e-42;5.5217419666929235e-09;0.001618742108260404;0.4827844933236476,1.527455749783931e-35;9.577237689754327e-12;0.0003284125178194719,reported,3,0.17717329318306366,0.5238352154091196;0.32320658392607027;0.17717329318306366,0.03037973458933319,True,1,52,0.9616475245015728,1.7835171073027762,0.05764573052286145,0.6058943146826004
ASNS,2,36,ACACA;PRKCA,VHL;GAPDH;TUBA1B;TFRC;CLDN7;CCNB1;FN1;SERPINE1;SYK;ANXA1;RAB25;CCNE1;GAB2;ATM;MSH6;STAT5A;BCL2L11;SQSTM1;EEF2K;ERBB2;PDCD4;RPS6;FOXM1;MSH2;MAPK1;DIABLO;BRAF;NF2;MAP2K1;PTEN;ETS1;CHEK2;PEA15;EEF2;CDH2;KIT,1,3,3,2,,0.04932636236669901,0.2,0.2,2.9571983482185056e-81;2.5005533826230578e-36;1.0948599651396436e-08,3.6016109611474426e-67;1.8781013619661226e-21,proxy_dimensions,3,,,,,0,52,0.9481160575162537,,,
BCL2L11,2,6,FN1;CCNE1,TFRC;RAB25;ASNS;PTEN;TP53;EEF2,1,3,3,2,,0.04932636236669901,0.4,0.2,2.9565778232265355e-14;1.8897528205387308e-06;0.020635546038259487,1.9742733322863054e-10;0.03234693396325296,proxy_dimensions,3,,,,,0,52,0.983052195043864,,,
BRAF,3,6,GAB2;EEF2K;ETS1,TFRC;RAB25;ASNS;PTEN;TP53;EEF2,1,3,3,2,0.02646794246523786,0.04932636236669901,0.4,0.2,1.0530646562206053e-27;1.1799490442442245e-09;0.04058966764469462;0.5236091355314947,1.244627003908211e-28;8.344375106479118e-08;0.10993855522907382,conditional_information_dimension,3,0.07935231331365739,0.49835422346964736;0.29206341534981606;0.07935231331365739,0.025692746813858094,False,0,52,1.0605585452286674,,,
CDH2,2,6,HSPA1A;STAT5A,TFRC;RAB25;ASNS;PTEN;TP53;EEF2,1,3,3,2,,0.04932636236669901,0.4,0.2,3.4349986360642624e-13;0.00019805125165106344;0.026460055869028252,6.791258507934551e-06;0.01851316262527251,proxy_dimensions,3,,,,,0,52,1.0557806023426173,,,
CLDN7,2,25,RAB25;PRKCA,VHL;GAPDH;TUBA1B;TFRC;FN1;SERPINE1;SYK;ANXA1;GAB2;ATM;MSH6;BCL2L11;EEF2K;ERBB2;PDCD4;RPS6;MSH2;MAPK1;BRAF;NF2;RBM15;MAP2K1;TP53;EEF2;KIT,1,3,3,2,,0.04932636236669901,0.2,0.15,5.0470600059649433e-57;9.725032890347654e-33;9.742747294706365e-12,6.87693681590248e-36;6.999135619809622e-12,proxy_dimensions,3,,,,,0,53,1.0109449809157567,,,
CDH1,2,25,CTNNB1;CDH2,VHL;GAPDH;TUBA1B;TFRC;FN1;SERPINE1;SYK;ANXA1;GAB2;ATM;MSH6;BCL2L11;EEF2K;ERBB2;PDCD4;RPS6;MSH2;MAPK1;BRAF;NF2;RBM15;MAP2K1;TP53;EEF2;KIT,1,3,3,2,,0.04932636236669901,0.2,0.15,7.133805409694449e-76;1.0819938511418307e-21;6.204400548022355e-07,2.1174725665822876e-58;2.990657480634158e-17,proxy_dimensions,3,,,,,0,53,0.9995459587582731,,,
HSPA1A,7,3,ESR1;CASP7;SQSTM1;PDCD4;COL6A1;CDH2;KIT,ATM;ERBB2;EEF2,1,3,3,3,0.034532144605074304,0.04932636236669901,0.4,0.15,1.4502187413539714e-14;1.66081234402994e-05;0.01668284413360396,1.2330562838474578e-13;4.028172863873984e-05;0.048089027630273985,reported,3,0.1654477236746654,0.3893582144593551;0.2694462816289541;0.1654477236746654,0.03453214460507427,True,1,53,1.0272548009253235,2.4053640213651613,0.10725280159225127,0.5561789372988061
GAB2,3,3,VHL;RAB25;BRAF,ATM;ERBB2;EEF2,1,2,2,2,0.05784575156499804,0.04932636236669901,0.4,0.15,1.8567793092807542e-08;0.009066846148655746;0.41439468150289993,3.4734132319790503e-07;0.011860232201466987,reported,2,0.14717689660883024,0.2745074852711403;0.14717689660883024,0.04867148034553119,True,1,53,1.0191222216709532,2.828888940807501,0.0947405129231234,0.5672930960430107
ASNS,4,3,RICTOR;FASN;SQSTM1;PRKCA,ATM;ERBB2;EEF2,1,2,2,2,0.04727079149986734,0.04932636236669901,0.4,0.15,3.134144289687549e-07;0.0022059675381176686;0.3909703151580535,1.2595258376895752e-06;0.03661307873056132,reported,2,0.1442632739390475,0.2825717491658635;0.1442632739390475,0.040193593886567264,True,1,53,1.0098944954359448,-2.6103080294388645,-0.08488733497114888,0.520568003866757
BCL2L11,4,3,ANXA1;INPP4B;PDCD4;PRKCA,ATM;ERBB2;EEF2,1,2,2,2,0.08167499371514815,0.04932636236669901,0.4,0.15,3.8183277721423075e-15;0.00015159329243219776;0.6998233766772072,1.2353083613324425e-15;9.163174115513342e-05,reported,2,0.22643370470250127,0.3896734652907434;0.22643370470250127,0.06522500307140534,True,1,53,1.047257079784212,-0.6362626320148268,0.05032934122335544,0.5646076049287126
BRAF,4,8,CTNNB1;EEF2K;PTEN;ETS1,VHL;GAB2;ATM;ERBB2;PDCD4;TP53;EEF2;KIT,1,3,3,3,0.03430878443356657,0.04932636236669901,0.4,0.2,6.5246265942352076e-43;8.710387875947618e-13;8.685222306911391e-07;0.05775243443070169;0.317933042333839,7.742912717141962e-28;2.0198554455231913e-09;0.040160675402487495,reported,3,0.12565510644235575,0.48304805313369265;0.32601701752582407;0.12565510644235575,0.032205908834656655,True,1,53,0.9781237120992328,0.03283818378869871,0.1655053421819901,0.5644725833172188
CDH2,2,25,CDH1;STAT5A,VHL;GAPDH;TUBA1B;TFRC;FN1;SERPINE1;SYK;ANXA1;GAB2;ATM;MSH6;BCL2L11;EEF2K;ERBB2;PDCD4;RPS6;MSH2;MAPK1;BRAF;NF2;RBM15;MAP2K1;TP53;EEF2;KIT,1,3,3,2,,0.04932636236669901,0.2,0.15,8.364171057423135e-56;4.306888721595301e-26;3.5056962292841496e-11,1.499941336524466e-40;7.657295181146844e-11,proxy_dimensions,3,,,,,0,53,0.9742903197461458,,,
CLDN7,1,58,MAP2K1,MYH11;VHL;GAPDH;ESR1;TUBA1B;TFRC;IGFBP2;CCNB1;FN1;CAV1;CDH1;SERPINE1;HSPA1A;SYK;ANXA1;AR;RAB25;CASP7;RICTOR;CCNE1;GAB2;ATM;INPP4B;FASN;CTNNB1;MSH6;STAT5A;MYC;ASNS;BCL2L11;SQSTM1;EEF2K;ERBB2;PDCD4;RPS6;ACACA;TP53BP1;TGM2;FOXM1;MSH2;MAPK1;DIABLO;BRAF;ERBB3;NF2;RBM15;PTEN;TP53;ETS1;CHEK2;PEA15;COL6A1;EEF2;PRKCA;CDH2;KIT;PREX1;LCK,1,2,2,1,,0.04932636236669901,0.2,0.15,6.882452840803614e-66;4.979604104801367e-26,3.328199452039185e-33,proxy_dimensions,2,,,,,0,54,0.9729015618907902,,,
CDH1,3,29,CLDN7;CTNNB1;COL6A1,VHL;GAPDH;TFRC;CCNB1;SYK;RAB25;CASP7;CCNE1;GAB2;FASN;ASNS;BCL2L11;SQSTM1;ERBB2;PDCD4;ACACA;FOXM1;MAPK1;DIABLO;NF2;MAP2K1;PTEN;TP53;CHEK2;PEA15;CDH2;KIT;PREX1;LCK,1,4,4,3,,0.04932636236669901,0.4,0.25,4.4088602891445874e-89;4.3379198069953813e-47;1.1061658176247471e-16;9.271393028743251e-05,1.5840149364665177e-67;1.976133250342565e-25;3.132228662102863e-12,proxy_dimensions,4,,,,,0,54,0.949553475075851,,,
HSPA1A,2,29,COL6A1;PREX1,VHL;GAPDH;TUBA1B;TFRC;CLDN7;CCNB1;CDH1;ANXA1;RAB25;CCNE1;GAB2;CTNNB1;STAT5A;BCL2L11;SQSTM1;EEF2K;ERBB2;FOXM1;MAPK1;DIABLO;BRAF;NF2;RBM15;MAP2K1;PTEN;TP53;CHEK2;CDH2;KIT,1,3,3,2,,0.04932636236669901,0.2,0.15,5.921584743755418e-68;1.0028097462466334e-33;1.9192938015073624e-12,3.596209031942741e-52;1.823304450154798e-18,proxy_dimensions,3,,,,,0,54,0.9531390061630916,,,
GAB2,1,58,VHL,MYH11;GAPDH;ESR1;TUBA1B;TFRC;IGFBP2;CLDN7;CCNB1;FN1;CAV1;CDH1;SERPINE1;HSPA1A;SYK;ANXA1;AR;RAB25;CASP7;RICTOR;CCNE1;ATM;INPP4B;FASN;CTNNB1;MSH6;STAT5A;MYC;ASNS;BCL2L11;SQSTM1;EEF2K;ERBB2;PDCD4;RPS6;ACACA;TP53BP1;TGM2;FOXM1;MSH2;MAPK1;DIABLO;BRAF;ERBB3;NF2;RBM15;MAP2K1;PTEN;TP53;ETS1;CHEK2;PEA15;COL6A1;EEF2;PRKCA;CDH2;KIT;PREX1;LCK,1,2,2,1,,0.04932636236669901,0.2,0.15,1.0219983513041742e-25;2.279352456438023e-08,4.985145598403902e-11,proxy_dimensions,2,,,,,0,54,1.0185464579291408,,,
ASNS,3,29,ACACA;TGM2;PRKCA,VHL;GAPDH;TUBA1B;TFRC;CLDN7;CCNB1;CDH1;ANXA1;RAB25;CCNE1;GAB2;CTNNB1;STAT5A;BCL2L11;SQSTM1;EEF2K;ERBB2;FOXM1;MAPK1;DIABLO;BRAF;NF2;RBM15;MAP2K1;PTEN;TP53;CHEK2;CDH2;KIT,1,4,4,3,,0.04932636236669901,0.2,0.15,2.8841809225558407e-87;1.4755397739599501e-52;1.2160680687237551e-23;7.012022259666996e-11,7.5861415702570965e-65;9.597875035891812e-36;8.320817248875442e-13,proxy_dimensions,4,,,,,0,54,0.9834370030200238,,,
BCL2L11,1,56,CCNE1,MYH11;VHL;GAPDH;ESR1;TUBA1B;TFRC;IGFBP2;CLDN7;FN1;CAV1;CDH1;SERPINE1;HSPA1A;SYK;ANXA1;AR;RAB25;CASP7;RICTOR;GAB2;ATM;INPP4B;FASN;CTNNB1;MSH6;STAT5A;MYC;ASNS;SQSTM1;EEF2K;ERBB2;PDCD4;RPS6;ACACA;TP53BP1;TGM2;MSH2;MAPK1;DIABLO;BRAF;ERBB3;NF2;RBM15;MAP2K1;PTEN;TP53;ETS1;CHEK2;PEA15;COL6A1;EEF2;PRKCA;CDH2;KIT;PREX1;LCK,1,2,2,1,,0.04932636236669901,0.2,0.15,2.692082769074219e-44;1.512734380166836e-14,2.1600309217322916e-21,proxy_dimensions,2,,,,,0,54,1.0305226913344245,,,
BRAF,3,5,CAV1;GAB2;ETS1,GAPDH;RAB25;ERBB2;PDCD4;PTEN,1,2,2,2,0.06499450944780662,0.04932636236669901,0.4,0.2,4.710237980145539e-10;0.0008639134934482417;0.21482855266371512;0.5575830962622111,3.5612986396546106e-11;0.0014481380346182532,reported,2,0.17823657125531325,0.332421155907637;0.17823657125531325,0.04546797520046353,True,1,54,1.0313112335923986,0.8052933893174,0.12299566119627375,0.36611063485936374
CDH2,3,5,AR;STAT5A;SQSTM1,GAPDH;RAB25;ERBB2;PDCD4;PTEN,1,3,3,2,0.019240703962214546,0.04932636236669901,0.4,0.2,7.072087300646586e-23;1.8910978715325652e-06;0.001853598375320714;0.09635667305128684,1.9854205677488473e-18;3.919617102984185e-05;0.2439909443385762,conditional_information_dimension,3,0.057879964189981564,0.42096262513072236;0.24089229103116808;0.057879964189981564,0.02979872380949886,False,0,54,1.019861046281803,,,
CLDN7,2,53,CDH1;MAP2K1,MYH11;VHL;GAPDH;ESR1;TUBA1B;IGFBP2;CCNB1;FN1;CAV1;SERPINE1;HSPA1A;SYK;ANXA1;AR;RAB25;CASP7;RICTOR;CCNE1;GAB2;ATM;INPP4B;FASN;MSH6;STAT5A;MYC;ASNS;BCL2L11;SQSTM1;EEF2K;ERBB2;PDCD4;RPS6;ACACA;TGM2;FOXM1;MSH2;MAPK1;DIABLO;BRAF;ERBB3;NF2;RBM15;PTEN;TP53;ETS1;PEA15;COL6A1;EEF2;PRKCA;CDH2;KIT;PREX1;LCK,1,3,3,2,,0.04932636236669901,0.2,0.15,2.158596911238033e-79;1.9551750377369704e-31;2.890251140379445e-13,5.830207963650712e-43;2.948465577962042e-20,proxy_dimensions,3,,,,,0,55,0.9706758351781679,,,
CDH1,4,10,CLDN7;CTNNB1;SQSTM1;RBM15,VHL;TUBA1B;TFRC;IGFBP2;ANXA1;RAB25;GAB2;ERBB2;MAP2K1;PTEN,1,5,5,3,,0.04932636236669901,0.4,0.2,1.0394790260809382e-62;1.519632076569242e-35;4.729318709014569e-16;0.0016160113612952176;0.04407846421027184,2.837736857297469e-50;6.74999201280202e-23;1.9368143339465188e-07;0.07216238601448134,proxy_dimensions,5,,,,,0,55,0.9269048784840681,,,
HSPA1A,3,4,MYC;SQSTM1;COL6A1,VHL;TFRC;ERBB2;MAP2K1,1,3,3,3,0.03852569625490601,0.04932636236669901,0.4,0.15,0.0005950034463812536;0.012785928394003372;0.04489021564406436;0.43002421369546273,0.0010856944617374732;0.0070021053439201526;0.026004485960664223,reported,3,0.11034821497011607,0.18163016623134848;0.14945702843606987;0.11034821497011607,0.034420015896104,True,1,55,1.0578558793048773,1.4629103964156809,0.12219020025138558,0.6725258181503675
GAB2,1,4,SQSTM1,VHL;TFRC;ERBB2;MAP2K1,1,1,1,0,0.05085910586152474,0.04932636236669901,0.4,0.15,4.426191625176211e-07;0.2386432368251349,0.3048550814789911,conditional_information_dimension,1,0.050859105861524756,0.050859105861524756,0.05963015014949582,False,0,55,0.9674058222304729,,,
ASNS,2,21,CCNB1;FASN,VHL;TUBA1B;TFRC;IGFBP2;FN1;SERPINE1;ANXA1;RAB25;GAB2;ATM;BCL2L11;EEF2K;ERBB2;TGM2;MAPK1;DIABLO;MAP2K1;PTEN;TP53;PEA15;EEF2,1,3,3,2,,0.04932636236669901,0.4,0.25,1.7471922407600122e-26;5.2701426419002464e-15;6.199225402456713e-07,1.7156867569097684e-16;4.974782258161775e-07,proxy_dimensions,3,,,,,0,55,0.9722184563805543,,,
BCL2L11,2,10,INPP4B;PDCD4,VHL;TUBA1B;TFRC;IGFBP2;ANXA1;RAB25;GAB2;ERBB2;MAP2K1;PTEN,1,3,3,2,,0.04932636236669901,0.4,0.2,4.6948498264183385e-17;7.530515160488777e-09;9.69483976938001e-05,2.0115945635762798e-13;3.908674599974347e-06,proxy_dimensions,3,,,,,0,55,0.9824239154756385,,,
BRAF,3,29,TUBA1B;EEF2K;ETS1,VHL;TFRC;IGFBP2;CLDN7;CCNB1;CDH1;SYK;ANXA1;RAB25;CCNE1;GAB2;ATM;FASN;CTNNB1;MSH6;ASNS;BCL2L11;ERBB2;PDCD4;ACACA;TP53BP1;FOXM1;MSH2;DIABLO;RBM15;MAP2K1;PTEN;TP53;CHEK2,1,4,4,3,,0.04932636236669901,0.2,0.15,7.02770087195571e-56;3.43950396267305e-27;3.0009995395345876e-12;2.441552903664576e-05,2.0414077200336037e-31;3.980342960083486e-14;1.2450098351221274e-05,proxy_dimensions,4,,,,,0,55,1.0110911210977636,,,
CDH2,2,29,STAT5A;SQSTM1,VHL;TFRC;IGFBP2;CLDN7;CCNB1;CDH1;SYK;ANXA1;RAB25;CCNE1;GAB2;ATM;FASN;CTNNB1;MSH6;ASNS;BCL2L11;ERBB2;PDCD4;ACACA;TP53BP1;FOXM1;MSH2;DIABLO;RBM15;MAP2K1;PTEN;TP53;CHEK2,1,3,3,2,,0.04932636236669901,0.2,0.15,2.363822628065327e-56;9.019802667311924e-25;1.0284359567951385e-08,7.0992949139987635e-43;1.1656159883425e-18,proxy_dimensions,3,,,,,0,55,1.0002757001411713,,,
CLDN7,4,9,CDH1;RAB25;MAPK1;PRKCA,VHL;GAPDH;ANXA1;GAB2;ATM;BCL2L11;RPS6;PTEN;TP53,2,3,3,3,0.05037195241164609,0.04932636236669901,0.4,0.2,3.975703103918402e-37;3.0825119296050052e-12;0.0001204773053665622;0.05177854638232176;0.4080480630653767,1.211577554584682e-30;5.239634070369848e-09;0.0001627989144872011,reported,3,0.20558216871902832,0.5125818709424634;0.277274875743723;0.20558216871902832,0.0381849693401464,True,1,56,1.0108151270422208,2.275297614383489,0.044603315699812615,0.5519132236210721
CDH1,3,9,CLDN7;CTNNB1;SQSTM1,VHL;GAPDH;ANXA1;GAB2;ATM;BCL2L11;RPS6;PTEN;TP53,2,4,4,3,,0.04932636236669901,0.4,0.2,1.7549111270935408e-38;4.875345336684851e-16;1.127288296859675e-05;0.0011133918762093234,1.2677544877656287e-29;1.3267331966702695e-11;0.0021042488939173277,proxy_dimensions,4,,,,,0,56,0.9876713376309737,,,
HSPA1A,1,44,COL6A1,VHL;GAPDH;ESR1;TUBA1B;IGFBP2;CLDN7;CCNB1;CDH1;ANXA1;AR;RAB25;CASP7;CCNE1;GAB2;ATM;INPP4B;FASN;CTNNB1;MSH6;STAT5A;MYC;ASNS;SQSTM1;EEF2K;ERBB2;PDCD4;ACACA;TP53BP1;TGM2;FOXM1;MSH2;DIABLO;BRAF;ERBB3;MAP2K1;PTEN;TP53;ETS1;PEA15;EEF2;PRKCA;CDH2;PREX1;LCK,2,2,2,1,,0.04932636236669901,0.2,0.15,1.3493657892583828e-57;4.973314354267456e-13,3.631744787930174e-39,proxy_dimensions,2,,,,,0,56,0.9707603759393029,,,
GAB2,0,0,,,2,0,0,0,,0.04932636236669901,0.2,0.15,,,no_shared_direction,0,,,,,0,56,0.9921090837989953,,,
ASNS,3,9,CCNB1;TGM2;CHEK2,VHL;GAPDH;ANXA1;GAB2;ATM;BCL2L11;RPS6;PTEN;TP53,2,4,4,3,,0.04932636236669901,0.4,0.2,3.924547226838495e-24;1.4944292066875793e-13;1.164570675504873e-06;0.0015240436801065515,5.92731464125746e-18;8.711046857633281e-09;6.432814294479407e-05,proxy_dimensions,4,,,,,0,56,1.044504486219405,,,
BCL2L11,1,44,FN1,VHL;GAPDH;ESR1;TUBA1B;IGFBP2;CLDN7;CCNB1;CDH1;ANXA1;AR;RAB25;CASP7;CCNE1;GAB2;ATM;INPP4B;FASN;CTNNB1;MSH6;STAT5A;MYC;ASNS;SQSTM1;EEF2K;ERBB2;PDCD4;ACACA;TP53BP1;TGM2;FOXM1;MSH2;DIABLO;BRAF;ERBB3;MAP2K1;PTEN;TP53;ETS1;PEA15;EEF2;PRKCA;CDH2;PREX1;LCK,2,2,2,1,,0.04932636236669901,0.2,0.15,1.0724162607435065e-52;1.837546871924186e-15,1.792532848407052e-40,proxy_dimensions,2,,,,,0,56,0.9424501514292201,,,
BRAF,1,56,ETS1,MYH11;VHL;GAPDH;ESR1;TUBA1B;TFRC;IGFBP2;CLDN7;CCNB1;FN1;CAV1;CDH1;SERPINE1;HSPA1A;SYK;ANXA1;AR;RAB25;CASP7;RICTOR;CCNE1;GAB2;ATM;INPP4B;FASN;CTNNB1;MSH6;STAT5A;MYC;ASNS;BCL2L11;SQSTM1;EEF2K;PDCD4;RPS6;ACACA;TP53BP1;TGM2;FOXM1;MSH2;MAPK1;DIABLO;ERBB3;NF2;RBM15;MAP2K1;PTEN;TP53;CHEK2;PEA15;COL6A1;EEF2;PRKCA;CDH2;KIT;PREX1,2,2,2,1,,0.04932636236669901,0.2,0.15,1.0870633945431844e-80;3.985723886584875e-27,6.57527297007666e-44,proxy_dimensions,2,,,,,0,56,0.9135980924872208,,,
CDH2,2,9,CTNNB1;STAT5A,VHL;GAPDH;ANXA1;GAB2;ATM;BCL2L11;RPS6;PTEN;TP53,2,2,2,2,0.08466341367711756,0.04932636236669901,0.4,0.2,2.46536911850245e-34;0.00032225198365091356;0.18545173653913596,1.1341356925614315e-41;1.3526149363072104e-05,reported,2,0.2135920097636997,0.597176601560804;0.2135920097636997,0.04908825188195372,True,1,56,0.9955990202213395,0.48994186145157853,0.004046919753467683,0.6377737830929238
CLDN7,2,6,CDH1;ETS1,GAPDH;IGFBP2;RAB25;FASN;PDCD4;ACACA,1,3,3,2,,0.04932636236669901,0.4,0.2,4.8447948516823745e-17;6.17675922763589e-05;0.011286901741957222,2.226138216595682e-08;0.00024484898581958963,proxy_dimensions,3,,,,,0,57,1.0008485585802618,,,
CDH1,3,6,CLDN7;CTNNB1;CDH2,GAPDH;IGFBP2;RAB25;FASN;PDCD4;ACACA,1,3,3,3,0.04967870737946633,0.04932636236669901,0.4,0.2,1.0417207841946569e-25;5.3835316408052774e-11;3.108540168416134e-05;0.12916476783993666,1.5731645097077327e-16;3.3889055059123734e-08;0.0003629604050323694,reported,3,0.17590386345919384,0.355139764753877;0.25771694826088626;0.17590386345919384,0.043429439612555125,True,1,57,0.9899362482690368,2.995642229494605,0.2271053401105167,0.5371393549695433
HSPA1A,2,39,COL6A1;CDH2,VHL;GAPDH;ESR1;TUBA1B;TFRC;IGFBP2;CLDN7;CCNB1;FN1;CDH1;SERPINE1;ANXA1;RAB25;CASP7;CCNE1;ATM;FASN;CTNNB1;MSH6;STAT5A;ASNS;BCL2L11;EEF2K;PDCD4;ACACA;TP53BP1;FOXM1;MSH2;MAPK1;DIABLO;NF2;RBM15;MAP2K1;PTEN;CHEK2;EEF2;PRKCA;PREX1;LCK,1,3,3,2,,0.04932636236669901,0.2,0.15,2.357992165243568e-62;9.067734160278723e-28;9.264585551287404e-08,3.8534300962983406e-44;4.1758419946162655e-23,proxy_dimensions,3,,,,,0,57,1.083435827503729,,,
GAB2,1,39,BRAF,VHL;GAPDH;ESR1;TUBA1B;TFRC;IGFBP2;CLDN7;CCNB1;FN1;CDH1;SERPINE1;ANXA1;RAB25;CASP7;CCNE1;ATM;FASN;CTNNB1;MSH6;STAT5A;ASNS;BCL2L11;EEF2K;PDCD4;ACACA;TP53BP1;FOXM1;MSH2;MAPK1;DIABLO;NF2;RBM15;MAP2K1;PTEN;CHEK2;EEF2;PRKCA;PREX1;LCK,1,2,2,1,,0.04932636236669901,0.2,0.15,1.8800724839915506e-43;8.737786043594105e-12,3.375771855220355e-24,proxy_dimensions,2,,,,,0,57,0.9738321329135115,,,
ASNS,1,53,CHEK2,MYH11;VHL;GAPDH;ESR1;TUBA1B;TFRC;IGFBP2;CLDN7;FN1;CAV1;CDH1;SERPINE1;HSPA1A;SYK;ANXA1;AR;RAB25;CASP7;RICTOR;GAB2;ATM;INPP4B;FASN;CTNNB1;STAT5A;MYC;BCL2L11;SQSTM1;EEF2K;ERBB2;PDCD4;RPS6;ACACA;TP53BP1;TGM2;MAPK1;DIABLO;BRAF;ERBB3;NF2;RBM15;MAP2K1;PTEN;TP53;ETS1;PEA15;COL6A1;EEF2;PRKCA;CDH2;KIT;PREX1;LCK,1,2,2,1,,0.04932636236669901,0.2,0.15,5.356605513719028e-65;1.2758772855093242e-14,2.04624344349621e-40,proxy_dimensions,2,,,,,0,57,0.9243796635385872,,,
BCL2L11,3,50,ANXA1;PDCD4;PRKCA,MYH11;VHL;GAPDH;ESR1;TUBA1B;TFRC;IGFBP2;CCNB1;CAV1;CDH1;HSPA1A;SYK;AR;RAB25;CASP7;RICTOR;CCNE1;GAB2;ATM;INPP4B;CTNNB1;MSH6;STAT5A;MYC;ASNS;SQSTM1;EEF2K;ERBB2;RPS6;TP53BP1;TGM2;FOXM1;MSH2;MAPK1;DIABLO;BRAF;ERBB3;NF2;MAP2K1;PTEN;TP53;ETS1;CHEK2;PEA15;COL6A1;EEF2;CDH2;KIT;PREX1;LCK,1,4,4,3,,0.04932636236669901,0.2,0.15,3.1473612769596703e-128;2.1705303817369766e-72;3.737246556847899e-40;1.5608784002612086e-14,2.26276919966752e-108;6.23682042152986e-52;3.212681737168771e-25,proxy_dimensions,4,,,,,0,57,0.9990527496021948,,,
BRAF,3,39,CAV1;GAB2;ETS1,VHL;GAPDH;ESR1;TUBA1B;TFRC;IGFBP2;CLDN7;CCNB1;FN1;CDH1;SERPINE1;ANXA1;RAB25;CASP7;CCNE1;ATM;FASN;CTNNB1;MSH6;STAT5A;ASNS;BCL2L11;EEF2K;PDCD4;ACACA;TP53BP1;FOXM1;MSH2;MAPK1;DIABLO;NF2;RBM15;MAP2K1;PTEN;CHEK2;EEF2;PRKCA;PREX1;LCK,1,4,4,3,,0.04932636236669901,0.2,0.15,2.6025277602330887e-82;1.2345125075817231e-40;3.743593783087597e-24;2.428780988872246e-11,3.4684052540554014e-54;1.2734120744502228e-30;5.217263574103477e-14,proxy_dimensions,4,,,,,0,57,0.9551292611397654,,,
CDH2,3,39,HSPA1A;AR;SQSTM1,VHL;GAPDH;ESR1;TUBA1B;TFRC;IGFBP2;CLDN7;CCNB1;FN1;CDH1;SERPINE1;ANXA1;RAB25;CASP7;CCNE1;ATM;FASN;CTNNB1;MSH6;STAT5A;ASNS;BCL2L11;EEF2K;PDCD4;ACACA;TP53BP1;FOXM1;MSH2;MAPK1;DIABLO;NF2;RBM15;MAP2K1;PTEN;CHEK2;EEF2;PRKCA;PREX1;LCK,1,4,4,3,,0.04932636236669901,0.2,0.15,1.0186628242745562e-106;6.831667109936477e-66;1.0375970132634685e-34;4.319917864392969e-12,3.09088498126747e-80;2.4760492580615026e-41;1.0815333732044617e-15,proxy_dimensions,4,,,,,0,57,1.0464878210441702,,,
CLDN7,2,9,CDH1;RAB25,GAPDH;TFRC;IGFBP2;SQSTM1;TP53BP1;DIABLO;MAP2K1;PTEN;EEF2,1,3,3,2,,0.04932636236669901,0.4,0.2,1.8174361796784883e-23;1.9119259441114568e-10;7.615337690125292e-05,1.0724571756812237e-12;7.022520706105072e-06,proxy_dimensions,3,,,,,0,58,1.040674110707483,,,
CDH1,4,23,CLDN7;CTNNB1;EEF2;CDH2,VHL;GAPDH;TUBA1B;TFRC;FN1;SERPINE1;ANXA1;GAB2;FASN;MSH6;ASNS;EEF2K;ERBB2;ACACA;TP53BP1;TGM2;MSH2;DIABLO;RBM15;MAP2K1;TP53;CHEK2;KIT,1,5,5,4,,0.04932636236669901,0.2,0.15,1.511125469905293e-96;2.959403671443636e-45;8.203270295225301e-27;1.0673361624903906e-16;1.7726115221145238e-08,8.005121039570677e-72;4.997701698810794e-37;3.002840230512428e-18;3.1312826779436536e-08,proxy_dimensions,5,,,,,0,58,1.0486106537274904,,,
HSPA1A,2,23,IGFBP2;COL6A1,VHL;GAPDH;TUBA1B;TFRC;FN1;SERPINE1;ANXA1;GAB2;FASN;MSH6;ASNS;EEF2K;ERBB2;ACACA;TP53BP1;TGM2;MSH2;DIABLO;RBM15;MAP2K1;TP53;CHEK2;KIT,1,3,3,2,,0.04932636236669901,0.2,0.15,1.5466680790130422e-34;1.0780634603628413e-08;0.0003046983579790902,2.108719900842928e-25;1.8865368469196306e-06,proxy_dimensions,3,,,,,0,58,1.0312335453603616,,,
GAB2,3,3,VHL;BRAF;KIT,TFRC;TP53BP1;MAP2K1,1,3,3,3,0.045159349580028214,0.04932636236669901,0.4,0.15,6.08558806456937e-12;0.00010178450753213275;0.0011051588098513617,7.778954526420364e-07;0.0002707486441878128;0.005418334348193321,reported,3,0.1376185270139687,0.24029280033576456;0.18188899194558622;0.1376185270139687,0.0451593495800282,True,1,58,0.9862864594583826,3.2459616746644544,0.118697482373215,0.6385473982420614
ASNS,3,3,ACACA;BRAF;TP53,TFRC;TP53BP1;MAP2K1,1,3,3,3,0.03441859843892786,0.04932636236669901,0.4,0.15,9.165586373504551e-12;0.0031895526723914602;0.03249414625123333,3.800508541899601e-12;0.0026283799412852205;0.025907450680815503,reported,3,0.11041972360216774,0.3618177409299612;0.16633636207280733;0.11041972360216774,0.034418598438927875,True,1,58,0.968772356561249,0.08053715867562328,0.03812997472961431,0.669034073592636
BCL2L11,3,9,ANXA1;CCNE1;PDCD4,GAPDH;TFRC;IGFBP2;SQSTM1;TP53BP1;DIABLO;MAP2K1;PTEN;EEF2,1,3,3,3,0.05311148582896621,0.04932636236669901,0.4,0.2,7.069513502693043e-24;2.8570288755008294e-10;0.004397317688197786;0.09663931543401373,3.740782981018813e-27;2.796861066373327e-13;0.0022653103539628833,reported,3,0.15093049875104256,0.42869274557538667;0.35808520574398345;0.15093049875104256,0.03956775420767366,True,1,58,0.9956837613363383,-2.891666665026427,-0.024398991913951975,0.5092576204013947
BRAF,3,9,GAB2;CTNNB1;ETS1,GAPDH;TFRC;IGFBP2;SQSTM1;TP53BP1;DIABLO;MAP2K1;PTEN;EEF2,1,4,4,3,,0.04932636236669901,0.4,0.2,2.9765237552444516e-40;2.5722604868794895e-15;6.852179658582585e-09;0.04452733040544369,4.8997683038498835e-37;1.772625159661585e-13;7.557180893658581e-07,proxy_dimensions,4,,,,,0,58,1.0073646326733383,,,
CDH2,3,3,CDH1;CCNE1;STAT5A,TFRC;TP53BP1;MAP2K1,1,3,3,3,0.04408180942444877,0.04932636236669901,0.4,0.15,3.182978848774014e-12;2.7079213873221988e-06;0.0007914167347314319,1.550208411902821e-10;1.1166884908124012e-05;0.005523377613762574,reported,3,0.13731271805365736,0.2941345614168805;0.22249691309525374;0.13731271805365736,0.04408180942444878,True,1,58,1.0411676175891977,1.7683052770292977,0.017792805804927668,0.6766956598425716
CLDN7,2,17,CDH1;PRKCA,GAPDH;TUBA1B;TFRC;FN1;SERPINE1;SYK;GAB2;EEF2K;TP53BP1;DIABLO;BRAF;NF2;RBM15;MAP2K1;PTEN;EEF2;CDH2,1,3,3,2,,0.04932636236669901,0.2,0.15,3.9293832793195554e-52;1.2010829406281632e-21;4.360221948898479e-08,2.3135678644082033e-26;8.678370619683798e-13,proxy_dimensions,3,,,,,0,59,0.9944002310917921,,,
CDH1,4,6,CLDN7;SERPINE1;CTNNB1;CDH2,GAPDH;TUBA1B;TFRC;SQSTM1;MAP2K1;TP53,1,4,4,3,0.015544690824777887,0.04932636236669901,0.4,0.2,1.04471244224938e-42;3.851770843537146e-27;7.209854129963426e-15;4.042730809419244e-05;0.19231161023686041,2.4018159793177906e-38;1.0710081462495325e-23;5.801829311629705e-13;0.20204285541443684,conditional_information_dimension,4,0.06344640632603704,0.45165690327468766;0.3908540621470865;0.3765443911736245;0.06344640632603704,0.02177791484001242,False,0,59,0.9799605228366886,,,
HSPA1A,1,17,COL6A1,GAPDH;TUBA1B;TFRC;FN1;SERPINE1;SYK;GAB2;EEF2K;TP53BP1;DIABLO;BRAF;NF2;RBM15;MAP2K1;PTEN;EEF2;CDH2,1,2,2,1,,0.04932636236669901,0.2,0.15,1.1249119663564e-17;4.173078278818882e-05,1.6665208129964568e-11,proxy_dimensions,2,,,,,0,59,0.9202567746809849,,,
GAB2,1,6,VHL,GAPDH;TUBA1B;TFRC;SQSTM1;MAP2K1;TP53,1,2,2,1,,0.04932636236669901,0.4,0.2,1.7678235243090878e-10;0.0007434805782291824,0.001160701755066894,proxy_dimensions,2,,,,,0,59,0.9821318556314524,,,
ASNS,1,17,CCNB1,GAPDH;TUBA1B;TFRC;FN1;SERPINE1;SYK;GAB2;EEF2K;TP53BP1;DIABLO;BRAF;NF2;RBM15;MAP2K1;PTEN;EEF2;CDH2,1,2,2,1,,0.04932636236669901,0.2,0.15,3.4639513305555286e-27;8.771770808331596e-10,4.312525008514804e-11,proxy_dimensions,2,,,,,0,59,0.9609081537804616,,,
BCL2L11,3,6,CCNE1;PDCD4;PRKCA,GAPDH;TUBA1B;TFRC;SQSTM1;MAP2K1;TP53,1,4,4,3,,0.04932636236669901,0.4,0.2,5.7068917164352656e-27;1.5641933263809065e-14;6.352787078619045e-08;0.0001829613809406705,3.429384649042858e-25;3.2236992453466765e-12;1.073356173297829e-05,proxy_dimensions,4,,,,,0,59,0.9842617477720623,,,
BRAF,2,6,CAV1;ETS1,GAPDH;TUBA1B;TFRC;SQSTM1;MAP2K1;TP53,1,3,3,2,,0.04932636236669901,0.4,0.2,1.8698319426230937e-27;2.7997220824802457e-12;0.0005354137149661526,2.5795084854754844e-16;0.000996674555179294,proxy_dimensions,3,,,,,0,59,0.9270246805020764,,,
CDH2,2,6,CDH1;STAT5A,GAPDH;TUBA1B;TFRC;SQSTM1;MAP2K1;TP53,1,3,3,2,,0.04932636236669901,0.4,0.2,1.6643311539173738e-15;9.089299213749022e-08;0.00040039869612677645,4.4028798536976385e-12;0.00019973098716139133,proxy_dimensions,3,,,,,0,59,1.027201234063154,,,
CLDN7,3,8,CDH1;RAB25;PRKCA,VHL;GAPDH;TFRC;IGFBP2;GAB2;MAP2K1;PTEN;EEF2,1,4,4,3,,0.04932636236669901,0.4,0.2,2.9510939879484753e-29;4.860216946210098e-15;5.39992162653279e-06;0.008580387957318096,5.292782771825114e-21;3.421419032196437e-08;4.364982493056017e-05,proxy_dimensions,4,,,,,0,60,0.97797785835442,,,
CDH1,4,22,ESR1;CLDN7;SERPINE1;CTNNB1,VHL;GAPDH;TUBA1B;TFRC;IGFBP2;SYK;ANXA1;CASP7;GAB2;ATM;FASN;STAT5A;ASNS;ACACA;TP53BP1;MAPK1;DIABLO;NF2;RBM15;MAP2K1;PTEN;KIT,1,5,5,4,,0.04932636236669901,0.2,0.15,3.471367604900878e-88;8.513827298716463e-46;2.4304428970682724e-25;1.6004573043086946e-12;3.589968438073551e-05,1.5388867227169866e-65;3.769988570834645e-33;1.1440207587115083e-17;6.585620680578053e-07,proxy_dimensions,5,,,,,0,60,0.9611885487780911,,,
HSPA1A,4,8,SQSTM1;BRAF;COL6A1;CDH2,VHL;GAPDH;TFRC;IGFBP2;GAB2;MAP2K1;PTEN;EEF2,1,4,4,3,0.003371239082490536,0.04932636236669901,0.4,0.2,3.6465277827677684e-25;7.900133556116207e-11;4.59535923476289e-06;0.0060708955555199675;0.07343957470677864,5.764192145542302e-26;3.979478084992867e-12;2.133246039137518e-05;0.7515442403848294,conditional_information_dimension,4,0.015760406078313596,0.44223423513357973;0.3286396151611523;0.25326045025246824;0.015760406078313596,0.02405152930515308,False,0,60,0.9282978833279539,,,
GAB2,0,0,,,1,0,0,0,,0.04932636236669901,0.2,0.15,,,no_shared_direction,0,,,,,0,60,1.0109264964638218,,,
ASNS,2,8,ACACA;CHEK2,VHL;GAPDH;TFRC;IGFBP2;GAB2;MAP2K1;PTEN;EEF2,1,3,3,2,,0.04932636236669901,0.4,0.2,3.691801099093931e-15;2.6615644730805014e-05;0.0022183669746277967,5.1435439662302846e-11;0.000603134504172907,proxy_dimensions,3,,,,,0,60,1.0291420127331738,,,
BCL2L11,3,22,RAB25;CCNE1;PDCD4,VHL;GAPDH;TUBA1B;TFRC;IGFBP2;SYK;ANXA1;CASP7;GAB2;ATM;FASN;STAT5A;ASNS;ACACA;TP53BP1;MAPK1;DIABLO;NF2;RBM15;MAP2K1;PTEN;KIT,1,4,4,3,,0.04932636236669901,0.2,0.15,2.0589031374667157e-46;1.0551886341321348e-27;1.3442966581539144e-16;1.7477307540714352e-07,5.994166336352355e-30;1.9245693164715254e-18;1.520779101312485e-09,proxy_dimensions,4,,,,,0,60,1.0071702527361397,,,
BRAF,3,19,HSPA1A;ATM;ETS1,VHL;GAPDH;ESR1;TUBA1B;TFRC;IGFBP2;ANXA1;GAB2;FASN;STAT5A;RPS6;ACACA;MAPK1;NF2;MAP2K1;PTEN;TP53;PEA15;EEF2,1,4,4,3,,0.04932636236669901,0.4,0.25,2.2650827320417635e-57;3.3517768627268315e-19;1.2870102834633665e-05;0.00676092374850502,6.375355272123927e-39;1.3504492450743436e-12;0.010475826355338154,proxy_dimensions,4,,,,,0,60,0.940468697443861,,,
CDH2,3,8,HSPA1A;CCNE1;STAT5A,VHL;GAPDH;TFRC;IGFBP2;GAB2;MAP2K1;PTEN;EEF2,1,4,4,3,,0.04932636236669901,0.4,0.2,6.000446827516466e-19;1.1221436796017463e-08;9.83709543895737e-06;0.008716004144004206,1.0256487327974866e-16;3.753162577328324e-06;0.008091062392401652,proxy_dimensions,4,,,,,0,60,1.0292016498930905,,,
CLDN7,2,2,CDH1;PRKCA,MAP2K1;PTEN,2,2,2,1,0.03808377344196985,0.04932636236669901,0.4,0.15,2.761002366042825e-10;2.212982105691572e-05,3.902344766426915e-06;0.06491849560663425,conditional_information_dimension,2,0.09147071387104518,0.254148277313836;0.09147071387104518,0.03808377344196982,False,0,61,0.9629300425351394,,,
CDH1,3,8,CLDN7;CTNNB1;CDH2,ESR1;TUBA1B;IGFBP2;RAB25;MAP2K1;PTEN;TP53;EEF2,2,3,3,2,0.01901129164454459,0.04932636236669901,0.4,0.2,1.1062971420314877e-28;2.093358073336311e-15;6.2366811384547135e-06;0.3574762916195696,1.8524554083915505e-23;5.916934247637536e-10;0.1805437710370691,conditional_information_dimension,3,0.06650694358505485,0.4238150343484603;0.3317993221766109;0.06650694358505485,0.023609427272755088,False,0,61,0.9851044665906294,,,
HSPA1A,4,8,CASP7;STAT5A;BRAF;COL6A1,ESR1;TUBA1B;IGFBP2;RAB25;MAP2K1;PTEN;TP53;EEF2,2,4,4,4,0.026844733771931285,0.04932636236669901,0.4,0.2,1.9753991311146848e-23;1.10802762618157e-10;0.000730713986119905;0.04309474683007795;0.43055521985315204,1.4278137262208744e-26;4.817202794957576e-12;9.369676139727436e-05;0.0036699420436206104,reported,4,0.1438766135344437,0.44995973423606084;0.33780597594600437;0.1923599670967664;0.1438766135344437,0.021159334830244812,True,1,61,0.9805080435218836,-1.0144018780147546,-0.09233737532476467,0.6180338239332642
GAB2,3,8,VHL;ERBB2;BRAF,ESR1;TUBA1B;IGFBP2;RAB25;MAP2K1;PTEN;TP53;EEF2,2,3,3,3,0.040887704554784826,0.04932636236669901,0.4,0.2,5.5243850519136705e-17;8.301859784766255e-09;9.488435129647121e-05;0.05182419701739949,1.8120284917514776e-12;1.5548914449124493e-06;0.017992162005244963,reported,3,0.1172234291195168,0.3149590866393294;0.25339303603365465;0.1172234291195168,0.03804695629873911,True,1,61,1.0337568354606377,-2.9475141836133085,-0.14799443671441123,0.47547498301398183
ASNS,2,8,CHEK2;PRKCA,ESR1;TUBA1B;IGFBP2;RAB25;MAP2K1;PTEN;TP53;EEF2,2,3,3,2,,0.04932636236669901,0.4,0.2,6.903349648799997e-19;5.969596821913915e-09;0.0037871304244418164,1.468542102542586e-13;5.8753615344639916e-08,proxy_dimensions,3,,,,,0,61,0.9481735136948632,,,
BCL2L11,3,8,ANXA1;CCNE1;PEA15,ESR1;TUBA1B;IGFBP2;RAB25;MAP2K1;PTEN;TP53;EEF2,2,4,4,3,,0.04932636236669901,0.4,0.2,1.1708130975553773e-15;1.0836853644293291e-08;2.9777293632636858e-05;0.0024604290829485747,5.093627242689749e-13;4.700615089713473e-07;0.0026984579810352544,proxy_dimensions,4,,,,,0,61,1.071465674648452,,,
BRAF,6,8,CAV1;HSPA1A;GAB2;CTNNB1;EEF2K;ETS1,ESR1;TUBA1B;IGFBP2;RAB25;MAP2K1;PTEN;TP53;EEF2,2,6,6,5,8.578407623899108e-05,0.04932636236669901,0.4,0.2,8.709796393360702e-41;1.6175662487089423e-22;2.2831120868888943e-11;7.01310087975394e-07;0.00017683313378876768;0.004942881182962131;0.06423592418811486,2.339571057904252e-37;2.892511372178916e-23;3.4358130926451506e-11;6.206021125509123e-06;0.011208122791113865;0.9898757634905424,conditional_information_dimension,6,0.0006332731236102932,0.4694164930996817;0.4363938527717735;0.3197388831453675;0.2571619757119702;0.17858642415006185;0.0006332731236102932,0.013961282962606835,False,0,61,1.1020061281423619,,,
CDH2,4,8,CDH1;CTNNB1;STAT5A;SQSTM1,ESR1;TUBA1B;IGFBP2;RAB25;MAP2K1;PTEN;TP53;EEF2,2,4,4,3,0.0013674053270305907,0.04932636236669901,0.4,0.2,8.954273027207019e-37;4.9709872773527605e-17;4.642772238909907e-06;0.03568233640213336;0.12759869700322404,1.383949066014765e-37;6.282948470360952e-17;0.0001258741109756987;0.8903275886716968,conditional_information_dimension,4,0.0068644374144053374,0.5099300492684276;0.4093696479212761;0.23535697376128836;0.0068644374144053374,0.018508830468028422,False,0,61,1.0857439130281927,,,
CLDN7,2,7,RAB25;PRKCA,VHL;SYK;GAB2;BCL2L11;ERBB2;MAP2K1;PTEN,1,3,3,2,,0.04932636236669901,0.4,0.2,7.180040560825224e-35;1.1263879195391576e-13;0.013750220953322583,3.7520049088410226e-20;3.11581613090126e-09,proxy_dimensions,3,,,,,0,62,1.0128999306192101,,,
CDH1,1,20,CTNNB1,VHL;TFRC;FN1;SERPINE1;SYK;RAB25;ATM;STAT5A;ASNS;BCL2L11;EEF2K;ERBB2;DIABLO;NF2;MAP2K1;TP53;CHEK2;EEF2;CDH2;KIT,1,2,2,1,,0.04932636236669901,0.2,0.15,1.0320706565533604e-54;3.055786758909925e-23,6.781615853558679e-34,proxy_dimensions,2,,,,,0,62,1.0040017736540003,,,
HSPA1A,2,20,SQSTM1;COL6A1,VHL;TFRC;FN1;SERPINE1;SYK;RAB25;ATM;STAT5A;ASNS;BCL2L11;EEF2K;ERBB2;DIABLO;NF2;MAP2K1;TP53;CHEK2;EEF2;CDH2;KIT,1,3,3,2,,0.04932636236669901,0.2,0.15,6.596674259619371e-41;4.439479189646519e-12;1.419822112589273e-06,4.9913402102084416e-27;6.806477889230176e-07,proxy_dimensions,3,,,,,0,62,1.0487865898218973,,,
GAB2,1,20,MYC,VHL;TFRC;FN1;SERPINE1;SYK;RAB25;ATM;STAT5A;ASNS;BCL2L11;EEF2K;ERBB2;DIABLO;NF2;MAP2K1;TP53;CHEK2;EEF2;CDH2;KIT,1,2,2,1,,0.04932636236669901,0.2,0.15,2.1161289594922157e-24;1.1506351772605368e-06,1.394789244795836e-07,proxy_dimensions,2,,,,,0,62,1.0128504695466418,,,
ASNS,2,7,CCNB1;CHEK2,VHL;SYK;GAB2;BCL2L11;ERBB2;MAP2K1;PTEN,1,3,3,2,,0.04932636236669901,0.4,0.2,6.445512444193833e-16;1.6885771442198742e-06;0.006985578371065012,1.0762213125078249e-12;0.00027299296664900255,proxy_dimensions,3,,,,,0,62,0.9615408017337977,,,
BCL2L11,1,58,RAB25,MYH11;VHL;GAPDH;ESR1;TUBA1B;TFRC;IGFBP2;CLDN7;CCNB1;FN1;CAV1;CDH1;SERPINE1;HSPA1A;SYK;ANXA1;AR;CASP7;RICTOR;CCNE1;GAB2;ATM;INPP4B;FASN;CTNNB1;MSH6;STAT5A;MYC;ASNS;SQSTM1;EEF2K;ERBB2;PDCD4;RPS6;ACACA;TP53BP1;TGM2;FOXM1;MSH2;MAPK1;DIABLO;BRAF;ERBB3;NF2;RBM15;MAP2K1;PTEN;TP53;ETS1;CHEK2;PEA15;COL6A1;EEF2;PRKCA;CDH2;KIT;PREX1;LCK,1,2,2,1,,0.04932636236669901,0.2,0.15,3.386834600017192e-55;2.879738165993028e-25,8.317531521536424e-28,proxy_dimensions,2,,,,,0,62,1.0061211474285356,,,
BRAF,2,20,PTEN;ETS1,VHL;TFRC;FN1;SERPINE1;SYK;RAB25;ATM;STAT5A;ASNS;BCL2L11;EEF2K;ERBB2;DIABLO;NF2;MAP2K1;TP53;CHEK2;EEF2;CDH2;KIT,1,3,3,2,,0.04932636236669901,0.2,0.15,4.648159359669249e-67;1.2616412214213925e-25;2.500730587762237e-06,1.4791692966651023e-29;3.1792414040552243e-06,proxy_dimensions,3,,,,,0,62,1.0782983770756778,,,
CDH2,1,58,ASNS,MYH11;VHL;GAPDH;ESR1;TUBA1B;TFRC;IGFBP2;CLDN7;CCNB1;FN1;CAV1;CDH1;SERPINE1;HSPA1A;SYK;ANXA1;AR;RAB25;CASP7;RICTOR;CCNE1;GAB2;ATM;INPP4B;FASN;CTNNB1;MSH6;STAT5A;MYC;BCL2L11;SQSTM1;EEF2K;ERBB2;PDCD4;RPS6;ACACA;TP53BP1;TGM2;FOXM1;MSH2;MAPK1;DIABLO;BRAF;ERBB3;NF2;RBM15;MAP2K1;PTEN;TP53;ETS1;CHEK2;PEA15;COL6A1;EEF2;PRKCA;KIT;PREX1;LCK,1,2,2,1,,0.04932636236669901,0.2,0.15,4.654760180939214e-56;2.205116583056207e-25,8.613126444271797e-31,proxy_dimensions,2,,,,,0,62,1.000835849064651,,,
CLDN7,3,7,CDH1;RAB25;MAP2K1,VHL;TFRC;IGFBP2;GAB2;STAT5A;ERBB2;PTEN,1,3,3,3,0.042216507454402134,0.04932636236669901,0.4,0.2,8.306091077994248e-18;1.697569615978517e-10;0.00013188377304847166;0.6025505824813151,3.4660327879305582e-18;4.9593104984348485e-11;0.000982009260091628,reported,3,0.1627685649711585,0.3381626323487621;0.3184822057659188;0.1627685649711585,0.031367916738998566,True,1,63,0.9797949487844262,2.676818539023547,0.031995320363526536,0.6282820500321441
CDH1,2,33,CLDN7;CTNNB1,VHL;GAPDH;TUBA1B;TFRC;IGFBP2;FN1;SERPINE1;ANXA1;RAB25;CASP7;GAB2;ATM;STAT5A;SQSTM1;EEF2K;ERBB2;TP53BP1;TGM2;MAPK1;DIABLO;BRAF;NF2;RBM15;MAP2K1;PTEN;TP53;ETS1;PEA15;EEF2;CDH2;KIT;PREX1;LCK,1,3,3,2,,0.04932636236669901,0.2,0.15,7.2030430613939425e-112;2.9514563561925013e-55;1.2748161942796636e-12,2.3607884466503067e-73;1.028313984322499e-17,proxy_dimensions,3,,,,,0,63,1.029860505172774,,,
HSPA1A,1,33,COL6A1,VHL;GAPDH;TUBA1B;TFRC;IGFBP2;FN1;SERPINE1;ANXA1;RAB25;CASP7;GAB2;ATM;STAT5A;SQSTM1;EEF2K;ERBB2;TP53BP1;TGM2;MAPK1;DIABLO;BRAF;NF2;RBM15;MAP2K1;PTEN;TP53;ETS1;PEA15;EEF2;CDH2;KIT;PREX1;LCK,1,2,2,1,,0.04932636236669901,0.2,0.15,9.697696388050475e-39;2.890731894184775e-13,3.038136445972971e-20,proxy_dimensions,2,,,,,0,63,0.9851713613197297,,,
GAB2,1,58,VHL,MYH11;GAPDH;ESR1;TUBA1B;TFRC;IGFBP2;CLDN7;CCNB1;FN1;CAV1;CDH1;SERPINE1;HSPA1A;SYK;ANXA1;AR;RAB25;CASP7;RICTOR;CCNE1;ATM;INPP4B;FASN;CTNNB1;MSH6;STAT5A;MYC;ASNS;BCL2L11;SQSTM1;EEF2K;ERBB2;PDCD4;RPS6;ACACA;TP53BP1;TGM2;FOXM1;MSH2;MAPK1;DIABLO;BRAF;ERBB3;NF2;RBM15;MAP2K1;PTEN;TP53;ETS1;CHEK2;PEA15;COL6A1;EEF2;PRKCA;CDH2;KIT;PREX1;LCK,1,2,2,1,,0.04932636236669901,0.4,0.2,4.425469792136282e-36;1.7953048128631082e-10,1.3221570138861307e-15,proxy_dimensions,2,,,,,0,63,1.0523335393702842,,,
ASNS,2,33,CCNB1;PRKCA,VHL;GAPDH;TUBA1B;TFRC;IGFBP2;FN1;SERPINE1;ANXA1;RAB25;CASP7;GAB2;ATM;STAT5A;SQSTM1;EEF2K;ERBB2;TP53BP1;TGM2;MAPK1;DIABLO;BRAF;NF2;RBM15;MAP2K1;PTEN;TP53;ETS1;PEA15;EEF2;CDH2;KIT;PREX1;LCK,1,3,3,2,,0.04932636236669901,0.2,0.15,1.1503470799662835e-85;3.5917056870754233e-44;1.3841178489220588e-12,8.637683827836897e-60;3.5730718075001094e-28,proxy_dimensions,3,,,,,0,63,1.0696151685830837,,,
BCL2L11,3,7,ANXA1;CCNE1;PDCD4,VHL;TFRC;IGFBP2;GAB2;STAT5A;ERBB2;PTEN,1,3,3,2,0.018658272762199078,0.04932636236669901,0.4,0.2,3.392508425695793e-11;1.9156191524090897e-06;0.001311915298376041;0.26487954361182303,5.629806397458895e-12;1.1657339325161721e-05;0.26244770053453936,conditional_information_dimension,3,0.055675469900984154,0.3212347515822585;0.2536012085448117;0.055675469900984154,0.02459649707569255,False,0,63,1.0742833092536583,,,
BRAF,1,52,ETS1,MYH11;GAPDH;ESR1;TFRC;IGFBP2;CLDN7;CCNB1;FN1;CAV1;CDH1;SERPINE1;HSPA1A;SYK;ANXA1;AR;RAB25;RICTOR;CCNE1;GAB2;ATM;INPP4B;FASN;CTNNB1;MSH6;STAT5A;MYC;ASNS;BCL2L11;SQSTM1;EEF2K;PDCD4;RPS6;ACACA;TP53BP1;TGM2;FOXM1;MSH2;MAPK1;DIABLO;ERBB3;NF2;RBM15;MAP2K1;PTEN;TP53;CHEK2;PEA15;COL6A1;EEF2;PRKCA;CDH2;KIT,1,2,2,1,,0.04932636236669901,0.2,0.15,4.798862504347271e-116;2.1923902722211466e-40,3.9935343897967853e-50,proxy_dimensions,2,,,,,0,63,1.028453562165387,,,
CDH2,2,57,STAT5A;SQSTM1,MYH11;VHL;GAPDH;ESR1;TUBA1B;TFRC;IGFBP2;CLDN7;CCNB1;FN1;CAV1;CDH1;SERPINE1;HSPA1A;SYK;ANXA1;AR;RAB25;CASP7;RICTOR;CCNE1;GAB2;ATM;INPP4B;FASN;CTNNB1;MSH6;MYC;ASNS;BCL2L11;EEF2K;ERBB2;PDCD4;RPS6;ACACA;TP53BP1;TGM2;FOXM1;MSH2;MAPK1;DIABLO;BRAF;ERBB3;NF2;RBM15;MAP2K1;PTEN;TP53;ETS1;CHEK2;PEA15;COL6A1;EEF2;PRKCA;KIT;PREX1;LCK,1,3,3,2,,0.04932636236669901,0.2,0.15,2.1711507874817608e-121;2.6510618411806506e-60;2.3143876431807938e-20,1.232096988490375e-87;2.5930009408329374e-39,proxy_dimensions,3,,,,,0,63,1.0054362201614466,,,
CLDN7,3,10,CDH1;EEF2K;PRKCA,ANXA1;RAB25;SQSTM1;TGM2;MAPK1;NF2;MAP2K1;PTEN;TP53;PEA15,1,4,4,3,,0.04932636236669901,0.4,0.2,1.9992958178565774e-35;3.898808893083371e-18;6.81824299845883e-08;0.0013049941646651225,5.213604977863566e-27;1.0899385097046298e-09;0.002620606967369285,proxy_dimensions,4,,,,,0,64,1.0221011039570647,,,
CDH1,2,55,CLDN7;CTNNB1,MYH11;VHL;GAPDH;ESR1;TUBA1B;TFRC;IGFBP2;CCNB1;FN1;CAV1;SERPINE1;HSPA1A;SYK;ANXA1;AR;RAB25;CASP7;RICTOR;CCNE1;GAB2;ATM;INPP4B;FASN;MSH6;STAT5A;MYC;ASNS;BCL2L11;SQSTM1;ERBB2;PDCD4;RPS6;ACACA;TGM2;FOXM1;MSH2;MAPK1;DIABLO;BRAF;ERBB3;NF2;RBM15;MAP2K1;PTEN;TP53;ETS1;CHEK2;PEA15;COL6A1;EEF2;PRKCA;CDH2;KIT;PREX1;LCK,1,3,3,2,,0.04932636236669901,0.2,0.2,6.546690200207822e-103;2.3360855237309433e-36;8.815104136064521e-14,7.300255624823326e-65;1.3354064054440814e-15,proxy_dimensions,3,,,,,0,64,0.9717577388535326,,,
HSPA1A,3,26,GAB2;COL6A1;CDH2,TUBA1B;TFRC;IGFBP2;FN1;SERPINE1;SYK;ANXA1;RAB25;FASN;MSH6;SQSTM1;ERBB2;PDCD4;RPS6;ACACA;TGM2;MSH2;MAPK1;DIABLO;NF2;MAP2K1;PTEN;TP53;CHEK2;PEA15;EEF2,1,4,4,3,,0.04932636236669901,0.4,0.25,1.6919211697467107e-40;3.203884833117723e-17;1.4708195244056934e-07;0.005233342306023516,4.166255439744379e-33;1.2590548775924394e-15;2.192230446088783e-06,proxy_dimensions,4,,,,,0,64,0.952759702751616,,,
GAB2,2,26,VHL;HSPA1A,TUBA1B;TFRC;IGFBP2;FN1;SERPINE1;SYK;ANXA1;RAB25;FASN;MSH6;SQSTM1;ERBB2;PDCD4;RPS6;ACACA;TGM2;MSH2;MAPK1;DIABLO;NF2;MAP2K1;PTEN;TP53;CHEK2;PEA15;EEF2,1,2,2,2,0.06955438241196198,0.04932636236669901,0.4,0.25,1.5145810257738778e-27;2.8642512935602342e-09;0.16385160601242582,5.396923695856778e-23;0.00044488450211747595,reported,2,0.1730832409314834,0.4639213355725262;0.1730832409314834,0.03906152397986884,True,2,64,1.0392766606780761,1.7854218372379875,0.25042763024095305,0.5727525491844729
ASNS,4,3,CAV1;FASN;ACACA;CHEK2,ANXA1;PTEN;TP53,1,2,2,1,0.04565255150473025,0.04932636236669901,0.4,0.15,1.3392844206981742e-14;0.0014137968563626055;0.20816296588602248,1.7868903590313363e-10;0.08353978714115295,conditional_information_dimension,2,0.12779440290217894,0.35793783098272586;0.12779440290217894,0.039212584525461176,False,0,64,0.9849297966613576,,,
BCL2L11,3,3,CCNE1;PDCD4;PRKCA,ANXA1;PTEN;TP53,1,3,3,2,0.004043354748290476,0.04932636236669901,0.4,0.15,4.9847533040630484e-15;4.581679634429064e-09;0.0033426904955933304,4.604437837321105e-14;8.929250150631628e-08;0.8025312879296721,conditional_information_dimension,3,0.0124333991115156,0.3219505359831609;0.3009980325406258;0.0124333991115156,0.004043354748290456,False,0,64,0.9892252377253233,,,
BRAF,3,10,CAV1;CTNNB1;ETS1,ANXA1;RAB25;SQSTM1;TGM2;MAPK1;NF2;MAP2K1;PTEN;TP53;PEA15,1,4,4,3,,0.04932636236669901,0.4,0.2,9.85201734621383e-28;7.210679149053653e-11;0.0003630401461949908;0.009559021232475465,1.0287694766110528e-15;5.540947943948231e-07;0.010755453287051074,proxy_dimensions,4,,,,,0,64,1.057077677704386,,,
CDH2,2,11,HSPA1A;STAT5A,VHL;ESR1;TUBA1B;TFRC;ANXA1;ERBB2;RPS6;BRAF;PTEN;ETS1;EEF2,1,3,3,2,,0.04932636236669901,0.2,0.15,1.2916464345098347e-16;1.8147605740789313e-07;0.015142460943555116,6.655710955856155e-13;4.595143321380982e-05,proxy_dimensions,3,,,,,0,64,0.9600529250768576,,,
CLDN7,1,21,CDH1,GAPDH;TFRC;FN1;SERPINE1;HSPA1A;SYK;ANXA1;RAB25;GAB2;FASN;STAT5A;ASNS;SQSTM1;EEF2K;ACACA;TGM2;DIABLO;BRAF;NF2;TP53;PEA15,1,2,2,1,,0.04932636236669901,0.2,0.15,1.896293250914704e-33;0.0007558281281542069,1.7563710883855927e-17,proxy_dimensions,2,,,,,0,65,0.9639821026109467,,,
CDH1,3,21,CLDN7;CTNNB1;CDH2,GAPDH;TFRC;FN1;SERPINE1;HSPA1A;SYK;ANXA1;RAB25;GAB2;FASN;STAT5A;ASNS;SQSTM1;EEF2K;ACACA;TGM2;DIABLO;BRAF;NF2;TP53;PEA15,1,4,4,3,,0.04932636236669901,0.2,0.15,1.0237862952576585e-91;2.31628331943527e-48;5.1593950087846856e-21;0.0012333540697450258,1.1282888230412946e-64;1.1265982525524881e-28;1.328669814044597e-05,proxy_dimensions,4,,,,,0,65,0.9277471959977913,,,
HSPA1A,3,27,SQSTM1;BRAF;COL6A1,VHL;GAPDH;TFRC;IGFBP2;FN1;SERPINE1;ANXA1;RAB25;GAB2;ATM;FASN;STAT5A;ASNS;BCL2L11;ERBB2;PDCD4;RPS6;ACACA;TGM2;MAPK1;NF2;MAP2K1;PTEN;TP53;PEA15;EEF2;CDH2,1,4,4,3,,0.04932636236669901,0.4,0.25,9.811354379462836e-56;2.5012407139117865e-23;5.664051480750358e-12;0.0041048069433924335,1.5400375832929157e-47;7.377927058175083e-21;2.9989114580701155e-09,proxy_dimensions,4,,,,,0,65,0.9382068033523923,,,
GAB2,1,58,VHL,MYH11;GAPDH;ESR1;TUBA1B;TFRC;IGFBP2;CLDN7;CCNB1;FN1;CAV1;CDH1;SERPINE1;HSPA1A;SYK;ANXA1;AR;RAB25;CASP7;RICTOR;CCNE1;ATM;INPP4B;FASN;CTNNB1;MSH6;STAT5A;MYC;ASNS;BCL2L11;SQSTM1;EEF2K;ERBB2;PDCD4;RPS6;ACACA;TP53BP1;TGM2;FOXM1;MSH2;MAPK1;DIABLO;BRAF;ERBB3;NF2;RBM15;MAP2K1;PTEN;TP53;ETS1;CHEK2;PEA15;COL6A1;EEF2;PRKCA;CDH2;KIT;PREX1;LCK,1,2,2,1,,0.04932636236669901,0.4,0.2,3.372623696556909e-38;2.5891909035113715e-09,1.7976368825364728e-17,proxy_dimensions,2,,,,,0,65,0.9796241493812102,,,
ASNS,2,1,ACACA;PRKCA,TFRC,1,1,1,1,0.25808811439159574,0.04932636236669901,0.4,0.15,3.276551702021733e-12,2.7252847815445304e-12,reported,1,0.3506214388954173,0.3506214388954173,0.25808811439159574,True,1,65,0.9461456362452175,1.030075058716145,0.06860378044359719,0.6292785145861838
BCL2L11,2,21,CCNE1;PDCD4,GAPDH;TFRC;FN1;SERPINE1;HSPA1A;SYK;ANXA1;RAB25;GAB2;FASN;STAT5A;ASNS;SQSTM1;EEF2K;ACACA;TGM2;DIABLO;BRAF;NF2;TP53;PEA15,1,3,3,2,,0.04932636236669901,0.2,0.15,3.4906228190331066e-38;3.759111791606903e-19;3.208802580059323e-07,1.0087405534158768e-19;5.493051229260355e-07,proxy_dimensions,3,,,,,0,65,1.0075318722142905,,,
BRAF,4,13,CAV1;HSPA1A;CTNNB1;ETS1,VHL;GAPDH;TFRC;GAB2;FASN;ASNS;PDCD4;RPS6;ACACA;MAP2K1;PTEN;TP53;EEF2,1,5,5,4,,0.04932636236669901,0.4,0.2,1.2507426069026105e-51;1.0902976916387937e-26;1.195744402439582e-12;4.40482477043696e-06;0.0012279418559939521,4.976454112294039e-34;1.4130257571658964e-16;3.350796676703418e-06;0.0007407251387152935,proxy_dimensions,5,,,,,0,65,0.9943022909175107,,,
CDH2,1,21,CDH1,GAPDH;TFRC;FN1;SERPINE1;HSPA1A;SYK;ANXA1;RAB25;GAB2;FASN;STAT5A;ASNS;SQSTM1;EEF2K;ACACA;TGM2;DIABLO;BRAF;NF2;TP53;PEA15,1,2,2,1,,0.04932636236669901,0.2,0.15,2.3001645053452734e-51;2.2818142878249357e-21,4.00198664923141e-31,proxy_dimensions,2,,,,,0,65,1.0314018435420687,,,
CLDN7,4,19,CDH1;RAB25;MAPK1;PRKCA,VHL;ESR1;TUBA1B;FN1;SERPINE1;SYK;ANXA1;GAB2;ATM;FASN;BCL2L11;SQSTM1;ACACA;TGM2;MAP2K1;PTEN;TP53;CHEK2;PEA15,1,5,5,4,,0.04932636236669901,0.2,0.15,3.980540600135665e-88;1.5138892761216593e-48;2.031138581295745e-33;3.069378038395109e-19;1.3787272479601423e-07,1.1389749099485205e-69;5.6372734233701904e-36;3.4246271853420574e-22;8.413894517671173e-09,proxy_dimensions,5,,,,,0,66,1.0066973741814926,,,
CDH1,3,8,CLDN7;CTNNB1;CDH2,GAPDH;TFRC;SYK;GAB2;TP53BP1;MAP2K1;PTEN;TP53,1,3,3,3,0.058188730004370276,0.04932636236669901,0.4,0.2,4.155539442306568e-55;1.477583949613901e-24;2.439568851067106e-10;0.07372130392726303,1.113457747165148e-46;2.36951828746528e-22;8.58897359735717e-06,reported,3,0.21857602569393197,0.5288465423500104;0.4417058611572642;0.21857602569393197,0.04469114469233575,True,1,66,1.0176196845849736,-1.494958677886598,0.043287374790299975,0.5427229119706601
HSPA1A,1,19,COL6A1,VHL;ESR1;TUBA1B;FN1;SERPINE1;SYK;ANXA1;GAB2;ATM;FASN;BCL2L11;SQSTM1;ACACA;TGM2;MAP2K1;PTEN;TP53;CHEK2;PEA15,1,2,2,1,,0.04932636236669901,0.2,0.15,5.615500485303715e-23;0.00027041200580765106,5.283905613934082e-15,proxy_dimensions,2,,,,,0,66,0.9761485126129644,,,
GAB2,3,2,VHL;RAB25;BRAF,PTEN;TP53,1,1,1,1,0.12426691310367191,0.04932636236669901,0.4,0.15,0.009022518876541508;0.5953792758727263,0.0008212981940119973,reported,1,0.20076377001605653,0.20076377001605653,0.08787652218238247,True,1,66,0.9956249378512181,0.7075408458845942,0.03896418583866408,0.522622980153878
ASNS,1,19,CCNB1,VHL;ESR1;TUBA1B;FN1;SERPINE1;SYK;ANXA1;GAB2;ATM;FASN;BCL2L11;SQSTM1;ACACA;TGM2;MAP2K1;PTEN;TP53;CHEK2;PEA15,1,2,2,1,,0.04932636236669901,0.2,0.15,1.2699692955414452e-57;2.8449244158607324e-08,1.0661328403194111e-32,proxy_dimensions,2,,,,,0,66,1.0828835759187645,,,
BCL2L11,2,8,CCNE1;PDCD4,GAPDH;TFRC;SYK;GAB2;TP53BP1;MAP2K1;PTEN;TP53,1,2,2,1,0.00507831299139475,0.04932636236669901,0.4,0.2,4.264926733187652e-21;5.224263649021424e-09;0.20635461390446794,6.954757732450489e-16;0.8276118082738178,conditional_information_dimension,2,0.01081386632766252,0.4161487186028454;0.01081386632766252,0.03776486653931673,False,0,66,0.9336265518221046,,,
BRAF,3,8,CAV1;EEF2K;ETS1,GAPDH;TFRC;SYK;GAB2;TP53BP1;MAP2K1;PTEN;TP53,1,4,4,3,,0.04932636236669901,0.4,0.2,7.632116845344971e-43;9.890815832608558e-18;1.7338178391835536e-08;0.000335598485157192,8.533635835497005e-21;3.715178058320677e-08;0.0007824191904414054,proxy_dimensions,4,,,,,0,66,0.9994446222901768,,,
CDH2,3,8,CDH1;STAT5A;SQSTM1,GAPDH;TFRC;SYK;GAB2;TP53BP1;MAP2K1;PTEN;TP53,1,4,4,3,,0.04932636236669901,0.4,0.2,1.8290702386403886e-37;6.253803575545961e-14;1.8867696115431686e-05;0.00740290608783184,9.559137756230684e-33;1.2818077551265419e-10;0.0039002473644584998,proxy_dimensions,4,,,,,0,66,0.9798959997502703,,,
CLDN7,4,5,CDH1;MAPK1;DIABLO;PRKCA,GAPDH;TFRC;FASN;ACACA;MAP2K1,1,4,4,3,0.007432569472662838,0.04932636236669901,0.4,0.15,3.3715307108820874e-30;1.0978717871892888e-16;1.8556938853000017e-09;0.0002176056310980278;0.3510375654639456,7.050866686750729e-25;2.939029361569478e-11;0.0007073322778577173;0.4173012784998754,conditional_information_dimension,4,0.04036287792326454,0.43982662576902715;0.3391631158848771;0.21211077874985665;0.04036287792326454,0.0102528512381186,False,0,67,1.0180833034714838,,,
CDH1,2,30,CLDN7;CTNNB1,TFRC;IGFBP2;CCNB1;FN1;SERPINE1;SYK;ANXA1;RAB25;CASP7;CCNE1;GAB2;ATM;FASN;MSH6;BCL2L11;SQSTM1;ERBB2;PDCD4;ACACA;TP53BP1;TGM2;FOXM1;MSH2;MAPK1;NF2;RBM15;PTEN;TP53;CHEK2;PEA15,1,3,3,2,,0.04932636236669901,0.2,0.15,5.3035197026717455e-80;5.4866879839180625e-36;1.2715024897618001e-14,7.651474038776775e-48;1.7213280301899482e-17,proxy_dimensions,3,,,,,0,67,1.0146052821274967,,,
HSPA1A,5,5,ESR1;SQSTM1;COL6A1;CDH2;KIT,GAPDH;TFRC;FASN;ACACA;MAP2K1,1,4,4,4,0.030586275419382167,0.04932636236669901,0.4,0.15,1.9879697257329534e-22;2.8486748444006447e-10;5.680506271381881e-06;0.011986793836809574;0.07539092194988486,8.95841205186952e-21;3.5751320389656055e-10;2.121311684325094e-05;0.008313337290470756,reported,4,0.15326734055270558,0.4101082231015752;0.3012490833820226;0.22960000382381807;0.15326734055270558,0.029604571672408153,True,1,67,0.9715407270452344,1.3245305824698597,0.007406890546684255,0.6254698905766308
GAB2,3,5,VHL;ERBB2;BRAF,GAPDH;TFRC;FASN;ACACA;MAP2K1,1,3,3,3,0.04821383166912912,0.04932636236669901,0.4,0.15,1.2166150884301276e-11;0.0013471860122395093;0.032494597757240846;0.11575342165551947,3.467947330250408e-10;0.0005143298257634324;0.00439078327526445,reported,3,0.14092966097167053,0.317928138823995;0.1697044842009831;0.14092966097167053,0.04161495601762698,True,1,67,0.9382984867031355,1.4005503130168162,0.0803727528814343,0.6432778227924265
ASNS,4,5,CAV1;BRAF;TP53;CHEK2,GAPDH;TFRC;FASN;ACACA;MAP2K1,1,5,5,3,,0.04932636236669901,0.4,0.15,1.1751063430743387e-24;5.630961246732214e-11;1.2401977457711288e-05;0.0052662020306512404;0.03461309972567842,3.434671569777716e-17;3.943950455181651e-09;0.0022565693544001637;0.09899946355025,proxy_dimensions,5,,,,,0,67,1.0014578886402723,,,
BCL2L11,2,12,ANXA1;PDCD4,VHL;GAPDH;TFRC;IGFBP2;RAB25;GAB2;ATM;FASN;ERBB2;ACACA;NF2;MAP2K1,1,3,3,2,,0.04932636236669901,0.4,0.2,6.7981251678756754e-12;2.4286508913645956e-06;0.00029114058227322693,6.229287015808097e-10;0.0005667080417685969,proxy_dimensions,3,,,,,0,67,1.024830431723219,,,
BRAF,7,5,TUBA1B;GAB2;CTNNB1;ASNS;EEF2K;FOXM1;ETS1,GAPDH;TFRC;FASN;ACACA;MAP2K1,1,4,4,4,0.031425477196488964,0.04932636236669901,0.4,0.15,2.7498195704780142e-46;3.3046081688640633e-24;1.3559905781576036e-05;0.03353885596122118;0.23885091176532203,1.3415435630470804e-40;1.2067744075512935e-17;0.0001798412200710991;0.008856905304367902,reported,4,0.18209441371165888,0.5470973278395783;0.4451847643656473;0.22303917139183288;0.18209441371165888,0.030085786627573094,True,1,67,1.008587416545329,-0.4043183841165993,0.007667950695641032,0.6445550478597611
CDH2,5,5,ESR1;HSPA1A;CCNE1;STAT5A;SQSTM1,GAPDH;TFRC;FASN;ACACA;MAP2K1,1,5,5,5,0.02363808241451106,0.04932636236669901,0.4,0.15,1.51867952816158e-23;4.760026920378332e-12;6.475667194123479e-08;3.915539270006029e-05;0.0017386960618339593,2.678668045910033e-19;1.63955972892296e-08;2.6109616767864405e-05;0.001194347616094518;0.022053526909611557,reported,5,0.11374566434871451,0.4209568469004033;0.27539776662813564;0.21443332910321078;0.17713257564360546;0.11374566434871451,0.023638082414511062,True,1,67,1.0232025619073721,0.23552326620828345,-0.019542780178307118,0.6408686117225942
CLDN7,2,20,MAP2K1;PRKCA,VHL;GAPDH;TUBA1B;FN1;SERPINE1;SYK;ANXA1;CCNE1;GAB2;ATM;FASN;MSH6;PDCD4;ACACA;TP53BP1;MSH2;DIABLO;PTEN;CHEK2;KIT,1,3,3,2,,0.04932636236669901,0.2,0.15,2.1049827628469906e-52;3.595134937133124e-26;4.8142286984722e-07,5.2473453560784425e-36;4.404597795130924e-15,proxy_dimensions,3,,,,,0,68,0.928690527404576,,,
CDH1,2,7,CTNNB1;CDH2,TFRC;CLDN7;RAB25;ERBB2;PDCD4;MAP2K1;EEF2,1,3,3,2,,0.04932636236669901,0.4,0.2,6.177589456407169e-47;4.21463165812272e-20;0.024212039703734877,2.525861075315281e-21;0.0439152586417426,proxy_dimensions,3,,,,,0,68,0.884409203531444,,,
HSPA1A,3,7,COL6A1;CDH2;KIT,TFRC;CLDN7;RAB25;ERBB2;PDCD4;MAP2K1;EEF2,1,4,4,3,,0.04932636236669901,0.4,0.2,6.100065762084572e-20;4.683399051991518e-09;0.004253024107462685;0.04198085341663694,2.742146215260817e-13;4.786872725779195e-07;0.01715133385975193,proxy_dimensions,4,,,,,0,68,1.0404537662402766,,,
GAB2,2,57,VHL;CHEK2,MYH11;GAPDH;ESR1;TUBA1B;TFRC;IGFBP2;CLDN7;CCNB1;FN1;CAV1;CDH1;SERPINE1;HSPA1A;SYK;ANXA1;AR;RAB25;CASP7;RICTOR;CCNE1;ATM;INPP4B;FASN;CTNNB1;MSH6;STAT5A;MYC;ASNS;BCL2L11;SQSTM1;EEF2K;ERBB2;PDCD4;RPS6;ACACA;TP53BP1;TGM2;FOXM1;MSH2;MAPK1;DIABLO;BRAF;ERBB3;NF2;RBM15;MAP2K1;PTEN;TP53;ETS1;PEA15;COL6A1;EEF2;PRKCA;CDH2;KIT;PREX1;LCK,1,3,3,2,,0.04932636236669901,0.2,0.15,4.0402945040983045e-72;4.627869900286683e-33;4.608116952200845e-15,4.514129546802934e-53;6.089205199952147e-16,proxy_dimensions,3,,,,,0,68,0.9854817457596903,,,
ASNS,1,20,TGM2,VHL;GAPDH;TUBA1B;FN1;SERPINE1;SYK;ANXA1;CCNE1;GAB2;ATM;FASN;MSH6;PDCD4;ACACA;TP53BP1;MSH2;DIABLO;PTEN;CHEK2;KIT,1,2,2,1,,0.04932636236669901,0.2,0.15,5.428837614818762e-36;9.024547058849141e-14,1.1706049352648284e-19,proxy_dimensions,2,,,,,0,68,0.9671221847439704,,,
BCL2L11,1,20,PRKCA,VHL;GAPDH;TUBA1B;FN1;SERPINE1;SYK;ANXA1;CCNE1;GAB2;ATM;FASN;MSH6;PDCD4;ACACA;TP53BP1;MSH2;DIABLO;PTEN;CHEK2;KIT,1,2,2,1,,0.04932636236669901,0.2,0.15,8.177276927376166e-48;3.624344709327117e-15,8.081210548039444e-27,proxy_dimensions,2,,,,,0,68,1.0454915243236416,,,
BRAF,3,7,CASP7;EEF2K;ETS1,TFRC;CLDN7;RAB25;ERBB2;PDCD4;MAP2K1;EEF2,1,3,3,2,0.012099868772789072,0.04932636236669901,0.4,0.2,1.5843711154418953e-33;9.812219340838259e-20;1.7798219765047886e-06;0.2732813205378823,1.5016452338076812e-23;1.7004678634105647e-09;0.4118825051756856,conditional_information_dimension,3,0.04078343226124651,0.4300724019429529;0.32819518091451677;0.04078343226124651,0.024290068584667503,False,0,68,0.9580436770450614,,,
CDH2,4,7,CDH1;HSPA1A;STAT5A;PREX1,TFRC;CLDN7;RAB25;ERBB2;PDCD4;MAP2K1;EEF2,1,5,5,4,,0.04932636236669901,0.4,0.2,5.0497329215666105e-46;8.939742724519463e-19;2.657254534865864e-07;0.0001765685912825989;0.03298772751408715,4.057298435774637e-46;3.1547913146351103e-18;3.385894961119291e-07;0.00032798742907833614,proxy_dimensions,5,,,,,0,68,0.9447718021230646,,,
CLDN7,2,32,CDH1;MAP2K1,GAPDH;TUBA1B;IGFBP2;SYK;RAB25;CASP7;GAB2;ATM;FASN;STAT5A;ASNS;BCL2L11;SQSTM1;EEF2K;ERBB2;PDCD4;ACACA;TP53BP1;TGM2;MAPK1;DIABLO;BRAF;NF2;RBM15;TP53;ETS1;PEA15;EEF2;CDH2;KIT;PREX1;LCK,1,3,3,2,,0.04932636236669901,0.2,0.15,4.2343415409103786e-48;1.4378486201741397e-21;8.389319133186072e-09,3.277933544401402e-25;1.1414566292609683e-10,proxy_dimensions,3,,,,,0,69,1.0111455170887278,,,
CDH1,3,13,CLDN7;CTNNB1;CDH2,VHL;TFRC;RAB25;CASP7;GAB2;FASN;ERBB2;ACACA;PTEN;TP53;EEF2;PREX1;LCK,1,4,4,3,,0.04932636236669901,0.4,0.2,4.880491582022444e-50;2.508354786624884e-20;7.993389160805062e-10;0.026243409078577556,2.593740702783494e-45;7.288712215847818e-15;1.952317845779072e-07,proxy_dimensions,4,,,,,0,69,0.9981529515489445,,,
HSPA1A,2,32,CCNB1;COL6A1,GAPDH;TUBA1B;IGFBP2;SYK;RAB25;CASP7;GAB2;ATM;FASN;STAT5A;ASNS;BCL2L11;SQSTM1;EEF2K;ERBB2;PDCD4;ACACA;TP53BP1;TGM2;MAPK1;DIABLO;BRAF;NF2;RBM15;TP53;ETS1;PEA15;EEF2;CDH2;KIT;PREX1;LCK,1,3,3,2,,0.04932636236669901,0.2,0.15,1.19212083551732e-63;4.838324345916645e-24;2.2621778889022555e-08,9.935342610194909e-45;8.353176995812776e-10,proxy_dimensions,3,,,,,0,69,1.0011899251671432,,,
GAB2,3,2,VHL;PEA15;KIT,TFRC;TP53,1,2,2,1,0.05314224727937206,0.04932636236669901,0.4,0.15,7.8121294503386e-07;0.005169899087100614,2.3692393197831935e-06;0.052030369779023276,conditional_information_dimension,2,0.1203791990795036,0.2690244984414098;0.1203791990795036,0.05314224727937194,False,0,69,0.9754951688138569,,,
ASNS,3,2,SQSTM1;CHEK2;PRKCA,TFRC;TP53,1,2,2,2,0.06241766265289569,0.04932636236669901,0.4,0.15,3.9107832754892666e-20;1.805059784877072e-07,2.1940333913868495e-16;0.004112605425561363,reported,2,0.16359914234108222,0.410828896640723;0.16359914234108222,0.06241766265289563,True,1,69,1.008730910979656,-0.5537774499811988,-0.004082115637568922,0.7272861029861777
BCL2L11,2,13,CCNE1;PDCD4,VHL;TFRC;RAB25;CASP7;GAB2;FASN;ERBB2;ACACA;PTEN;TP53;EEF2;PREX1;LCK,1,3,3,2,,0.04932636236669901,0.4,0.2,1.0377492660830936e-35;1.1101079498122308e-17;2.2438577133475745e-07,2.277103437820175e-25;4.846289060620855e-07,proxy_dimensions,3,,,,,0,69,1.0833284570168091,,,
BRAF,2,57,EEF2K;ETS1,MYH11;VHL;GAPDH;ESR1;TUBA1B;TFRC;IGFBP2;CLDN7;CCNB1;FN1;CAV1;CDH1;SERPINE1;HSPA1A;SYK;ANXA1;AR;RAB25;CASP7;RICTOR;CCNE1;GAB2;ATM;INPP4B;FASN;CTNNB1;MSH6;STAT5A;MYC;ASNS;BCL2L11;SQSTM1;ERBB2;PDCD4;RPS6;ACACA;TP53BP1;TGM2;FOXM1;MSH2;MAPK1;DIABLO;ERBB3;NF2;RBM15;MAP2K1;PTEN;TP53;CHEK2;PEA15;COL6A1;EEF2;PRKCA;CDH2;KIT;PREX1;LCK,1,3,3,2,,0.04932636236669901,0.2,0.15,2.150231431874259e-111;3.509879921356637e-52;9.042284395687458e-18,1.241430473097262e-64;1.70337642597832e-25,proxy_dimensions,3,,,,,0,69,1.0591065099816628,,,
CDH2,4,13,CDH1;HSPA1A;STAT5A;SQSTM1,VHL;TFRC;RAB25;CASP7;GAB2;FASN;ERBB2;ACACA;PTEN;TP53;EEF2;PREX1;LCK,1,5,5,4,,0.04932636236669901,0.4,0.2,5.74543617682334e-48;5.1423526759159175e-25;6.6258595127736295e-15;2.2402108693868612e-06;0.0030603391838110606,9.992122518626259e-39;9.976808373041883e-17;1.1628051579246547e-06;0.001730529824308426,proxy_dimensions,5,,,,,0,69,0.9980328090005728,,,
CLDN7,4,27,CDH1;DIABLO;MAP2K1;PRKCA,GAPDH;TUBA1B;IGFBP2;CCNB1;FN1;SERPINE1;ANXA1;RAB25;CASP7;CCNE1;GAB2;ATM;FASN;ASNS;BCL2L11;SQSTM1;PDCD4;ACACA;TGM2;FOXM1;MAPK1;BRAF;NF2;PTEN;TP53;CHEK2;PEA15,1,5,5,4,,0.04932636236669901,0.2,0.15,3.0400700351258426e-71;9.977271473131758e-43;5.321257377968892e-19;2.243454464069174e-10;0.00012001252715323928,2.144596266792608e-58;6.439116898227806e-31;5.175528772253247e-15;2.337671810635193e-06,proxy_dimensions,5,,,,,0,70,0.9586180705754174,,,
CDH1,3,27,TFRC;CLDN7;CTNNB1,GAPDH;TUBA1B;IGFBP2;CCNB1;FN1;SERPINE1;ANXA1;RAB25;CASP7;CCNE1;GAB2;ATM;FASN;ASNS;BCL2L11;SQSTM1;PDCD4;ACACA;TGM2;FOXM1;MAPK1;BRAF;NF2;PTEN;TP53;CHEK2;PEA15,1,4,4,3,,0.04932636236669901,0.2,0.15,2.9988892387407762e-83;1.0291664393387493e-36;8.800752529456964e-15;3.038738771563488e-05,3.897350691336567e-61;3.7556634723333787e-16;8.54369912310402e-06,proxy_dimensions,4,,,,,0,70,0.98301682790775,,,
HSPA1A,3,27,VHL;COL6A1;CDH2,GAPDH;TUBA1B;IGFBP2;CCNB1;FN1;SERPINE1;ANXA1;RAB25;CASP7;CCNE1;GAB2;ATM;FASN;ASNS;BCL2L11;SQSTM1;PDCD4;ACACA;TGM2;FOXM1;MAPK1;BRAF;NF2;PTEN;TP53;CHEK2;PEA15,1,4,4,3,,0.04932636236669901,0.2,0.15,5.9843282136931025e-58;6.027663773084462e-26;3.783221723531519e-12;5.709710804626954e-07,1.8230803984440214e-45;8.504065239261856e-21;2.7441669847760803e-07,proxy_dimensions,4,,,,,0,70,1.064709083169489,,,
GAB2,3,2,VHL;RAB25;ATM,ERBB2;PTEN,1,2,2,1,0.045663759507374044,0.04932636236669901,0.4,0.15,0.014174374975536362;0.040166804968788265,0.01562993635280112;0.08294594164331388,conditional_information_dimension,2,0.11053908657383608,0.16141719258432466;0.11053908657383608,0.045663759507374,False,0,70,1.0042384831591769,,,
ASNS,2,12,SQSTM1;CHEK2,VHL;TFRC;IGFBP2;RAB25;GAB2;ERBB2;MAPK1;BRAF;NF2;PTEN;TP53;PEA15,1,3,3,2,,0.04932636236669901,0.4,0.2,1.2468203359690191e-21;3.2899625398853674e-05;0.011502060186383063,2.8295723344943085e-16;0.009722838118337917,proxy_dimensions,3,,,,,0,70,0.9867893150011579,,,
BCL2L11,2,55,CCNE1;PDCD4,MYH11;VHL;GAPDH;ESR1;TUBA1B;TFRC;IGFBP2;CLDN7;FN1;CAV1;CDH1;SERPINE1;HSPA1A;SYK;ANXA1;AR;RAB25;CASP7;RICTOR;GAB2;ATM;INPP4B;FASN;CTNNB1;MSH6;STAT5A;MYC;ASNS;SQSTM1;EEF2K;ERBB2;RPS6;ACACA;TP53BP1;TGM2;MSH2;MAPK1;DIABLO;BRAF;ERBB3;NF2;RBM15;MAP2K1;PTEN;TP53;ETS1;CHEK2;PEA15;COL6A1;EEF2;PRKCA;CDH2;KIT;PREX1;LCK,1,3,3,2,,0.04932636236669901,0.2,0.15,1.0446336614207758e-78;3.822452539728909e-48;7.035897183497123e-18,7.635895086344725e-60;9.65767295436258e-30,proxy_dimensions,3,,,,,0,70,0.9757881511318289,,,
BRAF,4,2,SYK;EEF2K;ERBB3;ETS1,ERBB2;PTEN,1,2,2,2,0.05791405719099082,0.04932636236669901,0.4,0.15,1.0303360955308238e-08;0.025527821937496125,3.6577192756518353e-05;0.023049960003369306,reported,2,0.15256603341693198,0.24350349727727405;0.15256603341693198,0.0579140571909908,True,1,70,1.0172152119298998,0.9412625884475962,0.12244966200050672,0.52154220660664
CDH2,2,27,HSPA1A;STAT5A,GAPDH;TUBA1B;IGFBP2;CCNB1;FN1;SERPINE1;ANXA1;RAB25;CASP7;CCNE1;GAB2;ATM;FASN;ASNS;BCL2L11;SQSTM1;PDCD4;ACACA;TGM2;FOXM1;MAPK1;BRAF;NF2;PTEN;TP53;CHEK2;PEA15,1,3,3,2,,0.04932636236669901,0.2,0.15,2.4897427486601695e-45;1.3354951263952872e-19;1.9961925273696546e-06,1.2012767885102697e-33;7.492692234972969e-11,proxy_dimensions,3,,,,,0,70,1.008961347838764,,,
CLDN7,3,15,CDH1;MAP2K1;PRKCA,TUBA1B;TFRC;IGFBP2;SYK;CASP7;FASN;ASNS;SQSTM1;ERBB2;ACACA;MAPK1;NF2;RBM15;PTEN;KIT,1,4,4,3,,0.04932636236669901,0.2,0.15,4.801764471911406e-44;1.380130555526198e-19;5.431205838859311e-07;0.02539584772213478,2.028590123948228e-34;5.143664753578705e-12;0.0035159461171304076,proxy_dimensions,4,,,,,0,71,0.9720579285607187,,,
CDH1,3,15,CLDN7;CTNNB1;CDH2,TUBA1B;TFRC;IGFBP2;SYK;CASP7;FASN;ASNS;SQSTM1;ERBB2;ACACA;MAPK1;NF2;RBM15;PTEN;KIT,1,4,4,3,,0.04932636236669901,0.2,0.15,8.632195594079516e-59;9.647768794651482e-19;2.9004124127009844e-05;0.024723157794402525,2.61065377471395e-44;7.491195828536392e-07;0.037453492053570514,proxy_dimensions,4,,,,,0,71,0.8983804330013035,,,
HSPA1A,2,15,COL6A1;CDH2,TUBA1B;TFRC;IGFBP2;SYK;CASP7;FASN;ASNS;SQSTM1;ERBB2;ACACA;MAPK1;NF2;RBM15;PTEN;KIT,1,3,3,2,,0.04932636236669901,0.2,0.15,1.2091789916198056e-30;1.9752799143845337e-09;0.004521131372812361,4.999274548438786e-17;0.0063504801272498725,proxy_dimensions,3,,,,,0,71,1.0552301277313292,,,
GAB2,2,8,VHL;BRAF,TUBA1B;TFRC;MAPK1;DIABLO;NF2;MAP2K1;PTEN;TP53,1,3,3,2,,0.04932636236669901,0.4,0.2,3.074135394417129e-19;2.0839936832786665e-05;0.015552324040059138,6.980400402224057e-17;6.411603671406794e-05,proxy_dimensions,3,,,,,0,71,1.0477052264085112,,,
ASNS,3,8,CCNB1;CAV1;FASN,TUBA1B;TFRC;MAPK1;DIABLO;NF2;MAP2K1;PTEN;TP53,1,3,3,3,0.0344910130693028,0.04932636236669901,0.4,0.2,1.402316107512328e-23;9.53785556513382e-08;0.008542226865519352;0.30684877635515,6.737939870217067e-18;5.752434884003333e-06;0.030142103715056094,reported,3,0.10749370788713913,0.40422291811270344;0.244595390587881;0.10749370788713913,0.03273918909320301,True,1,71,0.9846130177333496,2.670392355931415,0.050764069762068605,0.6555991697211622
BCL2L11,2,15,CCNE1;INPP4B,TUBA1B;TFRC;IGFBP2;SYK;CASP7;FASN;ASNS;SQSTM1;ERBB2;ACACA;MAPK1;NF2;RBM15;PTEN;KIT,1,3,3,2,,0.04932636236669901,0.2,0.15,1.3343792851603364e-35;1.2899584495310383e-18;2.4388745247347875e-06,4.931054296338185e-26;3.2859751967057987e-10,proxy_dimensions,3,,,,,0,71,0.9630161692960989,,,
BRAF,3,8,CAV1;GAB2;ETS1,TUBA1B;TFRC;MAPK1;DIABLO;NF2;MAP2K1;PTEN;TP53,1,4,4,2,,0.04932636236669901,0.4,0.2,1.0115883139890316e-30;4.924896645250772e-15;6.651114682369648e-05;0.03237062865341921,2.2356790077594475e-19;0.0002186576376982024;0.05833549450132282,proxy_dimensions,4,,,,,0,71,0.9901790369539958,,,
CDH2,3,15,CDH1;HSPA1A;STAT5A,TUBA1B;TFRC;IGFBP2;SYK;CASP7;FASN;ASNS;SQSTM1;ERBB2;ACACA;MAPK1;NF2;RBM15;PTEN;KIT,1,4,4,3,,0.04932636236669901,0.2,0.15,1.0776210641684095e-42;1.7038429191082684e-15;3.2515790937674692e-06;0.004202028434516445,2.4534576313759973e-41;8.057140918354396e-15;4.098597148958605e-05,proxy_dimensions,4,,,,,0,71,0.9153442897455533,,,
CLDN7,3,39,CDH1;MAP2K1;PRKCA,MYH11;VHL;GAPDH;ESR1;TFRC;IGFBP2;CCNB1;FN1;CAV1;SERPINE1;HSPA1A;SYK;ANXA1;AR;RAB25;RICTOR;CCNE1;GAB2;INPP4B;FASN;MSH6;MYC;ASNS;SQSTM1;PDCD4;RPS6;ACACA;TP53BP1;TGM2;FOXM1;MSH2;DIABLO;ERBB3;NF2;PTEN;CHEK2;PEA15;COL6A1;CDH2,1,4,4,3,,0.04932636236669901,0.2,0.15,1.6404661591945533e-102;7.476312390572232e-61;5.203288960902962e-28;1.624469110008044e-06,9.556349606477489e-82;1.016284987240512e-39;8.732582061074112e-18,proxy_dimensions,4,,,,,0,72,0.9950344711283737,,,
CDH1,4,12,CLDN7;CTNNB1;SQSTM1;CDH2,VHL;GAPDH;TFRC;RAB25;GAB2;MAPK1;DIABLO;NF2;MAP2K1;PTEN;TP53;CHEK2,1,5,5,4,,0.04932636236669901,0.4,0.2,4.372139935505758e-53;1.3075680607009225e-28;7.996120595517036e-12;2.500503533312665e-05;0.004263591462425296,2.0833620278137748e-37;5.029846125908728e-19;1.2284927998024956e-05;0.006104075048766766,proxy_dimensions,5,,,,,0,72,0.9760286486209471,,,
HSPA1A,1,38,COL6A1,VHL;TUBA1B;TFRC;CLDN7;CCNB1;CDH1;SYK;ANXA1;RAB25;CASP7;CCNE1;GAB2;ATM;CTNNB1;MSH6;STAT5A;BCL2L11;SQSTM1;EEF2K;ERBB2;TP53BP1;FOXM1;MSH2;MAPK1;DIABLO;BRAF;NF2;RBM15;MAP2K1;PTEN;TP53;ETS1;EEF2;PRKCA;CDH2;KIT;PREX1;LCK,1,2,2,1,,0.04932636236669901,0.2,0.15,1.8513231526511588e-44;3.089734977209713e-16,1.431999759322234e-22,proxy_dimensions,2,,,,,0,72,1.0236807422392804,,,
GAB2,1,3,SERPINE1,VHL;RAB25;TP53,1,2,2,1,,0.04932636236669901,0.4,0.15,1.825790572119657e-17;0.011184152893442528,0.010729448881122582,proxy_dimensions,2,,,,,0,72,1.0134730344218952,,,
ASNS,2,38,ACACA;CHEK2,VHL;TUBA1B;TFRC;CLDN7;CCNB1;CDH1;SYK;ANXA1;RAB25;CASP7;CCNE1;GAB2;ATM;CTNNB1;MSH6;STAT5A;BCL2L11;SQSTM1;EEF2K;ERBB2;TP53BP1;FOXM1;MSH2;MAPK1;DIABLO;BRAF;NF2;RBM15;MAP2K1;PTEN;TP53;ETS1;EEF2;PRKCA;CDH2;KIT;PREX1;LCK,1,3,3,2,,0.04932636236669901,0.2,0.15,2.6674928959412485e-64;4.4673202987446385e-22;3.179802405179314e-08,4.1381112130359174e-38;5.37707897841944e-08,proxy_dimensions,3,,,,,0,72,1.0608668039966984,,,
BCL2L11,2,12,ANXA1;PRKCA,VHL;GAPDH;TFRC;RAB25;GAB2;MAPK1;DIABLO;NF2;MAP2K1;PTEN;TP53;CHEK2,1,3,3,2,,0.04932636236669901,0.4,0.2,2.7022288068688622e-34;9.39513396357371e-10;0.0009495177046284702,2.1064405054758254e-27;0.0001816263397750641,proxy_dimensions,3,,,,,0,72,1.018723263128422,,,
BRAF,4,12,CAV1;ATM;EEF2K;ETS1,VHL;GAPDH;TFRC;RAB25;GAB2;MAPK1;DIABLO;NF2;MAP2K1;PTEN;TP53;CHEK2,1,5,5,4,,0.04932636236669901,0.4,0.2,2.7883747557913643e-60;2.2909560601076914e-24;1.281299219964554e-10;8.420034390190745e-05;0.008117788377322443,5.96030528202329e-43;2.1730571328629886e-23;3.533789002939493e-09;0.0008547374280634835,proxy_dimensions,5,,,,,0,72,1.0129156166375206,,,
CDH2,5,3,CDH1;CCNE1;STAT5A;SQSTM1;RPS6,VHL;RAB25;TP53,1,3,3,3,0.05062492649945089,0.04932636236669901,0.4,0.15,1.0314220939483065e-20;1.5263407572344537e-10;0.005724099275348771,3.381660342681773e-21;5.68324262929286e-11;0.002309273248479807,reported,3,0.18780919225827794,0.3975938848975922;0.3418729913493781;0.18780919225827794,0.05062492649945092,True,1,72,1.0178265690478576,1.8874092866256729,0.060148783883432214,0.5515692444920934
CLDN7,2,5,CDH1;MAPK1,VHL;TFRC;GAB2;MAP2K1;PTEN,1,3,3,2,,0.04932636236669901,0.4,0.2,1.0663951717981377e-18;1.981689924825315e-12;3.2838041197907294e-06,8.793071358352778e-13;1.9874222148080056e-06,proxy_dimensions,3,,,,,0,73,1.0229979311397177,,,
CDH1,3,18,CLDN7;CTNNB1;CDH2,VHL;TFRC;IGFBP2;SYK;RAB25;GAB2;BCL2L11;EEF2K;TGM2;MAPK1;NF2;MAP2K1;PTEN;TP53;CHEK2;PEA15;EEF2;KIT,1,4,4,3,,0.04932636236669901,0.4,0.25,2.6833325310169314e-60;6.781102828294662e-28;5.441832499817179e-16;9.571344070413774e-06,4.856567020341776e-49;1.877831274353679e-17;5.307730240857358e-07,proxy_dimensions,4,,,,,0,73,0.9687860967458646,,,
HSPA1A,4,5,CASP7;BRAF;COL6A1;CDH2,VHL;TFRC;GAB2;MAP2K1;PTEN,1,3,3,3,0.045501406965133315,0.04932636236669901,0.4,0.2,5.204558892578718e-15;7.756613381838564e-07;0.0009082342355893407;0.07331050921510188;0.3452228090222367,1.8472485002459374e-16;4.1567867988227523e-07;0.0006278105706398954,reported,3,0.18932301692701908,0.37786289739653417;0.2471133787822588;0.18932301692701908,0.03809390108276901,True,1,73,1.0314675702928124,0.6354127652144412,0.07609621348324828,0.6567354963406579
GAB2,1,39,RAB25,MYH11;VHL;TUBA1B;TFRC;CLDN7;CCNB1;FN1;CAV1;SERPINE1;HSPA1A;SYK;ANXA1;RICTOR;CCNE1;ATM;INPP4B;MSH6;MYC;BCL2L11;SQSTM1;EEF2K;ERBB2;PDCD4;RPS6;TGM2;FOXM1;MSH2;MAPK1;ERBB3;NF2;RBM15;MAP2K1;PTEN;TP53;CHEK2;PEA15;COL6A1;EEF2;PRKCA,1,2,2,1,,0.04932636236669901,0.2,0.15,2.8225540927674806e-27;5.289846199463424e-13,8.99662930267037e-13,proxy_dimensions,2,,,,,0,73,0.9718531572337726,,,
ASNS,2,18,CCNB1;ACACA,VHL;TFRC;IGFBP2;SYK;RAB25;GAB2;BCL2L11;EEF2K;TGM2;MAPK1;NF2;MAP2K1;PTEN;TP53;CHEK2;PEA15;EEF2;KIT,1,3,3,2,,0.04932636236669901,0.4,0.25,8.513986909602822e-54;1.0168605724164653e-17;6.139309942933483e-06,4.9003151362601977e-32;9.391816635950355e-09,proxy_dimensions,3,,,,,0,73,1.0216053022164233,,,
BCL2L11,3,1,RAB25;PDCD4;PRKCA,TFRC,1,1,1,1,0.1569752078232079,0.04932636236669901,0.4,0.15,6.665115377972972e-06,2.068124058718673e-06,reported,1,0.26343257638968903,0.26343257638968903,0.1569752078232079,True,1,73,0.9699062150760217,-0.8276478381739858,-0.00043530062573080323,0.6715360551315634
BRAF,3,5,HSPA1A;EEF2K;ETS1,VHL;TFRC;GAB2;MAP2K1;PTEN,1,3,3,2,0.013833415635613626,0.04932636236669901,0.4,0.2,4.324873702201704e-18;1.3854182492518013e-05;0.02376127427001768;0.6916195924551722,1.111184812088125e-10;0.0019261371362247687;0.3498188817709479,conditional_information_dimension,3,0.046461176345965464,0.33638645927574334;0.1977391331390342;0.046461176345965464,0.014279478158510496,False,0,73,1.0149892967882976,,,
CDH2,3,5,CDH1;HSPA1A;STAT5A,VHL;TFRC;GAB2;MAP2K1;PTEN,1,3,3,3,0.05991948086243777,0.04932636236669901,0.4,0.2,2.055574219612312e-17;4.711693448567955e-09;0.00013218643301162326;0.0661456630829898,2.1866502827500047e-18;3.707453511202418e-10;1.5868676841166275e-05,reported,3,0.21216223056272335,0.35438657478760005;0.2729386563001655;0.21216223056272335,0.048529556800425595,True,1,73,0.9918405301460204,1.3058258371664608,0.06173210070363372,0.5812710224292246
CLDN7,4,18,CDH1;ACACA;MAPK1;PRKCA,VHL;GAPDH;TFRC;IGFBP2;SYK;ANXA1;GAB2;ATM;ASNS;SQSTM1;EEF2K;TGM2;NF2;PTEN;TP53;CHEK2;EEF2;KIT,1,5,5,4,,0.04932636236669901,0.2,0.15,3.2298755505384884e-77;2.617872969679844e-33;1.0144209033961935e-13;5.439287131909128e-05;0.0056368543272913175,4.005246156222462e-69;6.422600783233964e-26;1.8899701578371663e-12;0.0007884106166193291,proxy_dimensions,5,,,,,0,74,0.9452441718723388,,,
CDH1,4,7,TFRC;CLDN7;CTNNB1;MAP2K1,VHL;GAPDH;SYK;RAB25;GAB2;ATM;TP53,1,4,4,4,0.02678248589185799,0.04932636236669901,0.4,0.2,1.8453351346392287e-41;5.205854775245917e-19;7.934995157001098e-10;0.03530504589861491;0.44591213906931715,4.942603993508739e-34;3.710592180540848e-13;0.00018455337388179584;0.01266067595721307,reported,4,0.12364040051410763,0.5123002985498699;0.3599827288800759;0.19695514668753167;0.12364040051410763,0.02441069302660912,True,1,74,0.9523309271425479,6.791809534342123,0.3758634505123615,0.5665116029962908
HSPA1A,3,7,COL6A1;CDH2;KIT,VHL;GAPDH;SYK;RAB25;GAB2;ATM;TP53,1,3,3,3,0.051689179395803066,0.04932636236669901,0.4,0.2,8.470098801081832e-17;0.002899983437315434;0.029887391058935803;0.08954392350010715,1.988937547806119e-17;4.791046614823238e-05;0.0014744130399058863,reported,3,0.15711407755984605,0.4098642855042072;0.1907675811768755;0.15711407755984605,0.03736141294697156,True,1,74,1.0365450694994511,1.513705175849629,0.10493033559513996,0.566001401795644
GAB2,1,58,VHL,MYH11;GAPDH;ESR1;TUBA1B;TFRC;IGFBP2;CLDN7;CCNB1;FN1;CAV1;CDH1;SERPINE1;HSPA1A;SYK;ANXA1;AR;RAB25;CASP7;RICTOR;CCNE1;ATM;INPP4B;FASN;CTNNB1;MSH6;STAT5A;MYC;ASNS;BCL2L11;SQSTM1;EEF2K;ERBB2;PDCD4;RPS6;ACACA;TP53BP1;TGM2;FOXM1;MSH2;MAPK1;DIABLO;BRAF;ERBB3;NF2;RBM15;MAP2K1;PTEN;TP53;ETS1;CHEK2;PEA15;COL6A1;EEF2;PRKCA;CDH2;KIT;PREX1;LCK,1,2,2,1,,0.04932636236669901,0.4,0.15,2.9814770680806716e-36;1.1765923126093333e-12,3.3015955884325933e-19,proxy_dimensions,2,,,,,0,74,0.9472650104513227,,,
ASNS,1,58,TP53,MYH11;VHL;GAPDH;ESR1;TUBA1B;TFRC;IGFBP2;CLDN7;CCNB1;FN1;CAV1;CDH1;SERPINE1;HSPA1A;SYK;ANXA1;AR;RAB25;CASP7;RICTOR;CCNE1;GAB2;ATM;INPP4B;FASN;CTNNB1;MSH6;STAT5A;MYC;BCL2L11;SQSTM1;EEF2K;ERBB2;PDCD4;RPS6;ACACA;TP53BP1;TGM2;FOXM1;MSH2;MAPK1;DIABLO;BRAF;ERBB3;NF2;RBM15;MAP2K1;PTEN;ETS1;CHEK2;PEA15;COL6A1;EEF2;PRKCA;CDH2;KIT;PREX1;LCK,1,2,2,1,,0.04932636236669901,0.2,0.15,1.8852307223604415e-36;1.463838184812424e-12,2.731370633109447e-16,proxy_dimensions,2,,,,,0,74,1.014510529892348,,,
BCL2L11,2,18,RAB25;CCNE1,VHL;GAPDH;TFRC;IGFBP2;SYK;ANXA1;GAB2;ATM;ASNS;SQSTM1;EEF2K;TGM2;NF2;PTEN;TP53;CHEK2;EEF2;KIT,1,3,3,2,,0.04932636236669901,0.2,0.15,2.837658064479207e-40;1.779183933364027e-12;0.000362964766781379,3.5925927241590493e-28;7.086119452043573e-07,proxy_dimensions,3,,,,,0,74,0.9378608233549004,,,
BRAF,2,7,ETS1;KIT,VHL;GAPDH;SYK;RAB25;GAB2;ATM;TP53,1,2,2,2,0.11955205010483434,0.04932636236669901,0.4,0.2,9.357508242924744e-23;8.210603156221228e-05;0.3024752007944456,6.196993459939034e-18;1.2764870772373675e-08,reported,2,0.276978345145709,0.3545231845688478;0.276978345145709,0.06959990229708962,True,2,74,1.0416466431924452,1.301284515426429,0.1116339949814062,0.5532919723468398
CDH2,2,18,HSPA1A;STAT5A,VHL;GAPDH;TFRC;IGFBP2;SYK;ANXA1;GAB2;ATM;ASNS;SQSTM1;EEF2K;TGM2;NF2;PTEN;TP53;CHEK2;EEF2;KIT,1,3,3,2,,0.04932636236669901,0.2,0.15,2.1802801254062443e-30;2.9046307492311574e-13;0.00012964380878475472,2.0740278819236305e-27;9.761357070144785e-10,proxy_dimensions,3,,,,,0,74,0.9482339201951689,,,
CLDN7,2,13,CDH1;PRKCA,VHL;TFRC;IGFBP2;FN1;SERPINE1;SYK;RAB25;GAB2;ATM;BCL2L11;SQSTM1;PDCD4;MAP2K1,1,3,3,2,,0.04932636236669901,0.4,0.2,2.8074619473935763e-56;9.216887292902086e-15;1.1826712284597512e-06,8.703254528309842e-23;2.1244528823435554e-10,proxy_dimensions,3,,,,,0,75,1.0521436703001508,,,
CDH1,2,52,CLDN7;CTNNB1,MYH11;VHL;GAPDH;ESR1;TUBA1B;TFRC;IGFBP2;CCNB1;FN1;CAV1;SERPINE1;HSPA1A;SYK;ANXA1;AR;RAB25;RICTOR;CCNE1;GAB2;ATM;INPP4B;FASN;MSH6;MYC;ASNS;BCL2L11;SQSTM1;EEF2K;ERBB2;PDCD4;RPS6;ACACA;TGM2;FOXM1;MSH2;MAPK1;DIABLO;BRAF;ERBB3;NF2;RBM15;MAP2K1;PTEN;TP53;ETS1;CHEK2;PEA15;COL6A1;EEF2;PRKCA;CDH2;KIT,1,3,3,2,,0.04932636236669901,0.2,0.15,1.1437745284424717e-127;6.0544506065542284e-52;4.784143734361979e-12,9.257694751761256e-79;1.051557487395842e-23,proxy_dimensions,3,,,,,0,75,1.1522972442665778,,,
HSPA1A,3,13,CTNNB1;COL6A1;CDH2,VHL;TFRC;IGFBP2;FN1;SERPINE1;SYK;RAB25;GAB2;ATM;BCL2L11;SQSTM1;PDCD4;MAP2K1,1,4,4,3,,0.04932636236669901,0.4,0.2,1.561954366098261e-53;7.625852992005421e-25;9.22610653003631e-10;6.073556165323113e-06,8.643294896178197e-45;1.3190225882302442e-20;5.166180896093402e-06,proxy_dimensions,4,,,,,0,75,1.0091443935867905,,,
GAB2,1,58,VHL,MYH11;GAPDH;ESR1;TUBA1B;TFRC;IGFBP2;CLDN7;CCNB1;FN1;CAV1;CDH1;SERPINE1;HSPA1A;SYK;ANXA1;AR;RAB25;CASP7;RICTOR;CCNE1;ATM;INPP4B;FASN;CTNNB1;MSH6;STAT5A;MYC;ASNS;BCL2L11;SQSTM1;EEF2K;ERBB2;PDCD4;RPS6;ACACA;TP53BP1;TGM2;FOXM1;MSH2;MAPK1;DIABLO;BRAF;ERBB3;NF2;RBM15;MAP2K1;PTEN;TP53;ETS1;CHEK2;PEA15;COL6A1;EEF2;PRKCA;CDH2;KIT;PREX1;LCK,1,2,2,1,,0.04932636236669901,0.4,0.2,6.887390892951193e-38;7.528821467569986e-13,1.247184574378821e-18,proxy_dimensions,2,,,,,0,75,0.9933182980591214,,,
ASNS,3,13,CCNB1;ACACA;PRKCA,VHL;TFRC;IGFBP2;FN1;SERPINE1;SYK;RAB25;GAB2;ATM;BCL2L11;SQSTM1;PDCD4;MAP2K1,1,3,3,3,0.09318988626970695,0.04932636236669901,0.4,0.2,3.3748357683829126e-35;1.5770076413284804e-16;1.9212533688188748e-08;0.21398736927833012,5.4664990336767625e-33;1.4465597130638215e-21;4.6548162957428333e-10,reported,3,0.30249307145187565,0.40159198157982623;0.38553843734532534;0.30249307145187565,0.054944886599659556,True,1,75,1.0059380772167565,0.0605807588404522,-0.04027446079512697,0.5813302878653069
BCL2L11,0,0,,,1,0,0,0,,0.04932636236669901,0.2,0.15,,,no_shared_direction,0,,,,,0,75,0.9694309772084596,,,
BRAF,4,32,CAV1;EEF2K;PTEN;ETS1,VHL;GAPDH;TUBA1B;IGFBP2;CLDN7;FN1;CDH1;SERPINE1;HSPA1A;SYK;ANXA1;RAB25;CASP7;GAB2;FASN;CTNNB1;STAT5A;ASNS;BCL2L11;SQSTM1;ERBB2;PDCD4;ACACA;TP53BP1;DIABLO;RBM15;MAP2K1;TP53;EEF2;CDH2;PREX1;LCK,1,5,5,4,,0.04932636236669901,0.2,0.15,1.375310177765529e-123;1.3059994340275421e-78;3.1775952295943674e-37;4.85346855398313e-21;8.976262933634093e-09,4.503302630698227e-85;9.696925853865858e-44;4.5815220495384957e-23;1.671050964171966e-08,proxy_dimensions,5,,,,,0,75,1.124320503559626,,,
CDH2,2,13,HSPA1A;STAT5A,VHL;TFRC;IGFBP2;FN1;SERPINE1;SYK;RAB25;GAB2;ATM;BCL2L11;SQSTM1;PDCD4;MAP2K1,1,3,3,2,,0.04932636236669901,0.4,0.2,8.13293844258227e-34;1.4069738262067978e-14;5.861322393926722e-06,2.763265885830865e-28;7.372438496202095e-09,proxy_dimensions,3,,,,,0,75,1.0276945896938345,,,
CLDN7,1,57,CDH1,MYH11;VHL;GAPDH;ESR1;TUBA1B;TFRC;IGFBP2;CCNB1;FN1;CAV1;SERPINE1;HSPA1A;SYK;ANXA1;AR;RAB25;CASP7;RICTOR;CCNE1;GAB2;ATM;INPP4B;FASN;MSH6;STAT5A;MYC;ASNS;BCL2L11;SQSTM1;EEF2K;ERBB2;PDCD4;RPS6;ACACA;TP53BP1;TGM2;FOXM1;MSH2;MAPK1;DIABLO;BRAF;ERBB3;NF2;RBM15;MAP2K1;PTEN;TP53;ETS1;CHEK2;PEA15;COL6A1;EEF2;PRKCA;CDH2;KIT;PREX1;LCK,1,2,2,1,,0.04932636236669901,0.2,0.15,3.173154738572373e-61;7.330077696570424e-09,3.448009042212972e-20,proxy_dimensions,2,,,,,0,76,1.0619831147383367,,,
CDH1,3,17,CLDN7;CAV1;CTNNB1,VHL;GAPDH;IGFBP2;FN1;SERPINE1;RAB25;GAB2;SQSTM1;EEF2K;ERBB2;RPS6;TGM2;MAPK1;NF2;MAP2K1;PTEN;PEA15,1,4,4,3,,0.04932636236669901,0.4,0.2,7.433420095238674e-87;2.0346592743087613e-42;1.4359407000303207e-14;2.889365228330762e-05,8.281776537592403e-58;5.772357597079038e-25;1.6662148535498775e-10,proxy_dimensions,4,,,,,0,76,1.0522256442856754,,,
HSPA1A,2,17,STAT5A;COL6A1,VHL;GAPDH;IGFBP2;FN1;SERPINE1;RAB25;GAB2;SQSTM1;EEF2K;ERBB2;RPS6;TGM2;MAPK1;NF2;MAP2K1;PTEN;PEA15,1,3,3,2,,0.04932636236669901,0.4,0.2,1.2442916823880478e-41;3.825577056663791e-11;0.009152355651183849,1.6492008288329948e-34;3.4941838314939603e-10,proxy_dimensions,3,,,,,0,76,0.9655171289136983,,,
GAB2,1,58,VHL,MYH11;GAPDH;ESR1;TUBA1B;TFRC;IGFBP2;CLDN7;CCNB1;FN1;CAV1;CDH1;SERPINE1;HSPA1A;SYK;ANXA1;AR;RAB25;CASP7;RICTOR;CCNE1;ATM;INPP4B;FASN;CTNNB1;MSH6;STAT5A;MYC;ASNS;BCL2L11;SQSTM1;EEF2K;ERBB2;PDCD4;RPS6;ACACA;TP53BP1;TGM2;FOXM1;MSH2;MAPK1;DIABLO;BRAF;ERBB3;NF2;RBM15;MAP2K1;PTEN;TP53;ETS1;CHEK2;PEA15;COL6A1;EEF2;PRKCA;CDH2;KIT;PREX1;LCK,1,2,2,1,,0.04932636236669901,0.4,0.2,4.6665490675854344e-38;1.895568099326144e-08,2.4321150658695444e-14,proxy_dimensions,2,,,,,0,76,0.9853677413752229,,,
ASNS,2,43,CCNB1;PRKCA,VHL;GAPDH;ESR1;TUBA1B;TFRC;IGFBP2;CLDN7;FN1;CDH1;SERPINE1;SYK;ANXA1;AR;RAB25;CASP7;CCNE1;GAB2;ATM;FASN;CTNNB1;STAT5A;MYC;BCL2L11;SQSTM1;EEF2K;ERBB2;PDCD4;RPS6;ACACA;TP53BP1;TGM2;MAPK1;DIABLO;NF2;RBM15;MAP2K1;PTEN;TP53;CHEK2;PEA15;CDH2;PREX1;LCK,1,3,3,2,,0.04932636236669901,0.2,0.2,1.605254098682648e-98;1.9982923892212803e-34;4.816559393097412e-06,7.517777428220571e-72;1.6213092562551677e-32,proxy_dimensions,3,,,,,0,76,1.0051888599679373,,,
BCL2L11,2,57,CCNE1;EEF2K,MYH11;VHL;GAPDH;ESR1;TUBA1B;TFRC;IGFBP2;CLDN7;CCNB1;FN1;CAV1;CDH1;SERPINE1;HSPA1A;SYK;ANXA1;AR;RAB25;CASP7;RICTOR;GAB2;ATM;INPP4B;FASN;CTNNB1;MSH6;STAT5A;MYC;ASNS;SQSTM1;ERBB2;PDCD4;RPS6;ACACA;TP53BP1;TGM2;FOXM1;MSH2;MAPK1;DIABLO;BRAF;ERBB3;NF2;RBM15;MAP2K1;PTEN;TP53;ETS1;CHEK2;PEA15;COL6A1;EEF2;PRKCA;CDH2;KIT;PREX1;LCK,1,3,3,2,,0.04932636236669901,0.2,0.15,5.674664668380603e-91;2.778038121093471e-42;9.159337807044565e-14,1.1521498075316555e-65;5.534006785147935e-28,proxy_dimensions,3,,,,,0,76,1.0546265715404255,,,
BRAF,3,17,CTNNB1;ETS1;COL6A1,VHL;GAPDH;IGFBP2;FN1;SERPINE1;RAB25;GAB2;SQSTM1;EEF2K;ERBB2;RPS6;TGM2;MAPK1;NF2;MAP2K1;PTEN;PEA15,1,4,4,3,,0.04932636236669901,0.4,0.2,1.1302237527608258e-73;1.0698576628122938e-27;1.2890368066356038e-15;7.880115784726948e-05,2.0394430071105364e-49;8.03954607808866e-23;2.8148108635458058e-12,proxy_dimensions,4,,,,,0,76,0.9909826886977903,,,
CDH2,2,17,CTNNB1;STAT5A,VHL;GAPDH;IGFBP2;FN1;SERPINE1;RAB25;GAB2;SQSTM1;EEF2K;ERBB2;RPS6;TGM2;MAPK1;NF2;MAP2K1;PTEN;PEA15,1,3,3,2,,0.04932636236669901,0.4,0.2,8.632947355519404e-66;8.253579967941237e-15;0.0009183849906113196,7.303121793527133e-60;1.1732745115311825e-07,proxy_dimensions,3,,,,,0,76,0.9920743752287423,,,
CLDN7,3,30,ESR1;MAP2K1;PRKCA,TUBA1B;IGFBP2;FN1;CDH1;SERPINE1;SYK;ANXA1;RAB25;CASP7;CCNE1;ATM;FASN;CTNNB1;MSH6;STAT5A;ASNS;ERBB2;ACACA;TP53BP1;MSH2;MAPK1;DIABLO;BRAF;NF2;RBM15;PTEN;TP53;CDH2;PREX1;LCK,1,4,4,3,,0.04932636236669901,0.2,0.15,6.321357338189894e-98;3.8121651041612215e-50;1.0205538237804528e-21;1.954594119446445e-06,5.322584080569252e-70;2.721806768953683e-39;2.6510406357208976e-10,proxy_dimensions,4,,,,,0,77,1.003286639912618,,,
CDH1,2,48,CTNNB1;CDH2,MYH11;VHL;GAPDH;ESR1;TUBA1B;TFRC;CLDN7;CCNB1;FN1;CAV1;SERPINE1;HSPA1A;SYK;ANXA1;AR;CASP7;RICTOR;CCNE1;GAB2;ATM;INPP4B;MSH6;MYC;BCL2L11;SQSTM1;EEF2K;ERBB2;PDCD4;RPS6;TGM2;FOXM1;MSH2;MAPK1;DIABLO;BRAF;ERBB3;NF2;RBM15;MAP2K1;PTEN;TP53;ETS1;CHEK2;PEA15;COL6A1;EEF2;PRKCA;KIT,1,3,3,2,,0.04932636236669901,0.2,0.15,6.476606017914523e-101;4.995181228830176e-52;5.860049951094683e-19,1.636930894409023e-60;1.0938579617661401e-18,proxy_dimensions,3,,,,,0,77,0.9766452985101984,,,
HSPA1A,3,5,RBM15;COL6A1;CDH2,VHL;SYK;GAB2;DIABLO;MAP2K1,1,3,3,3,0.029437025659135283,0.04932636236669901,0.4,0.2,4.5329310899485965e-20;2.680767129255128e-05;0.04263170644761296;0.48813854287210634,4.449988135683847e-18;2.6400574474577076e-06;0.023704505246213908,reported,3,0.11210874126237143,0.4022450334057912;0.25043156493071;0.11210874126237143,0.02607253337743955,True,1,77,0.9707446282459754,-0.3248220068480189,-0.04926058781761332,0.634971409130521
GAB2,1,30,VHL,TUBA1B;IGFBP2;FN1;CDH1;SERPINE1;SYK;ANXA1;RAB25;CASP7;CCNE1;ATM;FASN;CTNNB1;MSH6;STAT5A;ASNS;ERBB2;ACACA;TP53BP1;MSH2;MAPK1;DIABLO;BRAF;NF2;RBM15;PTEN;TP53;CDH2;PREX1;LCK,1,2,2,1,,0.04932636236669901,0.2,0.15,4.916193158553696e-30;7.676271175005201e-06,1.0187267921829176e-13,proxy_dimensions,2,,,,,0,77,1.0343086004635698,,,
ASNS,1,48,ACACA,MYH11;VHL;GAPDH;ESR1;TUBA1B;TFRC;CLDN7;CCNB1;FN1;CAV1;SERPINE1;HSPA1A;SYK;ANXA1;AR;CASP7;RICTOR;CCNE1;GAB2;ATM;INPP4B;MSH6;MYC;BCL2L11;SQSTM1;EEF2K;ERBB2;PDCD4;RPS6;TGM2;FOXM1;MSH2;MAPK1;DIABLO;BRAF;ERBB3;NF2;RBM15;MAP2K1;PTEN;TP53;ETS1;CHEK2;PEA15;COL6A1;EEF2;PRKCA;KIT,1,2,2,1,,0.04932636236669901,0.2,0.15,1.6935706107375982e-38;3.162346096905362e-19,1.4213527329146449e-21,proxy_dimensions,2,,,,,0,77,1.010401923047746,,,
BCL2L11,2,30,PDCD4;PEA15,TUBA1B;IGFBP2;FN1;CDH1;SERPINE1;SYK;ANXA1;RAB25;CASP7;CCNE1;ATM;FASN;CTNNB1;MSH6;STAT5A;ASNS;ERBB2;ACACA;TP53BP1;MSH2;MAPK1;DIABLO;BRAF;NF2;RBM15;PTEN;TP53;CDH2;PREX1;LCK,1,3,3,2,,0.04932636236669901,0.2,0.15,9.589227829329854e-87;3.894442009683103e-34;1.1467725979292997e-09,8.840974052511315e-77;2.5241363807286974e-24,proxy_dimensions,3,,,,,0,77,1.0055100929051806,,,
BRAF,4,5,CAV1;CTNNB1;EEF2K;ETS1,VHL;SYK;GAB2;DIABLO;MAP2K1,1,3,3,3,0.03182508235955744,0.04932636236669901,0.4,0.2,2.0725727648887454e-31;2.193870782542815e-08;0.004816599310561075;0.08362065295797168;0.12195021729415056,1.062248870825663e-15;7.66057164997879e-09;0.013346398713541088,reported,3,0.14540343372406425,0.3399864726274281;0.3081509733140652;0.14540343372406425,0.029466419617395784,True,1,77,1.0319536734166705,0.39407381863718083,0.18786452599963382,0.42819141918116604
CDH2,2,48,CDH1;STAT5A,MYH11;VHL;GAPDH;ESR1;TUBA1B;TFRC;CLDN7;CCNB1;FN1;CAV1;SERPINE1;HSPA1A;SYK;ANXA1;AR;CASP7;RICTOR;CCNE1;GAB2;ATM;INPP4B;MSH6;MYC;BCL2L11;SQSTM1;EEF2K;ERBB2;PDCD4;RPS6;TGM2;FOXM1;MSH2;MAPK1;DIABLO;BRAF;ERBB3;NF2;RBM15;MAP2K1;PTEN;TP53;ETS1;CHEK2;PEA15;COL6A1;EEF2;PRKCA;KIT,1,3,3,2,,0.04932636236669901,0.2,0.15,6.571947640968352e-86;7.27643432772727e-43;1.724767569349455e-18,3.284508992327517e-69;1.0777410662875669e-26,proxy_dimensions,3,,,,,0,77,0.9416581972738215,,,
CLDN7,2,16,CDH1;MAP2K1,VHL;GAPDH;TUBA1B;TFRC;IGFBP2;SYK;ANXA1;RAB25;ASNS;BCL2L11;ERBB2;PDCD4;TGM2;PTEN;TP53;KIT,1,3,3,2,,0.04932636236669901,0.2,0.15,5.211583281950743e-25;2.6188621057039645e-06;0.0013295608023899078,1.822421773869154e-09;0.0003991259784985334,proxy_dimensions,3,,,,,0,78,1.024200068725284,,,
CDH1,3,16,CLDN7;CTNNB1;CDH2,VHL;GAPDH;TUBA1B;TFRC;IGFBP2;SYK;ANXA1;RAB25;ASNS;BCL2L11;ERBB2;PDCD4;TGM2;PTEN;TP53;KIT,1,4,4,3,,0.04932636236669901,0.2,0.15,2.0239306473583785e-42;3.522204434750294e-22;3.3314003416927284e-06;0.019143463742563715,3.3906486357805396e-31;4.5053152683245423e-13;2.5202785996265988e-05,proxy_dimensions,4,,,,,0,78,0.9543855017439042,,,
HSPA1A,4,28,SQSTM1;COL6A1;CDH2;KIT,VHL;GAPDH;ESR1;TUBA1B;TFRC;IGFBP2;CLDN7;FN1;SERPINE1;ANXA1;RAB25;GAB2;ATM;FASN;ASNS;BCL2L11;EEF2K;ERBB2;PDCD4;RPS6;ACACA;MAPK1;NF2;MAP2K1;PTEN;TP53;PEA15;EEF2,1,5,5,4,,0.04932636236669901,0.4,0.25,1.786195412424177e-53;4.338171437418303e-32;5.817741161785912e-19;1.245413219167589e-10;0.0008358108719504766,3.6986754484020916e-48;2.9805904913106962e-28;2.5042839059924338e-15;4.464831556759427e-07,proxy_dimensions,5,,,,,0,78,1.0214372123656257,,,
GAB2,1,16,BRAF,VHL;GAPDH;TUBA1B;TFRC;IGFBP2;SYK;ANXA1;RAB25;ASNS;BCL2L11;ERBB2;PDCD4;TGM2;PTEN;TP53;KIT,1,2,2,1,,0.04932636236669901,0.2,0.15,3.562356804481115e-30;1.6611553871749552e-06,1.945629992590105e-13,proxy_dimensions,2,,,,,0,78,0.9649518648138354,,,
ASNS,2,14,SQSTM1;ACACA,VHL;TUBA1B;TFRC;CLDN7;FN1;SERPINE1;ANXA1;RAB25;GAB2;BCL2L11;ERBB2;MAP2K1;PTEN;TP53,1,3,3,2,,0.04932636236669901,0.4,0.2,7.085095076362938e-19;2.610652190251314e-09;0.0007866874611759992,5.605126457959693e-12;1.1900621099517005e-05,proxy_dimensions,3,,,,,0,78,1.044943109228542,,,
BCL2L11,1,58,ANXA1,MYH11;VHL;GAPDH;ESR1;TUBA1B;TFRC;IGFBP2;CLDN7;CCNB1;FN1;CAV1;CDH1;SERPINE1;HSPA1A;SYK;AR;RAB25;CASP7;RICTOR;CCNE1;GAB2;ATM;INPP4B;FASN;CTNNB1;MSH6;STAT5A;MYC;ASNS;SQSTM1;EEF2K;ERBB2;PDCD4;RPS6;ACACA;TP53BP1;TGM2;FOXM1;MSH2;MAPK1;DIABLO;BRAF;ERBB3;NF2;RBM15;MAP2K1;PTEN;TP53;ETS1;CHEK2;PEA15;COL6A1;EEF2;PRKCA;CDH2;KIT;PREX1;LCK,1,2,2,1,,0.04932636236669901,0.2,0.15,1.4912487440853343e-42;9.762259044560954e-10,2.388494513869832e-16,proxy_dimensions,2,,,,,0,78,1.0031081673704838,,,
BRAF,3,16,GAB2;EEF2K;ETS1,VHL;GAPDH;TUBA1B;TFRC;IGFBP2;SYK;ANXA1;RAB25;ASNS;BCL2L11;ERBB2;PDCD4;TGM2;PTEN;TP53;KIT,1,4,4,3,,0.04932636236669901,0.2,0.15,5.022931375865056e-44;3.3536736281931264e-21;2.963279796891509e-11;2.091672303211869e-05,6.713024301443179e-26;1.545355748104794e-13;1.9368957622507702e-07,proxy_dimensions,4,,,,,0,78,1.0452430504055217,,,
CDH2,5,16,CDH1;SERPINE1;HSPA1A;STAT5A;ACACA,VHL;GAPDH;TUBA1B;TFRC;IGFBP2;SYK;ANXA1;RAB25;ASNS;BCL2L11;ERBB2;PDCD4;TGM2;PTEN;TP53;KIT,1,5,5,5,0.034060140705246614,0.04932636236669901,0.2,0.15,1.9273323638875258e-51;3.366431128726929e-32;4.969439819485957e-19;4.5971265741183273e-08;0.004461017983503143;0.05383702911512876,1.4796485199628695e-68;6.138046312559434e-45;1.8558015010761488e-27;4.1162639854478657e-13;1.0461440088720115e-05,reported,5,0.2170608928808779,0.5455140987195335;0.48131944111042185;0.4349499829081159;0.32388627659442376;0.2170608928808779,0.021275201804082596,True,1,78,0.951436350029615,0.3755180125170665,0.011624108004853046,0.5640024261275072
CLDN7,3,27,CAV1;COL6A1;PRKCA,VHL;GAPDH;ESR1;TFRC;IGFBP2;FN1;SERPINE1;ANXA1;RAB25;GAB2;ATM;FASN;EEF2K;PDCD4;RPS6;ACACA;TGM2;MAPK1;DIABLO;NF2;RBM15;MAP2K1;PTEN;TP53;PEA15;EEF2;KIT,1,4,4,3,,0.04932636236669901,0.2,0.15,1.8869000865476796e-91;2.1181947324906623e-45;1.316454940034308e-20;9.092972890101162e-08,1.787680512895446e-50;3.0896939145450476e-25;1.6556490366459537e-08,proxy_dimensions,4,,,,,0,79,1.03268677468422,,,
CDH1,3,2,RAB25;CTNNB1;CDH2,ATM;PTEN,1,2,2,1,0.02510713682863737,0.04932636236669901,0.4,0.15,1.5170319706936918e-06;0.03440765941925891,4.090863703497776e-06;0.3273155285972128,conditional_information_dimension,2,0.07416220223315022,0.27925609711247357;0.07416220223315022,0.025107136828637404,False,0,79,1.0420379315961916,,,
HSPA1A,2,12,COL6A1;CDH2,VHL;GAPDH;TFRC;IGFBP2;CLDN7;RAB25;GAB2;ATM;PDCD4;DIABLO;PTEN;TP53,1,3,3,2,,0.04932636236669901,0.4,0.2,1.0966305587966025e-18;1.0133379199667394e-07;0.00032820195237205543,6.8820148699376294e-15;0.00028369966055758855,proxy_dimensions,3,,,,,0,79,1.03845891612644,,,
GAB2,1,58,VHL,MYH11;GAPDH;ESR1;TUBA1B;TFRC;IGFBP2;CLDN7;CCNB1;FN1;CAV1;CDH1;SERPINE1;HSPA1A;SYK;ANXA1;AR;RAB25;CASP7;RICTOR;CCNE1;ATM;INPP4B;FASN;CTNNB1;MSH6;STAT5A;MYC;ASNS;BCL2L11;SQSTM1;EEF2K;ERBB2;PDCD4;RPS6;ACACA;TP53BP1;TGM2;FOXM1;MSH2;MAPK1;DIABLO;BRAF;ERBB3;NF2;RBM15;MAP2K1;PTEN;TP53;ETS1;CHEK2;PEA15;COL6A1;EEF2;PRKCA;CDH2;KIT;PREX1;LCK,1,2,2,1,,0.04932636236669901,0.4,0.2,2.574885693125339e-40;9.255117119471458e-12,2.9242158947636173e-22,proxy_dimensions,2,,,,,0,79,0.9562913243103868,,,
ASNS,3,12,ERBB2;CHEK2;PRKCA,VHL;GAPDH;TFRC;IGFBP2;CLDN7;RAB25;GAB2;ATM;PDCD4;DIABLO;PTEN;TP53,1,3,3,3,0.0518472350680647,0.04932636236669901,0.4,0.2,2.576267923538529e-25;2.009092728037108e-09;0.00123890839700885;0.18254504739005112,4.5304937824106486e-35;2.7132018984501824e-14;1.026433350919021e-05,reported,3,0.21673398799136223,0.4981754526920357;0.3415396339286082;0.21673398799136223,0.03442639398080485,True,1,79,0.9783739610897018,-0.8106833667883866,-0.02462845715110468,0.5621204192604562
BCL2L11,2,12,CCNE1;PRKCA,VHL;GAPDH;TFRC;IGFBP2;CLDN7;RAB25;GAB2;ATM;PDCD4;DIABLO;PTEN;TP53,1,3,3,2,,0.04932636236669901,0.4,0.2,2.1234087229589462e-35;7.709626890201553e-20;5.83446131530201e-07,1.6116277656010092e-20;1.3295734071068694e-06,proxy_dimensions,3,,,,,0,79,1.0015094368989892,,,
BRAF,1,27,ETS1,VHL;GAPDH;ESR1;TFRC;IGFBP2;FN1;SERPINE1;ANXA1;RAB25;GAB2;ATM;FASN;EEF2K;PDCD4;RPS6;ACACA;TGM2;MAPK1;DIABLO;NF2;RBM15;MAP2K1;PTEN;TP53;PEA15;EEF2;KIT,1,2,2,1,,0.04932636236669901,0.2,0.15,1.2633268367110942e-46;1.479101365206526e-12,1.5944916610812288e-17,proxy_dimensions,2,,,,,0,79,1.0015297150740143,,,
CDH2,3,12,HSPA1A;STAT5A;SQSTM1,VHL;GAPDH;TFRC;IGFBP2;CLDN7;RAB25;GAB2;ATM;PDCD4;DIABLO;PTEN;TP53,1,4,4,3,,0.04932636236669901,0.4,0.2,1.0261373258072673e-28;4.7919142288463495e-15;1.207492069587397e-08;0.0038204836300160514,2.7856705849098137e-26;1.0665107959028138e-12;4.247991430849514e-06,proxy_dimensions,4,,,,,0,79,0.9709784370218805,,,
CLDN7,2,22,CDH1;PRKCA,GAPDH;TUBA1B;TFRC;IGFBP2;SYK;ANXA1;MSH6;BCL2L11;SQSTM1;RPS6;TP53BP1;TGM2;MSH2;DIABLO;NF2;RBM15;MAP2K1;PTEN;TP53;CHEK2;PEA15;KIT,1,3,3,2,,0.04932636236669901,0.2,0.15,8.393827398218227e-59;5.849768431266296e-29;0.00013133621709958963,3.222132925303917e-32;8.327726640936021e-08,proxy_dimensions,3,,,,,0,80,0.9176662873187851,,,
CDH1,3,22,ESR1;CLDN7;CTNNB1,GAPDH;TUBA1B;TFRC;IGFBP2;SYK;ANXA1;MSH6;BCL2L11;SQSTM1;RPS6;TP53BP1;TGM2;MSH2;DIABLO;NF2;RBM15;MAP2K1;PTEN;TP53;CHEK2;PEA15;KIT,1,4,4,3,,0.04932636236669901,0.2,0.15,2.6430460531072255e-71;2.6480132005664718e-30;1.0476852079298257e-09;0.00016345515970919038,2.1902050782792178e-54;7.58435731324591e-20;1.637952475014803e-06,proxy_dimensions,4,,,,,0,80,0.8911920316020434,,,
HSPA1A,2,9,COL6A1;CDH2,VHL;TUBA1B;TFRC;RAB25;GAB2;BCL2L11;RPS6;MAPK1;NF2,1,3,3,2,,0.04932636236669901,0.4,0.2,2.465772104596654e-13;8.982746678836616e-05;0.01853328675757982,1.0496846393214625e-10;0.03110089784484324,proxy_dimensions,3,,,,,0,80,0.9861427496679254,,,
GAB2,3,22,VHL;RAB25;BRAF,GAPDH;TUBA1B;TFRC;IGFBP2;SYK;ANXA1;MSH6;BCL2L11;SQSTM1;RPS6;TP53BP1;TGM2;MSH2;DIABLO;NF2;RBM15;MAP2K1;PTEN;TP53;CHEK2;PEA15;KIT,1,4,4,3,,0.04932636236669901,0.2,0.15,3.302371081513352e-45;1.664045442119872e-17;1.4574334665665176e-09;4.775086860920411e-05,9.530559275780092e-36;6.89722295887513e-15;1.5484188800412214e-06,proxy_dimensions,4,,,,,0,80,1.0448197266046584,,,
ASNS,4,9,CAV1;ACACA;BRAF;CHEK2,VHL;TUBA1B;TFRC;RAB25;GAB2;BCL2L11;RPS6;MAPK1;NF2,1,4,4,4,0.03611822538945558,0.04932636236669901,0.4,0.2,2.705312148023668e-38;4.279996866574522e-22;2.289331670575451e-07;0.0058559842117416805;0.5676736401619231,2.0203547610162784e-42;5.0775521857010337e-26;2.863203278202095e-10;0.00010657538133259041,reported,4,0.19113246511753385,0.4700450409986087;0.4493560072713187;0.2900754494726853;0.19113246511753385,0.027994202849922264,True,1,80,0.9484823135979322,0.6879372011181741,0.05243221952299181,0.6187340011027377
BCL2L11,0,0,,,1,0,0,0,,0.04932636236669901,0.2,0.15,,,no_shared_direction,0,,,,,0,80,0.9188880198860299,,,
BRAF,3,22,GAB2;ASNS;ETS1,GAPDH;TUBA1B;TFRC;IGFBP2;SYK;ANXA1;MSH6;BCL2L11;SQSTM1;RPS6;TP53BP1;TGM2;MSH2;DIABLO;NF2;RBM15;MAP2K1;PTEN;TP53;CHEK2;PEA15;KIT,1,4,4,3,,0.04932636236669901,0.2,0.15,3.0516581588298014e-54;5.513524703459766e-20;1.140001675085867e-11;0.0004698075796470487,3.705688284065887e-31;5.168338943680648e-16;2.51870960415076e-07,proxy_dimensions,4,,,,,0,80,0.9086219388995451,,,
CDH2,3,9,HSPA1A;CCNE1;STAT5A,VHL;TUBA1B;TFRC;RAB25;GAB2;BCL2L11;RPS6;MAPK1;NF2,1,4,4,3,,0.04932636236669901,0.4,0.2,1.029426271026891e-22;2.3130779824664885e-09;7.19884370515705e-05;0.00329950349708603,3.941461932632871e-18;8.645296379749637e-06;0.003027937299462965,proxy_dimensions,4,,,,,0,80,1.1127151590231603,,,
CLDN7,2,8,CDH1;ETS1,GAPDH;TFRC;IGFBP2;SYK;RAB25;ATM;MAP2K1;TP53,1,3,3,2,,0.04932636236669901,0.4,0.2,4.940975888047265e-27;6.883887646264516e-14;7.745404194215977e-08,3.8663981086400785e-14;5.153976823733191e-08,proxy_dimensions,3,,,,,0,81,1.0248940939606412,,,
CDH1,2,56,CLDN7;CTNNB1,MYH11;VHL;GAPDH;ESR1;TUBA1B;TFRC;IGFBP2;CCNB1;FN1;CAV1;SERPINE1;HSPA1A;SYK;ANXA1;AR;RAB25;CASP7;RICTOR;CCNE1;GAB2;ATM;INPP4B;FASN;MSH6;STAT5A;MYC;ASNS;BCL2L11;SQSTM1;EEF2K;ERBB2;PDCD4;RPS6;ACACA;TP53BP1;TGM2;FOXM1;MSH2;MAPK1;DIABLO;BRAF;ERBB3;NF2;MAP2K1;PTEN;TP53;ETS1;CHEK2;PEA15;COL6A1;EEF2;PRKCA;CDH2;KIT;PREX1;LCK,1,3,3,2,,0.04932636236669901,0.2,0.15,2.4930687649075388e-102;3.1530594093658206e-47;3.339510427254576e-10,1.6066427502789974e-66;1.1424085442973066e-13,proxy_dimensions,3,,,,,0,81,1.0374726643352892,,,
HSPA1A,3,24,ATM;SQSTM1;COL6A1,VHL;GAPDH;TUBA1B;TFRC;IGFBP2;CLDN7;CDH1;SYK;ANXA1;RAB25;GAB2;FASN;CTNNB1;ASNS;PDCD4;ACACA;TGM2;MAPK1;RBM15;MAP2K1;TP53;CHEK2;PEA15;CDH2,1,4,4,3,,0.04932636236669901,0.2,0.15,3.153902969391799e-60;1.2625750642675043e-25;2.411291491890657e-09;0.007625889954337823,3.057711847407728e-46;4.1260557989889558e-22;1.2546882257617897e-05,proxy_dimensions,4,,,,,0,81,0.9831548731053791,,,
GAB2,2,8,VHL;BRAF,GAPDH;TFRC;IGFBP2;SYK;RAB25;ATM;MAP2K1;TP53,1,3,3,2,,0.04932636236669901,0.4,0.2,4.688840664190787e-23;9.460794924444634e-12;0.0002660999423483523,9.825415887951211e-20;4.256320807886159e-09,proxy_dimensions,3,,,,,0,81,0.9689176164799307,,,
ASNS,3,4,RICTOR;ACACA;PRKCA,GAPDH;SYK;ATM;TP53,1,3,3,2,0.010688265248100801,0.04932636236669901,0.4,0.15,2.940637147175509e-17;3.3626507572503326e-07;0.0034035410351936418;0.6072779724358932,1.082035081619264e-13;4.350444431429714e-05;0.4677836578426452,conditional_information_dimension,3,0.036090229242036795,0.35825322576223273;0.24379787311127088;0.036090229242036795,0.011404922877051478,False,0,81,0.9976906245927456,,,
BCL2L11,5,4,ANXA1;CCNE1;PDCD4;TGM2;PRKCA,GAPDH;SYK;ATM;TP53,1,3,3,3,0.0650999794549118,0.04932636236669901,0.4,0.15,1.4004051176635926e-19;3.5253108593286953e-10;0.0004905531106998629;0.10070806072281407,2.1046173191678554e-19;1.2903214721236999e-10;0.00032105171881835725,reported,3,0.21259815378519378,0.37759302475593964;0.32202121125802746;0.21259815378519378,0.060061401116716075,True,1,81,0.996261203376253,-0.35024526010456136,0.02634629623701534,0.4428518530213153
BRAF,4,24,CAV1;CASP7;EEF2K;ETS1,VHL;GAPDH;TUBA1B;TFRC;IGFBP2;CLDN7;CDH1;SYK;ANXA1;RAB25;GAB2;FASN;CTNNB1;ASNS;PDCD4;ACACA;TGM2;MAPK1;RBM15;MAP2K1;TP53;CHEK2;PEA15;CDH2,1,5,5,4,,0.04932636236669901,0.2,0.15,8.937768348080067e-79;2.712695208282369e-40;3.440954814206957e-23;5.319275040707441e-13;0.0006769160755460341,1.2521662842451738e-53;5.26900014518488e-26;4.175538020986132e-13;0.0007617928639730368,proxy_dimensions,5,,,,,0,81,0.9972302824064103,,,
CDH2,2,4,CDH1;STAT5A,GAPDH;SYK;ATM;TP53,1,2,2,2,0.11531772140376323,0.04932636236669901,0.4,0.15,1.3210196870900856e-15;3.111233406853864e-05;0.40329921394945134,8.5972579155660275e-19;4.4294895659845303e-07,reported,2,0.2468666344536258,0.38586733939657847;0.2468666344536258,0.08264499235826875,True,1,81,0.9674369070250065,-0.07637077577779008,-0.010024756680428853,0.6548091137221785
CLDN7,2,9,CDH1;MAP2K1,GAPDH;ESR1;FASN;ASNS;ERBB2;PDCD4;ACACA;DIABLO;EEF2,1,2,2,2,0.12295907221531668,0.04932636236669901,0.4,0.2,4.538870307031642e-30;2.5888580249905622e-08;0.08879588972161076,2.987445288272667e-17;1.1564704141823874e-07,reported,2,0.2587153046186228,0.3577112604565652;0.2587153046186228,0.06090393574902825,True,1,82,0.9748562622338061,-2.7888338806406145,-0.13365664778450442,0.5759409823031959
CDH1,3,9,CLDN7;CTNNB1;CDH2,GAPDH;ESR1;FASN;ASNS;ERBB2;PDCD4;ACACA;DIABLO;EEF2,1,3,3,3,0.05148498758319453,0.04932636236669901,0.4,0.2,5.693740310767268e-35;1.3471125826838164e-12;1.2602586669177642e-06;0.06458752596438135,2.7076539193341165e-21;4.6295726653419307e-10;0.00043850451257067995,reported,3,0.1734802787740242,0.3960589015469232;0.29612223394958004;0.1734802787740242,0.04241360935885917,True,1,82,0.9388525131435095,4.241581309489963,0.2128332883738452,0.5957188112515795
HSPA1A,5,9,STAT5A;SQSTM1;COL6A1;KIT;PREX1,GAPDH;ESR1;FASN;ASNS;ERBB2;PDCD4;ACACA;DIABLO;EEF2,1,4,4,4,0.04349487360152056,0.04932636236669901,0.4,0.2,1.9656712115398963e-28;3.252828978470736e-14;3.7473377550735643e-07;0.0025586238931170346;0.2667267506049351;0.27226590946677565,5.99445478107322e-31;7.388608758576685e-18;2.75027058350857e-09;0.000406726122393014,reported,4,0.1949492782686999,0.4401627873084483;0.36722252954194545;0.2905589449767212;0.1949492782686999,0.033273771707758915,True,1,82,1.019356313702417,-1.2116287207002383,-0.032159974751018505,0.5594050397304471
GAB2,1,20,VHL,GAPDH;TUBA1B;TFRC;CLDN7;FN1;SERPINE1;SYK;FASN;BCL2L11;SQSTM1;EEF2K;ERBB2;PDCD4;ACACA;MAPK1;DIABLO;BRAF;NF2;MAP2K1;KIT,1,2,2,1,,0.04932636236669901,0.2,0.15,1.0240837961653136e-38;1.720273335373454e-14,7.630911638447322e-16,proxy_dimensions,2,,,,,0,82,0.9440955840459895,,,
ASNS,1,20,LCK,GAPDH;TUBA1B;TFRC;CLDN7;FN1;SERPINE1;SYK;FASN;BCL2L11;SQSTM1;EEF2K;ERBB2;PDCD4;ACACA;MAPK1;DIABLO;BRAF;NF2;MAP2K1;KIT,1,2,2,1,,0.04932636236669901,0.2,0.15,2.618609566441651e-42;5.991808158777963e-21,9.988950220395147e-24,proxy_dimensions,2,,,,,0,82,1.0264695395340144,,,
BCL2L11,1,9,INPP4B,GAPDH;ESR1;FASN;ASNS;ERBB2;PDCD4;ACACA;DIABLO;EEF2,1,2,2,1,,0.04932636236669901,0.4,0.2,3.5922712267393377e-13;3.3330463320974165e-05,3.950327630248907e-05,proxy_dimensions,2,,,,,0,82,1.0020005593602235,,,
BRAF,2,9,CTNNB1;EEF2K,GAPDH;ESR1;FASN;ASNS;ERBB2;PDCD4;ACACA;DIABLO;EEF2,1,3,3,2,,0.04932636236669901,0.4,0.2,3.8374695137473977e-34;7.130470018424677e-13;3.067457482252747e-05,6.899173793264906e-25;1.3842802972073756e-05,proxy_dimensions,3,,,,,0,82,1.0327424385845347,,,
CDH2,3,9,CDH1;CCNE1;STAT5A,GAPDH;ESR1;FASN;ASNS;ERBB2;PDCD4;ACACA;DIABLO;EEF2,1,4,4,3,,0.04932636236669901,0.4,0.2,1.1428577999843152e-36;2.9102095081605378e-15;6.673588056615183e-09;0.00010130657730745172,1.4994408261740582e-34;1.6923698807627695e-12;6.242578519243466e-06,proxy_dimensions,4,,,,,0,82,1.0019481443107499,,,
CLDN7,1,58,MAP2K1,MYH11;VHL;GAPDH;ESR1;TUBA1B;TFRC;IGFBP2;CCNB1;FN1;CAV1;CDH1;SERPINE1;HSPA1A;SYK;ANXA1;AR;RAB25;CASP7;RICTOR;CCNE1;GAB2;ATM;INPP4B;FASN;CTNNB1;MSH6;STAT5A;MYC;ASNS;BCL2L11;SQSTM1;EEF2K;ERBB2;PDCD4;RPS6;ACACA;TP53BP1;TGM2;FOXM1;MSH2;MAPK1;DIABLO;BRAF;ERBB3;NF2;RBM15;PTEN;TP53;ETS1;CHEK2;PEA15;COL6A1;EEF2;PRKCA;CDH2;KIT;PREX1;LCK,1,2,2,1,,0.04932636236669901,0.2,0.15,1.1153519414779221e-68;2.533906390346696e-25,5.002681397546131e-25,proxy_dimensions,2,,,,,0,83,1.015727410689791,,,
CDH1,3,18,CLDN7;CTNNB1;CDH2,VHL;GAPDH;ESR1;TFRC;IGFBP2;FN1;SERPINE1;RAB25;GAB2;ATM;FASN;STAT5A;PDCD4;ACACA;DIABLO;MAP2K1;PTEN;EEF2,1,4,4,3,,0.04932636236669901,0.4,0.25,1.0026295743855084e-66;2.2119380125703742e-31;3.5390876915261964e-14;0.0016084444619545407,3.0243872906892123e-48;3.8358186309794055e-22;1.6541436211057373e-11,proxy_dimensions,4,,,,,0,83,1.041146397974625,,,
HSPA1A,5,2,TFRC;IGFBP2;COL6A1;CDH2;KIT,GAB2;PTEN,1,2,2,2,0.05082265617833015,0.04932636236669901,0.4,0.15,1.92494623689647e-09;0.04539676586927027,8.96581297509822e-09;0.044018601330207095,reported,2,0.1547724044770268,0.3350968739005991;0.1547724044770268,0.0508226561783302,True,1,83,0.9874729934047043,-0.17902694683772188,0.023872806353807757,0.550950731570545
GAB2,1,58,VHL,MYH11;GAPDH;ESR1;TUBA1B;TFRC;IGFBP2;CLDN7;CCNB1;FN1;CAV1;CDH1;SERPINE1;HSPA1A;SYK;ANXA1;AR;RAB25;CASP7;RICTOR;CCNE1;ATM;INPP4B;FASN;CTNNB1;MSH6;STAT5A;MYC;ASNS;BCL2L11;SQSTM1;EEF2K;ERBB2;PDCD4;RPS6;ACACA;TP53BP1;TGM2;FOXM1;MSH2;MAPK1;DIABLO;BRAF;ERBB3;NF2;RBM15;MAP2K1;PTEN;TP53;ETS1;CHEK2;PEA15;COL6A1;EEF2;PRKCA;CDH2;KIT;PREX1;LCK,1,2,2,1,,0.04932636236669901,0.2,0.15,1.828950110102624e-33;2.192673473324575e-12,1.560137179629088e-16,proxy_dimensions,2,,,,,0,83,1.048771230879868,,,
ASNS,2,6,CAV1;CHEK2,VHL;TFRC;RAB25;GAB2;MAP2K1;PTEN,1,2,2,2,0.05467649106498183,0.04932636236669901,0.4,0.2,9.334524254324199e-11;0.01011415195405369;0.2956604154983255,6.83974785196205e-13;0.007761774411728426,reported,2,0.1316316061135223,0.3588399129719386;0.1316316061135223,0.03975424490733257,True,1,83,1.0220010121694365,-0.18634517258152852,0.00494446166129954,0.5416132157612118
BCL2L11,5,2,ANXA1;CCNE1;INPP4B;PDCD4;PEA15,GAB2;PTEN,1,2,2,2,0.04911493148494307,0.04932636236669901,0.4,0.15,1.161050602035214e-05;0.001097345009798799,0.00026638122181391445;0.02410524215672638,reported,2,0.16556675754636901,0.22934020576906186;0.16556675754636901,0.04911493148494315,True,1,83,1.026014621492208,1.187680444348519,0.08630079339629829,0.5667278527038455
BRAF,4,6,CAV1;CTNNB1;EEF2K;ETS1,VHL;TFRC;RAB25;GAB2;MAP2K1;PTEN,1,4,4,4,0.037927616849317045,0.04932636236669901,0.4,0.2,6.950644535025942e-28;7.05490780978549e-11;1.0771804875396888e-06;0.002232523349871662;0.455441144219789,7.795756009966825e-21;2.6862114138671e-10;2.002919323422838e-06;0.0018823474679602673,reported,4,0.15381260586996115,0.4019298863329133;0.27490727433090095;0.2315816857949803;0.15381260586996115,0.03226940824069534,True,1,83,1.019584588041871,-1.2833423515747415,-0.066405722975321,0.544221964384853
CDH2,3,22,CDH1;STAT5A;SQSTM1,VHL;GAPDH;TFRC;IGFBP2;CLDN7;FN1;SERPINE1;ANXA1;RAB25;GAB2;ATM;FASN;ASNS;BCL2L11;EEF2K;PDCD4;ACACA;DIABLO;MAP2K1;PTEN;EEF2;KIT,1,4,4,3,,0.04932636236669901,0.2,0.15,1.4050325792472296e-69;5.791098301339449e-37;4.2278021370045794e-17;3.705315508791709e-05,4.666862060296024e-67;3.620486992205445e-35;1.5518729466839646e-14,proxy_dimensions,4,,,,,0,83,1.0237273725955875,,,
CLDN7,3,12,CDH1;ETS1;PRKCA,GAPDH;TUBA1B;TFRC;IGFBP2;RAB25;ATM;MAPK1;MAP2K1;PTEN;TP53;PEA15;EEF2,1,4,4,3,,0.04932636236669901,0.4,0.2,8.827507835732472e-57;7.68573880277414e-35;8.435411637600963e-14;2.9205445887656932e-05,1.0903351333448169e-38;1.1423841829056588e-16;3.85288098725321e-08,proxy_dimensions,4,,,,,0,84,1.0471734275506972,,,
CDH1,2,12,CLDN7;CTNNB1,GAPDH;TUBA1B;TFRC;IGFBP2;RAB25;ATM;MAPK1;MAP2K1;PTEN;TP53;PEA15;EEF2,1,3,3,2,,0.04932636236669901,0.4,0.2,2.5840995512751627e-46;1.2815055811118666e-23;7.495177106511266e-06,1.5143382142575466e-28;1.5484801022791231e-09,proxy_dimensions,3,,,,,0,84,1.0820460614743777,,,
HSPA1A,3,12,CASP7;SQSTM1;COL6A1,GAPDH;TUBA1B;TFRC;IGFBP2;RAB25;ATM;MAPK1;MAP2K1;PTEN;TP53;PEA15;EEF2,1,3,3,2,0.005318289498146846,0.04932636236669901,0.4,0.2,1.572966806437122e-18;2.3836262393901666e-06;0.005698639899307754;0.10406592300408865,3.559266733793741e-20;6.055159478187839e-05;0.7160770660966205,conditional_information_dimension,3,0.018082417429955613,0.44312222645546706;0.24226962290353896;0.018082417429955613,0.024692460837519352,False,0,84,1.0873275885941946,,,
GAB2,2,12,VHL;BRAF,GAPDH;TUBA1B;TFRC;IGFBP2;RAB25;ATM;MAPK1;MAP2K1;PTEN;TP53;PEA15;EEF2,1,2,2,2,0.10336833732602266,0.04932636236669901,0.4,0.2,1.7892384010590975e-14;4.1471393344389114e-05;0.25316807033963584,4.9102236103801145e-17;1.1866693669401183e-06,reported,2,0.23777202029904312,0.3679687893080261;0.23777202029904312,0.04849555154609018,True,1,84,1.0101189506172732,1.6172082285322407,0.03406060107545878,0.6356761287277393
ASNS,3,31,ERBB2;TGM2;CHEK2,VHL;GAPDH;TFRC;CLDN7;CCNB1;FN1;CDH1;SERPINE1;SYK;ANXA1;RAB25;CCNE1;GAB2;ATM;FASN;CTNNB1;MSH6;BCL2L11;SQSTM1;PDCD4;RPS6;ACACA;FOXM1;MSH2;DIABLO;BRAF;RBM15;MAP2K1;PTEN;TP53;ETS1,1,4,4,3,,0.04932636236669901,0.2,0.15,2.4450757230109315e-62;1.018209330292343e-23;6.783833768171338e-11;1.3215971709911382e-05,9.292357503656411e-38;7.437944336596323e-16;5.907122969661706e-07,proxy_dimensions,4,,,,,0,84,0.9983442083260086,,,
BCL2L11,1,12,ANXA1,GAPDH;TUBA1B;TFRC;IGFBP2;RAB25;ATM;MAPK1;MAP2K1;PTEN;TP53;PEA15;EEF2,1,2,2,1,,0.04932636236669901,0.4,0.2,1.0070148659551222e-14;8.470022216066957e-05,0.00011417174393374259,proxy_dimensions,2,,,,,0,84,1.0323524969475102,,,
BRAF,3,56,GAB2;PTEN;ETS1,MYH11;VHL;GAPDH;ESR1;TUBA1B;TFRC;IGFBP2;CLDN7;CCNB1;FN1;CAV1;CDH1;SERPINE1;HSPA1A;SYK;ANXA1;AR;RAB25;CASP7;RICTOR;CCNE1;ATM;INPP4B;FASN;CTNNB1;MSH6;STAT5A;MYC;ASNS;BCL2L11;SQSTM1;EEF2K;ERBB2;PDCD4;RPS6;ACACA;TP53BP1;TGM2;FOXM1;MSH2;MAPK1;DIABLO;ERBB3;NF2;RBM15;MAP2K1;TP53;CHEK2;PEA15;COL6A1;EEF2;PRKCA;CDH2;KIT;PREX1;LCK,1,4,4,3,,0.04932636236669901,0.2,0.2,1.322168362812123e-109;1.9362945875468137e-49;5.404193614755944e-26;4.871817881311304e-14,5.519655699023768e-66;9.053221724117345e-26;4.381186943386702e-14,proxy_dimensions,4,,,,,0,84,0.9757612901786669,,,
CDH2,2,12,STAT5A;RPS6,GAPDH;TUBA1B;TFRC;IGFBP2;RAB25;ATM;MAPK1;MAP2K1;PTEN;TP53;PEA15;EEF2,1,3,3,2,,0.04932636236669901,0.4,0.2,6.032390531249265e-38;2.8028670994164865e-15;0.0009785967377649034,8.397705436725128e-34;1.4384942780681334e-11,proxy_dimensions,3,,,,,0,84,1.0394330530245266,,,
CLDN7,4,10,CDH1;EEF2K;PEA15;PRKCA,GAPDH;TUBA1B;TFRC;IGFBP2;RAB25;GAB2;BCL2L11;DIABLO;PTEN;TP53,2,4,4,3,0.011464209820529604,0.04932636236669901,0.4,0.2,2.10426910488418e-47;6.3718993609424454e-21;5.409594078792274e-10;0.003048757104390883;0.13699088150827363,3.6999013758394934e-33;9.070204360201757e-17;6.068361579951604e-08;0.35973451628326747,conditional_information_dimension,4,0.045570826624003836,0.46945477712874456;0.36279205387637964;0.3014876550807178;0.045570826624003836,0.02243740098075468,False,0,85,1.0339662019309277,,,
CDH1,2,57,CLDN7;CTNNB1,MYH11;VHL;GAPDH;ESR1;TUBA1B;TFRC;IGFBP2;CCNB1;FN1;CAV1;SERPINE1;HSPA1A;SYK;ANXA1;AR;RAB25;CASP7;RICTOR;CCNE1;GAB2;ATM;INPP4B;FASN;MSH6;STAT5A;MYC;ASNS;BCL2L11;SQSTM1;EEF2K;ERBB2;PDCD4;RPS6;ACACA;TP53BP1;TGM2;FOXM1;MSH2;MAPK1;DIABLO;BRAF;ERBB3;NF2;RBM15;MAP2K1;PTEN;TP53;ETS1;CHEK2;PEA15;COL6A1;EEF2;PRKCA;CDH2;KIT;PREX1;LCK,2,3,3,2,,0.04932636236669901,0.2,0.15,5.868643674626537e-107;7.996862210355926e-48;2.473059129688925e-13,1.2967884127073182e-67;2.438048377211184e-16,proxy_dimensions,3,,,,,0,85,1.0584327539005696,,,
HSPA1A,3,10,SQSTM1;COL6A1;CDH2,GAPDH;TUBA1B;TFRC;IGFBP2;RAB25;GAB2;BCL2L11;DIABLO;PTEN;TP53,2,3,3,3,0.04591544067316567,0.04932636236669901,0.4,0.2,5.144899434058078e-25;2.829014577563824e-10;0.00030157543653711933;0.41645138783669633,1.3419600403097925e-26;8.47661895278119e-11;0.001435315997391973,reported,3,0.15749371689365968,0.4494489750337652;0.3170455790312901;0.15749371689365968,0.03140932756056231,True,1,85,0.9302753517660608,2.130942892588937,0.11829292697334562,0.5868447272784589
GAB2,2,56,VHL;RAB25,MYH11;GAPDH;ESR1;TUBA1B;TFRC;CLDN7;CCNB1;FN1;CAV1;CDH1;SERPINE1;HSPA1A;SYK;ANXA1;AR;CASP7;RICTOR;CCNE1;ATM;INPP4B;FASN;CTNNB1;MSH6;STAT5A;MYC;ASNS;BCL2L11;SQSTM1;EEF2K;ERBB2;PDCD4;RPS6;ACACA;TP53BP1;TGM2;FOXM1;MSH2;MAPK1;DIABLO;BRAF;ERBB3;NF2;RBM15;MAP2K1;PTEN;TP53;ETS1;CHEK2;PEA15;COL6A1;EEF2;PRKCA;CDH2;KIT;PREX1;LCK,2,3,3,2,,0.04932636236669901,0.2,0.15,1.6078598628062e-48;7.072455397688431e-22;2.4184617953088994e-10,1.6009960698118694e-27;3.6401346649298026e-11,proxy_dimensions,3,,,,,0,85,0.9168431286719889,,,
ASNS,1,10,CHEK2,GAPDH;TUBA1B;TFRC;IGFBP2;RAB25;GAB2;BCL2L11;DIABLO;PTEN;TP53,2,2,2,1,,0.04932636236669901,0.4,0.2,2.776067785718675e-23;2.9550537956960367e-06,1.938755746051786e-13,proxy_dimensions,2,,,,,0,85,1.0141156945438872,,,
BCL2L11,0,0,,,2,0,0,0,,0.04932636236669901,0.2,0.15,,,no_shared_direction,0,,,,,0,85,1.0161463777897335,,,
BRAF,4,32,CAV1;EEF2K;ETS1;KIT,VHL;GAPDH;TUBA1B;TFRC;IGFBP2;CLDN7;FN1;CDH1;SERPINE1;SYK;ANXA1;RAB25;CASP7;GAB2;ATM;CTNNB1;MSH6;STAT5A;ASNS;BCL2L11;SQSTM1;ERBB2;PDCD4;MSH2;MAPK1;NF2;RBM15;PTEN;TP53;CDH2;PREX1;LCK,2,5,5,4,,0.04932636236669901,0.2,0.15,8.082538492502027e-112;9.389568311907926e-60;2.6369045768094673e-36;1.3295674036544774e-19;2.071286871204618e-09,1.4079107542293266e-75;1.2539608702909156e-43;3.3403699962156275e-20;8.485572147224025e-10,proxy_dimensions,5,,,,,0,85,0.9632370829789253,,,
CDH2,2,10,HSPA1A;STAT5A,GAPDH;TUBA1B;TFRC;IGFBP2;RAB25;GAB2;BCL2L11;DIABLO;PTEN;TP53,2,2,2,2,0.10702798239370344,0.04932636236669901,0.4,0.2,1.1240494235220269e-13;3.021686512292538e-06;0.2975046225173381,1.5522509175916753e-17;2.6310111460972295e-06,reported,2,0.23014854241928925,0.379015011942175;0.23014854241928925,0.05760417938702977,True,1,85,0.9916307677467725,-0.2023464647398136,-0.007129093793494625,0.5731026369663687
CLDN7,3,19,CDH1;MAPK1;MAP2K1,VHL;GAPDH;TUBA1B;TFRC;CCNB1;FN1;SERPINE1;ANXA1;CCNE1;MSH6;ASNS;SQSTM1;TP53BP1;FOXM1;MSH2;DIABLO;PTEN;TP53;EEF2,1,4,4,3,,0.04932636236669901,0.2,0.15,7.741307187809323e-78;9.944615868033652e-42;1.7330586970113496e-18;6.397253131336505e-05,3.853375645662145e-63;1.4529693472980769e-30;9.727553563295432e-15,proxy_dimensions,4,,,,,0,86,0.9768833497705453,,,
CDH1,3,6,CLDN7;CTNNB1;CDH2,GAPDH;TFRC;RAB25;DIABLO;MAP2K1;TP53,1,3,3,3,0.1208295204180155,0.04932636236669901,0.4,0.2,4.730923921709628e-44;2.333719096659188e-20;5.2003130516625296e-09;0.4920748435535235,1.4411919533075256e-39;1.5670872644600977e-23;1.3194691403632893e-10,reported,3,0.3114741781378261,0.4539982596857574;0.403408462120214;0.3114741781378261,0.08924886882453899,True,1,86,1.0395612819328857,1.3089749726908955,0.06175542109087069,0.6618582223907703
HSPA1A,4,19,TGM2;COL6A1;CDH2;KIT,VHL;GAPDH;TUBA1B;TFRC;CCNB1;FN1;SERPINE1;ANXA1;CCNE1;MSH6;ASNS;SQSTM1;TP53BP1;FOXM1;MSH2;DIABLO;PTEN;TP53;EEF2,1,5,5,4,,0.04932636236669901,0.2,0.15,5.151573048299696e-78;1.566976407670235e-44;6.301849809841273e-26;2.6047719206604276e-15;2.2345541979302845e-07,6.94486478668849e-67;1.3570765803074378e-36;2.962283212911786e-19;2.79487028944116e-09,proxy_dimensions,5,,,,,0,86,1.048943588732802,,,
GAB2,2,11,VHL;SERPINE1,GAPDH;TFRC;IGFBP2;RAB25;ATM;PDCD4;DIABLO;NF2;MAP2K1;PTEN;TP53,1,3,3,2,,0.04932636236669901,0.4,0.25,1.0072049351233267e-24;1.4512673195773588e-15;1.6310592062601035e-07,1.5704598362854917e-18;5.1255161954744315e-09,proxy_dimensions,3,,,,,0,86,1.0689956820442563,,,
ASNS,2,6,FASN;PRKCA,GAPDH;TFRC;RAB25;DIABLO;MAP2K1;TP53,1,2,2,1,0.042319219009060376,0.04932636236669901,0.4,0.2,1.1934185473989895e-17;1.302853007798223e-07;0.4104799154507648,6.0428458499998966e-15;0.07719709504796338,conditional_information_dimension,2,0.08758932435121687,0.39713176812480194;0.08758932435121687,0.03609994663546348,False,0,86,1.010181217798178,,,
BCL2L11,4,6,FN1;ANXA1;CCNE1;INPP4B,GAPDH;TFRC;RAB25;DIABLO;MAP2K1;TP53,1,4,4,4,0.0231470498373171,0.04932636236669901,0.4,0.2,2.6931135470350555e-25;9.611045371488191e-12;5.0999742215574344e-05;0.0051606171580929885;0.051826931601003774,2.4283215622841264e-24;6.313192062709759e-12;2.395804417106493e-05;0.039139047589635274,reported,4,0.10241770814976706,0.42557748794922046;0.326040331680227;0.23209960423692821;0.10241770814976706,0.02716973706609657,True,1,86,0.9759190944377553,-0.20686254447836178,0.0555157576135654,0.39179390467859776
BRAF,2,19,CASP7;EEF2K,VHL;GAPDH;TUBA1B;TFRC;CCNB1;FN1;SERPINE1;ANXA1;CCNE1;MSH6;ASNS;SQSTM1;TP53BP1;FOXM1;MSH2;DIABLO;PTEN;TP53;EEF2,1,3,3,2,,0.04932636236669901,0.2,0.15,5.226252001372235e-63;1.328299147450126e-30;3.181817146200207e-10,7.682352329640963e-37;1.0599892531332668e-13,proxy_dimensions,3,,,,,0,86,1.0513852010108604,,,
CDH2,2,6,CDH1;HSPA1A,GAPDH;TFRC;RAB25;DIABLO;MAP2K1;TP53,1,2,2,2,0.1587845127453981,0.04932636236669901,0.4,0.2,4.573555108042008e-25;1.0632507648400575e-08;0.5317049486378518,1.0836637125926604e-28;1.1930119586018137e-12,reported,2,0.3421842413768888,0.43891157343079495;0.3421842413768888,0.09771053421931036,True,1,86,0.9672247245156228,1.10532759805897,0.05525251568885991,0.6183344096640087
CLDN7,2,38,CDH1;PRKCA,MYH11;VHL;GAPDH;TUBA1B;TFRC;IGFBP2;CCNB1;FN1;CAV1;SERPINE1;HSPA1A;SYK;ANXA1;RAB25;CASP7;RICTOR;GAB2;ATM;MSH6;ASNS;EEF2K;ERBB2;PDCD4;RPS6;TP53BP1;FOXM1;MSH2;DIABLO;RBM15;MAP2K1;PTEN;TP53;CHEK2;COL6A1;EEF2;KIT;PREX1;LCK,1,3,3,2,,0.04932636236669901,0.2,0.15,7.322644252237997e-74;1.0489579090214056e-36;6.115605445317866e-10,8.442697848897969e-50;8.613526770064994e-23,proxy_dimensions,3,,,,,0,87,0.9773054806712191,,,
CDH1,3,38,CLDN7;CTNNB1;CDH2,MYH11;VHL;GAPDH;TUBA1B;TFRC;IGFBP2;CCNB1;FN1;CAV1;SERPINE1;HSPA1A;SYK;ANXA1;RAB25;CASP7;RICTOR;GAB2;ATM;MSH6;ASNS;EEF2K;ERBB2;PDCD4;RPS6;TP53BP1;FOXM1;MSH2;DIABLO;RBM15;MAP2K1;PTEN;TP53;CHEK2;COL6A1;EEF2;KIT;PREX1;LCK,1,4,4,3,,0.04932636236669901,0.2,0.15,4.406702080322872e-104;1.0601498026977968e-56;7.171033158843752e-26;6.403271397882826e-10,2.5818212077257225e-68;6.636954126142598e-27;3.2818273465674394e-11,proxy_dimensions,4,,,,,0,87,0.9847618047193872,,,
HSPA1A,3,10,SQSTM1;COL6A1;KIT,GAPDH;TFRC;SYK;GAB2;ERBB2;PDCD4;RPS6;MAP2K1;PTEN;TP53,1,4,4,3,,0.04932636236669901,0.4,0.2,5.407664678412287e-34;2.1990808866652532e-17;1.5312966791521398e-06;0.0067504942518090754,7.928918201989922e-25;7.197096130806656e-10;0.0020614314671262837,proxy_dimensions,4,,,,,0,87,0.9738955859873647,,,
GAB2,0,0,,,1,0,0,0,,0.04932636236669901,0.2,0.15,,,no_shared_direction,0,,,,,0,87,1.0137275016654261,,,
ASNS,2,26,CAV1;CHEK2,VHL;GAPDH;TUBA1B;TFRC;IGFBP2;FN1;SERPINE1;SYK;ANXA1;RAB25;GAB2;STAT5A;EEF2K;ERBB2;PDCD4;RPS6;TGM2;MAPK1;BRAF;NF2;MAP2K1;PTEN;TP53;PEA15;EEF2;KIT,1,3,3,2,,0.04932636236669901,0.4,0.25,8.854517072394682e-50;1.4733542513270163e-10;0.012966693839986845,1.0989532192120432e-36;0.0005804361360082949,proxy_dimensions,3,,,,,0,87,1.0465932342083222,,,
BCL2L11,4,10,ANXA1;CCNE1;INPP4B;PRKCA,GAPDH;TFRC;SYK;GAB2;ERBB2;PDCD4;RPS6;MAP2K1;PTEN;TP53,1,4,4,4,0.030079899080643645,0.04932636236669901,0.4,0.2,9.360115703970582e-34;3.362300065227535e-17;5.3803686101767805e-06;0.007263846643847428;0.11356195127258138,3.727500612864963e-30;1.2495650010180985e-16;2.1632625347266447e-07;0.009585697502147663,reported,4,0.12842408129120375,0.4386318043658825;0.3686218784708288;0.2672655793662897;0.12842408129120375,0.028648361326807956,True,1,87,1.044780826999252,-1.9113529960374525,-0.024248247533790648,0.4242907110580573
BRAF,2,10,CTNNB1;ETS1,GAPDH;TFRC;SYK;GAB2;ERBB2;PDCD4;RPS6;MAP2K1;PTEN;TP53,1,3,3,2,,0.04932636236669901,0.4,0.2,2.8617130480159237e-31;6.287867306883817e-12;0.002933936654088317,5.567091475337741e-19;2.2437238846696123e-05,proxy_dimensions,3,,,,,0,87,1.046250438779692,,,
CDH2,2,38,CDH1;STAT5A,MYH11;VHL;GAPDH;TUBA1B;TFRC;IGFBP2;CCNB1;FN1;CAV1;SERPINE1;HSPA1A;SYK;ANXA1;RAB25;CASP7;RICTOR;GAB2;ATM;MSH6;ASNS;EEF2K;ERBB2;PDCD4;RPS6;TP53BP1;FOXM1;MSH2;DIABLO;RBM15;MAP2K1;PTEN;TP53;CHEK2;COL6A1;EEF2;KIT;PREX1;LCK,1,3,3,2,,0.04932636236669901,0.2,0.15,1.2590504481937076e-87;7.018498546869036e-42;1.5290045631498552e-14,1.5695068377609143e-70;2.655027006772874e-25,proxy_dimensions,3,,,,,0,87,1.031496928901164,,,
CLDN7,2,24,CDH1;ETS1,VHL;GAPDH;TUBA1B;TFRC;FN1;SERPINE1;SYK;ANXA1;RAB25;CCNE1;GAB2;ATM;FASN;ASNS;BCL2L11;SQSTM1;EEF2K;ACACA;DIABLO;MAP2K1;PTEN;TP53;CHEK2;KIT,2,3,3,2,,0.04932636236669901,0.4,0.25,1.2039943040040002e-53;3.3933265164965203e-20;2.2718024789608423e-06,9.779585279949217e-27;1.9068098684977552e-07,proxy_dimensions,3,,,,,0,88,0.9638621716337271,,,
CDH1,3,7,CLDN7;FN1;CTNNB1,GAPDH;TFRC;SYK;RAB25;MAP2K1;PTEN;KIT,2,3,3,3,0.04339337938883225,0.04932636236669901,0.4,0.2,2.0838798898349895e-20;1.682330154878595e-08;0.004773448468685229;0.293936293837327,3.708321835915549e-22;2.6890060506464048e-08;0.013840143589017967,reported,3,0.12192599182415284,0.42769683160859506;0.2876704321393514;0.12192599182415284,0.03564304747961324,True,1,88,0.8935197100453632,1.8738305879454247,0.10637327912256996,0.5210062249387524
HSPA1A,3,7,SQSTM1;COL6A1;CDH2,GAPDH;TFRC;SYK;RAB25;MAP2K1;PTEN;KIT,2,3,3,3,0.051312859625882064,0.04932636236669901,0.4,0.2,9.460253804028607e-25;6.395091161784832e-09;0.013701204729652831;0.987142599987697,2.510586472008424e-20;1.7019038581336575e-07;0.0003138713228369313,reported,3,0.17774522662183212,0.4154699980787548;0.24066274484254266;0.17774522662183212,0.03628686705858166,True,1,88,1.0437628672864927,1.7140174615017698,0.02786295835408443,0.6174937437786041
GAB2,2,7,VHL;BRAF,GAPDH;TFRC;SYK;RAB25;MAP2K1;PTEN;KIT,2,3,3,2,,0.04932636236669901,0.4,0.2,7.502252859527379e-13;8.181116109120163e-08;0.001103418542224946,1.6669295248129898e-08;9.30203842126934e-05,proxy_dimensions,3,,,,,0,88,0.9364417689559964,,,
ASNS,2,57,ERBB2;CHEK2,MYH11;VHL;GAPDH;ESR1;TUBA1B;TFRC;IGFBP2;CLDN7;CCNB1;FN1;CAV1;CDH1;SERPINE1;HSPA1A;SYK;ANXA1;AR;RAB25;CASP7;RICTOR;CCNE1;GAB2;ATM;INPP4B;FASN;CTNNB1;MSH6;STAT5A;MYC;BCL2L11;SQSTM1;EEF2K;PDCD4;RPS6;ACACA;TP53BP1;TGM2;FOXM1;MSH2;MAPK1;DIABLO;BRAF;ERBB3;NF2;RBM15;MAP2K1;PTEN;TP53;ETS1;PEA15;COL6A1;EEF2;PRKCA;CDH2;KIT;PREX1;LCK,2,3,3,2,,0.04932636236669901,0.2,0.15,2.356479201767687e-67;2.4267324868013877e-25;2.445148733070329e-10,1.304615746081818e-35;2.2672404486887911e-13,proxy_dimensions,3,,,,,0,88,0.9996037093556832,,,
BCL2L11,3,27,ANXA1;PDCD4;PRKCA,VHL;GAPDH;ESR1;CLDN7;CCNB1;CDH1;SYK;CCNE1;GAB2;CTNNB1;MSH6;STAT5A;ASNS;EEF2K;ERBB2;TP53BP1;FOXM1;MSH2;DIABLO;RBM15;MAP2K1;PTEN;TP53;CHEK2;EEF2;CDH2;KIT,2,4,4,3,,0.04932636236669901,0.2,0.15,1.4575895433051837e-68;9.444252797249135e-36;6.447015468158368e-23;1.8858751117357338e-11,2.811456922706192e-54;4.6730470413428224e-23;2.414391082262538e-11,proxy_dimensions,4,,,,,0,88,1.042015447745848,,,
BRAF,2,7,GAB2;ETS1,GAPDH;TFRC;SYK;RAB25;MAP2K1;PTEN;KIT,2,3,3,2,,0.04932636236669901,0.4,0.2,4.5283031164998305e-15;1.3281200303599692e-06;0.004575605443860159,4.196958150563466e-11;0.00463529796067859,proxy_dimensions,3,,,,,0,88,0.9868833561808644,,,
CDH2,3,7,HSPA1A;AR;STAT5A,GAPDH;TFRC;SYK;RAB25;MAP2K1;PTEN;KIT,2,4,4,3,,0.04932636236669901,0.4,0.2,6.427534537004321e-15;6.6365183082036935e-06;0.0004901252894530325;0.014214803745230062,2.4115684766321523e-13;0.0006338464438096289;0.012344994245925703,proxy_dimensions,4,,,,,0,88,1.0887346890265885,,,
CLDN7,2,9,CDH1;MAP2K1,VHL;TFRC;IGFBP2;RAB25;GAB2;SQSTM1;ERBB2;PTEN;EEF2,1,2,2,2,0.09416963586437542,0.04932636236669901,0.4,0.2,1.6727090844647649e-16;7.377080164793493e-08;0.05571493257894044,3.4077137625525865e-13;2.359538618061587e-05,reported,2,0.20766050902440464,0.3293088793091051;0.20766050902440464,0.058240091479979744,True,1,89,1.014190589170808,3.0821493452812736,0.07310716537552564,0.5320823669493384
CDH1,4,9,CLDN7;SERPINE1;CTNNB1;CDH2,VHL;TFRC;IGFBP2;RAB25;GAB2;SQSTM1;ERBB2;PTEN;EEF2,1,5,5,4,,0.04932636236669901,0.4,0.2,1.7088385670589816e-34;2.200167029195244e-19;7.150150240667035e-10;2.2467074058855904e-05;0.008881115429784555,1.3225288658309968e-26;2.6983516167744468e-11;1.4781854082703878e-05;0.006148219226350549,proxy_dimensions,5,,,,,0,89,0.9613408352385495,,,
HSPA1A,2,43,COL6A1;KIT,VHL;GAPDH;TUBA1B;TFRC;IGFBP2;CLDN7;CCNB1;FN1;CDH1;SERPINE1;SYK;ANXA1;RAB25;CASP7;CCNE1;GAB2;FASN;CTNNB1;MSH6;STAT5A;ASNS;SQSTM1;ERBB2;PDCD4;RPS6;ACACA;TP53BP1;TGM2;FOXM1;MSH2;MAPK1;DIABLO;NF2;RBM15;MAP2K1;PTEN;TP53;CHEK2;PEA15;EEF2;CDH2;PREX1;LCK,1,3,3,2,,0.04932636236669901,0.2,0.15,3.4202380875925137e-60;1.0068095717070098e-20;2.912160181292755e-10,1.348268430206444e-37;7.389267899491163e-12,proxy_dimensions,3,,,,,0,89,1.0579963172478999,,,
GAB2,1,58,VHL,MYH11;GAPDH;ESR1;TUBA1B;TFRC;IGFBP2;CLDN7;CCNB1;FN1;CAV1;CDH1;SERPINE1;HSPA1A;SYK;ANXA1;AR;RAB25;CASP7;RICTOR;CCNE1;ATM;INPP4B;FASN;CTNNB1;MSH6;STAT5A;MYC;ASNS;BCL2L11;SQSTM1;EEF2K;ERBB2;PDCD4;RPS6;ACACA;TP53BP1;TGM2;FOXM1;MSH2;MAPK1;DIABLO;BRAF;ERBB3;NF2;RBM15;MAP2K1;PTEN;TP53;ETS1;CHEK2;PEA15;COL6A1;EEF2;PRKCA;CDH2;KIT;PREX1;LCK,1,2,2,1,,0.04932636236669901,0.4,0.2,2.7125442605916227e-33;2.2900024119944e-08,8.420769094386733e-17,proxy_dimensions,2,,,,,0,89,1.0531251427661168,,,
ASNS,2,9,CCNB1;PRKCA,VHL;TFRC;IGFBP2;RAB25;GAB2;SQSTM1;ERBB2;PTEN;EEF2,1,3,3,2,,0.04932636236669901,0.4,0.2,6.519268732956903e-29;1.73543802719064e-08;0.0004573652586807756,3.3333170866871716e-26;1.198039510434547e-06,proxy_dimensions,3,,,,,0,89,1.0061774928623812,,,
BCL2L11,3,43,ATM;INPP4B;PRKCA,VHL;GAPDH;TUBA1B;TFRC;IGFBP2;CLDN7;CCNB1;FN1;CDH1;SERPINE1;SYK;ANXA1;RAB25;CASP7;CCNE1;GAB2;FASN;CTNNB1;MSH6;STAT5A;ASNS;SQSTM1;ERBB2;PDCD4;RPS6;ACACA;TP53BP1;TGM2;FOXM1;MSH2;MAPK1;DIABLO;NF2;RBM15;MAP2K1;PTEN;TP53;CHEK2;PEA15;EEF2;CDH2;PREX1;LCK,1,4,4,3,,0.04932636236669901,0.2,0.15,3.127655635792583e-102;2.081197166514828e-55;1.4159534222180186e-26;2.3124656391771467e-12,1.7340470798979004e-83;2.661528000850914e-38;1.7126847384025441e-16,proxy_dimensions,4,,,,,0,89,0.9092518687938713,,,
BRAF,3,9,CTNNB1;EEF2K;ETS1,VHL;TFRC;IGFBP2;RAB25;GAB2;SQSTM1;ERBB2;PTEN;EEF2,1,4,4,3,,0.04932636236669901,0.4,0.2,1.5913002340451133e-39;5.637407965190656e-17;3.812612199127556e-05;0.030674154811013456,8.666485758156308e-25;2.653194026348389e-07;0.035163365884231586,proxy_dimensions,4,,,,,0,89,1.0627064455194166,,,
CDH2,3,9,CDH1;CCNE1;STAT5A,VHL;TFRC;IGFBP2;RAB25;GAB2;SQSTM1;ERBB2;PTEN;EEF2,1,4,4,3,,0.04932636236669901,0.4,0.2,1.4627346141759348e-32;6.87086796773706e-17;4.54261400158681e-08;0.0005307144538767027,4.813796290078196e-28;3.4973004927880775e-13;0.0007212033020250988,proxy_dimensions,4,,,,,0,89,1.0296669048235878,,,
CLDN7,1,51,CDH1,MYH11;VHL;GAPDH;ESR1;TUBA1B;TFRC;IGFBP2;CCNB1;FN1;CAV1;SERPINE1;HSPA1A;SYK;ANXA1;AR;RICTOR;CCNE1;GAB2;ATM;INPP4B;FASN;MSH6;STAT5A;MYC;ASNS;BCL2L11;SQSTM1;EEF2K;ERBB2;PDCD4;RPS6;ACACA;TGM2;FOXM1;MSH2;MAPK1;BRAF;ERBB3;NF2;MAP2K1;PTEN;TP53;ETS1;CHEK2;PEA15;COL6A1;EEF2;PRKCA;CDH2;KIT;PREX1,1,2,2,1,,0.04932636236669901,0.2,0.15,1.853670729607316e-41;2.4440649800432977e-09,1.2967787492317834e-18,proxy_dimensions,2,,,,,0,90,0.9854415337709289,,,
CDH1,3,51,CLDN7;RAB25;CTNNB1,MYH11;VHL;GAPDH;ESR1;TUBA1B;TFRC;IGFBP2;CCNB1;FN1;CAV1;SERPINE1;HSPA1A;SYK;ANXA1;AR;RICTOR;CCNE1;GAB2;ATM;INPP4B;FASN;MSH6;STAT5A;MYC;ASNS;BCL2L11;SQSTM1;EEF2K;ERBB2;PDCD4;RPS6;ACACA;TGM2;FOXM1;MSH2;MAPK1;BRAF;ERBB3;NF2;MAP2K1;PTEN;TP53;ETS1;CHEK2;PEA15;COL6A1;EEF2;PRKCA;CDH2;KIT;PREX1,1,4,4,3,,0.04932636236669901,0.2,0.15,3.1530582927439406e-103;8.53912169248711e-49;1.927518158893203e-19;1.2951835080106151e-09,7.430763876248102e-74;4.587727842421355e-23;6.182912876409789e-11,proxy_dimensions,4,,,,,0,90,1.0202053294878795,,,
HSPA1A,3,16,CASP7;COL6A1;CDH2,VHL;GAPDH;TUBA1B;TFRC;RAB25;GAB2;ATM;STAT5A;ERBB2;RPS6;MAPK1;DIABLO;NF2;MAP2K1;PTEN;TP53,1,4,4,3,,0.04932636236669901,0.4,0.2,1.7841702775069045e-37;9.346117988098702e-18;2.3761013119729843e-07;0.00442394161744831,6.1623938148262695e-28;2.1528778914649756e-12;0.003825366264255202,proxy_dimensions,4,,,,,0,90,1.0214114289128313,,,
GAB2,1,2,ETS1,ERBB2;PTEN,1,1,1,1,0.10205135993858036,0.04932636236669901,0.4,0.15,0.00010774100439541014;0.35025796594646874,0.039119164131348125,reported,1,0.10205135993858036,0.10205135993858036,0.07748693570619664,True,1,90,0.9997640149068477,3.3049441296332907,0.17482338408121442,0.6486564718467465
ASNS,2,16,CAV1;CHEK2,VHL;GAPDH;TUBA1B;TFRC;RAB25;GAB2;ATM;STAT5A;ERBB2;RPS6;MAPK1;DIABLO;NF2;MAP2K1;PTEN;TP53,1,3,3,2,,0.04932636236669901,0.4,0.2,6.81862603385352e-45;3.5340582822550977e-16;1.1418223972243599e-05,6.48715925114002e-35;1.1990330747468023e-10,proxy_dimensions,3,,,,,0,90,0.9926442897836864,,,
BCL2L11,3,35,CCNE1;PDCD4;PRKCA,VHL;TUBA1B;TFRC;IGFBP2;CLDN7;FN1;CDH1;SERPINE1;ANXA1;RAB25;CASP7;GAB2;FASN;CTNNB1;MSH6;STAT5A;ASNS;EEF2K;ERBB2;RPS6;ACACA;TP53BP1;MSH2;DIABLO;BRAF;NF2;RBM15;MAP2K1;PTEN;ETS1;EEF2;CDH2;KIT;PREX1;LCK,1,4,4,3,,0.04932636236669901,0.2,0.15,9.878342704020863e-91;7.819986907793172e-56;3.2935661439707926e-25;1.5579738576398552e-09,2.9542576011961544e-77;7.96695723883255e-42;5.164909838857679e-11,proxy_dimensions,4,,,,,0,90,0.9992927182999738,,,
BRAF,2,16,CAV1;ETS1,VHL;GAPDH;TUBA1B;TFRC;RAB25;GAB2;ATM;STAT5A;ERBB2;RPS6;MAPK1;DIABLO;NF2;MAP2K1;PTEN;TP53,1,3,3,2,,0.04932636236669901,0.4,0.2,1.455240089804306e-48;1.0914353865951501e-20;2.514325543034623e-06,4.595440088912765e-26;5.67132846748656e-07,proxy_dimensions,3,,,,,0,90,0.9171590028458729,,,
CDH2,4,2,ESR1;CDH1;HSPA1A;SQSTM1,ERBB2;PTEN,1,2,2,2,0.05370327577050105,0.04932636236669901,0.4,0.15,0.00016315953447075535;0.019586100635235734,0.00010597506905609366;0.01377460437082608,reported,2,0.1612022975758236,0.22511446633724488;0.1612022975758236,0.05370327577050101,True,1,90,0.9538131155237083,1.845619031035006,0.049064167839602046,0.31911693943870745
CLDN7,2,18,CDH1;DIABLO,VHL;TUBA1B;IGFBP2;SYK;ANXA1;RAB25;ATM;ASNS;BCL2L11;SQSTM1;TGM2;MAPK1;NF2;RBM15;MAP2K1;PTEN;CHEK2;PEA15,1,3,3,2,,0.04932636236669901,0.2,0.15,1.209708832500247e-28;4.3054230415397613e-08;0.02341670673271833,5.1836569170683766e-09;0.005283977835659575,proxy_dimensions,3,,,,,0,91,1.012605680523055,,,
CDH1,2,18,CLDN7;CTNNB1,VHL;TUBA1B;IGFBP2;SYK;ANXA1;RAB25;ATM;ASNS;BCL2L11;SQSTM1;TGM2;MAPK1;NF2;RBM15;MAP2K1;PTEN;CHEK2;PEA15,1,3,3,2,,0.04932636236669901,0.2,0.15,6.13479875887134e-43;1.1745130397349768e-21;1.3232754486161152e-06,1.3870571386432326e-29;1.3326463417980205e-14,proxy_dimensions,3,,,,,0,91,1.0777815069235137,,,
HSPA1A,4,10,SQSTM1;BRAF;COL6A1;CDH2,VHL;GAPDH;TUBA1B;TFRC;IGFBP2;RAB25;GAB2;ATM;DIABLO;TP53,1,4,4,3,0.00929440626780055,0.04932636236669901,0.4,0.2,5.0807587872388755e-30;2.379882610472576e-14;3.541882994699915e-06;0.014050244075913754;0.08706368060264465,1.0988665141667836e-31;2.3674525019228053e-15;3.0035506450634683e-07;0.34443107803368034,conditional_information_dimension,4,0.047040791018954434,0.46891468447628093;0.3516701821441577;0.28835374117455115;0.047040791018954434,0.022401510506441975,False,0,91,0.9757093547111567,,,
GAB2,1,18,HSPA1A,VHL;TUBA1B;IGFBP2;SYK;ANXA1;RAB25;ATM;ASNS;BCL2L11;SQSTM1;TGM2;MAPK1;NF2;RBM15;MAP2K1;PTEN;CHEK2;PEA15,1,2,2,1,,0.04932636236669901,0.2,0.15,6.320020626569562e-19;0.0005124957536387587,8.612090158184397e-06,proxy_dimensions,2,,,,,0,91,1.0146631757625677,,,
ASNS,2,10,ACACA;CHEK2,VHL;GAPDH;TUBA1B;TFRC;IGFBP2;RAB25;GAB2;ATM;DIABLO;TP53,1,2,2,2,0.1385258145473148,0.04932636236669901,0.4,0.2,4.947191045456603e-14;2.9772169737995356e-05;0.07315765068615476,7.67872630561128e-19;7.914426219594924e-09,reported,2,0.2807673930469477,0.36450089080636644;0.2807673930469477,0.06989904063521617,True,1,91,0.9696300123358561,2.169887473581017,0.09755649619628842,0.5330299686377744
BCL2L11,2,10,ANXA1;CCNE1,VHL;GAPDH;TUBA1B;TFRC;IGFBP2;RAB25;GAB2;ATM;DIABLO;TP53,1,3,3,2,,0.04932636236669901,0.4,0.2,5.944144836559982e-16;2.2399807456448125e-07;0.00032217273092677155,3.1578868851198455e-08;0.0004543608711624054,proxy_dimensions,3,,,,,0,91,0.9947856839471436,,,
BRAF,4,10,CAV1;HSPA1A;ETS1;KIT,VHL;GAPDH;TUBA1B;TFRC;IGFBP2;RAB25;GAB2;ATM;DIABLO;TP53,1,3,3,2,0.03562188663115154,0.04932636236669901,0.4,0.2,5.3958126315683746e-40;2.697642230326721e-19;1.1309908224993418e-07;0.24751380505252182;0.8084838016290803,4.0697800416998115e-32;7.949286281766005e-15;0.09697320169517801,conditional_information_dimension,3,0.10716638650153262,0.4719168107733258;0.4082309983761468;0.10716638650153262,0.027229180453696336,False,0,91,0.9339457218643469,,,
CDH2,2,10,HSPA1A;STAT5A,VHL;GAPDH;TUBA1B;TFRC;IGFBP2;RAB25;GAB2;ATM;DIABLO;TP53,1,3,3,2,,0.04932636236669901,0.4,0.2,7.937455561943661e-22;7.919237391402633e-05;0.04748544235720661,9.529500034520095e-21;9.047019396740058e-05,proxy_dimensions,3,,,,,0,91,0.9176603554937914,,,
CLDN7,5,2,CAV1;CDH1;RAB25;MAPK1;PRKCA,GAPDH;TUBA1B,1,2,2,1,0.05028828316657758,0.04932636236669901,0.4,0.15,9.043170757619715e-12;0.014804186410918303,3.983006779466491e-07;0.05017503057372993,conditional_information_dimension,2,0.15228395093943656,0.30546734384029595;0.15228395093943656,0.050288283166577616,False,0,92,0.9761899863613915,,,
CDH1,2,6,CLDN7;CTNNB1,GAPDH;TUBA1B;IGFBP2;RAB25;BCL2L11;MAP2K1,1,3,3,2,,0.04932636236669901,0.4,0.2,1.138307757729889e-34;1.653299702187155e-15;0.0002591911275198744,2.5436932908579008e-21;1.7178646852567864e-09,proxy_dimensions,3,,,,,0,92,0.9889485939972104,,,
HSPA1A,3,6,TFRC;CASP7;COL6A1,GAPDH;TUBA1B;IGFBP2;RAB25;BCL2L11;MAP2K1,1,3,3,2,0.03045743219736536,0.04932636236669901,0.4,0.2,5.74358944071679e-12;0.0006182244014131297;0.04892671831075723;0.1745090725636,5.81803954087379e-12;8.079117196516226e-05;0.06361754793195394,conditional_information_dimension,3,0.09202946149632371,0.3350063557487434;0.2224833782788927;0.09202946149632371,0.03045130874134158,False,0,92,0.9704353865318127,,,
GAB2,3,2,RAB25;ERBB2;BRAF,GAPDH;TUBA1B,1,2,2,1,0.05140201815502785,0.04932636236669901,0.4,0.15,8.372596346050856e-06;0.012179942376302065,1.379870459769713e-05;0.060470973197461725,conditional_information_dimension,2,0.11729978135453799,0.25289904307494226;0.11729978135453799,0.05140201815502783,False,0,92,1.0476087024398026,,,
ASNS,2,6,FASN;CHEK2,GAPDH;TUBA1B;IGFBP2;RAB25;BCL2L11;MAP2K1,1,3,3,2,,0.04932636236669901,0.4,0.2,1.2924812583249522e-12;0.0046180515714452945;0.0402912577494589,3.881597948889212e-11;0.011063967173728477,proxy_dimensions,3,,,,,0,92,0.983777125025369,,,
BCL2L11,1,58,PTEN,MYH11;VHL;GAPDH;ESR1;TUBA1B;TFRC;IGFBP2;CLDN7;CCNB1;FN1;CAV1;CDH1;SERPINE1;HSPA1A;SYK;ANXA1;AR;RAB25;CASP7;RICTOR;CCNE1;GAB2;ATM;INPP4B;FASN;CTNNB1;MSH6;STAT5A;MYC;ASNS;SQSTM1;EEF2K;ERBB2;PDCD4;RPS6;ACACA;TP53BP1;TGM2;FOXM1;MSH2;MAPK1;DIABLO;BRAF;ERBB3;NF2;RBM15;MAP2K1;TP53;ETS1;CHEK2;PEA15;COL6A1;EEF2;PRKCA;CDH2;KIT;PREX1;LCK,1,2,2,1,,0.04932636236669901,0.2,0.15,2.755712552229761e-51;1.3929125382265834e-16,2.5927057112745895e-16,proxy_dimensions,2,,,,,0,92,1.0453730308087028,,,
BRAF,3,6,GAB2;EEF2K;ETS1,GAPDH;TUBA1B;IGFBP2;RAB25;BCL2L11;MAP2K1,1,3,3,2,0.016758509007995914,0.04932636236669901,0.4,0.2,1.011256457505562e-18;1.6811908946665263e-09;0.009903827669913014;0.8042850224618634,3.445801640031628e-15;5.089258694895616e-07;0.30752666040600135,conditional_information_dimension,3,0.050704049838331586,0.3521902212655674;0.2829949657278942;0.050704049838331586,0.016683821629946596,False,0,92,0.9711705225470242,,,
CDH2,2,6,AR;CTNNB1,GAPDH;TUBA1B;IGFBP2;RAB25;BCL2L11;MAP2K1,1,2,2,2,0.1060128232658695,0.04932636236669901,0.4,0.2,7.767297882211527e-16;3.05717976738248e-05;0.061942785086487304,2.501937135716445e-17;3.1066351094603533e-06,reported,2,0.22852419871018262,0.37717467959759443;0.22852419871018262,0.06791751645630391,True,2,92,1.010417397676359,1.6086747241978405,0.07280702640235802,0.6774476401640386
CLDN7,4,37,CDH1;ACACA;ETS1;PRKCA,VHL;GAPDH;TUBA1B;IGFBP2;CCNB1;FN1;SERPINE1;SYK;ANXA1;RAB25;CASP7;CCNE1;GAB2;MSH6;STAT5A;ASNS;BCL2L11;SQSTM1;EEF2K;ERBB2;PDCD4;RPS6;TP53BP1;FOXM1;MSH2;DIABLO;BRAF;RBM15;MAP2K1;PTEN;TP53;CHEK2;EEF2;CDH2;KIT;PREX1;LCK,1,5,5,4,,0.04932636236669901,0.2,0.15,3.7047437927534285e-147;8.651669327414512e-101;1.0169162543956974e-60;3.433455856603536e-31;1.4605022970285712e-11,7.220862846724426e-113;1.9621822787287015e-68;1.1093854479274293e-31;2.0505135395577817e-11,proxy_dimensions,5,,,,,0,93,0.9554070992383684,,,
CDH1,2,37,CLDN7;CTNNB1,VHL;GAPDH;TUBA1B;IGFBP2;CCNB1;FN1;SERPINE1;SYK;ANXA1;RAB25;CASP7;CCNE1;GAB2;MSH6;STAT5A;ASNS;BCL2L11;SQSTM1;EEF2K;ERBB2;PDCD4;RPS6;TP53BP1;FOXM1;MSH2;DIABLO;BRAF;RBM15;MAP2K1;PTEN;TP53;CHEK2;EEF2;CDH2;KIT;PREX1;LCK,1,3,3,2,,0.04932636236669901,0.2,0.15,3.380083685700642e-98;7.80701258530738e-47;4.7234597521210236e-17,2.9990864204001633e-74;1.2503604005204803e-25,proxy_dimensions,3,,,,,0,93,0.9667209523820349,,,
HSPA1A,4,5,TFRC;STAT5A;COL6A1;KIT,VHL;CASP7;GAB2;RPS6;BRAF,1,3,3,3,0.039535300671838004,0.04932636236669901,0.4,0.2,5.991210504430451e-45;6.076775231162754e-13;0.023945415961918855;0.4398793426308666;0.5896062914773399,2.354031360533065e-38;3.700386840579348e-12;0.009761027458621948,reported,3,0.15052241742968195,0.5492049669035012;0.35997415531455057;0.15052241742968195,0.033398595906616924,True,1,93,0.9988921299127489,2.490268226494022,0.12306499840891613,0.35422509181449996
GAB2,1,58,VHL,MYH11;GAPDH;ESR1;TUBA1B;TFRC;IGFBP2;CLDN7;CCNB1;FN1;CAV1;CDH1;SERPINE1;HSPA1A;SYK;ANXA1;AR;RAB25;CASP7;RICTOR;CCNE1;ATM;INPP4B;FASN;CTNNB1;MSH6;STAT5A;MYC;ASNS;BCL2L11;SQSTM1;EEF2K;ERBB2;PDCD4;RPS6;ACACA;TP53BP1;TGM2;FOXM1;MSH2;MAPK1;DIABLO;BRAF;ERBB3;NF2;RBM15;MAP2K1;PTEN;TP53;ETS1;CHEK2;PEA15;COL6A1;EEF2;PRKCA;CDH2;KIT;PREX1;LCK,1,2,2,1,,0.04932636236669901,0.4,0.2,4.2932202678628385e-45;1.8006370747266854e-17,1.539160764029972e-23,proxy_dimensions,2,,,,,0,93,1.005286751357544,,,
ASNS,1,58,CHEK2,MYH11;VHL;GAPDH;ESR1;TUBA1B;TFRC;IGFBP2;CLDN7;CCNB1;FN1;CAV1;CDH1;SERPINE1;HSPA1A;SYK;ANXA1;AR;RAB25;CASP7;RICTOR;CCNE1;GAB2;ATM;INPP4B;FASN;CTNNB1;MSH6;STAT5A;MYC;BCL2L11;SQSTM1;EEF2K;ERBB2;PDCD4;RPS6;ACACA;TP53BP1;TGM2;FOXM1;MSH2;MAPK1;DIABLO;BRAF;ERBB3;NF2;RBM15;MAP2K1;PTEN;TP53;ETS1;PEA15;COL6A1;EEF2;PRKCA;CDH2;KIT;PREX1;LCK,1,2,2,1,,0.04932636236669901,0.2,0.15,5.643563101329314e-49;2.4956770060222785e-16,9.281037745689584e-28,proxy_dimensions,2,,,,,0,93,0.9567540261009345,,,
BCL2L11,3,5,TFRC;CCNE1;PDCD4,VHL;CASP7;GAB2;RPS6;BRAF,1,3,3,2,0.02391675587050033,0.04932636236669901,0.4,0.2,5.2361496403793956e-21;3.581024886709053e-06;0.02253239392198499;0.29283990055849485,1.2640093307422112e-20;6.148142288779276e-07;0.10353044115414894,conditional_information_dimension,3,0.08081224253509274,0.4255659763779208;0.27478376269046645;0.08081224253509274,0.02569865828804495,False,0,93,1.0140429265845956,,,
BRAF,0,0,,,1,0,0,0,,0.04932636236669901,0.2,0.15,,,no_shared_direction,0,,,,,0,93,0.9444875340586623,,,
CDH2,4,5,AR;CCNE1;STAT5A;KIT,VHL;CASP7;GAB2;RPS6;BRAF,1,3,3,3,0.044539545897249386,0.04932636236669901,0.4,0.2,1.829061461309728e-25;2.5897983966899963e-06;0.023009435127584445;0.24879162930863255;0.7972536405188828,2.1432334170358734e-25;2.0850131662495417e-07;0.0026334127807050097,reported,3,0.17022123089065525,0.4792583693172736;0.26685199000072285;0.17022123089065525,0.03703904327294433,True,1,93,0.960878754525601,1.2104252739566803,0.05651049366971321,0.38174847325709804
CLDN7,2,31,CDH1;PRKCA,VHL;ESR1;TUBA1B;IGFBP2;CCNB1;FN1;SERPINE1;SYK;RAB25;CCNE1;GAB2;ATM;FASN;MSH6;STAT5A;SQSTM1;EEF2K;ERBB2;PDCD4;ACACA;FOXM1;MSH2;MAPK1;DIABLO;NF2;MAP2K1;PTEN;TP53;PEA15;EEF2;KIT,1,3,3,2,,0.04932636236669901,0.4,0.25,3.234581644962174e-75;3.659326226781177e-35;5.119423809609279e-11,4.0820556278669335e-43;1.2629834304218144e-18,proxy_dimensions,3,,,,,0,94,0.9779100019094674,,,
CDH1,3,4,CLDN7;CTNNB1;CDH2,VHL;GAB2;ERBB2;PTEN,1,4,4,3,,0.04932636236669901,0.4,0.15,4.337308162607746e-11;0.0004608922543188575;0.00436673314306994;0.010726480357639146,9.151776185884566e-07;0.005045671911967488;0.038354518520027116,proxy_dimensions,4,,,,,0,94,0.9831342819224049,,,
HSPA1A,3,22,SQSTM1;COL6A1;CDH2,VHL;GAPDH;TUBA1B;TFRC;IGFBP2;CLDN7;CDH1;SYK;ANXA1;RAB25;FASN;CTNNB1;ASNS;BCL2L11;ACACA;TP53BP1;RBM15;PTEN;TP53;ETS1;CHEK2;KIT,1,4,4,3,,0.04932636236669901,0.2,0.15,3.319852415212488e-58;7.750315608955897e-32;3.953936983290604e-15;4.440588155990869e-06,2.1662083845100424e-46;7.907095701638654e-28;1.0443198424142104e-10,proxy_dimensions,4,,,,,0,94,1.071871537834897,,,
GAB2,1,22,EEF2,VHL;GAPDH;TUBA1B;TFRC;IGFBP2;CLDN7;CDH1;SYK;ANXA1;RAB25;FASN;CTNNB1;ASNS;BCL2L11;ACACA;TP53BP1;RBM15;PTEN;TP53;ETS1;CHEK2;KIT,1,2,2,1,,0.04932636236669901,0.2,0.15,1.3074900415143886e-32;1.4540690705169227e-16,1.2571901485421497e-18,proxy_dimensions,2,,,,,0,94,0.9955078543107622,,,
ASNS,3,4,ACACA;TP53;CHEK2,VHL;GAB2;ERBB2;PTEN,1,3,3,3,0.04552687224705979,0.04932636236669901,0.4,0.15,1.1408393989095477e-22;9.451370156969219e-08;0.019784064067759708;0.720501868545004,2.8651888219723222e-25;3.0631243391221016e-09;0.001408705010237077,reported,3,0.1577575845599417,0.4516994433753592;0.2892798009987015;0.1577575845599417,0.03957109286875772,True,1,94,0.973529150330187,0.36117192693583633,0.024604660569744526,0.597714216359712
BCL2L11,6,4,FN1;ANXA1;INPP4B;PDCD4;BRAF;PRKCA,VHL;GAB2;ERBB2;PTEN,1,2,2,2,0.091113737059715,0.04932636236669901,0.4,0.15,1.2596382235584063e-19;1.4309161498500744e-06;0.06272952852891002;0.5428554286872938,3.62726490251662e-19;4.238557240518222e-06,reported,2,0.27916865721373424,0.4321209278767771;0.27916865721373424,0.07000693615850712,True,2,94,1.0093678207638659,-0.10521766311179603,0.015671422023148897,0.35877533525817806
BRAF,4,8,CAV1;BCL2L11;EEF2K;ETS1,VHL;RAB25;GAB2;ATM;ERBB2;DIABLO;PTEN;TP53,1,4,4,4,0.038961590334871586,0.04932636236669901,0.4,0.2,4.894225707861854e-30;5.533635031642125e-14;2.828005527720583e-06;0.015090133170704881;0.5905004734081708,1.653192043311271e-23;3.329933915022869e-13;1.7288284066929868e-05;0.0034777127416181493,reported,4,0.14469973575983913,0.39890143552126556;0.3449500848663065;0.2131497563075431;0.14469973575983913,0.030476007925786093,True,1,94,0.9613208192991032,4.824198736746894,0.17758897969291673,0.5103111066619579
CDH2,3,22,HSPA1A;STAT5A;SQSTM1,VHL;GAPDH;TUBA1B;TFRC;IGFBP2;CLDN7;CDH1;SYK;ANXA1;RAB25;FASN;CTNNB1;ASNS;BCL2L11;ACACA;TP53BP1;RBM15;PTEN;TP53;ETS1;CHEK2;KIT,1,4,4,3,,0.04932636236669901,0.2,0.15,4.2348413031042422e-50;1.8365873563313382e-30;4.30488220081148e-15;3.504395766037787e-05,2.6736621736376566e-32;5.131327303871095e-17;2.0883349035643757e-05,proxy_dimensions,4,,,,,0,94,0.9522533017830112,,,
CLDN7,1,27,CDH1,VHL;GAPDH;TUBA1B;TFRC;IGFBP2;FN1;SERPINE1;ANXA1;RAB25;CASP7;GAB2;FASN;STAT5A;EEF2K;ERBB2;PDCD4;ACACA;TP53BP1;DIABLO;BRAF;RBM15;MAP2K1;PTEN;TP53;CHEK2;EEF2;CDH2,1,2,2,1,,0.04932636236669901,0.2,0.15,5.6689888809206395e-59;8.211441735479387e-12,3.4266209903831635e-23,proxy_dimensions,2,,,,,0,95,0.9867273997080447,,,
CDH1,3,10,CLDN7;CTNNB1;RBM15,VHL;GAPDH;TFRC;GAB2;BCL2L11;EEF2K;ERBB2;BRAF;MAP2K1;EEF2,1,4,4,3,,0.04932636236669901,0.4,0.2,1.977376596163494e-47;1.6169964566795455e-15;6.837300744691116e-05;0.009964244351832224,2.5309712524505506e-31;8.452038716756627e-15;0.0011127801007987906,proxy_dimensions,4,,,,,0,95,0.9727434978665992,,,
HSPA1A,2,27,SQSTM1;COL6A1,VHL;GAPDH;TUBA1B;TFRC;IGFBP2;FN1;SERPINE1;ANXA1;RAB25;CASP7;GAB2;FASN;STAT5A;EEF2K;ERBB2;PDCD4;ACACA;TP53BP1;DIABLO;BRAF;RBM15;MAP2K1;PTEN;TP53;CHEK2;EEF2;CDH2,1,3,3,2,,0.04932636236669901,0.2,0.15,5.908540692027712e-59;1.5344610682634253e-23;3.282848446067857e-09,1.4393611394609133e-36;6.117088156728172e-09,proxy_dimensions,3,,,,,0,95,0.9772290524530642,,,
GAB2,1,58,VHL,MYH11;GAPDH;ESR1;TUBA1B;TFRC;IGFBP2;CLDN7;CCNB1;FN1;CAV1;CDH1;SERPINE1;HSPA1A;SYK;ANXA1;AR;RAB25;CASP7;RICTOR;CCNE1;ATM;INPP4B;FASN;CTNNB1;MSH6;STAT5A;MYC;ASNS;BCL2L11;SQSTM1;EEF2K;ERBB2;PDCD4;RPS6;ACACA;TP53BP1;TGM2;FOXM1;MSH2;MAPK1;DIABLO;BRAF;ERBB3;NF2;RBM15;MAP2K1;PTEN;TP53;ETS1;CHEK2;PEA15;COL6A1;EEF2;PRKCA;CDH2;KIT;PREX1;LCK,1,2,2,1,,0.04932636236669901,0.4,0.2,6.354826305020314e-43;8.730708210009471e-16,3.9885458820600956e-23,proxy_dimensions,2,,,,,0,95,1.1091170851039946,,,
ASNS,1,27,CAV1,VHL;GAPDH;TUBA1B;TFRC;IGFBP2;FN1;SERPINE1;ANXA1;RAB25;CASP7;GAB2;FASN;STAT5A;EEF2K;ERBB2;PDCD4;ACACA;TP53BP1;DIABLO;BRAF;RBM15;MAP2K1;PTEN;TP53;CHEK2;EEF2;CDH2,1,2,2,1,,0.04932636236669901,0.2,0.15,1.4648436208576031e-67;1.630143856868984e-16,2.0998475813697494e-36,proxy_dimensions,2,,,,,0,95,1.0759334479406846,,,
BCL2L11,1,27,PRKCA,VHL;GAPDH;TUBA1B;TFRC;IGFBP2;FN1;SERPINE1;ANXA1;RAB25;CASP7;GAB2;FASN;STAT5A;EEF2K;ERBB2;PDCD4;ACACA;TP53BP1;DIABLO;BRAF;RBM15;MAP2K1;PTEN;TP53;CHEK2;EEF2;CDH2,1,2,2,1,,0.04932636236669901,0.2,0.15,2.1219150012609253e-43;1.689879147895436e-13,2.3362770392619793e-31,proxy_dimensions,2,,,,,0,95,0.971162828177639,,,
BRAF,3,1,CAV1;EEF2K;ERBB2,TFRC,1,1,1,1,0.08841479568655748,0.04932636236669901,0.4,0.15,1.1028603358871678e-05,0.014693678870368395,reported,1,0.15995452348747108,0.15995452348747108,0.08841479568655748,True,1,95,1.054247863127612,3.7310746439872995,0.15941679987446034,0.6608260930434352
CDH2,2,20,STAT5A;SQSTM1,VHL;GAPDH;TUBA1B;TFRC;SYK;ANXA1;RAB25;GAB2;FASN;BCL2L11;EEF2K;ERBB2;ACACA;TP53BP1;MAPK1;DIABLO;BRAF;NF2;MAP2K1;EEF2,1,3,3,2,,0.04932636236669901,0.4,0.25,7.790409305872144e-26;1.2293504319955774e-10;0.00020669636258020889,3.838559954413167e-19;1.1359414340443531e-06,proxy_dimensions,3,,,,,0,95,1.0229447309190787,,,
CLDN7,3,6,CDH1;MAPK1;MAP2K1,GAPDH;TFRC;RAB25;ERBB2;TP53;EEF2,1,3,3,3,0.06861749860493077,0.04932636236669901,0.4,0.15,3.016435093137789e-39;1.7517061693124275e-18;0.003379344644645295;0.8853388619530697,3.6159946663709125e-34;8.337571657225617e-11;5.40446289515814e-06,reported,3,0.22329242319905712,0.520232377388013;0.27726678343781574;0.22329242319905712,0.05029970998375957,True,1,96,0.9828668793487432,0.6461022900172169,-0.06708375220898813,0.6419467235798065
CDH1,2,27,CLDN7;CTNNB1,GAPDH;TUBA1B;TFRC;IGFBP2;CCNB1;FN1;SERPINE1;RAB25;CCNE1;MSH6;STAT5A;BCL2L11;SQSTM1;EEF2K;ERBB2;PDCD4;FOXM1;MSH2;MAPK1;DIABLO;NF2;MAP2K1;PTEN;TP53;EEF2;PRKCA;CDH2,1,3,3,2,,0.04932636236669901,0.4,0.25,2.27167076695465e-81;1.4263654657105515e-39;6.687387369155246e-10,2.431774618940185e-59;2.388932924702735e-17,proxy_dimensions,3,,,,,0,96,1.0470291772879003,,,
HSPA1A,2,8,COL6A1;KIT,GAPDH;TFRC;RAB25;ERBB2;DIABLO;PTEN;TP53;EEF2,1,3,3,2,,0.04932636236669901,0.4,0.2,1.1494812795098584e-12;0.0011256355507284202;0.03078274293823282,7.304141844033776e-12;0.02516970078092583,proxy_dimensions,3,,,,,0,96,0.9714023953502796,,,
GAB2,3,6,VHL;SYK;BRAF,GAPDH;TFRC;RAB25;ERBB2;TP53;EEF2,1,4,4,3,,0.04932636236669901,0.4,0.15,8.029979815365621e-16;3.6731909202746332e-09;2.72773684726713e-05;0.0459464316371365,1.8416272949936232e-10;5.461511442061484e-07;0.009486068591361448,proxy_dimensions,4,,,,,0,96,1.0523211644222648,,,
ASNS,5,6,CAV1;SQSTM1;ACACA;CHEK2;PRKCA,GAPDH;TFRC;RAB25;ERBB2;TP53;EEF2,1,4,4,4,0.05550651874594921,0.04932636236669901,0.4,0.15,3.937706043413763e-47;7.902580907565176e-26;2.921712436980841e-15;7.634747355389956e-06;0.0748341232962303;0.8265775192469638,5.030601892406015e-48;1.1990361097920893e-27;1.1006429423544264e-17;3.001537756817022e-07,reported,4,0.26800333650202224,0.5131210971980008;0.3890050166895598;0.3778394667027463;0.26800333650202224,0.04664905805234719,True,1,96,0.998858671060442,-1.1362509437415023,-0.022070495530106603,0.7100907168487497
BCL2L11,5,6,FN1;CCNE1;PDCD4;PEA15;PRKCA,GAPDH;TFRC;RAB25;ERBB2;TP53;EEF2,1,5,5,4,0.0075426119919152265,0.04932636236669901,0.4,0.15,5.466576215399932e-30;8.180869663436124e-13;3.182764422549461e-06;0.00029276840264697636;0.03383424022553318;0.8452249008826626,1.2866286381159337e-30;2.4853237854428034e-12;2.9592946508691495e-06;0.0011737216810699415;0.39790905456427295,conditional_information_dimension,5,0.042117904927474206,0.502474164639252;0.3345193773899656;0.24126032681332624;0.20567232906140892;0.042117904927474206,0.007088321857416312,False,0,96,0.9925261614078662,,,
BRAF,5,6,GAB2;ATM;CTNNB1;EEF2K;ETS1,GAPDH;TFRC;RAB25;ERBB2;TP53;EEF2,1,5,5,4,0.001436326892842474,0.04932636236669901,0.4,0.15,2.4071116369476473e-37;1.0827242262344699e-14;3.885775242431842e-09;0.0001342445747456896;0.03682673814739575;0.6441893689622454,2.6267095784848172e-34;7.539274482746925e-14;5.298797371630966e-08;0.0001702449749046232;0.8904703377721466,conditional_information_dimension,5,0.0068639567739530415,0.5218145356699295;0.3305118584644942;0.2648779417128658;0.23234339340531712;0.0068639567739530415,0.004653140283136142,False,0,96,1.0047901265354375,,,
CDH2,3,6,CCNE1;STAT5A;SQSTM1,GAPDH;TFRC;RAB25;ERBB2;TP53;EEF2,1,4,4,3,,0.04932636236669901,0.4,0.15,1.5566832762544105e-30;4.135566987196161e-12;6.094988013757361e-09;2.7660134331160507e-05,2.0955241630693476e-27;1.5132034461889851e-09;5.508122345657469e-06,proxy_dimensions,4,,,,,0,96,0.9605239281487759,,,
CLDN7,3,7,CAV1;CDH1;RAB25,GAPDH;TFRC;SYK;PDCD4;NF2;MAP2K1;PTEN,1,3,3,2,0.029472913348853415,0.04932636236669901,0.4,0.2,9.955626057936892e-21;8.510054111487413e-09;0.0032223325584728236;0.10650185925432709,1.504447709025706e-18;0.00015304646129327154;0.07299383902225119,conditional_information_dimension,3,0.08896662842068505,0.4294046348966954;0.216253861731031;0.08896662842068505,0.030337165893210522,False,0,97,1.00416977311396,,,
CDH1,4,7,CLDN7;FN1;CTNNB1;CDH2,GAPDH;TFRC;SYK;PDCD4;NF2;MAP2K1;PTEN,1,4,4,4,0.04362830313671956,0.04932636236669901,0.4,0.2,8.00054919196504e-30;3.300179396053629e-18;5.315942968094444e-07;0.007498310905921541;0.14895370275489825,1.1149446839815287e-25;7.039737570804941e-14;4.872513069485117e-09;0.0006000223273215439,reported,4,0.16959556251630806,0.41807415483817106;0.2969200141696012;0.2794115273393076;0.16959556251630806,0.03520138703015384,True,1,97,1.0142603020849161,0.08121467836407019,0.09358643856041154,0.6734322123214131
HSPA1A,2,7,COL6A1;CDH2,GAPDH;TFRC;SYK;PDCD4;NF2;MAP2K1;PTEN,1,2,2,1,0.0030053641102007543,0.04932636236669901,0.4,0.2,1.632064402106848e-15;0.0005827912979689198;0.1477003036515213,4.475697685151444e-15;0.9028488751088762,conditional_information_dimension,2,0.006061578601271002,0.40671297040720117;0.006061578601271002,0.032291073163178814,False,0,97,0.971762718555538,,,
GAB2,1,19,BRAF,VHL;GAPDH;TUBA1B;TFRC;SYK;ATM;FASN;BCL2L11;EEF2K;PDCD4;ACACA;TP53BP1;DIABLO;NF2;RBM15;MAP2K1;PTEN;TP53;CDH2,1,2,2,1,,0.04932636236669901,0.2,0.15,1.601267510179348e-32;0.004526647741192926,2.3577376313224863e-17,proxy_dimensions,2,,,,,0,97,0.9855676007953099,,,
ASNS,2,7,ACACA;PRKCA,GAPDH;TFRC;SYK;PDCD4;NF2;MAP2K1;PTEN,1,2,2,2,0.12970325455085827,0.04932636236669901,0.4,0.2,3.2450929631915887e-24;2.8488874895723333e-07;0.1311602798006604,3.921371212039187e-28;1.5816158062680925e-07,reported,2,0.2560055584733012,0.4819303657553794;0.2560055584733012,0.07920452653010607,True,1,97,1.0529661147249476,0.6439008941891309,0.011858757687674294,0.6371667245095288
BCL2L11,1,7,ANXA1,GAPDH;TFRC;SYK;PDCD4;NF2;MAP2K1;PTEN,1,1,1,0,0.01069636195634964,0.04932636236669901,0.4,0.2,1.9794523557380497e-07;0.2818362880788085,0.8292492263062236,conditional_information_dimension,1,0.010696361956349642,0.010696361956349642,0.05503419500586568,False,0,97,1.1013847326750963,,,
BRAF,2,19,GAB2;ETS1,VHL;GAPDH;TUBA1B;TFRC;SYK;ATM;FASN;BCL2L11;EEF2K;PDCD4;ACACA;TP53BP1;DIABLO;NF2;RBM15;MAP2K1;PTEN;TP53;CDH2,1,3,3,2,,0.04932636236669901,0.2,0.15,2.927628245050173e-45;2.0656679006679523e-10;0.010973122007661575,1.1936832929011924e-22;1.955625633315397e-08,proxy_dimensions,3,,,,,0,97,1.0392323456806056,,,
CDH2,4,7,CDH1;HSPA1A;SQSTM1;EEF2,GAPDH;TFRC;SYK;PDCD4;NF2;MAP2K1;PTEN,1,4,4,4,0.023094006774018617,0.04932636236669901,0.4,0.2,4.814849661326253e-22;2.1220077573888255e-09;0.009590305094795588;0.03779397391429326;0.16960301950222223,1.7893591512239517e-24;2.8926792103785324e-11;0.004570569145073449;0.02858209869970228,reported,4,0.1086615562874196,0.43505989975820264;0.35242675149722996;0.15853754363393202;0.1086615562874196,0.022066904169240998,True,1,97,0.9887887626842886,1.556477310779628,-0.020807945274488628,0.6561499558292344
CLDN7,2,20,CDH1;EEF2,VHL;GAPDH;ESR1;SYK;ANXA1;RAB25;GAB2;ASNS;SQSTM1;ERBB2;PDCD4;TGM2;MAPK1;DIABLO;NF2;RBM15;PTEN;TP53;PEA15;KIT,1,3,3,2,,0.04932636236669901,0.2,0.15,5.110257987304447e-53;5.114599668931076e-23;0.00915150326820661,7.311328350055914e-31;5.852071433557187e-10,proxy_dimensions,3,,,,,0,98,0.9595669052944423,,,
CDH1,2,20,CLDN7;CTNNB1,VHL;GAPDH;ESR1;SYK;ANXA1;RAB25;GAB2;ASNS;SQSTM1;ERBB2;PDCD4;TGM2;MAPK1;DIABLO;NF2;RBM15;PTEN;TP53;PEA15;KIT,1,3,3,2,,0.04932636236669901,0.2,0.15,1.953105772459945e-61;6.56199508895371e-20;0.004672505194219098,9.448831090596362e-38;2.1284011528894483e-08,proxy_dimensions,3,,,,,0,98,1.0203490922325555,,,
HSPA1A,3,4,COL6A1;CDH2;KIT,GAPDH;TFRC;RAB25;PTEN,1,2,2,1,0.03955456585514441,0.04932636236669901,0.4,0.2,5.2048328385098337e-11;0.013425540789048415;0.6448068840253532;0.5726474466884719,8.139262842101196e-11;0.12636067342073143,conditional_information_dimension,2,0.10081360415132588,0.35512317384891623;0.10081360415132588,0.03014170460559823,False,0,98,0.9314897866987493,,,
GAB2,1,58,SQSTM1,MYH11;VHL;GAPDH;ESR1;TUBA1B;TFRC;IGFBP2;CLDN7;CCNB1;FN1;CAV1;CDH1;SERPINE1;HSPA1A;SYK;ANXA1;AR;RAB25;CASP7;RICTOR;CCNE1;ATM;INPP4B;FASN;CTNNB1;MSH6;STAT5A;MYC;ASNS;BCL2L11;EEF2K;ERBB2;PDCD4;RPS6;ACACA;TP53BP1;TGM2;FOXM1;MSH2;MAPK1;DIABLO;BRAF;ERBB3;NF2;RBM15;MAP2K1;PTEN;TP53;ETS1;CHEK2;PEA15;COL6A1;EEF2;PRKCA;CDH2;KIT;PREX1;LCK,1,2,2,1,,0.04932636236669901,0.2,0.15,1.1103370790823468e-48;4.1093622998337463e-22,1.6281726888178354e-26,proxy_dimensions,2,,,,,0,98,0.98615318933636,,,
ASNS,2,19,CCNB1;PRKCA,GAPDH;ESR1;TFRC;IGFBP2;RAB25;GAB2;FASN;SQSTM1;EEF2K;ERBB2;PDCD4;ACACA;MAPK1;DIABLO;NF2;MAP2K1;PTEN;TP53;EEF2,1,3,3,2,,0.04932636236669901,0.4,0.25,4.84483629553774e-47;1.3044746594488708e-18;0.0019477272618939603,5.898386042809604e-31;6.748477406444164e-14,proxy_dimensions,3,,,,,0,98,0.925158678856523,,,
BCL2L11,4,4,ANXA1;CCNE1;TGM2;PRKCA,GAPDH;TFRC;RAB25;PTEN,1,3,3,2,0.02066701216477763,0.04932636236669901,0.4,0.2,2.0301985612456242e-19;1.4620494099754767e-05;0.02600281089365183;0.1298287303021119,3.414976694659549e-18;7.633652301847744e-05;0.27989297403302726,conditional_information_dimension,3,0.07927090412439063,0.43036796250407944;0.2493411805096317;0.07927090412439063,0.026276418292516004,False,0,98,1.0251540194057471,,,
BRAF,6,4,SYK;GAB2;CTNNB1;EEF2K;NF2;ETS1,GAPDH;TFRC;RAB25;PTEN,1,3,3,3,0.057274476681762644,0.04932636236669901,0.4,0.2,3.6772974694052964e-29;4.3041855429159306e-09;3.036289853915836e-05;0.06400740419198284,4.8074135513255233e-26;7.4206368725848175e-09;1.9547652549045223e-05,reported,3,0.2547277721638301,0.484785490641981;0.2734309645468134;0.2547277721638301,0.05014667227685889,True,1,98,0.9989567095793943,-0.15799255740642631,0.060694834788417286,0.278988365828105
CDH2,2,4,HSPA1A;STAT5A,GAPDH;TFRC;RAB25;PTEN,1,2,2,2,0.09361232828350002,0.04932636236669901,0.4,0.2,8.951438280197003e-11;8.956530878559205e-05;0.10269269390117491,1.0090451928448578e-09;0.00015956110393338323,reported,2,0.18586422109137432,0.28201334100052605;0.18586422109137432,0.07142274327412901,True,1,98,0.9174558301324076,0.7048863254285201,0.07216786511594293,0.5332130585094993
CLDN7,2,20,CDH1;PRKCA,VHL;GAPDH;IGFBP2;FN1;SERPINE1;FASN;ASNS;BCL2L11;EEF2K;ERBB2;PDCD4;ACACA;MAPK1;NF2;MAP2K1;PTEN;TP53;CHEK2;PEA15;EEF2,1,3,3,2,,0.04932636236669901,0.2,0.15,1.1562714652257652e-71;2.3018822124310248e-32;9.113632553608267e-12,1.4358426073134558e-44;8.108029756781787e-21,proxy_dimensions,3,,,,,0,99,1.0126076150998224,,,
CDH1,3,20,TFRC;CLDN7;CTNNB1,VHL;GAPDH;IGFBP2;FN1;SERPINE1;FASN;ASNS;BCL2L11;EEF2K;ERBB2;PDCD4;ACACA;MAPK1;NF2;MAP2K1;PTEN;TP53;CHEK2;PEA15;EEF2,1,4,4,3,,0.04932636236669901,0.2,0.15,6.147758242983978e-82;1.0301533592218865e-40;4.32749021743532e-19;1.710737841146068e-09,4.9978540845060893e-48;1.0755407048065077e-21;2.6798463465837433e-09,proxy_dimensions,4,,,,,0,99,1.087601744931537,,,
HSPA1A,2,20,COL6A1;KIT,VHL;GAPDH;IGFBP2;FN1;SERPINE1;FASN;ASNS;BCL2L11;EEF2K;ERBB2;PDCD4;ACACA;MAPK1;NF2;MAP2K1;PTEN;TP53;CHEK2;PEA15;EEF2,1,3,3,2,,0.04932636236669901,0.2,0.15,1.671001697128926e-31;4.503183942915649e-08;0.0017869947739825186,2.8113875633672498e-27;0.00014695548804454777,proxy_dimensions,3,,,,,0,99,1.0620039151407297,,,
GAB2,2,20,RAB25;BRAF,VHL;GAPDH;IGFBP2;FN1;SERPINE1;FASN;ASNS;BCL2L11;EEF2K;ERBB2;PDCD4;ACACA;MAPK1;NF2;MAP2K1;PTEN;TP53;CHEK2;PEA15;EEF2,1,3,3,2,,0.04932636236669901,0.2,0.15,5.8190412047683705e-43;3.0251275453233843e-14;3.30321072861793e-05,2.5518849715938973e-23;1.4556771478535547e-10,proxy_dimensions,3,,,,,0,99,1.0118711856706506,,,
ASNS,1,23,CCNB1,GAPDH;IGFBP2;FN1;SERPINE1;RAB25;ATM;FASN;STAT5A;BCL2L11;SQSTM1;EEF2K;ERBB2;PDCD4;ACACA;TGM2;MAPK1;DIABLO;NF2;MAP2K1;TP53;PEA15;EEF2;CDH2,1,2,2,1,,0.04932636236669901,0.4,0.25,9.870236148349488e-45;2.1899829323828783e-07,1.1051450225010864e-19,proxy_dimensions,2,,,,,0,99,0.925273427034925,,,
BCL2L11,3,5,ANXA1;INPP4B;PDCD4,IGFBP2;RAB25;ERBB2;TP53;EEF2,1,3,3,3,0.03625606105493112,0.04932636236669901,0.4,0.2,1.2436127933230836e-17;1.661718586341438e-09;1.5119535743958788e-05;0.17657529302719308,1.1242753096066523e-15;3.691846321617616e-08;0.008746783550137827,reported,3,0.12980671925415913,0.34248360737642525;0.28176406014650623;0.12980671925415913,0.033165044824912185,True,1,99,1.0237579212158043,-0.17664912402000565,0.12781231779242275,0.6951377475520322
BRAF,3,23,GAB2;PTEN;ETS1,GAPDH;IGFBP2;FN1;SERPINE1;RAB25;ATM;FASN;STAT5A;BCL2L11;SQSTM1;EEF2K;ERBB2;PDCD4;ACACA;TGM2;MAPK1;DIABLO;NF2;MAP2K1;TP53;PEA15;EEF2;CDH2,1,4,4,3,,0.04932636236669901,0.4,0.25,1.2081820353806922e-55;9.589396366994355e-24;3.817422425565421e-11;2.0396387388216326e-05,7.305477542470475e-34;1.6760325322546109e-15;5.2850770298045915e-06,proxy_dimensions,4,,,,,0,99,0.962332907319333,,,
CDH2,1,20,STAT5A,VHL;GAPDH;IGFBP2;FN1;SERPINE1;FASN;ASNS;BCL2L11;EEF2K;ERBB2;PDCD4;ACACA;MAPK1;NF2;MAP2K1;PTEN;TP53;CHEK2;PEA15;EEF2,1,2,2,1,,0.04932636236669901,0.2,0.15,3.920436488702786e-39;6.225069669618908e-09,7.013882607431697e-32,proxy_dimensions,2,,,,,0,99,0.9844959472479154,,,
CLDN7,1,55,CDH1,MYH11;VHL;GAPDH;ESR1;TUBA1B;TFRC;IGFBP2;CCNB1;FN1;CAV1;SERPINE1;HSPA1A;SYK;ANXA1;AR;RAB25;CASP7;RICTOR;CCNE1;GAB2;ATM;INPP4B;FASN;MSH6;STAT5A;MYC;ASNS;BCL2L11;SQSTM1;EEF2K;ERBB2;PDCD4;RPS6;ACACA;TGM2;FOXM1;MSH2;MAPK1;DIABLO;BRAF;ERBB3;NF2;MAP2K1;PTEN;TP53;ETS1;CHEK2;PEA15;COL6A1;EEF2;PRKCA;CDH2;KIT;PREX1;LCK,1,2,2,1,,0.04932636236669901,0.2,0.15,4.863951853481174e-58;2.692528587346313e-16,4.7444130116422014e-26,proxy_dimensions,2,,,,,0,100,0.9890589768055147,,,
CDH1,3,11,CLDN7;CTNNB1;ERBB3,VHL;GAPDH;TUBA1B;IGFBP2;RAB25;GAB2;PDCD4;NF2;PTEN;TP53;EEF2,1,4,4,3,,0.04932636236669901,0.4,0.2,4.1826300183144256e-43;1.7907533535513527e-11;0.0001828577411957295;0.016872027700013288,5.999668268387926e-22;1.4474137469091806e-08;0.005019720728152978,proxy_dimensions,4,,,,,0,100,1.0059954575170014,,,
HSPA1A,4,11,SQSTM1;COL6A1;CDH2;KIT,VHL;GAPDH;TUBA1B;IGFBP2;RAB25;GAB2;PDCD4;NF2;PTEN;TP53;EEF2,1,5,5,4,,0.04932636236669901,0.4,0.2,1.8595086358327224e-33;1.5265629465467606e-15;4.0316833534459725e-09;0.0004886836780401399;0.005562939658601064,3.8345957757967033e-28;1.3774777878005475e-13;5.921106810351535e-07;0.010381164725154686,proxy_dimensions,5,,,,,0,100,0.9690595826697423,,,
GAB2,1,58,VHL,MYH11;GAPDH;ESR1;TUBA1B;TFRC;IGFBP2;CLDN7;CCNB1;FN1;CAV1;CDH1;SERPINE1;HSPA1A;SYK;ANXA1;AR;RAB25;CASP7;RICTOR;CCNE1;ATM;INPP4B;FASN;CTNNB1;MSH6;STAT5A;MYC;ASNS;BCL2L11;SQSTM1;EEF2K;ERBB2;PDCD4;RPS6;ACACA;TP53BP1;TGM2;FOXM1;MSH2;MAPK1;DIABLO;BRAF;ERBB3;NF2;RBM15;MAP2K1;PTEN;TP53;ETS1;CHEK2;PEA15;COL6A1;EEF2;PRKCA;CDH2;KIT;PREX1;LCK,1,2,2,1,,0.04932636236669901,0.4,0.2,9.638657539594701e-32;1.1198624951265347e-06,3.069983935891465e-11,proxy_dimensions,2,,,,,0,100,0.9932817764974008,,,
ASNS,4,2,CAV1;FASN;CHEK2;PRKCA,PTEN;TP53,1,2,2,2,0.07694594322944365,0.04932636236669901,0.4,0.15,8.325399056527399e-17;3.084563837508064e-05,1.7224436226145536e-15;0.00018490796094041873,reported,2,0.21867596631034306,0.3917030305819929;0.21867596631034306,0.07694594322944359,True,1,100,1.0818316148746558,-0.2553254280718375,0.0053243988333790465,0.7115242511023705
BCL2L11,3,2,CCNE1;PDCD4;PRKCA,PTEN;TP53,1,2,2,2,0.08404189681022056,0.04932636236669901,0.4,0.15,2.3963410877565085e-09;0.00024113811964070685,1.130009273251687e-09;6.769427308682933e-05,reported,2,0.21518276554354357,0.2832859789058945;0.21518276554354357,0.08404189681022056,True,1,100,0.9867104175673916,-0.2551575746618754,-0.013708008475673215,0.615986228312056
BRAF,3,11,CAV1;CTNNB1;ETS1,VHL;GAPDH;TUBA1B;IGFBP2;RAB25;GAB2;PDCD4;NF2;PTEN;TP53;EEF2,1,4,4,3,,0.04932636236669901,0.4,0.2,3.9418731366920932e-53;8.95622057833292e-24;2.769784312111518e-11;0.015034122376588332,9.793010342087253e-43;3.698905503719691e-18;1.2221064281514737e-09,proxy_dimensions,4,,,,,0,100,1.0386642345426027,,,
CDH2,3,33,HSPA1A;STAT5A;RPS6,VHL;GAPDH;TUBA1B;TFRC;IGFBP2;CLDN7;CCNB1;FN1;CDH1;SERPINE1;ANXA1;RAB25;CCNE1;GAB2;ATM;CTNNB1;MSH6;ASNS;SQSTM1;EEF2K;TP53BP1;TGM2;FOXM1;MSH2;MAPK1;DIABLO;NF2;RBM15;PTEN;TP53;CHEK2;PEA15;EEF2,1,4,4,3,,0.04932636236669901,0.2,0.15,8.955954734084802e-77;1.0621683313234381e-40;3.5787177095493177e-23;9.94804862560462e-07,1.6118012552952293e-58;5.508328140199984e-23;1.1753756163780213e-06,proxy_dimensions,4,,,,,0,100,1.0471413074406783,,,
CLDN7,2,7,CDH1;PRKCA,IGFBP2;RAB25;BCL2L11;EEF2K;DIABLO;MAP2K1;TP53,1,3,3,2,,0.04932636236669901,0.4,0.2,7.169207511157369e-41;1.692139956330062e-07;0.0011413378843460962,1.7861109677504867e-08;0.0015934167512908252,proxy_dimensions,3,,,,,0,101,0.9894049808196261,,,
CDH1,3,7,CLDN7;SERPINE1;CTNNB1,IGFBP2;RAB25;BCL2L11;EEF2K;DIABLO;MAP2K1;TP53,1,3,3,3,0.062170394869908045,0.04932636236669901,0.4,0.2,1.6360481338530628e-49;4.566500640464857e-15;1.081893023021839e-06;0.1614818933398108,2.4414527792108666e-37;3.984833604883942e-15;0.00012242713684825388,reported,3,0.18926089333347712,0.5107740796101954;0.3678849267059748;0.18926089333347712,0.0480307289640603,True,1,101,1.128365257374189,2.8775912552745417,0.11623594874833913,0.5430341037849432
HSPA1A,1,29,COL6A1,VHL;GAPDH;TUBA1B;IGFBP2;FN1;CDH1;SERPINE1;SYK;RAB25;CASP7;GAB2;ATM;FASN;CTNNB1;MSH6;STAT5A;BCL2L11;ERBB2;PDCD4;ACACA;TP53BP1;MSH2;DIABLO;NF2;MAP2K1;PRKCA;CDH2;PREX1;LCK,1,2,2,1,,0.04932636236669901,0.2,0.15,2.2658973054890468e-35;2.2976154909285216e-05,9.204337342754856e-14,proxy_dimensions,2,,,,,0,101,1.0125777263740734,,,
GAB2,2,7,VHL;BRAF,IGFBP2;RAB25;BCL2L11;EEF2K;DIABLO;MAP2K1;TP53,1,2,2,2,0.11116371488383998,0.04932636236669901,0.4,0.2,3.1041117175270664e-26;1.7386149303469615e-07;0.1609758107256484,3.6116059669860173e-22;2.9257534039636497e-07,reported,2,0.25058985443255377,0.42418552445592367;0.25058985443255377,0.06367052004190886,True,1,101,1.0060969417901342,4.421140041748087,0.13507804338672924,0.4316346600545487
ASNS,2,7,ACACA;CHEK2,IGFBP2;RAB25;BCL2L11;EEF2K;DIABLO;MAP2K1;TP53,1,2,2,2,0.04965772787369134,0.04932636236669901,0.4,0.2,2.264155468545449e-14;0.0013025589676414421;0.051258692007525065,2.9558901274062675e-13;0.035178861641462805,reported,2,0.10431257691227233,0.3716577815105706;0.10431257691227233,0.04352890468300442,True,1,101,1.0661518245085222,1.1352891630324609,0.21530269271785524,0.6546112011746494
BCL2L11,0,0,,,1,0,0,0,,0.04932636236669901,0.2,0.15,,,no_shared_direction,0,,,,,0,101,1.0388806791159162,,,
BRAF,2,7,GAB2;ETS1,IGFBP2;RAB25;BCL2L11;EEF2K;DIABLO;MAP2K1;TP53,1,2,2,1,0.03224623691679951,0.04932636236669901,0.4,0.2,1.5042532726096328e-28;3.4041209118863706e-05;0.07245200198856322,1.2917771411659869e-15;0.19976836167645307,conditional_information_dimension,2,0.06360983692154999,0.40903842700545;0.06360983692154999,0.04114300951044433,False,0,101,0.9563549490140699,,,
CDH2,2,7,STAT5A;SQSTM1,IGFBP2;RAB25;BCL2L11;EEF2K;DIABLO;MAP2K1;TP53,1,3,3,2,,0.04932636236669901,0.4,0.2,1.2019427859930886e-15;1.6439177310994282e-07;0.001479948330480231,1.5095623279680484e-10;0.0008429447934518052,proxy_dimensions,3,,,,,0,101,1.0020863468913401,,,
CLDN7,1,30,CDH1,VHL;GAPDH;TUBA1B;TFRC;IGFBP2;CCNB1;FN1;SERPINE1;SYK;ANXA1;RAB25;CCNE1;GAB2;ATM;FASN;ASNS;SQSTM1;PDCD4;ACACA;TGM2;FOXM1;MAPK1;DIABLO;NF2;RBM15;PTEN;TP53;ETS1;CHEK2;PEA15,1,2,2,1,,0.04932636236669901,0.2,0.15,2.538188376414064e-31;2.5041484850246045e-05,2.6690912282896764e-10,proxy_dimensions,2,,,,,0,102,1.0146801313746276,,,
CDH1,3,30,CLDN7;CTNNB1;CDH2,VHL;GAPDH;TUBA1B;TFRC;IGFBP2;CCNB1;FN1;SERPINE1;SYK;ANXA1;RAB25;CCNE1;GAB2;ATM;FASN;ASNS;SQSTM1;PDCD4;ACACA;TGM2;FOXM1;MAPK1;DIABLO;NF2;RBM15;PTEN;TP53;ETS1;CHEK2;PEA15,1,4,4,3,,0.04932636236669901,0.2,0.15,6.109190245966729e-90;2.049449467450358e-40;5.20139569158445e-21;1.1332602236080528e-05,1.5474332740684728e-69;6.057590868545831e-26;1.4869601651888005e-10,proxy_dimensions,4,,,,,0,102,0.956505235958573,,,
HSPA1A,2,30,MYC;COL6A1,VHL;GAPDH;TUBA1B;TFRC;IGFBP2;CCNB1;FN1;SERPINE1;SYK;ANXA1;RAB25;CCNE1;GAB2;ATM;FASN;ASNS;SQSTM1;PDCD4;ACACA;TGM2;FOXM1;MAPK1;DIABLO;NF2;RBM15;PTEN;TP53;ETS1;CHEK2;PEA15,1,3,3,2,,0.04932636236669901,0.2,0.15,2.8731021026158542e-49;7.558745102233458e-20;1.0426496898030189e-07,5.952380843086876e-37;1.8296769849034795e-14,proxy_dimensions,3,,,,,0,102,0.9436910792060628,,,
GAB2,1,58,VHL,MYH11;GAPDH;ESR1;TUBA1B;TFRC;IGFBP2;CLDN7;CCNB1;FN1;CAV1;CDH1;SERPINE1;HSPA1A;SYK;ANXA1;AR;RAB25;CASP7;RICTOR;CCNE1;ATM;INPP4B;FASN;CTNNB1;MSH6;STAT5A;MYC;ASNS;BCL2L11;SQSTM1;EEF2K;ERBB2;PDCD4;RPS6;ACACA;TP53BP1;TGM2;FOXM1;MSH2;MAPK1;DIABLO;BRAF;ERBB3;NF2;RBM15;MAP2K1;PTEN;TP53;ETS1;CHEK2;PEA15;COL6A1;EEF2;PRKCA;CDH2;KIT;PREX1;LCK,1,2,2,1,,0.04932636236669901,0.2,0.15,3.029552350918159e-43;8.477357626455504e-13,5.2486890572617296e-15,proxy_dimensions,2,,,,,0,102,0.9390945815640589,,,
ASNS,2,56,ACACA;TP53,MYH11;VHL;GAPDH;ESR1;TUBA1B;TFRC;IGFBP2;CLDN7;CCNB1;FN1;CAV1;CDH1;SERPINE1;HSPA1A;SYK;ANXA1;AR;RAB25;CASP7;RICTOR;CCNE1;GAB2;ATM;INPP4B;CTNNB1;MSH6;STAT5A;MYC;BCL2L11;SQSTM1;EEF2K;ERBB2;PDCD4;RPS6;TP53BP1;TGM2;FOXM1;MSH2;MAPK1;DIABLO;BRAF;ERBB3;NF2;RBM15;MAP2K1;PTEN;ETS1;CHEK2;PEA15;COL6A1;EEF2;PRKCA;CDH2;KIT;PREX1;LCK,1,3,3,2,,0.04932636236669901,0.2,0.15,2.0679103574445934e-46;1.8499514681472665e-25;7.764769666283158e-09,1.1603624822199435e-27;5.369124380299904e-09,proxy_dimensions,3,,,,,0,102,0.9919980739398058,,,
BCL2L11,3,13,ANXA1;INPP4B;TGM2,VHL;GAPDH;TFRC;FN1;SERPINE1;RAB25;GAB2;ATM;PDCD4;DIABLO;MAP2K1;PTEN;TP53,1,4,4,3,,0.04932636236669901,0.4,0.2,1.6969658863191128e-49;7.173748832877264e-18;2.4908090593146292e-08;0.0005622310209867995,1.1816179446812862e-30;2.027652651324061e-08;0.0006404150634795387,proxy_dimensions,4,,,,,0,102,1.0305421111839572,,,
BRAF,1,30,EEF2K,VHL;GAPDH;TUBA1B;TFRC;IGFBP2;CCNB1;FN1;SERPINE1;SYK;ANXA1;RAB25;CCNE1;GAB2;ATM;FASN;ASNS;SQSTM1;PDCD4;ACACA;TGM2;FOXM1;MAPK1;DIABLO;NF2;RBM15;PTEN;TP53;ETS1;CHEK2;PEA15,1,2,2,1,,0.04932636236669901,0.2,0.15,7.873564989087777e-41;5.563899819853458e-16,3.0964236375164274e-17,proxy_dimensions,2,,,,,0,102,1.000216267138502,,,
CDH2,2,30,CDH1;STAT5A,VHL;GAPDH;TUBA1B;TFRC;IGFBP2;CCNB1;FN1;SERPINE1;SYK;ANXA1;RAB25;CCNE1;GAB2;ATM;FASN;ASNS;SQSTM1;PDCD4;ACACA;TGM2;FOXM1;MAPK1;DIABLO;NF2;RBM15;PTEN;TP53;ETS1;CHEK2;PEA15,1,3,3,2,,0.04932636236669901,0.2,0.15,3.041833341444369e-50;9.949681536158703e-27;2.8353767218111137e-09,2.603932755381199e-35;9.181809763329615e-12,proxy_dimensions,3,,,,,0,102,0.9688474096522146,,,
CLDN7,3,15,CDH1;RAB25;MAPK1,VHL;GAPDH;TUBA1B;TFRC;IGFBP2;SYK;ANXA1;ASNS;BCL2L11;ERBB2;DIABLO;RBM15;MAP2K1;PTEN;CHEK2,1,4,4,3,,0.04932636236669901,0.2,0.15,1.6329785215504256e-66;1.3259580300385323e-31;2.747745754840487e-14;0.00010881532136392518,1.5830375384782449e-38;1.5588656541664816e-16;2.940909962219268e-06,proxy_dimensions,4,,,,,0,103,0.957809462715254,,,
CDH1,4,8,CLDN7;CTNNB1;RBM15;PRKCA,GAPDH;MAPK1;DIABLO;NF2;MAP2K1;PTEN;TP53;PEA15,1,5,5,4,,0.04932636236669901,0.4,0.2,1.7692903552687233e-57;1.5545022063140884e-37;1.4238288126977198e-20;7.502674306107406e-10;0.0013442528778666789,1.713937187462758e-44;5.08938893963985e-28;1.2710550955825175e-14;0.0017417456627710525,proxy_dimensions,5,,,,,0,103,0.9953406420108402,,,
HSPA1A,1,15,COL6A1,VHL;GAPDH;TUBA1B;TFRC;IGFBP2;SYK;ANXA1;ASNS;BCL2L11;ERBB2;DIABLO;RBM15;MAP2K1;PTEN;CHEK2,1,2,2,1,,0.04932636236669901,0.2,0.15,2.1048238804487918e-22;0.0017563583399551144,2.4480108661449523e-18,proxy_dimensions,2,,,,,0,103,1.0038153321296008,,,
GAB2,2,15,RAB25;BRAF,VHL;GAPDH;TUBA1B;TFRC;IGFBP2;SYK;ANXA1;ASNS;BCL2L11;ERBB2;DIABLO;RBM15;MAP2K1;PTEN;CHEK2,1,3,3,2,,0.04932636236669901,0.2,0.15,1.5575733450806182e-34;6.167455347767015e-10;0.0035672150835482867,1.1352854894144893e-25;2.7072252896072387e-07,proxy_dimensions,3,,,,,0,103,0.9489299764358896,,,
ASNS,2,2,CCNB1;CHEK2,PTEN;TP53,1,2,2,1,0.008523388066795324,0.04932636236669901,0.4,0.15,1.217260572563354e-10;0.0018177888079524368,0.00011820729051229281;0.7143370052233613,conditional_information_dimension,2,0.018175836950180435,0.23489936904101524;0.018175836950180435,0.008523388066795406,False,0,103,1.0288946691112963,,,
BCL2L11,2,8,CCNE1;INPP4B,GAPDH;MAPK1;DIABLO;NF2;MAP2K1;PTEN;TP53;PEA15,1,2,2,2,0.07263429970592064,0.04932636236669901,0.4,0.2,2.568430384309092e-13;0.0006099415119628649;0.05104072482752259,1.4064600007518807e-16;0.0019073478169320246,reported,2,0.15324702745039298,0.40026257438372825;0.15324702745039298,0.050424633581781265,True,2,103,0.9768973385832632,2.7759508657718985,0.11784439968175041,0.6376742429121605
BRAF,4,8,GAB2;CTNNB1;ETS1;PREX1,GAPDH;MAPK1;DIABLO;NF2;MAP2K1;PTEN;TP53;PEA15,1,4,4,3,0.01732613771763844,0.04932636236669901,0.4,0.2,9.31097982247307e-29;3.700512755738853e-12;2.475895462336848e-05;0.0012715890367712753;0.18951157570856392,8.362434687846588e-28;1.6848890034686116e-12;0.00010146716045048602;0.12683418542770075,conditional_information_dimension,4,0.07589387154096593,0.4583471440394712;0.3457707783111839;0.22598013525290675;0.07589387154096593,0.022520645121247723,False,0,103,0.9401479622535684,,,
CDH2,2,15,CDH1;STAT5A,VHL;GAPDH;TUBA1B;TFRC;IGFBP2;SYK;ANXA1;ASNS;BCL2L11;ERBB2;DIABLO;RBM15;MAP2K1;PTEN;CHEK2,1,3,3,2,,0.04932636236669901,0.2,0.15,4.90138523561524e-37;2.077682125653334e-10;3.4938992082479816e-05,1.0763224960145932e-34;3.1001487744481455e-07,proxy_dimensions,3,,,,,0,103,1.0282975144913449,,,
CLDN7,2,56,CDH1;MAP2K1,MYH11;VHL;GAPDH;ESR1;TUBA1B;TFRC;IGFBP2;CCNB1;FN1;CAV1;SERPINE1;HSPA1A;SYK;ANXA1;AR;RAB25;CASP7;RICTOR;CCNE1;GAB2;ATM;INPP4B;FASN;MSH6;STAT5A;MYC;ASNS;BCL2L11;SQSTM1;EEF2K;ERBB2;PDCD4;RPS6;ACACA;TP53BP1;TGM2;FOXM1;MSH2;MAPK1;DIABLO;BRAF;ERBB3;NF2;RBM15;PTEN;TP53;ETS1;CHEK2;PEA15;COL6A1;EEF2;PRKCA;CDH2;KIT;PREX1;LCK,1,3,3,2,,0.04932636236669901,0.2,0.15,3.445711791843815e-68;4.5444478864423384e-27;3.215563921822554e-10,1.9647022953146502e-42;1.9956828895593884e-19,proxy_dimensions,3,,,,,0,104,0.9651393078141977,,,
CDH1,3,10,CLDN7;CTNNB1;CDH2,VHL;GAPDH;RAB25;CASP7;GAB2;RPS6;MAP2K1;PTEN;EEF2;KIT,1,3,3,3,0.035749369582279776,0.04932636236669901,0.4,0.2,3.2835310442046988e-37;6.596241902049934e-21;2.2119805035212381e-07;0.13523339632886225,1.5170427823589991e-35;7.04578107668922e-16;0.013152901574552707,reported,3,0.12282153513538784,0.4882604421213514;0.4011902681288575;0.12282153513538784,0.03434757420444374,True,1,104,0.9630156904219128,-4.465043694921908,0.0318176627896836,0.49030650396443154
HSPA1A,2,10,ESR1;COL6A1,VHL;GAPDH;RAB25;CASP7;GAB2;RPS6;MAP2K1;PTEN;EEF2;KIT,1,3,3,2,,0.04932636236669901,0.4,0.2,5.354470412253545e-24;2.9133600027069505e-06;0.005853615022648988,1.1897923888241666e-12;0.005502246977299356,proxy_dimensions,3,,,,,0,104,1.1529143316815527,,,
GAB2,2,57,RAB25;KIT,MYH11;VHL;GAPDH;ESR1;TUBA1B;TFRC;IGFBP2;CLDN7;CCNB1;FN1;CAV1;CDH1;SERPINE1;HSPA1A;SYK;ANXA1;AR;CASP7;RICTOR;CCNE1;ATM;INPP4B;FASN;CTNNB1;MSH6;STAT5A;MYC;ASNS;BCL2L11;SQSTM1;EEF2K;ERBB2;PDCD4;RPS6;ACACA;TP53BP1;TGM2;FOXM1;MSH2;MAPK1;DIABLO;BRAF;ERBB3;NF2;RBM15;MAP2K1;PTEN;TP53;ETS1;CHEK2;PEA15;COL6A1;EEF2;PRKCA;CDH2;PREX1;LCK,1,3,3,2,,0.04932636236669901,0.4,0.2,3.237674274177538e-63;6.682356407291952e-35;4.561630382872056e-11,1.2488211216055371e-51;8.348223719471613e-26,proxy_dimensions,3,,,,,0,104,1.031935048215954,,,
ASNS,3,14,ACACA;BRAF;PRKCA,VHL;GAPDH;SYK;RAB25;CASP7;GAB2;ATM;ERBB2;RPS6;NF2;MAP2K1;PTEN;EEF2;KIT,1,4,4,3,,0.04932636236669901,0.4,0.25,2.3952917028599067e-55;1.700969212866986e-26;2.9676514627243372e-09;0.000660178572521162,3.2597443146636897e-50;6.035654663522232e-21;0.001202695393524458,proxy_dimensions,4,,,,,0,104,0.9858553820546591,,,
BCL2L11,2,20,ANXA1;INPP4B,VHL;TFRC;CLDN7;CDH1;SYK;RAB25;CASP7;GAB2;ATM;CTNNB1;STAT5A;ASNS;PDCD4;RPS6;TGM2;MAP2K1;PTEN;CHEK2;CDH2;KIT,1,3,3,2,,0.04932636236669901,0.2,0.15,1.941443657798117e-35;6.793863862829585e-16;2.099892914316959e-05,8.573704461043915e-22;1.5294055920637695e-05,proxy_dimensions,3,,,,,0,104,1.0148771488956962,,,
BRAF,4,10,CAV1;ASNS;EEF2K;ETS1,VHL;GAPDH;RAB25;CASP7;GAB2;RPS6;MAP2K1;PTEN;EEF2;KIT,1,5,5,4,,0.04932636236669901,0.4,0.2,2.7622745006619286e-52;5.876384982362157e-33;1.2618693573290925e-17;2.0255088123327585e-07;0.006842021955517231,4.3476508978822703e-42;3.015254878585256e-26;4.3393067039648025e-11;6.190328637898577e-05,proxy_dimensions,5,,,,,0,104,1.0239004116390213,,,
CDH2,2,10,CDH1;SQSTM1,VHL;GAPDH;RAB25;CASP7;GAB2;RPS6;MAP2K1;PTEN;EEF2;KIT,1,3,3,2,,0.04932636236669901,0.4,0.2,4.363600656109125e-23;1.8337931621253697e-13;0.0009910172806577634,3.40337278892249e-15;9.452441347511445e-06,proxy_dimensions,3,,,,,0,104,1.0471714259892575,,,
CLDN7,2,25,CDH1;RBM15,VHL;GAPDH;TUBA1B;TFRC;SYK;RAB25;GAB2;ATM;ASNS;SQSTM1;ERBB2;PDCD4;RPS6;TGM2;MAPK1;DIABLO;NF2;MAP2K1;PTEN;TP53;CHEK2;PEA15;EEF2;PRKCA;CDH2,1,3,3,2,,0.04932636236669901,0.4,0.25,1.9659322112631865e-64;6.009278510068025e-23;8.552583368454851e-08,1.2302439888047423e-42;5.844290198772104e-08,proxy_dimensions,3,,,,,0,105,0.9332595393867662,,,
CDH1,3,52,CLDN7;CTNNB1;MAP2K1,MYH11;VHL;GAPDH;ESR1;TUBA1B;TFRC;IGFBP2;CCNB1;FN1;CAV1;SERPINE1;HSPA1A;SYK;ANXA1;AR;RAB25;CASP7;RICTOR;CCNE1;GAB2;INPP4B;FASN;MSH6;STAT5A;MYC;ASNS;BCL2L11;SQSTM1;EEF2K;ERBB2;PDCD4;RPS6;ACACA;TGM2;FOXM1;MSH2;MAPK1;DIABLO;BRAF;ERBB3;NF2;RBM15;TP53;CHEK2;PEA15;COL6A1;EEF2;PRKCA;CDH2;KIT;PREX1;LCK,1,4,4,3,,0.04932636236669901,0.2,0.15,1.4403975482149292e-118;2.0056743307254886e-69;4.3940448976526484e-35;4.597438543047149e-13,1.1058811043827742e-88;1.190397558207751e-48;1.4451026122080806e-18,proxy_dimensions,4,,,,,0,105,0.9494830390054745,,,
HSPA1A,4,37,SYK;MYC;SQSTM1;COL6A1,VHL;GAPDH;TUBA1B;TFRC;IGFBP2;CLDN7;CDH1;ANXA1;RAB25;CASP7;GAB2;ATM;CTNNB1;STAT5A;ASNS;BCL2L11;EEF2K;ERBB2;PDCD4;RPS6;TP53BP1;MAPK1;DIABLO;BRAF;NF2;RBM15;MAP2K1;PTEN;TP53;ETS1;CHEK2;EEF2;PRKCA;CDH2;KIT;PREX1;LCK,1,5,5,4,,0.04932636236669901,0.2,0.15,1.355519436847472e-93;5.878284081367109e-51;9.329343406046955e-28;6.059440970222827e-12;7.14630957689148e-06,8.194447965524572e-66;9.876744525268168e-39;1.8286912755967235e-15;9.824839498119933e-08,proxy_dimensions,5,,,,,0,105,1.0198893122564707,,,
GAB2,0,0,,,1,0,0,0,,0.04932636236669901,0.2,0.15,,,no_shared_direction,0,,,,,0,105,0.9738928351690909,,,
ASNS,1,5,ACACA,VHL;TFRC;SYK;RAB25;GAB2,1,1,1,0,0.05851550735021157,0.04932636236669901,0.4,0.2,3.0304338028990117e-05;0.13188462661287836,0.2376852091567227,conditional_information_dimension,1,0.05851550735021157,0.05851550735021157,0.06012661381256319,False,0,105,1.0601979046564898,,,
BCL2L11,2,25,ANXA1;CCNE1,VHL;GAPDH;TUBA1B;TFRC;SYK;RAB25;GAB2;ATM;ASNS;SQSTM1;ERBB2;PDCD4;RPS6;TGM2;MAPK1;DIABLO;NF2;MAP2K1;PTEN;TP53;CHEK2;PEA15;EEF2;PRKCA;CDH2,1,3,3,2,,0.04932636236669901,0.4,0.25,2.0194184308707273e-56;1.778399670307183e-20;4.30387082602704e-09,6.566315072028108e-36;1.3787626083728473e-13,proxy_dimensions,3,,,,,0,105,0.9689583676286019,,,
BRAF,3,56,CASP7;EEF2K;KIT,MYH11;VHL;GAPDH;ESR1;TUBA1B;TFRC;IGFBP2;CLDN7;CCNB1;FN1;CAV1;CDH1;SERPINE1;HSPA1A;SYK;ANXA1;AR;RAB25;RICTOR;CCNE1;GAB2;ATM;INPP4B;FASN;CTNNB1;MSH6;STAT5A;MYC;ASNS;BCL2L11;SQSTM1;ERBB2;PDCD4;RPS6;ACACA;TP53BP1;TGM2;FOXM1;MSH2;MAPK1;DIABLO;ERBB3;NF2;RBM15;MAP2K1;PTEN;TP53;ETS1;CHEK2;PEA15;COL6A1;EEF2;PRKCA;CDH2;PREX1;LCK,1,4,4,3,,0.04932636236669901,0.2,0.15,1.686350795635645e-116;9.538175828140735e-71;1.2042185868474054e-40;6.654885687444692e-20,2.7193591774934684e-82;1.6184305756317172e-48;4.054838864241411e-23,proxy_dimensions,4,,,,,0,105,0.9179907331505465,,,
CDH2,4,2,HSPA1A;CCNE1;STAT5A;SQSTM1,VHL;GAB2,1,2,2,2,0.07784330299549136,0.04932636236669901,0.4,0.15,1.1193362408519555e-06;0.00032477075927063274,6.458732884072956e-07;0.00042082211886895326,reported,2,0.20915054930865284,0.24771435105108208;0.20915054930865284,0.07784330299549132,True,1,105,0.9429933275851222,0.6087044520510941,0.08372395631978764,0.6558671463117786
CLDN7,2,28,CDH1;PRKCA,VHL;GAPDH;TUBA1B;TFRC;IGFBP2;CCNB1;SYK;ANXA1;RAB25;CCNE1;GAB2;ATM;MSH6;STAT5A;SQSTM1;ERBB2;RPS6;TGM2;FOXM1;MSH2;MAPK1;DIABLO;NF2;RBM15;MAP2K1;PTEN;TP53;PEA15,2,3,3,2,,0.04932636236669901,0.2,0.15,5.376638897318424e-90;1.1319369994294678e-44;5.6770264015218626e-14,3.8186014170879217e-50;2.546180614815452e-19,proxy_dimensions,3,,,,,0,106,1.0375821797012483,,,
CDH1,2,28,CLDN7;CTNNB1,VHL;GAPDH;TUBA1B;TFRC;IGFBP2;CCNB1;SYK;ANXA1;RAB25;CCNE1;GAB2;ATM;MSH6;STAT5A;SQSTM1;ERBB2;RPS6;TGM2;FOXM1;MSH2;MAPK1;DIABLO;NF2;RBM15;MAP2K1;PTEN;TP53;PEA15,2,3,3,2,,0.04932636236669901,0.2,0.15,9.81908766679933e-110;7.026172670310396e-56;9.543569285998658e-15,1.4741237542959104e-74;5.8143935241936695e-24,proxy_dimensions,3,,,,,0,106,1.0191615545161496,,,
HSPA1A,3,28,BRAF;COL6A1;CDH2,VHL;GAPDH;TUBA1B;TFRC;IGFBP2;CCNB1;SYK;ANXA1;RAB25;CCNE1;GAB2;ATM;MSH6;STAT5A;SQSTM1;ERBB2;RPS6;TGM2;FOXM1;MSH2;MAPK1;DIABLO;NF2;RBM15;MAP2K1;PTEN;TP53;PEA15,2,4,4,3,,0.04932636236669901,0.2,0.15,1.069182246573691e-68;1.6426178138264304e-26;2.2823298370569333e-13;1.4996480664269251e-05,3.870621022835028e-55;2.514585041939444e-23;9.214862813885137e-10,proxy_dimensions,4,,,,,0,106,1.028442321466497,,,
GAB2,2,55,VHL;MAPK1,MYH11;GAPDH;ESR1;TUBA1B;TFRC;IGFBP2;CLDN7;CCNB1;FN1;CAV1;CDH1;SERPINE1;HSPA1A;SYK;ANXA1;AR;RAB25;CASP7;RICTOR;CCNE1;INPP4B;FASN;CTNNB1;MSH6;STAT5A;MYC;ASNS;BCL2L11;SQSTM1;EEF2K;ERBB2;PDCD4;RPS6;ACACA;TP53BP1;TGM2;FOXM1;MSH2;DIABLO;BRAF;ERBB3;RBM15;MAP2K1;PTEN;TP53;ETS1;CHEK2;PEA15;COL6A1;EEF2;PRKCA;CDH2;KIT;PREX1;LCK,2,3,3,2,,0.04932636236669901,0.2,0.15,9.506172151884497e-70;1.2706440122662322e-23;1.5691535903141154e-09,8.830648445128706e-49;2.6431760367347133e-09,proxy_dimensions,3,,,,,0,106,0.9760026830762982,,,
ASNS,4,19,FASN;ACACA;CHEK2;PRKCA,VHL;TUBA1B;TFRC;IGFBP2;CCNB1;RAB25;CCNE1;GAB2;ATM;SQSTM1;ERBB2;RPS6;FOXM1;MAPK1;NF2;MAP2K1;PTEN;TP53;PEA15,2,5,5,4,,0.04932636236669901,0.4,0.25,1.4524584050206994e-73;4.730002061761004e-42;3.200536148995281e-16;9.226490316217059e-10;1.0518659908004489e-05,1.167686044503885e-59;1.0477162652089605e-31;5.631548310712694e-13;3.702479751622688e-06,proxy_dimensions,5,,,,,0,106,0.9231344414342862,,,
BCL2L11,2,5,ANXA1;CCNE1,TUBA1B;IGFBP2;ERBB2;PTEN;TP53,2,2,2,2,0.09087234925982955,0.04932636236669901,0.4,0.2,7.994865974804727e-10;0.001058538848865337;0.36777625393686986,5.3278742945080966e-11;0.0001689120684137874,reported,2,0.18517646701656376,0.3058513151829922;0.18517646701656376,0.060553913223658974,True,1,106,1.037981998359163,-0.19996347335702017,0.05336369128848257,0.5529483895515188
BRAF,5,28,HSPA1A;CTNNB1;EEF2K;ETS1;PRKCA,VHL;GAPDH;TUBA1B;TFRC;IGFBP2;CCNB1;SYK;ANXA1;RAB25;CCNE1;GAB2;ATM;MSH6;STAT5A;SQSTM1;ERBB2;RPS6;TGM2;FOXM1;MSH2;MAPK1;DIABLO;NF2;RBM15;MAP2K1;PTEN;TP53;PEA15,2,6,6,5,,0.04932636236669901,0.2,0.15,1.8538328304380643e-144;7.668828369917898e-65;9.113060011209708e-40;2.838641196396962e-19;1.2721668322045718e-05;0.03108234987863825,1.2500563522115632e-114;1.0186435485852534e-51;6.075677488063279e-29;1.4528220381870454e-09;2.8568938165069978e-05,proxy_dimensions,6,,,,,0,106,0.9731753519353938,,,
CDH2,2,19,HSPA1A;STAT5A,VHL;TUBA1B;TFRC;IGFBP2;CCNB1;RAB25;CCNE1;GAB2;ATM;SQSTM1;ERBB2;RPS6;FOXM1;MAPK1;NF2;MAP2K1;PTEN;TP53;PEA15,2,3,3,2,,0.04932636236669901,0.4,0.25,4.0389449537718744e-46;6.463533598934049e-17;6.020894194146873e-07,2.88050200320256e-37;8.165444909646965e-10,proxy_dimensions,3,,,,,0,106,0.9452500012768527,,,
CLDN7,2,6,CDH1;PRKCA,GAPDH;RAB25;ATM;TP53BP1;PTEN;TP53,1,2,2,2,0.10357072573796805,0.04932636236669901,0.4,0.2,1.079574988556656e-28;0.0017444188107440938;0.235101743468994,6.705626479646081e-14;4.00744175732674e-06,reported,2,0.22601196535247067,0.3291854748482694;0.22601196535247067,0.06670081810728896,True,1,107,1.0380052055105646,-3.42446498267542,-0.1398735732721188,0.481097430405511
CDH1,2,21,CLDN7;CTNNB1,VHL;GAPDH;IGFBP2;RAB25;GAB2;ATM;FASN;BCL2L11;ERBB2;PDCD4;RPS6;ACACA;TP53BP1;MAPK1;DIABLO;NF2;MAP2K1;PTEN;TP53;PEA15;EEF2,1,3,3,2,,0.04932636236669901,0.4,0.25,2.2188731027899586e-71;9.648566069050115e-28;1.4676674872265159e-08,6.759280682545412e-46;3.8618660974242664e-17,proxy_dimensions,3,,,,,0,107,1.0709463511955108,,,
HSPA1A,3,6,COL6A1;CDH2;KIT,GAPDH;RAB25;ATM;TP53BP1;PTEN;TP53,1,3,3,3,0.041865468591762614,0.04932636236669901,0.4,0.2,6.543190841014486e-22;0.00017942164761088503;0.04844761763959231;0.0874850048791118,2.3678436708676473e-24;7.655708121428055e-07;0.0037944184649638234,reported,3,0.14318871391720542,0.4668851983932206;0.2474701622716916;0.14318871391720542,0.03169252031366331,True,1,107,1.1077597062434794,1.193681222266344,0.03674978853136817,0.6061869010430533
GAB2,1,58,VHL,MYH11;GAPDH;ESR1;TUBA1B;TFRC;IGFBP2;CLDN7;CCNB1;FN1;CAV1;CDH1;SERPINE1;HSPA1A;SYK;ANXA1;AR;RAB25;CASP7;RICTOR;CCNE1;ATM;INPP4B;FASN;CTNNB1;MSH6;STAT5A;MYC;ASNS;BCL2L11;SQSTM1;EEF2K;ERBB2;PDCD4;RPS6;ACACA;TP53BP1;TGM2;FOXM1;MSH2;MAPK1;DIABLO;BRAF;ERBB3;NF2;RBM15;MAP2K1;PTEN;TP53;ETS1;CHEK2;PEA15;COL6A1;EEF2;PRKCA;CDH2;KIT;PREX1;LCK,1,2,2,1,,0.04932636236669901,0.2,0.15,3.3929515953989965e-42;6.497863119250837e-14,2.7849387106759156e-25,proxy_dimensions,2,,,,,0,107,0.9853946135545496,,,
ASNS,1,58,ERBB2,MYH11;VHL;GAPDH;ESR1;TUBA1B;TFRC;IGFBP2;CLDN7;CCNB1;FN1;CAV1;CDH1;SERPINE1;HSPA1A;SYK;ANXA1;AR;RAB25;CASP7;RICTOR;CCNE1;GAB2;ATM;INPP4B;FASN;CTNNB1;MSH6;STAT5A;MYC;BCL2L11;SQSTM1;EEF2K;PDCD4;RPS6;ACACA;TP53BP1;TGM2;FOXM1;MSH2;MAPK1;DIABLO;BRAF;ERBB3;NF2;RBM15;MAP2K1;PTEN;TP53;ETS1;CHEK2;PEA15;COL6A1;EEF2;PRKCA;CDH2;KIT;PREX1;LCK,1,2,2,1,,0.04932636236669901,0.2,0.15,4.7317485009669475e-39;4.0222198861228514e-17,5.122246517072714e-19,proxy_dimensions,2,,,,,0,107,1.0238008654250599,,,
BCL2L11,3,6,CCNE1;PDCD4;PEA15,GAPDH;RAB25;ATM;TP53BP1;PTEN;TP53,1,4,4,3,,0.04932636236669901,0.4,0.2,2.1465418594614966e-31;5.10498592214272e-13;3.72804130231265e-05;0.0464475015017705,6.726719079725392e-29;3.4204710692863524e-10;0.0002577421916714135,proxy_dimensions,4,,,,,0,107,1.1265032446271146,,,
BRAF,2,36,EEF2K;ETS1,VHL;GAPDH;ESR1;TUBA1B;TFRC;IGFBP2;CLDN7;FN1;CDH1;SERPINE1;SYK;ANXA1;AR;RAB25;CASP7;GAB2;ATM;FASN;CTNNB1;STAT5A;ASNS;SQSTM1;ERBB2;ACACA;TP53BP1;TGM2;MAPK1;NF2;RBM15;PTEN;TP53;CHEK2;PEA15;CDH2;PREX1;LCK,1,3,3,2,,0.04932636236669901,0.2,0.15,1.712248707901139e-67;6.417566921532977e-33;5.115521864177733e-10,1.5125424874620594e-36;1.0151159430117493e-11,proxy_dimensions,3,,,,,0,107,0.9913213984545227,,,
CDH2,3,6,HSPA1A;CCNE1;STAT5A,GAPDH;RAB25;ATM;TP53BP1;PTEN;TP53,1,3,3,3,0.056316607117265736,0.04932636236669901,0.4,0.2,2.482562772169657e-19;1.1515576283601241e-10;0.00020874991495020115;0.1324351658676273,6.547035366692353e-19;5.328163714559207e-10;0.00027810696309087064,reported,3,0.1792645516596507,0.36437337689971766;0.29172560502831574;0.1792645516596507,0.04549336273277117,True,1,107,0.9958483432268741,1.9727498645908552,0.06174530871375851,0.6146140667861729
CLDN7,2,10,CDH1;MAPK1,TFRC;IGFBP2;RAB25;ATM;STAT5A;SQSTM1;MAP2K1;PTEN;TP53;CDH2,1,3,3,2,,0.04932636236669901,0.4,0.2,1.663456360346354e-33;2.602275911370428e-17;9.853910879917603e-07,2.4224175596866127e-23;4.905244391931136e-07,proxy_dimensions,3,,,,,0,108,0.9612122628251746,,,
CDH1,3,10,CLDN7;CAV1;CTNNB1,TFRC;IGFBP2;RAB25;ATM;STAT5A;SQSTM1;MAP2K1;PTEN;TP53;CDH2,1,4,4,3,,0.04932636236669901,0.4,0.2,6.256580415971878e-57;2.479436416480687e-18;3.1643678986151804e-10;0.0007912746852008321,7.614711272807193e-46;5.5289491915313086e-15;1.573685440615748e-07,proxy_dimensions,4,,,,,0,108,0.9548607606799296,,,
HSPA1A,2,10,GAPDH;COL6A1,TFRC;IGFBP2;RAB25;ATM;STAT5A;SQSTM1;MAP2K1;PTEN;TP53;CDH2,1,3,3,2,,0.04932636236669901,0.4,0.2,2.1736970992888307e-24;1.4556322469687703e-09;2.4886095842151065e-05,3.8739657770600396e-18;5.485432701292882e-05,proxy_dimensions,3,,,,,0,108,1.0035210467432085,,,
GAB2,2,10,VHL;KIT,TFRC;IGFBP2;RAB25;ATM;STAT5A;SQSTM1;MAP2K1;PTEN;TP53;CDH2,1,2,2,2,0.07280951167776145,0.04932636236669901,0.4,0.2,1.8646117327357565e-18;3.600950121845389e-08;0.1191543503291048,2.579875728659398e-13;0.0006592902913859672,reported,2,0.1679371975628847,0.3512459663208804;0.1679371975628847,0.050909151173822886,True,1,108,1.027724378049138,3.6463396619556367,0.183301661314447,0.6866870243661057
ASNS,4,10,CCNB1;ACACA;CHEK2;PRKCA,TFRC;IGFBP2;RAB25;ATM;STAT5A;SQSTM1;MAP2K1;PTEN;TP53;CDH2,1,5,5,4,,0.04932636236669901,0.4,0.2,1.0196529038890848e-53;3.6861682531060006e-26;1.990126421469626e-11;1.38323038544332e-05;0.0018027106036322528,3.163691290997276e-47;3.6179675753101983e-19;1.7316294316653219e-09;0.0034588788954782205,proxy_dimensions,5,,,,,0,108,1.0372242595824723,,,
BCL2L11,3,10,CCNE1;INPP4B;PRKCA,TFRC;IGFBP2;RAB25;ATM;STAT5A;SQSTM1;MAP2K1;PTEN;TP53;CDH2,1,3,3,3,0.04468213058022656,0.04932636236669901,0.4,0.2,2.443446471726209e-48;4.848453361511723e-23;3.2186228537101054e-05;0.5819772840945758,1.0717451833828316e-56;7.451082121580907e-28;1.8864014871752658e-05,reported,3,0.2103200450232634,0.5631710117229987;0.4975602883542474;0.2103200450232634,0.03046328414957506,True,1,108,1.0222684208085386,-0.9815204164913828,0.04355417881971401,0.6864871698540004
BRAF,4,10,CAV1;CTNNB1;EEF2K;ETS1,TFRC;IGFBP2;RAB25;ATM;STAT5A;SQSTM1;MAP2K1;PTEN;TP53;CDH2,1,5,5,4,,0.04932636236669901,0.4,0.2,7.850753022031478e-49;2.52666030974993e-23;1.94970576533657e-12;2.3490186304150795e-06;0.012277401006128686,5.812088008438655e-43;1.3096249641912432e-18;1.9668047399880194e-07;0.0010824952416500077,proxy_dimensions,5,,,,,0,108,0.9695375310003699,,,
CDH2,4,2,CDH1;SERPINE1;CTNNB1;STAT5A,RAB25;TP53,1,2,2,2,0.046017414084944946,0.04932636236669901,0.4,0.15,4.114615760012248e-13;8.667894909608067e-05,1.0325433866051077e-11;0.004306924455944214,reported,2,0.17890182144726,0.3572217871061533;0.17890182144726,0.04601741408494497,True,1,108,0.9966143587230397,-1.3383900374961064,0.016524963372434125,0.7248304109747331
CLDN7,1,39,PRKCA,VHL;GAPDH;ESR1;TUBA1B;TFRC;IGFBP2;CCNB1;FN1;CDH1;SERPINE1;SYK;ANXA1;RAB25;CASP7;CCNE1;GAB2;ATM;FASN;CTNNB1;MSH6;STAT5A;ASNS;BCL2L11;SQSTM1;PDCD4;RPS6;ACACA;TP53BP1;TGM2;FOXM1;MSH2;DIABLO;RBM15;MAP2K1;PTEN;TP53;CHEK2;CDH2;KIT,1,2,2,1,,0.04932636236669901,0.2,0.15,5.0991389992438035e-85;5.109339982378076e-37,1.8568632909928829e-38,proxy_dimensions,2,,,,,0,109,1.0110693034556726,,,
CDH1,1,53,CTNNB1,MYH11;VHL;ESR1;TFRC;IGFBP2;CLDN7;CCNB1;FN1;CAV1;SERPINE1;HSPA1A;SYK;ANXA1;AR;RAB25;CASP7;RICTOR;CCNE1;GAB2;ATM;INPP4B;FASN;MSH6;MYC;ASNS;BCL2L11;SQSTM1;EEF2K;ERBB2;PDCD4;RPS6;ACACA;TP53BP1;TGM2;FOXM1;MSH2;MAPK1;BRAF;ERBB3;NF2;RBM15;MAP2K1;PTEN;TP53;ETS1;CHEK2;PEA15;COL6A1;EEF2;PRKCA;KIT;PREX1;LCK,1,2,2,1,,0.04932636236669901,0.2,0.15,1.377492516641706e-85;3.945421226625493e-32,4.174076634008561e-44,proxy_dimensions,2,,,,,0,109,1.07390735531644,,,
HSPA1A,3,12,COL6A1;CDH2;KIT,VHL;GAPDH;TUBA1B;TFRC;RAB25;GAB2;ATM;DIABLO;MAP2K1;PTEN;TP53;EEF2,1,3,3,3,0.06871113423167201,0.04932636236669901,0.4,0.2,1.06298186490089e-30;1.3316992903374853e-11;0.0008894096930679631;0.062420665173794986,9.03257332811658e-37;5.2586335916225033e-17;5.480699566655677e-07,reported,3,0.24522482853659494,0.489290123490235;0.36362802046482645;0.24522482853659494,0.03942275765761802,True,1,109,0.98181771418377,1.1158962607889265,0.08775780232598573,0.6662153819312928
GAB2,2,57,VHL;RAB25,MYH11;GAPDH;ESR1;TUBA1B;TFRC;IGFBP2;CLDN7;CCNB1;FN1;CAV1;CDH1;SERPINE1;HSPA1A;SYK;ANXA1;AR;CASP7;RICTOR;CCNE1;ATM;INPP4B;FASN;CTNNB1;MSH6;STAT5A;MYC;ASNS;BCL2L11;SQSTM1;EEF2K;ERBB2;PDCD4;RPS6;ACACA;TP53BP1;TGM2;FOXM1;MSH2;MAPK1;DIABLO;BRAF;ERBB3;NF2;RBM15;MAP2K1;PTEN;TP53;ETS1;CHEK2;PEA15;COL6A1;EEF2;PRKCA;CDH2;KIT;PREX1;LCK,1,3,3,2,,0.04932636236669901,0.4,0.2,6.771544913026335e-54;1.6231494990616234e-28;1.8738919300320803e-08,1.6325133627753972e-36;3.6272451443246434e-14,proxy_dimensions,3,,,,,0,109,1.012057134082314,,,
ASNS,1,45,PRKCA,VHL;GAPDH;ESR1;TUBA1B;TFRC;IGFBP2;CCNB1;FN1;CDH1;SERPINE1;SYK;ANXA1;RAB25;CASP7;CCNE1;GAB2;ATM;FASN;CTNNB1;MSH6;STAT5A;BCL2L11;SQSTM1;ERBB2;PDCD4;RPS6;ACACA;TP53BP1;TGM2;FOXM1;MSH2;MAPK1;DIABLO;NF2;RBM15;MAP2K1;PTEN;TP53;CHEK2;PEA15;EEF2;CDH2;KIT;PREX1;LCK,1,2,2,1,,0.04932636236669901,0.2,0.2,8.886298088889983e-63;1.536996400258422e-25,9.653882287764852e-39,proxy_dimensions,2,,,,,0,109,1.0073926543473644,,,
BCL2L11,2,12,ANXA1;INPP4B,VHL;GAPDH;TUBA1B;TFRC;RAB25;GAB2;ATM;DIABLO;MAP2K1;PTEN;TP53;EEF2,1,3,3,2,,0.04932636236669901,0.4,0.2,3.179419252371938e-17;1.109720972412545e-09;2.7396640374954574e-05,7.90700132854223e-13;4.5124554884506436e-05,proxy_dimensions,3,,,,,0,109,0.9777861928734853,,,
BRAF,4,39,CAV1;EEF2K;NF2;ETS1,VHL;GAPDH;ESR1;TUBA1B;TFRC;IGFBP2;CCNB1;FN1;CDH1;SERPINE1;SYK;ANXA1;RAB25;CASP7;CCNE1;GAB2;ATM;FASN;CTNNB1;MSH6;STAT5A;ASNS;BCL2L11;SQSTM1;PDCD4;RPS6;ACACA;TP53BP1;TGM2;FOXM1;MSH2;DIABLO;RBM15;MAP2K1;PTEN;TP53;CHEK2;CDH2;KIT,1,5,5,4,,0.04932636236669901,0.2,0.15,1.1443976926796637e-132;5.746671793104006e-82;7.950080854209572e-46;5.4998699580586354e-24;7.830967861421541e-10,4.9771954374813477e-110;5.789292969282354e-60;1.0905648986480584e-31;1.1341719363692966e-09,proxy_dimensions,5,,,,,0,109,1.009773270803171,,,
CDH2,3,12,HSPA1A;STAT5A;SQSTM1,VHL;GAPDH;TUBA1B;TFRC;RAB25;GAB2;ATM;DIABLO;MAP2K1;PTEN;TP53;EEF2,1,4,4,3,,0.04932636236669901,0.4,0.2,7.582864023006021e-42;1.5775142514202515e-20;3.587074861745594e-08;0.0008623561550944005,4.4039871405801e-33;1.3047558804308818e-15;1.0862555759450955e-05,proxy_dimensions,4,,,,,0,109,0.9365629242230711,,,
CLDN7,1,53,CDH1,MYH11;VHL;GAPDH;ESR1;TUBA1B;TFRC;IGFBP2;CCNB1;CAV1;HSPA1A;SYK;ANXA1;AR;RAB25;CASP7;RICTOR;CCNE1;GAB2;ATM;INPP4B;FASN;MSH6;STAT5A;MYC;ASNS;BCL2L11;SQSTM1;EEF2K;ERBB2;PDCD4;RPS6;ACACA;TGM2;FOXM1;MSH2;MAPK1;DIABLO;BRAF;ERBB3;NF2;RBM15;MAP2K1;PTEN;TP53;CHEK2;PEA15;COL6A1;EEF2;PRKCA;CDH2;KIT;PREX1;LCK,1,2,2,1,,0.04932636236669901,0.2,0.15,1.770820409530148e-52;6.352824315962855e-11,7.314744783480088e-23,proxy_dimensions,2,,,,,0,110,1.0190119926228483,,,
CDH1,3,15,CLDN7;CTNNB1;CDH2,VHL;GAPDH;TFRC;SYK;RAB25;GAB2;FASN;PDCD4;ACACA;MAPK1;NF2;MAP2K1;PTEN;TP53;KIT,1,4,4,3,,0.04932636236669901,0.4,0.2,5.770735802764772e-48;1.2389263708666263e-24;1.008961976757683e-09;0.009419606770830981,2.775366267997292e-30;1.9995150707933503e-11;0.002916574354372385,proxy_dimensions,4,,,,,0,110,0.9800956776782042,,,
HSPA1A,2,15,SQSTM1;COL6A1,VHL;GAPDH;TFRC;SYK;RAB25;GAB2;FASN;PDCD4;ACACA;MAPK1;NF2;MAP2K1;PTEN;TP53;KIT,1,3,3,2,,0.04932636236669901,0.4,0.2,2.6406712950964413e-38;2.2009593366073346e-17;2.112836183949512e-06,4.4543490903548827e-26;2.10080188665912e-08,proxy_dimensions,3,,,,,0,110,1.026824680568833,,,
GAB2,1,57,VHL,MYH11;GAPDH;ESR1;TUBA1B;TFRC;IGFBP2;CLDN7;CCNB1;FN1;CAV1;CDH1;SERPINE1;HSPA1A;SYK;ANXA1;AR;RAB25;CASP7;RICTOR;CCNE1;ATM;INPP4B;FASN;CTNNB1;MSH6;STAT5A;MYC;ASNS;BCL2L11;SQSTM1;EEF2K;ERBB2;PDCD4;RPS6;ACACA;TP53BP1;TGM2;FOXM1;MSH2;MAPK1;DIABLO;BRAF;ERBB3;NF2;RBM15;MAP2K1;PTEN;TP53;ETS1;CHEK2;PEA15;COL6A1;EEF2;PRKCA;CDH2;PREX1;LCK,1,2,2,1,,0.04932636236669901,0.4,0.2,9.956673659626081e-36;4.440392073596965e-12,3.763643031646419e-17,proxy_dimensions,2,,,,,0,110,0.960654161052069,,,
ASNS,3,15,CAV1;SQSTM1;CHEK2,VHL;GAPDH;TFRC;SYK;RAB25;GAB2;FASN;PDCD4;ACACA;MAPK1;NF2;MAP2K1;PTEN;TP53;KIT,1,3,3,2,0.0023977804003850536,0.04932636236669901,0.4,0.2,3.259890721671507e-44;4.874983622498319e-14;1.413308255092239e-07;0.16521762134993687,5.891004300564898e-38;4.892087366094456e-12;0.8563242030357974,conditional_information_dimension,3,0.009002084388882593,0.5407092089712047;0.36807430744152425;0.009002084388882593,0.025077740620630364,False,0,110,0.9844323033196153,,,
BCL2L11,2,15,ANXA1;CCNE1,VHL;GAPDH;TFRC;SYK;RAB25;GAB2;FASN;PDCD4;ACACA;MAPK1;NF2;MAP2K1;PTEN;TP53;KIT,1,3,3,2,,0.04932636236669901,0.4,0.2,6.63181872733532e-24;1.0232289288277783e-09;0.0001484947115104658,9.347004144048112e-13;1.0120090691649228e-05,proxy_dimensions,3,,,,,0,110,0.9956495516856336,,,
BRAF,2,34,CAV1;EEF2K,VHL;GAPDH;ESR1;TUBA1B;TFRC;IGFBP2;CLDN7;CCNB1;FN1;CDH1;SERPINE1;HSPA1A;SYK;ANXA1;CASP7;CCNE1;GAB2;ATM;CTNNB1;MSH6;STAT5A;SQSTM1;ERBB2;TP53BP1;FOXM1;MSH2;DIABLO;RBM15;TP53;ETS1;CDH2;KIT;PREX1;LCK,1,3,3,2,,0.04932636236669901,0.2,0.15,1.2185048682628427e-69;3.957712625516764e-31;8.182986244433855e-13,5.008397284405289e-39;2.3666069445779165e-19,proxy_dimensions,3,,,,,0,110,0.9839851783800674,,,
CDH2,4,15,CDH1;STAT5A;SQSTM1;DIABLO,VHL;GAPDH;TFRC;SYK;RAB25;GAB2;FASN;PDCD4;ACACA;MAPK1;NF2;MAP2K1;PTEN;TP53;KIT,1,5,5,4,,0.04932636236669901,0.4,0.2,8.033343511221159e-41;2.403371578660434e-18;5.141837185800338e-10;4.386386440558558e-06;0.00955106334965789,8.155019678220957e-38;6.88399546669141e-15;2.0700355067712594e-06;0.00453788472583605,proxy_dimensions,5,,,,,0,110,1.121931971512168,,,
CLDN7,2,12,CDH1;MAP2K1,GAPDH;TUBA1B;TFRC;RAB25;ATM;FASN;BCL2L11;ERBB2;PDCD4;ACACA;PTEN;TP53,1,3,3,2,,0.04932636236669901,0.4,0.2,5.1535402447248115e-31;6.27324565498987e-08;0.0014742579453435342,1.130195788317598e-12;0.0006490285286889717,proxy_dimensions,3,,,,,0,111,1.0310769468624412,,,
CDH1,4,12,CLDN7;CAV1;CTNNB1;SQSTM1,GAPDH;TUBA1B;TFRC;RAB25;ATM;FASN;BCL2L11;ERBB2;PDCD4;ACACA;PTEN;TP53,1,5,5,4,,0.04932636236669901,0.4,0.2,7.237657395334126e-63;3.383649822649417e-32;5.542793702983111e-09;0.00010799769764405126;0.04007815040547839,1.2964681440085667e-42;7.122351064490144e-16;1.247007836160087e-06;0.03539576099647077,proxy_dimensions,5,,,,,0,111,1.074718280176096,,,
HSPA1A,4,27,SYK;SQSTM1;COL6A1;KIT,VHL;GAPDH;TUBA1B;TFRC;IGFBP2;CLDN7;CDH1;ANXA1;RAB25;CCNE1;GAB2;ATM;FASN;CTNNB1;ASNS;BCL2L11;ERBB2;PDCD4;ACACA;TP53BP1;DIABLO;RBM15;MAP2K1;PTEN;TP53;CHEK2;EEF2,1,5,5,4,,0.04932636236669901,0.4,0.25,1.7405555012306407e-63;7.304293153459986e-26;2.1882080909581244e-16;1.629626285960358e-07;0.006036855324634954,1.296802393382525e-55;3.594727445867056e-23;2.0105982276703523e-13;0.00039217784189043373,proxy_dimensions,5,,,,,0,111,1.0631867894155125,,,
GAB2,1,12,VHL,GAPDH;TUBA1B;TFRC;RAB25;ATM;FASN;BCL2L11;ERBB2;PDCD4;ACACA;PTEN;TP53,1,2,2,1,,0.04932636236669901,0.4,0.2,3.168923994235826e-19;0.0026924344852476503,1.9791689985685593e-08,proxy_dimensions,2,,,,,0,111,1.0410195911839837,,,
ASNS,2,26,RAB25;CHEK2,VHL;GAPDH;TUBA1B;TFRC;CLDN7;CCNB1;CDH1;SYK;ANXA1;GAB2;ATM;CTNNB1;MSH6;BCL2L11;ERBB2;PDCD4;TP53BP1;FOXM1;MSH2;MAPK1;DIABLO;NF2;RBM15;MAP2K1;PTEN;TP53,1,3,3,2,,0.04932636236669901,0.2,0.15,2.3268063049556633e-58;1.3183484524777134e-24;4.840997140651469e-07,9.659095561274186e-40;1.3863006484798304e-19,proxy_dimensions,3,,,,,0,111,1.0240698581591692,,,
BCL2L11,1,58,ANXA1,MYH11;VHL;GAPDH;ESR1;TUBA1B;TFRC;IGFBP2;CLDN7;CCNB1;FN1;CAV1;CDH1;SERPINE1;HSPA1A;SYK;AR;RAB25;CASP7;RICTOR;CCNE1;GAB2;ATM;INPP4B;FASN;CTNNB1;MSH6;STAT5A;MYC;ASNS;SQSTM1;EEF2K;ERBB2;PDCD4;RPS6;ACACA;TP53BP1;TGM2;FOXM1;MSH2;MAPK1;DIABLO;BRAF;ERBB3;NF2;RBM15;MAP2K1;PTEN;TP53;ETS1;CHEK2;PEA15;COL6A1;EEF2;PRKCA;CDH2;KIT;PREX1;LCK,1,2,2,1,,0.04932636236669901,0.2,0.15,9.116960533125495e-53;5.4173198286525635e-17,2.875083511220346e-24,proxy_dimensions,2,,,,,0,111,0.956413600348689,,,
BRAF,3,26,CAV1;EEF2K;ETS1,VHL;GAPDH;TUBA1B;TFRC;CLDN7;CCNB1;CDH1;SYK;ANXA1;GAB2;ATM;CTNNB1;MSH6;BCL2L11;ERBB2;PDCD4;TP53BP1;FOXM1;MSH2;MAPK1;DIABLO;NF2;RBM15;MAP2K1;PTEN;TP53,1,4,4,3,,0.04932636236669901,0.2,0.15,3.2819647178005764e-72;1.8970306310962507e-33;5.821835217800669e-19;4.778661719252535e-09,3.2171812549665486e-44;4.2439428818906977e-20;4.871232649293307e-09,proxy_dimensions,4,,,,,0,111,1.0527302516833523,,,
CDH2,3,12,HSPA1A;STAT5A;SQSTM1,GAPDH;TUBA1B;TFRC;RAB25;ATM;FASN;BCL2L11;ERBB2;PDCD4;ACACA;PTEN;TP53,1,3,3,2,0.024596359749283588,0.04932636236669901,0.4,0.2,6.490050730651724e-16;8.925720738201233e-07;0.035396565218655744;0.22325261673033509,5.272528519722374e-18;6.415671729278468e-09;0.08204527038621573,conditional_information_dimension,3,0.08630068541445049,0.36649894571899944;0.31038477993444635;0.08630068541445049,0.021844858011011374,False,0,111,0.9978352459711458,,,
CLDN7,2,56,RAB25;MAPK1,MYH11;VHL;GAPDH;ESR1;TUBA1B;TFRC;IGFBP2;CCNB1;FN1;CAV1;CDH1;SERPINE1;HSPA1A;SYK;ANXA1;AR;CASP7;RICTOR;CCNE1;ATM;INPP4B;FASN;CTNNB1;MSH6;STAT5A;MYC;ASNS;BCL2L11;SQSTM1;EEF2K;ERBB2;PDCD4;RPS6;ACACA;TP53BP1;TGM2;FOXM1;MSH2;DIABLO;BRAF;ERBB3;NF2;RBM15;MAP2K1;PTEN;TP53;ETS1;CHEK2;PEA15;COL6A1;EEF2;PRKCA;CDH2;KIT;PREX1;LCK,1,3,3,2,,0.04932636236669901,0.2,0.15,1.000228139768372e-105;3.420800489017588e-43;1.878050895568724e-12,3.8625447166967616e-73;8.512754581957735e-13,proxy_dimensions,3,,,,,0,112,0.9375665764402652,,,
CDH1,2,16,CLDN7;CTNNB1,VHL;GAPDH;SYK;RAB25;GAB2;ATM;FASN;ASNS;BCL2L11;ERBB2;RPS6;ACACA;RBM15;MAP2K1;TP53;EEF2,1,3,3,2,,0.04932636236669901,0.4,0.2,9.905875669701458e-52;6.508881603088976e-23;1.1371876883720004e-07,6.4790892072438965e-37;4.0452242186847905e-15,proxy_dimensions,3,,,,,0,112,0.9521529142849856,,,
HSPA1A,4,16,SQSTM1;COL6A1;CDH2;KIT,VHL;GAPDH;SYK;RAB25;GAB2;ATM;FASN;ASNS;BCL2L11;ERBB2;RPS6;ACACA;RBM15;MAP2K1;TP53;EEF2,1,5,5,4,,0.04932636236669901,0.4,0.2,3.517137085511602e-51;5.1682199851829525e-23;5.064716431467202e-12;1.6913342767880987e-07;0.009121883417593502,5.2096160811483704e-46;1.4663326683656032e-20;2.403773842398058e-09;0.00010251928351210942,proxy_dimensions,5,,,,,0,112,0.9924721142029078,,,
GAB2,2,57,VHL;RAB25,MYH11;GAPDH;ESR1;TUBA1B;TFRC;IGFBP2;CLDN7;CCNB1;FN1;CAV1;CDH1;SERPINE1;HSPA1A;SYK;ANXA1;AR;CASP7;RICTOR;CCNE1;ATM;INPP4B;FASN;CTNNB1;MSH6;STAT5A;MYC;ASNS;BCL2L11;SQSTM1;EEF2K;ERBB2;PDCD4;RPS6;ACACA;TP53BP1;TGM2;FOXM1;MSH2;MAPK1;DIABLO;BRAF;ERBB3;NF2;RBM15;MAP2K1;PTEN;TP53;ETS1;CHEK2;PEA15;COL6A1;EEF2;PRKCA;CDH2;KIT;PREX1;LCK,1,3,3,2,,0.04932636236669901,0.4,0.2,6.792817149289102e-63;1.288463391185298e-31;2.34588805296037e-10,6.7860970739508454e-49;1.640886763627727e-21,proxy_dimensions,3,,,,,0,112,0.9576835685005327,,,
ASNS,1,37,ACACA,VHL;GAPDH;ESR1;TUBA1B;IGFBP2;CLDN7;FN1;CDH1;SERPINE1;SYK;ANXA1;RAB25;CASP7;GAB2;ATM;CTNNB1;MSH6;STAT5A;BCL2L11;ERBB2;PDCD4;TP53BP1;MSH2;MAPK1;DIABLO;BRAF;NF2;RBM15;MAP2K1;PTEN;TP53;ETS1;EEF2;CDH2;KIT;PREX1;LCK,1,2,2,1,,0.04932636236669901,0.2,0.15,3.494459161262264e-54;8.710032808714824e-19,1.7687961943782862e-30,proxy_dimensions,2,,,,,0,112,1.053277022043564,,,
BCL2L11,1,57,ANXA1,MYH11;VHL;GAPDH;ESR1;TUBA1B;TFRC;IGFBP2;CLDN7;CCNB1;FN1;CAV1;CDH1;SERPINE1;HSPA1A;SYK;AR;RAB25;CASP7;RICTOR;CCNE1;GAB2;ATM;INPP4B;FASN;CTNNB1;MSH6;STAT5A;MYC;ASNS;SQSTM1;EEF2K;ERBB2;PDCD4;RPS6;ACACA;TP53BP1;TGM2;FOXM1;MSH2;MAPK1;DIABLO;BRAF;ERBB3;NF2;RBM15;MAP2K1;TP53;ETS1;CHEK2;PEA15;COL6A1;EEF2;PRKCA;CDH2;KIT;PREX1;LCK,1,2,2,1,,0.04932636236669901,0.2,0.15,2.2137637618803536e-67;3.772013123036225e-20,1.911575643174392e-35,proxy_dimensions,2,,,,,0,112,0.9411203387802753,,,
BRAF,1,58,ETS1,MYH11;VHL;GAPDH;ESR1;TUBA1B;TFRC;IGFBP2;CLDN7;CCNB1;FN1;CAV1;CDH1;SERPINE1;HSPA1A;SYK;ANXA1;AR;RAB25;CASP7;RICTOR;CCNE1;GAB2;ATM;INPP4B;FASN;CTNNB1;MSH6;STAT5A;MYC;ASNS;BCL2L11;SQSTM1;EEF2K;ERBB2;PDCD4;RPS6;ACACA;TP53BP1;TGM2;FOXM1;MSH2;MAPK1;DIABLO;ERBB3;NF2;RBM15;MAP2K1;PTEN;TP53;CHEK2;PEA15;COL6A1;EEF2;PRKCA;CDH2;KIT;PREX1;LCK,1,2,2,1,,0.04932636236669901,0.2,0.15,2.882245778833793e-91;4.569598811430711e-32,8.991012283805228e-47,proxy_dimensions,2,,,,,0,112,0.9514758109472652,,,
CDH2,2,16,HSPA1A;SQSTM1,VHL;GAPDH;SYK;RAB25;GAB2;ATM;FASN;ASNS;BCL2L11;ERBB2;RPS6;ACACA;RBM15;MAP2K1;TP53;EEF2,1,3,3,2,,0.04932636236669901,0.4,0.2,5.896228931470332e-25;6.386700257561497e-14;3.0495010445155404e-06,8.888197257802541e-17;6.217170227719496e-06,proxy_dimensions,3,,,,,0,112,1.031198910375941,,,
CLDN7,3,4,CDH1;RAB25;PRKCA,IGFBP2;NF2;PTEN;TP53,1,4,4,3,,0.04932636236669901,0.4,0.2,6.896759140457097e-20;2.7844781004061897e-12;1.4473572292899561e-05;0.013705926563077335,1.5065763481644574e-14;6.144932094187293e-08;0.0030255483412274745,proxy_dimensions,4,,,,,0,113,1.034259414244016,,,
CDH1,5,3,CLDN7;CAV1;CTNNB1;STAT5A;CDH2,NF2;PTEN;TP53,1,3,3,3,0.038129224837851625,0.04932636236669901,0.4,0.15,2.0187948652826682e-16;0.00011452146733984274;0.021910095765065127,7.678757503152482e-12;0.00013692228314241667;0.009852094931092658,reported,3,0.1667400603576225,0.3543847490243939;0.2182127737049228;0.1667400603576225,0.038129224837851625,True,1,113,1.0386875822728776,0.01950702099113633,0.09453679883006814,0.5671670898067743
HSPA1A,3,3,SQSTM1;COL6A1;CDH2,NF2;PTEN;TP53,1,2,2,2,0.06383554914851602,0.04932636236669901,0.4,0.15,1.9551528631844245e-10;0.011033586154492372;0.1912019524775012,1.6834020286300922e-11;0.019599089884697447,reported,2,0.138676965796387,0.35402756439938754;0.138676965796387,0.056045341683062265,True,1,113,1.0333412635014203,-1.1023800618492516,-0.013372663976391374,0.561660986065069
GAB2,4,33,ERBB2;NF2;KIT;LCK,GAPDH;TUBA1B;TFRC;IGFBP2;CCNB1;FN1;CDH1;SERPINE1;HSPA1A;SYK;ANXA1;RAB25;CCNE1;FASN;CTNNB1;MSH6;STAT5A;ASNS;BCL2L11;SQSTM1;PDCD4;ACACA;TP53BP1;FOXM1;MSH2;MAPK1;DIABLO;RBM15;PTEN;TP53;CHEK2;PEA15;CDH2,1,5,5,4,,0.04932636236669901,0.2,0.15,1.4699120652292555e-89;8.515664645109396e-52;5.646295954840607e-26;2.186716983482842e-13;1.2838995323928403e-05,2.9701329858689998e-80;5.4114016065358235e-43;1.6196505116075919e-21;2.5732307529307212e-09,proxy_dimensions,5,,,,,0,113,0.936995431937991,,,
ASNS,4,3,FN1;SQSTM1;ACACA;PRKCA,NF2;PTEN;TP53,1,3,3,3,0.04309290356719134,0.04932636236669901,0.4,0.15,7.643071857653727e-21;1.8243463088855778e-10;0.011750562439582083,3.1375134850536667e-15;0.00014164902453651324;0.005212798463598949,reported,3,0.16027252836558797,0.39651947283501277;0.2002716132167603;0.16027252836558797,0.04309290356719135,True,1,113,1.0081995904727357,3.5483238460675044,0.22354140193241803,0.5809618224081162
BCL2L11,3,3,CCNE1;INPP4B;PDCD4,NF2;PTEN;TP53,1,3,3,2,0.029201070666224183,0.04932636236669901,0.4,0.15,2.287286277747344e-15;0.0009392297065770193;0.009433338096210669,5.349527020012037e-14;0.005900475853152857;0.06449566474092153,conditional_information_dimension,3,0.09172745370690001,0.39318193684869096;0.1642760656068766;0.09172745370690001,0.02920107066622421,False,0,113,1.0374776858574462,,,
BRAF,3,21,CAV1;CTNNB1;ETS1,TUBA1B;TFRC;IGFBP2;FN1;SERPINE1;ANXA1;RAB25;FASN;STAT5A;ASNS;EEF2K;ERBB2;PDCD4;ACACA;DIABLO;NF2;MAP2K1;PTEN;TP53;EEF2;CDH2,1,4,4,3,,0.04932636236669901,0.4,0.25,3.860479482460233e-73;5.175827004834962e-35;1.357234816135153e-17;6.1296381107565605e-09,1.0618853764516093e-45;5.478131842743796e-26;3.2791413224750146e-09,proxy_dimensions,4,,,,,0,113,1.0230452924469684,,,
CDH2,6,3,ESR1;CDH1;HSPA1A;CCNE1;STAT5A;PREX1,NF2;PTEN;TP53,1,3,3,3,0.04172560974510681,0.04932636236669901,0.4,0.15,6.741942291589869e-17;1.566861165897121e-05;0.006984148674808379,3.9474353427009944e-15;0.00045316434962998467;0.02189738295968666,reported,3,0.16740569598784738,0.4189862403510087;0.22122474598952674;0.16740569598784738,0.041725609745106834,True,1,113,1.0878105624688075,0.14666231540135766,-0.08725208445038649,0.43885011922537637
CLDN7,2,11,CDH1;PRKCA,VHL;GAPDH;ESR1;RAB25;GAB2;MAPK1;NF2;PTEN;PEA15;EEF2;KIT,1,3,3,2,,0.04932636236669901,0.4,0.2,7.792436694605224e-36;1.4057734974463987e-11;0.00030125859242845687,2.244255540624507e-25;0.00012053448780429995,proxy_dimensions,3,,,,,0,114,0.9716702555493161,,,
CDH1,3,24,CLDN7;CTNNB1;CDH2,MYH11;VHL;GAPDH;TFRC;FN1;CAV1;SERPINE1;HSPA1A;ANXA1;RAB25;RICTOR;MSH6;STAT5A;RPS6;TGM2;MSH2;MAPK1;NF2;MAP2K1;PTEN;TP53;PEA15;COL6A1;EEF2,1,4,4,3,,0.04932636236669901,0.2,0.15,2.2031726505349287e-73;3.5196426432687003e-38;2.135511261842274e-20;8.430124136068734e-06,3.9844696455735997e-54;7.137636200238024e-26;6.65549624976418e-08,proxy_dimensions,4,,,,,0,114,0.9453622999883885,,,
HSPA1A,2,4,RBM15;COL6A1,VHL;RAB25;GAB2;PTEN,1,2,2,2,0.06798186380303334,0.04932636236669901,0.4,0.15,9.292833710252107e-07;0.032952867292598324;0.5594138280167944,1.3530906292392116e-09;0.0007571658155334482,reported,2,0.16609098011292772,0.29110133101479607;0.16609098011292772,0.05097284774766778,True,1,114,0.9500748738879994,1.454017464643548,0.09432758786800188,0.5898664581878543
GAB2,1,24,BRAF,MYH11;VHL;GAPDH;TFRC;FN1;CAV1;SERPINE1;HSPA1A;ANXA1;RAB25;RICTOR;MSH6;STAT5A;RPS6;TGM2;MSH2;MAPK1;NF2;MAP2K1;PTEN;TP53;PEA15;COL6A1;EEF2,1,2,2,1,,0.04932636236669901,0.2,0.15,4.3464068406206993e-47;4.252957934655698e-11,1.1897508314730398e-24,proxy_dimensions,2,,,,,0,114,0.991051522468558,,,
ASNS,2,24,ACACA;CHEK2,MYH11;VHL;GAPDH;TFRC;FN1;CAV1;SERPINE1;HSPA1A;ANXA1;RAB25;RICTOR;MSH6;STAT5A;RPS6;TGM2;MSH2;MAPK1;NF2;MAP2K1;PTEN;TP53;PEA15;COL6A1;EEF2,1,3,3,2,,0.04932636236669901,0.2,0.15,5.954866740672445e-52;1.9573748101535055e-26;5.560469285993151e-12,7.539075813496114e-40;1.7499600375067114e-16,proxy_dimensions,3,,,,,0,114,1.030270004225953,,,
BCL2L11,3,11,ANXA1;CCNE1;PDCD4,VHL;GAPDH;ESR1;RAB25;GAB2;MAPK1;NF2;PTEN;PEA15;EEF2;KIT,1,3,3,3,0.05586947022688934,0.04932636236669901,0.4,0.2,6.805402994321653e-18;1.646929238909054e-10;1.075570888055286e-05;0.2158668568753509,4.9772999455639216e-20;6.481596746827593e-11;0.002766907682616691,reported,3,0.14797132018958362,0.36765157512626934;0.32315094790853055;0.14797132018958362,0.03994265085179816,True,1,114,0.9630607427106006,-0.8770844366399951,0.07849213579031648,0.46561464992807367
BRAF,4,24,CASP7;GAB2;EEF2K;ETS1,MYH11;VHL;GAPDH;TFRC;FN1;CAV1;SERPINE1;HSPA1A;ANXA1;RAB25;RICTOR;MSH6;STAT5A;RPS6;TGM2;MSH2;MAPK1;NF2;MAP2K1;PTEN;TP53;PEA15;COL6A1;EEF2,1,5,5,4,,0.04932636236669901,0.2,0.15,5.344575090138147e-103;5.2717472221913675e-62;8.784667441107483e-29;3.035349479187189e-13;7.167865575920018e-05,1.4030060196251878e-75;1.516069053132859e-41;5.376122512782506e-19;5.1012472766128296e-08,proxy_dimensions,5,,,,,0,114,0.9959948817088553,,,
CDH2,5,4,CDH1;CCNE1;CTNNB1;STAT5A;ACACA,VHL;RAB25;GAB2;PTEN,1,3,3,2,0.02617345422045806,0.04932636236669901,0.4,0.15,8.65005874054941e-17;6.188122905606988e-08;0.0003193313465507319;0.45444844479347557,1.7291920875452054e-13;0.00011469187675897166;0.1553586101125516,conditional_information_dimension,3,0.11353776429293715,0.3789687942661724;0.25101059680757903;0.11353776429293715,0.023420698252835746,False,0,114,0.9866942988822309,,,
CLDN7,2,11,CDH1;PRKCA,GAPDH;ANXA1;RAB25;RPS6;TGM2;DIABLO;MAP2K1;PTEN;TP53;PEA15;EEF2,1,3,3,2,,0.04932636236669901,0.4,0.2,1.527191403109793e-38;1.9647245233498821e-16;3.9563640668913084e-05,4.484651298372437e-16;4.095241721474763e-05,proxy_dimensions,3,,,,,0,115,1.0103896055413077,,,
CDH1,3,11,CLDN7;CTNNB1;CDH2,GAPDH;ANXA1;RAB25;RPS6;TGM2;DIABLO;MAP2K1;PTEN;TP53;PEA15;EEF2,1,4,4,3,,0.04932636236669901,0.4,0.2,7.269833257926868e-49;1.5096778452081113e-26;8.59825900141844e-13;1.0578129654033277e-05,6.238944851485739e-38;8.835448875231589e-24;1.859879098510084e-09,proxy_dimensions,4,,,,,0,115,0.9920801244048172,,,
HSPA1A,3,11,SQSTM1;COL6A1;CDH2,GAPDH;ANXA1;RAB25;RPS6;TGM2;DIABLO;MAP2K1;PTEN;TP53;PEA15;EEF2,1,4,4,3,,0.04932636236669901,0.4,0.2,4.388521735689529e-42;9.166860054948257e-21;1.0818123260204443e-09;0.0014852011228484016,1.8061003756364275e-36;4.1060588444037136e-16;0.00010948808273566078,proxy_dimensions,4,,,,,0,115,1.0654159697687318,,,
GAB2,2,11,VHL;BRAF,GAPDH;ANXA1;RAB25;RPS6;TGM2;DIABLO;MAP2K1;PTEN;TP53;PEA15;EEF2,1,3,3,2,,0.04932636236669901,0.4,0.2,1.7773818682972738e-16;2.591303484075191e-08;0.0055639217070908124,5.651493804843131e-13;1.3735656872611378e-07,proxy_dimensions,3,,,,,0,115,0.984614814385331,,,
ASNS,4,26,CCNE1;ACACA;MSH2;TP53,GAPDH;TUBA1B;TFRC;IGFBP2;FN1;CDH1;SERPINE1;SYK;ANXA1;RAB25;CASP7;GAB2;CTNNB1;EEF2K;ERBB2;TP53BP1;TGM2;DIABLO;BRAF;RBM15;MAP2K1;PTEN;CHEK2;KIT;PREX1;LCK,1,5,5,4,,0.04932636236669901,0.2,0.15,2.9034428100803593e-63;4.9812357636184826e-26;7.462458195720817e-11;4.082969026325595e-05;0.048788514687905904,6.560583668804398e-51;4.745999610725329e-19;2.3196185010801616e-09;0.00016501007760367248,proxy_dimensions,5,,,,,0,115,0.9586032154430937,,,
BCL2L11,3,11,CCNE1;INPP4B;PDCD4,GAPDH;ANXA1;RAB25;RPS6;TGM2;DIABLO;MAP2K1;PTEN;TP53;PEA15;EEF2,1,3,3,2,0.0077250215692274875,0.04932636236669901,0.4,0.2,9.091461021099817e-39;1.9816173396363737e-16;1.566760701895992e-07;0.21563649177007566,4.326244206655939e-32;1.3467165694470875e-14;0.6127650343227891,conditional_information_dimension,3,0.02516138240495841,0.4673180562582485;0.40075587695245524;0.02516138240495841,0.03013802400333899,False,0,115,0.9986741346913237,,,
BRAF,4,11,RICTOR;GAB2;EEF2K;ETS1,GAPDH;ANXA1;RAB25;RPS6;TGM2;DIABLO;MAP2K1;PTEN;TP53;PEA15;EEF2,1,5,5,4,,0.04932636236669901,0.4,0.2,1.3039158193568846e-39;1.0102006385748368e-15;8.075884134427454e-09;0.00013475387282817802;0.04121301031631901,2.0185703935449372e-32;2.146880518961713e-10;2.644898609442032e-05;0.0048599379210203415,proxy_dimensions,5,,,,,0,115,1.0180200749748942,,,
CDH2,5,11,CDH1;HSPA1A;AR;CCNE1;SQSTM1,GAPDH;ANXA1;RAB25;RPS6;TGM2;DIABLO;MAP2K1;PTEN;TP53;PEA15;EEF2,1,6,6,5,,0.04932636236669901,0.4,0.2,1.0064645623379354e-52;3.357428081773806e-31;6.803284421183818e-19;1.9788378198690128e-11;1.549166782806624e-05;0.008346411356285327,5.144798139251411e-41;4.8189256311422615e-24;1.1637920372164827e-13;1.188242460546264e-06;0.013680152187032803,proxy_dimensions,6,,,,,0,115,1.0473398423941787,,,
CLDN7,3,29,CDH1;DIABLO;PRKCA,VHL;ESR1;IGFBP2;SYK;ANXA1;RAB25;CASP7;CCNE1;GAB2;MSH6;STAT5A;BCL2L11;EEF2K;ERBB2;TP53BP1;TGM2;MSH2;MAPK1;BRAF;NF2;RBM15;MAP2K1;PTEN;TP53;PEA15;EEF2;CDH2;PREX1;LCK,1,4,4,3,,0.04932636236669901,0.2,0.15,1.0916566785990633e-67;4.0149089115577126e-36;1.8341272430890749e-19;1.6014349163878655e-07,1.5453136787334664e-41;2.839953953094907e-23;3.5239567641528546e-11,proxy_dimensions,4,,,,,0,116,1.0435296104685434,,,
CDH1,3,29,CLDN7;FN1;CTNNB1,VHL;ESR1;IGFBP2;SYK;ANXA1;RAB25;CASP7;CCNE1;GAB2;MSH6;STAT5A;BCL2L11;EEF2K;ERBB2;TP53BP1;TGM2;MSH2;MAPK1;BRAF;NF2;RBM15;MAP2K1;PTEN;TP53;PEA15;EEF2;CDH2;PREX1;LCK,1,4,4,3,,0.04932636236669901,0.2,0.15,6.666423717697887e-101;1.891472347350704e-47;7.254297538509466e-18;1.3289526642324139e-07,3.0920779908394315e-78;6.679945779587887e-27;4.169392196155458e-12,proxy_dimensions,4,,,,,0,116,1.0351703272576902,,,
HSPA1A,2,8,COL6A1;CDH2,VHL;GAPDH;IGFBP2;RAB25;GAB2;DIABLO;PTEN;TP53,1,3,3,2,,0.04932636236669901,0.4,0.2,2.546263634490104e-22;6.708835399095913e-08;0.0002248130626146764,3.5183953079386327e-19;0.00018005714014920535,proxy_dimensions,3,,,,,0,116,0.9682942947691913,,,
GAB2,2,1,VHL;BRAF,RAB25,1,1,1,0,0.09099275499239425,0.04932636236669901,0.4,0.15,0.03907088827413855,0.05673792472905634,conditional_information_dimension,1,0.11846991300790909,0.11846991300790909,0.09099275499239425,False,0,116,1.0229100011864924,,,
ASNS,2,29,ACACA;CHEK2,VHL;ESR1;IGFBP2;SYK;ANXA1;RAB25;CASP7;CCNE1;GAB2;MSH6;STAT5A;BCL2L11;EEF2K;ERBB2;TP53BP1;TGM2;MSH2;MAPK1;BRAF;NF2;RBM15;MAP2K1;PTEN;TP53;PEA15;EEF2;CDH2;PREX1;LCK,1,3,3,2,,0.04932636236669901,0.2,0.15,1.789216964730695e-56;1.0632304345830422e-25;4.1257669234946837e-10,1.2104010708580645e-37;6.157433687751095e-17,proxy_dimensions,3,,,,,0,116,0.9543391048399683,,,
BCL2L11,3,8,ANXA1;CCNE1;PDCD4,VHL;GAPDH;IGFBP2;RAB25;GAB2;DIABLO;PTEN;TP53,1,3,3,2,0.009549908300721235,0.04932636236669901,0.4,0.2,5.020668831047208e-20;1.7470392231250318e-07;0.0007474748970939326;0.1042644316563038,1.7353871684008998e-15;4.0343192965321195e-05;0.5546533383633521,conditional_information_dimension,3,0.02936897193616677,0.3836023543192485;0.24541760420321163;0.02936897193616677,0.027819318010957512,False,0,116,1.0355698890564276,,,
BRAF,2,8,CAV1;ETS1,VHL;GAPDH;IGFBP2;RAB25;GAB2;DIABLO;PTEN;TP53,1,3,3,2,,0.04932636236669901,0.4,0.2,6.158143102676893e-26;5.500642477541626e-09;0.022726080674165452,1.0925668806648074e-11;0.004321003979464364,proxy_dimensions,3,,,,,0,116,1.014084356711815,,,
CDH2,3,8,CDH1;HSPA1A;STAT5A,VHL;GAPDH;IGFBP2;RAB25;GAB2;DIABLO;PTEN;TP53,1,4,4,3,,0.04932636236669901,0.4,0.2,1.8863123268506428e-35;7.504421844778112e-18;1.6918591477883956e-07;0.0335770369350878,1.614725104144132e-25;1.3188448979566007e-09;0.00010920971697177185,proxy_dimensions,4,,,,,0,116,1.0316612498616649,,,
CLDN7,2,7,CDH1;MAPK1,GAPDH;TUBA1B;TFRC;GAB2;NF2;MAP2K1;PTEN,1,3,3,2,,0.04932636236669901,0.4,0.2,3.0201069668772584e-36;3.522064520063376e-16;6.870665153836154e-09,8.63220839138844e-28;2.061714348857166e-08,proxy_dimensions,3,,,,,0,117,1.0113185030542213,,,
CDH1,3,7,CLDN7;CTNNB1;CDH2,GAPDH;TUBA1B;TFRC;GAB2;NF2;MAP2K1;PTEN,1,4,4,3,,0.04932636236669901,0.4,0.2,6.748506571042781e-43;2.1785440441507792e-21;2.3707071747957575e-10;2.7867999187126494e-05,9.45961242298154e-37;1.8625952803749078e-16;2.0830570351262584e-06,proxy_dimensions,4,,,,,0,117,1.001350704440021,,,
HSPA1A,2,18,SQSTM1;COL6A1,VHL;GAPDH;TUBA1B;TFRC;IGFBP2;SYK;RAB25;CASP7;GAB2;BCL2L11;PDCD4;TGM2;MAPK1;DIABLO;NF2;MAP2K1;TP53;KIT,1,3,3,2,,0.04932636236669901,0.2,0.15,1.0244151566299257e-31;1.092643575910303e-15;3.064241177746903e-08,1.6974190871031029e-16;6.460438091827325e-08,proxy_dimensions,3,,,,,0,117,1.0491572803297993,,,
GAB2,0,0,,,1,0,0,0,,0.04932636236669901,0.2,0.15,,,no_shared_direction,0,,,,,0,117,0.9829696419551849,,,
ASNS,3,18,CAV1;EEF2;PRKCA,VHL;GAPDH;TUBA1B;TFRC;IGFBP2;SYK;RAB25;CASP7;GAB2;BCL2L11;PDCD4;TGM2;MAPK1;DIABLO;NF2;MAP2K1;TP53;KIT,1,4,4,3,,0.04932636236669901,0.2,0.15,8.435286025114186e-62;4.102326586344478e-33;1.0485107506565411e-10;0.034863046080694585,1.4604603818109573e-47;1.1236164816759559e-21;3.135338098147323e-10,proxy_dimensions,4,,,,,0,117,0.9461485944474252,,,
BCL2L11,3,7,CCNE1;INPP4B;PDCD4,GAPDH;TUBA1B;TFRC;GAB2;NF2;MAP2K1;PTEN,1,3,3,2,0.01693930498715168,0.04932636236669901,0.4,0.2,2.1744667488026026e-10;1.6092710301276196e-06;0.009752221451777303;0.10109141179877816,4.088285725820725e-09;0.0018814133610724313;0.2549949965873103,conditional_information_dimension,3,0.05655226329366066,0.30837600852194885;0.19550839596341155;0.05655226329366066,0.03021872634881376,False,0,117,0.9702725171027422,,,
BRAF,3,17,CAV1;CTNNB1;ETS1,VHL;GAPDH;TUBA1B;TFRC;RAB25;GAB2;ATM;FASN;EEF2K;ERBB2;PDCD4;ACACA;NF2;MAP2K1;PTEN;TP53;EEF2,1,4,4,3,,0.04932636236669901,0.4,0.25,2.4322607667087017e-67;5.865922888125679e-31;1.182108387092707e-16;6.5813531490866e-07,5.998867386572401e-46;1.3474438876547658e-22;5.876959039095306e-09,proxy_dimensions,4,,,,,0,117,1.0779238899016839,,,
CDH2,4,7,CDH1;CCNE1;STAT5A;DIABLO,GAPDH;TUBA1B;TFRC;GAB2;NF2;MAP2K1;PTEN,1,3,3,3,0.049993341054472076,0.04932636236669901,0.4,0.2,8.719790262087241e-26;4.8073771559051e-10;0.000660660247809992;0.5008114096067642;0.7637314293346441,1.9376800026763065e-26;2.323117904335738e-13;9.547126749215132e-05,reported,3,0.21163897889189578,0.42647191767346393;0.34965593303423914;0.21163897889189578,0.034783727172400344,True,1,117,1.013015421694459,1.3644005082479553,0.037570494425564926,0.5994962872297619
CLDN7,2,8,CAV1;PRKCA,VHL;TFRC;IGFBP2;RAB25;ATM;EEF2K;MAP2K1;TP53,1,2,2,2,0.07173172134228828,0.04932636236669901,0.4,0.2,6.175847771512812e-26;7.226395335249343e-13;0.13168234475217555,6.733914309239412e-21;0.0006521350945428055,reported,2,0.1680819417473289,0.444259556477338;0.1680819417473289,0.05268089637835944,True,1,118,0.9410269914135604,-6.719951459279357,-0.17457345077877498,0.403872244196161
CDH1,3,2,CTNNB1;STAT5A;CDH2,IGFBP2;RAB25,1,2,2,2,0.08076327345284671,0.04932636236669901,0.4,0.15,8.39935244033555e-08;0.008653436040165788,6.724446000604905e-06;0.003439938610971975,reported,2,0.16620073852582753,0.23325035326127955;0.16620073852582753,0.08076327345284671,True,1,118,0.8589602407643981,-0.7722654166674454,-0.008281559427628917,0.5868379195143206
HSPA1A,1,30,COL6A1,VHL;GAPDH;TUBA1B;TFRC;IGFBP2;CCNB1;SYK;ANXA1;RAB25;CASP7;CCNE1;GAB2;ATM;MSH6;STAT5A;BCL2L11;SQSTM1;ERBB2;PDCD4;TP53BP1;FOXM1;MSH2;DIABLO;BRAF;MAP2K1;CHEK2;CDH2;KIT;PREX1;LCK,1,2,2,1,,0.04932636236669901,0.2,0.15,5.703762330161758e-45;1.051132930722571e-10,8.980464711612349e-23,proxy_dimensions,2,,,,,0,118,1.0210850851669053,,,
GAB2,1,58,BRAF,MYH11;VHL;GAPDH;ESR1;TUBA1B;TFRC;IGFBP2;CLDN7;CCNB1;FN1;CAV1;CDH1;SERPINE1;HSPA1A;SYK;ANXA1;AR;RAB25;CASP7;RICTOR;CCNE1;ATM;INPP4B;FASN;CTNNB1;MSH6;STAT5A;MYC;ASNS;BCL2L11;SQSTM1;EEF2K;ERBB2;PDCD4;RPS6;ACACA;TP53BP1;TGM2;FOXM1;MSH2;MAPK1;DIABLO;ERBB3;NF2;RBM15;MAP2K1;PTEN;TP53;ETS1;CHEK2;PEA15;COL6A1;EEF2;PRKCA;CDH2;KIT;PREX1;LCK,1,2,2,1,,0.04932636236669901,0.2,0.15,9.30447619768014e-56;4.1759505109183477e-13,9.639022775101826e-28,proxy_dimensions,2,,,,,0,118,1.0096318753232967,,,
ASNS,3,8,ACACA;FOXM1;CHEK2,VHL;TFRC;IGFBP2;RAB25;ATM;EEF2K;MAP2K1;TP53,1,3,3,3,0.05774815247240247,0.04932636236669901,0.4,0.2,3.654927382446569e-16;2.0840620663955513e-08;0.028521437979982293;0.785378693694887,1.4933866069889659e-15;3.241974381889147e-07;0.0002869508285935969,reported,3,0.17887257461177145,0.35481516706067895;0.23313964439845056;0.17887257461177145,0.037216648605863996,True,1,118,1.036721664906985,0.12978601381998628,0.12803613387444657,0.44243861344634017
BCL2L11,2,22,ANXA1;INPP4B,VHL;GAPDH;TUBA1B;TFRC;IGFBP2;SYK;RAB25;CASP7;GAB2;ATM;MSH6;STAT5A;SQSTM1;EEF2K;MSH2;DIABLO;BRAF;MAP2K1;PTEN;TP53;EEF2;CDH2,1,2,2,2,0.13710169838173983,0.04932636236669901,0.4,0.25,1.0483713523556394e-34;2.614846509904158e-14;0.052978421003618076,1.0369735935086167e-25;1.8256264753614636e-09,reported,2,0.29205167232884754,0.43983547833906017;0.29205167232884754,0.06574218504743598,True,1,118,0.957215646485444,2.620684006840388,0.2020240094520144,0.2528990885797892
BRAF,2,8,GAB2;ETS1,VHL;TFRC;IGFBP2;RAB25;ATM;EEF2K;MAP2K1;TP53,1,2,2,2,0.06746078515473675,0.04932636236669901,0.4,0.2,1.539951442323381e-17;0.03514133768042518;0.1769579261282281,5.191411777002696e-11;0.003878131618851284,reported,2,0.14267855680827365,0.3264289083227484;0.14267855680827365,0.04121722632347245,True,1,118,0.931536024526846,2.76931717712803,0.08716661103306897,0.3598841071219259
CDH2,2,8,STAT5A;SQSTM1,VHL;TFRC;IGFBP2;RAB25;ATM;EEF2K;MAP2K1;TP53,1,2,2,2,0.1171921056242499,0.04932636236669901,0.4,0.2,1.0512643706006936e-23;1.011908958302766e-07;0.11086386347216659,2.618520325961703e-27;1.09017409009807e-07,reported,2,0.259222847015932,0.4728070150456316;0.259222847015932,0.07016137400266112,True,2,118,0.9816089832788777,2.0320348715779524,0.05594843752434608,0.4816349453456396
CLDN7,3,22,CAV1;CDH1;MAP2K1,GAPDH;TUBA1B;FN1;SERPINE1;SYK;ANXA1;RAB25;ATM;MSH6;ASNS;BCL2L11;ERBB2;PDCD4;TP53BP1;MSH2;MAPK1;DIABLO;NF2;TP53;CHEK2;PEA15;EEF2,1,4,4,3,,0.04932636236669901,0.2,0.15,6.7986789920287685e-71;1.3723637779985503e-34;3.4181001845315807e-16;4.048653974017615e-07,6.558001258855949e-48;3.872586103023586e-28;1.6554450548939302e-10,proxy_dimensions,4,,,,,0,119,1.0263930752315626,,,
CDH1,4,22,TFRC;CLDN7;CTNNB1;RBM15,GAPDH;TUBA1B;FN1;SERPINE1;SYK;ANXA1;RAB25;ATM;MSH6;ASNS;BCL2L11;ERBB2;PDCD4;TP53BP1;MSH2;MAPK1;DIABLO;NF2;TP53;CHEK2;PEA15;EEF2,1,5,5,4,,0.04932636236669901,0.2,0.15,4.281065713381204e-126;6.007383465853394e-71;1.3178546739445424e-45;2.751677906932317e-21;0.015151898679075305,6.598252200522968e-101;7.94618135559507e-51;3.407024600044462e-25;3.140024946818652e-05,proxy_dimensions,5,,,,,0,119,1.022635914576168,,,
HSPA1A,2,6,SQSTM1;COL6A1,GAPDH;ERBB2;RPS6;MAP2K1;PTEN;CDH2,1,3,3,2,,0.04932636236669901,0.4,0.2,4.495729291887112e-16;0.0012035334349434557;0.027006176351857224,2.9474520112122715e-10;0.017331229027982238,proxy_dimensions,3,,,,,0,119,0.9731652819584244,,,
GAB2,1,22,VHL,GAPDH;TUBA1B;FN1;SERPINE1;SYK;ANXA1;RAB25;ATM;MSH6;ASNS;BCL2L11;ERBB2;PDCD4;TP53BP1;MSH2;MAPK1;DIABLO;NF2;TP53;CHEK2;PEA15;EEF2,1,2,2,1,,0.04932636236669901,0.2,0.15,1.2100119658135182e-17;2.0089941924675912e-05,7.505645525084476e-08,proxy_dimensions,2,,,,,0,119,1.0163914013238624,,,
ASNS,1,49,CAV1,GAPDH;ESR1;TUBA1B;TFRC;IGFBP2;CLDN7;CCNB1;FN1;CDH1;SERPINE1;SYK;ANXA1;AR;RAB25;CASP7;CCNE1;ATM;INPP4B;FASN;CTNNB1;MSH6;STAT5A;MYC;BCL2L11;SQSTM1;ERBB2;PDCD4;RPS6;ACACA;TP53BP1;TGM2;FOXM1;MSH2;MAPK1;DIABLO;BRAF;ERBB3;NF2;RBM15;MAP2K1;PTEN;TP53;ETS1;PEA15;EEF2;PRKCA;CDH2;PREX1;LCK,1,2,2,1,,0.04932636236669901,0.4,0.25,8.248315097235693e-55;4.775784799483684e-11,1.0832348248550937e-36,proxy_dimensions,2,,,,,0,119,0.9678883896454107,,,
BCL2L11,1,57,PEA15,MYH11;VHL;GAPDH;ESR1;TUBA1B;TFRC;IGFBP2;CLDN7;CCNB1;FN1;CAV1;CDH1;SERPINE1;HSPA1A;SYK;ANXA1;AR;RAB25;CASP7;RICTOR;CCNE1;GAB2;ATM;INPP4B;FASN;CTNNB1;MSH6;STAT5A;MYC;ASNS;SQSTM1;EEF2K;ERBB2;PDCD4;RPS6;ACACA;TP53BP1;TGM2;FOXM1;MSH2;DIABLO;BRAF;ERBB3;NF2;RBM15;MAP2K1;PTEN;TP53;ETS1;CHEK2;COL6A1;EEF2;PRKCA;CDH2;KIT;PREX1;LCK,1,2,2,1,,0.04932636236669901,0.2,0.15,1.0369693312056358e-62;1.699756119840622e-21,1.7028868319996552e-34,proxy_dimensions,2,,,,,0,119,1.0222718632974852,,,
BRAF,3,6,EEF2K;NF2;ETS1,GAPDH;ERBB2;RPS6;MAP2K1;PTEN;CDH2,1,3,3,3,0.05135431377906385,0.04932636236669901,0.4,0.2,1.5789442026561243e-22;5.851126656215892e-09;0.0011071737520747115;0.2515279263068799,3.868408893890034e-21;6.811372099288479e-10;0.0006132740472443642,reported,3,0.16910037971692835,0.3961801483743372;0.29544176686536316;0.16910037971692835,0.040105505943159765,True,1,119,0.9537006155674221,-1.1169715381725907,0.0512452796098885,0.39755853764366916
CDH2,1,22,STAT5A,GAPDH;TUBA1B;FN1;SERPINE1;SYK;ANXA1;RAB25;ATM;MSH6;ASNS;BCL2L11;ERBB2;PDCD4;TP53BP1;MSH2;MAPK1;DIABLO;NF2;TP53;CHEK2;PEA15;EEF2,1,2,2,1,,0.04932636236669901,0.2,0.15,1.7385518987194708e-22;3.688867608016515e-06,3.042518145492844e-19,proxy_dimensions,2,,,,,0,119,0.9689651592834646,,,
CLDN7,3,10,CDH1;RAB25;TP53BP1,VHL;GAPDH;TFRC;GAB2;ATM;FASN;ACACA;MAP2K1;PTEN;TP53,1,4,4,3,,0.04932636236669901,0.4,0.2,1.569808174765203e-32;2.223533449626467e-15;3.747001373266136e-09;4.1419149097909865e-05,1.7679915001501847e-19;5.509025398114643e-10;7.044000732795204e-05,proxy_dimensions,4,,,,,0,120,0.9760160719018358,,,
CDH1,2,17,CTNNB1;PTEN,VHL;GAPDH;TUBA1B;CLDN7;SYK;GAB2;ATM;FASN;ASNS;PDCD4;ACACA;BRAF;RBM15;MAP2K1;TP53;CHEK2;KIT,1,3,3,2,,0.04932636236669901,0.2,0.15,2.41265834351281e-58;9.439942790539694e-21;2.260097519544182e-06,7.320593822511708e-30;8.305535470391713e-07,proxy_dimensions,3,,,,,0,120,0.9618463704874702,,,
HSPA1A,6,4,CASP7;MYC;SQSTM1;COL6A1;CDH2;PREX1,GAPDH;TFRC;PTEN;TP53,1,3,3,3,0.039731421536898945,0.04932636236669901,0.4,0.15,1.2267969918242142e-17;3.202951991231995e-07;0.008123205710547577;0.3138703665134306,4.802406517738123e-17;4.83952427508766e-06;0.005956530077437516,reported,3,0.18775128341458128,0.4161144088272845;0.26175674757925427;0.18775128341458128,0.034571340755296394,True,2,120,1.0064416885463954,1.2496170189258813,0.05567048474388584,0.5871802845996595
GAB2,1,58,VHL,MYH11;GAPDH;ESR1;TUBA1B;TFRC;IGFBP2;CLDN7;CCNB1;FN1;CAV1;CDH1;SERPINE1;HSPA1A;SYK;ANXA1;AR;RAB25;CASP7;RICTOR;CCNE1;ATM;INPP4B;FASN;CTNNB1;MSH6;STAT5A;MYC;ASNS;BCL2L11;SQSTM1;EEF2K;ERBB2;PDCD4;RPS6;ACACA;TP53BP1;TGM2;FOXM1;MSH2;MAPK1;DIABLO;BRAF;ERBB3;NF2;RBM15;MAP2K1;PTEN;TP53;ETS1;CHEK2;PEA15;COL6A1;EEF2;PRKCA;CDH2;KIT;PREX1;LCK,1,2,2,1,,0.04932636236669901,0.4,0.2,9.205469041460278e-28;7.063304105811476e-07,9.456225814932762e-15,proxy_dimensions,2,,,,,0,120,0.953510921009333,,,
ASNS,6,4,CCNB1;CAV1;FASN;SQSTM1;CHEK2;PRKCA,GAPDH;TFRC;PTEN;TP53,1,4,4,4,0.028824876970229577,0.04932636236669901,0.4,0.15,4.860414332625349e-27;7.622177010281249e-13;0.0007396445071113901;0.011506960140562336,1.5658423424750476e-24;6.181737722925304e-10;0.0011482589233109766;0.017571545504556522,reported,4,0.15757503706757825,0.46534505453819175;0.3386067007131945;0.19530368576112314;0.15757503706757825,0.02882487697022959,True,1,120,1.0168825933869146,-1.0720765370916268,0.012997732762704182,0.5808621424467716
BCL2L11,5,4,FN1;CCNE1;INPP4B;PDCD4;TGM2,GAPDH;TFRC;PTEN;TP53,1,4,4,3,0.012661920398111405,0.04932636236669901,0.4,0.15,1.1372725589996876e-21;9.542559229636231e-12;1.837519950900562e-05;0.04341364737538611,5.910611547152384e-21;1.213283399628005e-11;6.131693967756903e-05;0.40760722159727325,conditional_information_dimension,4,0.0666629486077309,0.39234678616591445;0.33691892767341797;0.25541430934860215;0.0666629486077309,0.012661920398111395,False,0,120,0.9562017551626875,,,
BRAF,2,10,EEF2K;ETS1,VHL;GAPDH;TFRC;GAB2;ATM;FASN;ACACA;MAP2K1;PTEN;TP53,1,2,2,1,0.0426079685644301,0.04932636236669901,0.4,0.2,1.4606254308040254e-20;0.0008219690066874937;0.3042004000490773,3.726402486110932e-09;0.12525391716191883,conditional_information_dimension,2,0.07602263860419034,0.3164429663929945;0.07602263860419034,0.04111673987245354,False,0,120,0.9628343999504662,,,
CDH2,4,4,CDH1;HSPA1A;STAT5A;SQSTM1,GAPDH;TFRC;PTEN;TP53,1,3,3,3,0.04169093403846587,0.04932636236669901,0.4,0.15,5.119711936896462e-21;1.668543886614527e-07;0.03400452895835022;0.2537407650480629,6.446851706357337e-23;1.8115686931610936e-09;0.004437036976450945,reported,3,0.16267807736879972,0.4305218536252276;0.3114690682261997;0.16267807736879972,0.03485873461596669,True,1,120,0.9927846166162589,1.2093174245304177,-0.008430328009422094,0.5838010952105497
CLDN7,3,8,CDH1;ETS1;PRKCA,VHL;GAPDH;IGFBP2;RAB25;BCL2L11;MAPK1;NF2;TP53,1,4,4,3,,0.04932636236669901,0.4,0.2,3.375865097775914e-39;1.1028968131855306e-15;1.2221113618179924e-06;0.025085887907084485,2.6431120291039008e-18;1.8010195091574691e-09;4.924580768855364e-05,proxy_dimensions,4,,,,,0,121,0.9914540421363497,,,
CDH1,4,22,TFRC;CLDN7;FN1;CTNNB1,VHL;TUBA1B;IGFBP2;SYK;ANXA1;RAB25;GAB2;ATM;FASN;ASNS;BCL2L11;ERBB2;PDCD4;ACACA;TP53BP1;MAPK1;DIABLO;NF2;RBM15;PTEN;TP53;PEA15,1,5,5,4,,0.04932636236669901,0.2,0.15,8.532699695984611e-104;3.650619175690839e-50;1.6425625445911965e-24;9.082441659381548e-11;7.5611458192363635e-06,2.0103472527364575e-83;6.682275065541569e-39;4.820095796125196e-21;5.780969373361125e-07,proxy_dimensions,5,,,,,0,121,1.0337616551761053,,,
HSPA1A,2,22,SQSTM1;COL6A1,VHL;TUBA1B;IGFBP2;SYK;ANXA1;RAB25;GAB2;ATM;FASN;ASNS;BCL2L11;ERBB2;PDCD4;ACACA;TP53BP1;MAPK1;DIABLO;NF2;RBM15;PTEN;TP53;PEA15,1,3,3,2,,0.04932636236669901,0.2,0.15,4.011502320037009e-39;3.2528002895402064e-15;1.2409349388829305e-07,2.3350036669379716e-29;4.716817799026143e-08,proxy_dimensions,3,,,,,0,121,1.025287122540427,,,
GAB2,1,57,RAB25,MYH11;VHL;GAPDH;ESR1;TUBA1B;TFRC;IGFBP2;CLDN7;CCNB1;FN1;CAV1;CDH1;SERPINE1;HSPA1A;SYK;ANXA1;AR;CASP7;RICTOR;CCNE1;ATM;INPP4B;FASN;CTNNB1;MSH6;STAT5A;MYC;ASNS;SQSTM1;EEF2K;ERBB2;PDCD4;RPS6;ACACA;TP53BP1;TGM2;FOXM1;MSH2;MAPK1;DIABLO;BRAF;ERBB3;NF2;RBM15;MAP2K1;PTEN;TP53;ETS1;CHEK2;PEA15;COL6A1;EEF2;PRKCA;CDH2;KIT;PREX1;LCK,1,2,2,1,,0.04932636236669901,0.2,0.15,1.5041905272486012e-35;3.381179201497443e-13,7.534960664968305e-20,proxy_dimensions,2,,,,,0,121,0.966870469463696,,,
ASNS,3,8,CAV1;CHEK2;PRKCA,VHL;GAPDH;IGFBP2;RAB25;BCL2L11;MAPK1;NF2;TP53,1,3,3,3,0.09503302241084798,0.04932636236669901,0.4,0.2,3.778347003623786e-44;2.96919837381316e-19;6.505566037479554e-10;0.07208555538788007,8.320893238709014e-40;3.0828503302812826e-20;2.4781806165942054e-10,reported,3,0.30702205354016815,0.4878759268353182;0.36437563724995414;0.30702205354016815,0.06385352401283201,True,1,121,1.0182488334193411,1.5405230648804193,0.04707490038233083,0.6253287585144465
BCL2L11,1,57,RAB25,MYH11;VHL;GAPDH;ESR1;TUBA1B;TFRC;IGFBP2;CLDN7;CCNB1;FN1;CAV1;CDH1;SERPINE1;HSPA1A;SYK;ANXA1;AR;CASP7;RICTOR;CCNE1;ATM;INPP4B;FASN;CTNNB1;MSH6;STAT5A;MYC;ASNS;SQSTM1;EEF2K;ERBB2;PDCD4;RPS6;ACACA;TP53BP1;TGM2;FOXM1;MSH2;MAPK1;DIABLO;BRAF;ERBB3;NF2;RBM15;MAP2K1;PTEN;TP53;ETS1;CHEK2;PEA15;COL6A1;EEF2;PRKCA;CDH2;KIT;PREX1;LCK,1,2,2,1,,0.04932636236669901,0.2,0.15,1.8414700961621783e-45;4.117283438638949e-15,6.824909879286226e-21,proxy_dimensions,2,,,,,0,121,0.9651139422699346,,,
BRAF,3,22,CASP7;EEF2K;ETS1,VHL;TUBA1B;IGFBP2;SYK;ANXA1;RAB25;GAB2;ATM;FASN;ASNS;BCL2L11;ERBB2;PDCD4;ACACA;TP53BP1;MAPK1;DIABLO;NF2;RBM15;PTEN;TP53;PEA15,1,4,4,3,,0.04932636236669901,0.2,0.15,4.0634741417875424e-47;1.4576466325552875e-16;3.6215502295381577e-06;0.006840308949616703,1.1694939486631218e-22;2.3144563872792487e-10;5.0768397551547874e-05,proxy_dimensions,4,,,,,0,121,0.9798876901425004,,,
CDH2,3,8,CDH1;STAT5A;SQSTM1,VHL;GAPDH;IGFBP2;RAB25;BCL2L11;MAPK1;NF2;TP53,1,4,4,3,,0.04932636236669901,0.4,0.2,5.439712682608848e-37;2.854714198299851e-14;9.178046886687047e-06;0.0020086086157925158,6.077328098755771e-36;1.7979126706802586e-12;0.00019052212316313026,proxy_dimensions,4,,,,,0,121,0.9979302811657059,,,
CLDN7,2,20,CDH1;MAP2K1,VHL;GAPDH;FN1;SERPINE1;ANXA1;RAB25;GAB2;ATM;FASN;ASNS;BCL2L11;SQSTM1;PDCD4;RPS6;ACACA;DIABLO;PTEN;TP53;PRKCA;CDH2,1,3,3,2,,0.04932636236669901,0.2,0.15,3.748926980563595e-57;3.7676720916113695e-11;0.0002070318931387618,2.076374807662306e-20;6.857194667704287e-08,proxy_dimensions,3,,,,,0,122,1.026304915946143,,,
CDH1,4,10,CLDN7;CAV1;SERPINE1;CTNNB1,VHL;GAPDH;TFRC;IGFBP2;RAB25;GAB2;ATM;MAP2K1;PTEN;TP53,1,5,5,4,,0.04932636236669901,0.4,0.2,2.872830603381023e-82;2.524348817163812e-38;5.2509551987526505e-17;2.463581265918152e-07;0.00018495744616307255,6.638644848490352e-58;4.030335245658882e-29;2.4828886825517213e-14;0.00011402014656621784,proxy_dimensions,5,,,,,0,122,1.0727748070529752,,,
HSPA1A,1,20,COL6A1,VHL;GAPDH;FN1;SERPINE1;ANXA1;RAB25;GAB2;ATM;FASN;ASNS;BCL2L11;SQSTM1;PDCD4;RPS6;ACACA;DIABLO;PTEN;TP53;PRKCA;CDH2,1,2,2,1,,0.04932636236669901,0.2,0.15,5.798591536234822e-35;2.48381884204516e-06,2.8205198924461735e-29,proxy_dimensions,2,,,,,0,122,0.999461464533718,,,
GAB2,1,58,VHL,MYH11;GAPDH;ESR1;TUBA1B;TFRC;IGFBP2;CLDN7;CCNB1;FN1;CAV1;CDH1;SERPINE1;HSPA1A;SYK;ANXA1;AR;RAB25;CASP7;RICTOR;CCNE1;ATM;INPP4B;FASN;CTNNB1;MSH6;STAT5A;MYC;ASNS;BCL2L11;SQSTM1;EEF2K;ERBB2;PDCD4;RPS6;ACACA;TP53BP1;TGM2;FOXM1;MSH2;MAPK1;DIABLO;BRAF;ERBB3;NF2;RBM15;MAP2K1;PTEN;TP53;ETS1;CHEK2;PEA15;COL6A1;EEF2;PRKCA;CDH2;KIT;PREX1;LCK,1,2,2,1,,0.04932636236669901,0.4,0.2,2.0705902782098403e-39;1.011760364597138e-09,3.736545367237044e-16,proxy_dimensions,2,,,,,0,122,0.9501725151728116,,,
ASNS,3,10,CAV1;ACACA;PRKCA,VHL;GAPDH;TFRC;IGFBP2;RAB25;GAB2;ATM;MAP2K1;PTEN;TP53,1,3,3,3,0.0325484800586781,0.04932636236669901,0.4,0.2,3.949202466610122e-34;2.909089737739259e-11;0.0005443402363147217;0.06196786489665053,7.63549891722826e-33;1.1824264892003348e-12;0.02045120871703639,reported,3,0.11487012063792365,0.49274278211816536;0.3610001771445882;0.11487012063792365,0.03214387376923925,True,1,122,1.060687903222321,-0.2827302950735054,0.13415402460572878,0.6952654887736155
BCL2L11,1,58,ANXA1,MYH11;VHL;GAPDH;ESR1;TUBA1B;TFRC;IGFBP2;CLDN7;CCNB1;FN1;CAV1;CDH1;SERPINE1;HSPA1A;SYK;AR;RAB25;CASP7;RICTOR;CCNE1;GAB2;ATM;INPP4B;FASN;CTNNB1;MSH6;STAT5A;MYC;ASNS;SQSTM1;EEF2K;ERBB2;PDCD4;RPS6;ACACA;TP53BP1;TGM2;FOXM1;MSH2;MAPK1;DIABLO;BRAF;ERBB3;NF2;RBM15;MAP2K1;PTEN;TP53;ETS1;CHEK2;PEA15;COL6A1;EEF2;PRKCA;CDH2;KIT;PREX1;LCK,1,2,2,1,,0.04932636236669901,0.2,0.15,1.2539137813342127e-40;1.0685689554286012e-14,2.622293936456999e-17,proxy_dimensions,2,,,,,0,122,1.0283690651885353,,,
BRAF,4,10,CAV1;CTNNB1;EEF2K;ETS1,VHL;GAPDH;TFRC;IGFBP2;RAB25;GAB2;ATM;MAP2K1;PTEN;TP53,1,4,4,4,0.027861538489633787,0.04932636236669901,0.4,0.2,5.609969429143798e-59;1.0625775319234525e-20;8.12156575864651e-10;0.0004876753550255454;0.07464916294897983,9.126572672660982e-52;1.4887101351832277e-25;2.5002276006400255e-11;0.02136474604919981,reported,4,0.11419864810423436,0.5547783452719273;0.43278707416911494;0.34217590508380163;0.11419864810423436,0.027862281536067617,True,1,122,0.9937212045950401,0.8039361312645384,0.06332930823961924,0.4062565172555426
CDH2,3,10,STAT5A;SQSTM1;DIABLO,VHL;GAPDH;TFRC;IGFBP2;RAB25;GAB2;ATM;MAP2K1;PTEN;TP53,1,4,4,3,,0.04932636236669901,0.4,0.2,6.154264838225397e-26;3.496330461673882e-14;6.167296333639316e-05;0.018169342939146467,1.719458606768053e-22;5.988460539100844e-12;0.01404560689440404,proxy_dimensions,4,,,,,0,122,0.9595288929735039,,,
CLDN7,4,22,CDH1;RAB25;MAP2K1;PRKCA,VHL;TUBA1B;TFRC;FN1;SERPINE1;HSPA1A;SYK;ANXA1;GAB2;FASN;ASNS;BCL2L11;SQSTM1;ACACA;TGM2;MAPK1;NF2;PTEN;TP53;CHEK2;PEA15;EEF2,1,5,5,4,,0.04932636236669901,0.2,0.15,6.993585144292506e-70;2.237565158790864e-44;2.337276301877344e-25;4.011762910103153e-12;9.300462591022702e-06,1.512622482129481e-56;2.540716059185263e-34;2.607614426014244e-16;2.2843744393891136e-06,proxy_dimensions,5,,,,,0,123,1.0545944769520472,,,
CDH1,3,22,CLDN7;CTNNB1;CDH2,VHL;TUBA1B;TFRC;FN1;SERPINE1;HSPA1A;SYK;ANXA1;GAB2;FASN;ASNS;BCL2L11;SQSTM1;ACACA;TGM2;MAPK1;NF2;PTEN;TP53;CHEK2;PEA15;EEF2,1,4,4,3,,0.04932636236669901,0.2,0.15,6.256487772295141e-64;1.2381751305641367e-39;2.9850549707786193e-20;1.2459991391541592e-07,1.0631369314088393e-41;6.825178450486475e-20;1.2217940056245414e-07,proxy_dimensions,4,,,,,0,123,1.014778951823241,,,
HSPA1A,2,9,COL6A1;CDH2,VHL;TUBA1B;TFRC;SYK;GAB2;SQSTM1;ERBB2;PTEN;TP53,1,3,3,2,,0.04932636236669901,0.4,0.2,2.0387637691745245e-20;7.886717633857633e-09;0.0007445901963471258,2.6419065243177788e-12;0.00137703849725933,proxy_dimensions,3,,,,,0,123,0.946677404488901,,,
GAB2,1,4,VHL,SYK;ERBB2;PTEN;TP53,1,1,1,0,0.07942243619092063,0.04932636236669901,0.4,0.15,8.148335446392207e-05;0.15746921573682024,0.10875004183390481,conditional_information_dimension,1,0.07942243619092063,0.07942243619092063,0.06697720916400683,False,0,123,1.008805859196068,,,
ASNS,2,4,ACACA;CHEK2,SYK;ERBB2;PTEN;TP53,1,2,2,2,0.047589978886308844,0.04932636236669901,0.4,0.15,3.8505581896527087e-19;0.0001665470803664896;0.06629575831537027,4.3252866452172064e-11;0.040052699720773424,reported,2,0.10169722696359519,0.3412070040727542;0.10169722696359519,0.049621431349425725,True,1,123,1.0349457597356966,1.5795919963212892,0.115144196901792,0.6261177390612427
BCL2L11,3,4,ANXA1;PDCD4;PRKCA,SYK;ERBB2;PTEN;TP53,1,3,3,2,0.020605187152819907,0.04932636236669901,0.4,0.15,2.740979104508213e-15;2.849240614690995e-08;3.671854300784677e-05;0.47386325991269407,1.8280397267666106e-09;1.4564604738142148e-05;0.1999733757145415,conditional_information_dimension,3,0.06365928968475162,0.27426832885205393;0.24962538769440934;0.06365928968475162,0.02045726132369482,False,0,123,0.9776814033604434,,,
BRAF,3,22,EEF2K;ETS1;KIT,VHL;TUBA1B;TFRC;FN1;SERPINE1;HSPA1A;SYK;ANXA1;GAB2;FASN;ASNS;BCL2L11;SQSTM1;ACACA;TGM2;MAPK1;NF2;PTEN;TP53;CHEK2;PEA15;EEF2,1,4,4,3,,0.04932636236669901,0.2,0.15,1.5448926548889808e-62;1.7023520421797272e-32;1.2633416989072084e-18;1.198815476801273e-07,7.450475462955495e-42;1.1880227337800366e-23;4.725881988156244e-13,proxy_dimensions,4,,,,,0,123,0.9692788044453172,,,
CDH2,3,22,CDH1;STAT5A;MAP2K1,VHL;TUBA1B;TFRC;FN1;SERPINE1;HSPA1A;SYK;ANXA1;GAB2;FASN;ASNS;BCL2L11;SQSTM1;ACACA;TGM2;MAPK1;NF2;PTEN;TP53;CHEK2;PEA15;EEF2,1,4,4,3,,0.04932636236669901,0.2,0.15,2.3981340575276758e-60;4.285442657319559e-33;1.0418666715472474e-18;7.675549362312026e-07,9.011882320409237e-48;9.843468885768182e-21;1.5046177649057237e-06,proxy_dimensions,4,,,,,0,123,0.9825802508476046,,,
CLDN7,3,13,FN1;CDH1;MAP2K1,GAPDH;TFRC;IGFBP2;SYK;RAB25;ATM;ASNS;PDCD4;MAPK1;NF2;PTEN;TP53;EEF2,1,4,4,3,,0.04932636236669901,0.4,0.2,9.455467641172942e-41;8.502111757732818e-12;6.951885202583801e-07;0.0008316951294471238,3.7736735353772004e-27;7.910938069186917e-09;0.0013622611161941988,proxy_dimensions,4,,,,,0,124,0.9639766370319537,,,
CDH1,5,24,CLDN7;FN1;CTNNB1;PRKCA;CDH2,GAPDH;TFRC;IGFBP2;HSPA1A;SYK;ANXA1;RAB25;CASP7;GAB2;ATM;FASN;ASNS;BCL2L11;ERBB2;ACACA;TP53BP1;TGM2;BRAF;RBM15;TP53;CHEK2;PEA15;PREX1;LCK,1,6,6,5,,0.04932636236669901,0.2,0.15,2.4099891961117865e-111;6.855154794321809e-68;2.949372424273856e-35;2.160503483749806e-18;1.3552240398381493e-09;5.7908233481739187e-05,1.6985431378396955e-92;3.2228155176081137e-52;1.5328573724843768e-26;1.1269817845326163e-11;1.0735550599258743e-05,proxy_dimensions,6,,,,,0,124,0.9431251903667929,,,
HSPA1A,4,13,CASP7;COL6A1;CDH2;KIT,GAPDH;TFRC;IGFBP2;SYK;RAB25;ATM;ASNS;PDCD4;MAPK1;NF2;PTEN;TP53;EEF2,1,4,4,4,0.04278983053483291,0.04932636236669901,0.4,0.2,4.9124630750141084e-30;1.0222144909633475e-15;2.109744877909387e-07;0.011967621204482016;0.20991638137518293,5.444585447177221e-34;1.1204782741350061e-17;7.444248982242939e-08;0.00013716982163727273,reported,4,0.18813468274327533,0.46868063011152994;0.3770316618033323;0.2418510213703404;0.18813468274327533,0.029501254802655374,True,1,124,1.0544565215080846,1.7308082859386447,0.15292726414144264,0.6238030665332915
GAB2,2,13,VHL;BRAF,GAPDH;TFRC;IGFBP2;SYK;RAB25;ATM;ASNS;PDCD4;MAPK1;NF2;PTEN;TP53;EEF2,1,3,3,2,,0.04932636236669901,0.4,0.2,4.874267793172584e-28;2.212270862324549e-12;5.129413231320676e-05,2.330668779650618e-21;1.818217323340475e-08,proxy_dimensions,3,,,,,0,124,1.075781651798333,,,
ASNS,0,0,,,1,0,0,0,,0.04932636236669901,0.2,0.15,,,no_shared_direction,0,,,,,0,124,0.9770353209884173,,,
BCL2L11,1,13,CCNE1,GAPDH;TFRC;IGFBP2;SYK;RAB25;ATM;ASNS;PDCD4;MAPK1;NF2;PTEN;TP53;EEF2,1,2,2,1,,0.04932636236669901,0.4,0.2,2.079463378850817e-21;1.067706782478981e-06,1.222632779265081e-09,proxy_dimensions,2,,,,,0,124,0.9492569584693311,,,
BRAF,2,56,HSPA1A;ATM,MYH11;VHL;GAPDH;ESR1;TUBA1B;TFRC;CLDN7;CCNB1;FN1;CAV1;CDH1;SERPINE1;SYK;ANXA1;AR;RAB25;CASP7;RICTOR;CCNE1;GAB2;INPP4B;FASN;CTNNB1;MSH6;STAT5A;MYC;ASNS;BCL2L11;SQSTM1;EEF2K;ERBB2;PDCD4;RPS6;ACACA;TP53BP1;TGM2;FOXM1;MSH2;MAPK1;DIABLO;ERBB3;NF2;RBM15;MAP2K1;PTEN;TP53;ETS1;CHEK2;PEA15;COL6A1;EEF2;PRKCA;CDH2;KIT;PREX1;LCK,1,3,3,2,,0.04932636236669901,0.2,0.15,2.123345559496825e-124;2.353493165104412e-68;1.3638389533597546e-31,2.9406729487918914e-80;1.2073556759090776e-37,proxy_dimensions,3,,,,,0,124,0.9247449668761335,,,
CDH2,4,13,CDH1;HSPA1A;STAT5A;SQSTM1,GAPDH;TFRC;IGFBP2;SYK;RAB25;ATM;ASNS;PDCD4;MAPK1;NF2;PTEN;TP53;EEF2,1,5,5,4,,0.04932636236669901,0.4,0.2,1.9334327384586426e-42;1.5097215372387635e-23;6.800751198345868e-12;0.00016916879643353436;0.0327828761673181,2.46536630182794e-41;6.248317771150784e-22;6.930504015387803e-10;0.007123197375307789,proxy_dimensions,5,,,,,0,124,1.0288025302241048,,,
CLDN7,3,14,FN1;CDH1;PRKCA,VHL;TFRC;ANXA1;RAB25;GAB2;ATM;BCL2L11;ERBB2;MAPK1;DIABLO;NF2;MAP2K1;PTEN;PEA15,1,4,4,3,,0.04932636236669901,0.4,0.2,5.66951931704653e-68;5.747364986511431e-35;1.8804653054412645e-17;7.589110462497661e-06,2.1420206762775214e-47;3.662985653502685e-22;1.6026359033099975e-05,proxy_dimensions,4,,,,,0,125,0.9864769127484414,,,
CDH1,4,14,CLDN7;CTNNB1;COL6A1;CDH2,VHL;TFRC;ANXA1;RAB25;GAB2;ATM;BCL2L11;ERBB2;MAPK1;DIABLO;NF2;MAP2K1;PTEN;PEA15,1,4,4,3,0.005764708101257604,0.04932636236669901,0.4,0.2,5.230298264200601e-59;1.5880024362290053e-33;1.5972462231819318e-13;4.145674990816966e-05;0.18272337656434695,4.223677399840863e-57;3.577856973267722e-28;1.1783032735724587e-10;0.6281286729169173,conditional_information_dimension,4,0.024109353222203835,0.5743571680266795;0.46761523141614914;0.3480169346894054;0.024109353222203835,0.022904366231496203,False,0,125,0.9862249534125083,,,
HSPA1A,2,26,MYC;COL6A1,VHL;GAPDH;TUBA1B;TFRC;IGFBP2;SYK;RAB25;CASP7;GAB2;FASN;ASNS;SQSTM1;EEF2K;ERBB2;ACACA;MAPK1;DIABLO;BRAF;NF2;MAP2K1;PTEN;TP53;ETS1;CDH2;PREX1;LCK,1,3,3,2,,0.04932636236669901,0.2,0.15,2.3621120328131544e-53;2.5416214275706225e-17;3.0777570607203703e-06,8.931775408140394e-31;1.4555361598667959e-13,proxy_dimensions,3,,,,,0,125,1.0457620454159953,,,
GAB2,1,3,RAB25,VHL;DIABLO;PTEN,1,1,1,1,0.1636494866261418,0.04932636236669901,0.4,0.15,1.1879727624124627e-07;0.6245806422809792,0.0008940900327366143,reported,1,0.16364948662614182,0.16364948662614182,0.09620792275121741,True,1,125,1.0311998600911534,-2.335337664320638,-0.10520021355307806,0.5923470461559409
ASNS,4,14,CCNB1;CAV1;CHEK2;PRKCA,VHL;TFRC;ANXA1;RAB25;GAB2;ATM;BCL2L11;ERBB2;MAPK1;DIABLO;NF2;MAP2K1;PTEN;PEA15,1,4,4,4,0.038317706425729126,0.04932636236669901,0.4,0.2,8.232491114411778e-49;1.5986274910066717e-23;1.7668065312557798e-09;0.0012216348158792078;0.18972465212443199,1.0346419724500843e-60;5.1275962055819726e-33;1.9245968338758538e-14;1.7726114468025557e-06,reported,4,0.23452492257791502,0.565680290907182;0.47835345284089004;0.3332902835957671;0.23452492257791502,0.025610013631989316,True,1,125,0.9922670857570461,1.401772762072886,0.05778152956099284,0.6188429576792684
BCL2L11,3,26,ANXA1;INPP4B;PDCD4,VHL;GAPDH;TUBA1B;TFRC;IGFBP2;SYK;RAB25;CASP7;GAB2;FASN;ASNS;SQSTM1;EEF2K;ERBB2;ACACA;MAPK1;DIABLO;BRAF;NF2;MAP2K1;PTEN;TP53;ETS1;CDH2;PREX1;LCK,1,4,4,3,,0.04932636236669901,0.2,0.15,2.0275458186849298e-57;2.5787432501581847e-28;2.973455790949507e-14;6.906031062752501e-05,1.433122077951957e-48;3.091972711039185e-20;4.350399874576354e-06,proxy_dimensions,4,,,,,0,125,1.0447220334585008,,,
BRAF,6,3,HSPA1A;RICTOR;ATM;BCL2L11;EEF2K;ETS1,VHL;DIABLO;PTEN,1,3,3,1,0.020827757050075703,0.04932636236669901,0.4,0.15,1.2821564713185644e-13;0.00010616234924624072;0.046275725552175885,2.4228630370653216e-08;0.0624917653895677;0.4929174046389667,conditional_information_dimension,3,0.09168661597690762,0.35417597951464647;0.18592240735261148;0.09168661597690762,0.020827757050075727,False,0,125,0.9959444776838846,,,
CDH2,2,14,CDH1;SQSTM1,VHL;TFRC;ANXA1;RAB25;GAB2;ATM;BCL2L11;ERBB2;MAPK1;DIABLO;NF2;MAP2K1;PTEN;PEA15,1,3,3,2,,0.04932636236669901,0.4,0.2,9.874679947487785e-28;2.1760718365909667e-13;0.0005036767551962233,1.491040371646719e-23;1.2403676064266215e-08,proxy_dimensions,3,,,,,0,125,0.9596831161164231,,,
CLDN7,5,21,CAV1;CDH1;RAB25;NF2;PRKCA,VHL;GAPDH;TUBA1B;TFRC;IGFBP2;CCNB1;SYK;CCNE1;BCL2L11;SQSTM1;EEF2K;PDCD4;TP53BP1;TGM2;FOXM1;MAPK1;DIABLO;RBM15;MAP2K1;PTEN;PEA15,1,6,6,5,,0.04932636236669901,0.2,0.15,4.619526062599769e-83;3.80329592276315e-52;6.937245902093861e-34;2.1221987090261085e-18;9.375592423701705e-08;0.001016647148181053,2.236904323095407e-62;3.433206862467002e-40;4.640915449940446e-22;5.5530456400772016e-09;0.0004029242079101809,proxy_dimensions,6,,,,,0,126,1.0149537710797611,,,
CDH1,3,21,CLDN7;CTNNB1;EEF2,VHL;GAPDH;TUBA1B;TFRC;IGFBP2;CCNB1;SYK;CCNE1;BCL2L11;SQSTM1;EEF2K;PDCD4;TP53BP1;TGM2;FOXM1;MAPK1;DIABLO;RBM15;MAP2K1;PTEN;PEA15,1,4,4,3,,0.04932636236669901,0.2,0.15,3.5402982428233173e-87;3.737609962646664e-42;1.787101904893235e-21;2.8654265182833793e-09,2.4076802895641993e-73;2.2520113554095393e-29;4.8862624806279516e-14,proxy_dimensions,4,,,,,0,126,1.055077679466701,,,
HSPA1A,4,9,CASP7;SQSTM1;COL6A1;KIT,VHL;GAPDH;TUBA1B;TFRC;BCL2L11;MAP2K1;PTEN;TP53;EEF2,1,5,5,3,,0.04932636236669901,0.4,0.2,1.1219437254566668e-31;2.1647511969492403e-16;4.551058988664199e-09;1.4714518540616328e-05;0.048123712325829376,4.304281771056226e-27;7.575267687049311e-13;1.1206252083890597e-05;0.08186817626507242,proxy_dimensions,5,,,,,0,126,1.0491579325416471,,,
GAB2,1,21,BRAF,VHL;GAPDH;TUBA1B;TFRC;IGFBP2;CCNB1;SYK;CCNE1;BCL2L11;SQSTM1;EEF2K;PDCD4;TP53BP1;TGM2;FOXM1;MAPK1;DIABLO;RBM15;MAP2K1;PTEN;PEA15,1,2,2,1,,0.04932636236669901,0.2,0.15,7.920190394190687e-40;0.0022306996040449383,1.4287138462965675e-21,proxy_dimensions,2,,,,,0,126,0.9931003348266968,,,
ASNS,3,9,FASN;FOXM1;CHEK2,VHL;GAPDH;TUBA1B;TFRC;BCL2L11;MAP2K1;PTEN;TP53;EEF2,1,3,3,2,0.019758136168527594,0.04932636236669901,0.4,0.2,2.8239106957955676e-19;8.628708012485422e-10;0.0015837188584524543;0.5118204057977327,9.753848515233119e-21;5.091943329594778e-10;0.24598770286424676,conditional_information_dimension,3,0.05763598820943903,0.38933689939949845;0.33430623949603755;0.05763598820943903,0.022094888471550587,False,0,126,0.9959670814255148,,,
BCL2L11,1,56,EEF2K,MYH11;VHL;GAPDH;ESR1;TUBA1B;TFRC;IGFBP2;CLDN7;CCNB1;FN1;CAV1;CDH1;SERPINE1;HSPA1A;SYK;ANXA1;AR;RAB25;CASP7;RICTOR;CCNE1;GAB2;ATM;INPP4B;FASN;CTNNB1;MSH6;STAT5A;MYC;ASNS;SQSTM1;ERBB2;PDCD4;RPS6;ACACA;TGM2;FOXM1;MSH2;MAPK1;BRAF;ERBB3;NF2;RBM15;MAP2K1;PTEN;TP53;ETS1;CHEK2;PEA15;COL6A1;EEF2;PRKCA;CDH2;KIT;PREX1;LCK,1,2,2,1,,0.04932636236669901,0.2,0.15,3.4031200080196576e-65;4.3627292159005975e-20,3.6794525797767384e-42,proxy_dimensions,2,,,,,0,126,1.0217771944093532,,,
BRAF,2,18,GAB2;ETS1,VHL;GAPDH;TUBA1B;TFRC;SYK;FASN;BCL2L11;ERBB2;PDCD4;ACACA;TGM2;MAPK1;MAP2K1;PTEN;TP53;PEA15;EEF2;KIT,1,3,3,2,,0.04932636236669901,0.4,0.25,2.602897726748981e-47;3.982954165194001e-12;0.006263333313024072,1.3175155869865973e-21;2.1215338718081955e-08,proxy_dimensions,3,,,,,0,126,0.96087335729195,,,
CDH2,2,21,ACACA;MSH2,VHL;GAPDH;TUBA1B;TFRC;IGFBP2;CCNB1;SYK;CCNE1;BCL2L11;SQSTM1;EEF2K;PDCD4;TP53BP1;TGM2;FOXM1;MAPK1;DIABLO;RBM15;MAP2K1;PTEN;PEA15,1,3,3,2,,0.04932636236669901,0.2,0.15,2.868298687219818e-73;3.126343605287023e-19;4.531186562206552e-08,6.591498416392836e-61;2.9791357343573018e-08,proxy_dimensions,3,,,,,0,126,1.0351642913615127,,,
CLDN7,1,57,CDH1,MYH11;VHL;GAPDH;ESR1;TUBA1B;TFRC;IGFBP2;CCNB1;FN1;CAV1;SERPINE1;HSPA1A;SYK;ANXA1;AR;RAB25;CASP7;RICTOR;CCNE1;GAB2;ATM;INPP4B;FASN;MSH6;STAT5A;MYC;ASNS;BCL2L11;SQSTM1;EEF2K;ERBB2;PDCD4;RPS6;ACACA;TP53BP1;TGM2;FOXM1;MSH2;MAPK1;DIABLO;BRAF;ERBB3;NF2;RBM15;MAP2K1;PTEN;TP53;ETS1;CHEK2;PEA15;COL6A1;EEF2;PRKCA;CDH2;KIT;PREX1;LCK,1,2,2,1,,0.04932636236669901,0.2,0.15,1.8090495346405597e-67;9.928625123378631e-17,1.4726355000155897e-29,proxy_dimensions,2,,,,,0,127,1.0220857110815291,,,
CDH1,3,9,CLDN7;FN1;CTNNB1,VHL;GAPDH;TFRC;RAB25;CASP7;GAB2;ATM;DIABLO;TP53,1,3,3,3,0.07799701892347223,0.04932636236669901,0.4,0.2,5.766063817279285e-68;6.768603571840383e-31;7.042549102778369e-06;0.12043271323921781,8.810186588305243e-49;1.4776314863179083e-20;7.976109518641477e-08,reported,3,0.2622036819985202,0.5582899641598587;0.3995636350538562;0.2622036819985202,0.05089943296899021,True,1,127,1.0689668516640454,0.8114853507125568,0.08165911035954941,0.5126052626714133
HSPA1A,2,9,PDCD4;COL6A1,VHL;GAPDH;TFRC;RAB25;CASP7;GAB2;ATM;DIABLO;TP53,1,3,3,2,,0.04932636236669901,0.4,0.2,2.8833719019019477e-21;3.188049052608531e-08;0.0002925480055933186,8.745557034089717e-19;2.0537847251989554e-05,proxy_dimensions,3,,,,,0,127,1.0224225050039564,,,
GAB2,1,58,VHL,MYH11;GAPDH;ESR1;TUBA1B;TFRC;IGFBP2;CLDN7;CCNB1;FN1;CAV1;CDH1;SERPINE1;HSPA1A;SYK;ANXA1;AR;RAB25;CASP7;RICTOR;CCNE1;ATM;INPP4B;FASN;CTNNB1;MSH6;STAT5A;MYC;ASNS;BCL2L11;SQSTM1;EEF2K;ERBB2;PDCD4;RPS6;ACACA;TP53BP1;TGM2;FOXM1;MSH2;MAPK1;DIABLO;BRAF;ERBB3;NF2;RBM15;MAP2K1;PTEN;TP53;ETS1;CHEK2;PEA15;COL6A1;EEF2;PRKCA;CDH2;KIT;PREX1;LCK,1,2,2,1,,0.04932636236669901,0.4,0.2,5.4293141329569994e-40;1.9255609426177376e-13,2.4618785510987136e-22,proxy_dimensions,2,,,,,0,127,1.0350156805765494,,,
ASNS,2,9,CAV1;CHEK2,VHL;GAPDH;TFRC;RAB25;CASP7;GAB2;ATM;DIABLO;TP53,1,3,3,2,,0.04932636236669901,0.4,0.2,1.4509872703339665e-19;2.069360180180728e-06;0.008602995363009286,6.284473364383679e-13;0.004752364583600297,proxy_dimensions,3,,,,,0,127,1.0063307190940256,,,
BCL2L11,2,9,CCNE1;PRKCA,VHL;GAPDH;TFRC;RAB25;CASP7;GAB2;ATM;DIABLO;TP53,1,3,3,2,,0.04932636236669901,0.4,0.2,7.789369190980428e-21;6.304735803804407e-09;0.0005840720953436484,3.0993766433691165e-19;4.5303245020316167e-07,proxy_dimensions,3,,,,,0,127,0.9914279538291347,,,
BRAF,2,9,SYK;ETS1,VHL;GAPDH;TFRC;RAB25;CASP7;GAB2;ATM;DIABLO;TP53,1,3,3,2,,0.04932636236669901,0.4,0.2,4.7260821130795364e-24;2.0400757482739552e-05;0.010492647549741604,7.759515407997515e-14;0.00026031769268648655,proxy_dimensions,3,,,,,0,127,0.9381834839579113,,,
CDH2,3,9,STAT5A;SQSTM1;KIT,VHL;GAPDH;TFRC;RAB25;CASP7;GAB2;ATM;DIABLO;TP53,1,4,4,3,,0.04932636236669901,0.4,0.2,1.151424850736611e-28;3.0903789930133363e-12;2.0256681594667975e-06;0.00022764195049192133,5.08457976648918e-27;3.4710638834668707e-10;0.0004994142839982413,proxy_dimensions,4,,,,,0,127,0.9907730524222911,,,
CLDN7,3,23,CDH1;MAPK1;MAP2K1,VHL;GAPDH;TUBA1B;TFRC;IGFBP2;SYK;ANXA1;RAB25;GAB2;ATM;FASN;ASNS;BCL2L11;SQSTM1;EEF2K;PDCD4;ACACA;DIABLO;NF2;TP53;CHEK2;PEA15;KIT,1,4,4,3,,0.04932636236669901,0.2,0.15,9.37589824500036e-80;1.1470847590695926e-43;5.60612209225081e-17;2.3914127703526567e-07,1.0652301573562742e-45;8.905059526813902e-19;2.8160688822432225e-08,proxy_dimensions,4,,,,,0,128,0.9353709919054302,,,
CDH1,4,7,CLDN7;FN1;CTNNB1;CDH2,GAPDH;TFRC;SYK;ANXA1;ATM;NF2;PTEN,1,5,5,4,,0.04932636236669901,0.4,0.2,1.3363413508137012e-38;2.29754160390834e-21;5.4195980448283964e-11;8.810379999675093e-05;0.031361627498540275,1.241409142421695e-35;2.0523271715259715e-18;4.332287949769197e-09;0.0032783147259897163,proxy_dimensions,5,,,,,0,128,0.9426294846605086,,,
HSPA1A,2,23,MYC;COL6A1,VHL;GAPDH;TUBA1B;TFRC;IGFBP2;SYK;ANXA1;RAB25;GAB2;ATM;FASN;ASNS;BCL2L11;SQSTM1;EEF2K;PDCD4;ACACA;DIABLO;NF2;TP53;CHEK2;PEA15;KIT,1,3,3,2,,0.04932636236669901,0.2,0.15,4.1993272259643586e-38;7.59766934600475e-15;1.0002523691180695e-06,1.4099811848946388e-24;4.5070756128605524e-07,proxy_dimensions,3,,,,,0,128,1.0032145355172561,,,
GAB2,1,7,BRAF,GAPDH;TFRC;SYK;ANXA1;ATM;NF2;PTEN,1,2,2,1,,0.04932636236669901,0.4,0.2,1.0763752753537105e-19;0.01024361715364443,4.882567030929164e-18,proxy_dimensions,2,,,,,0,128,0.9190571732016597,,,
ASNS,2,7,TP53;PRKCA,GAPDH;TFRC;SYK;ANXA1;ATM;NF2;PTEN,1,2,2,2,0.041427317299505544,0.04932636236669901,0.4,0.2,2.1404209279934995e-09;0.007179810763084672;0.3935711976968644,8.947785403554783e-12;0.04254589182370243,reported,2,0.10046209201171413,0.3517478650089158;0.10046209201171413,0.036275815026660795,True,1,128,1.0319820816922973,0.5789483790950993,0.03201291573168074,0.6685917361111505
BCL2L11,5,7,FN1;RAB25;INPP4B;PDCD4;PRKCA,GAPDH;TFRC;SYK;ANXA1;ATM;NF2;PTEN,1,4,4,4,0.03717083251468482,0.04932636236669901,0.4,0.2,3.2514244479286407e-31;7.31338570468733e-15;2.0743532204444997e-07;0.001533103311523136;0.38790732309258363;0.6537542383869384,6.4160882785697e-29;2.3510423937236663e-18;5.264605937857662e-11;1.2498080218927847e-05,reported,4,0.2334281818498994,0.40949444775166155;0.34913164518386636;0.29650527646739167;0.2334281818498994,0.02990552129495604,True,1,128,1.0251593899429994,-1.5901147405200926,-0.00838320870398245,0.6922312512971461
BRAF,3,7,CAV1;GAB2;ETS1,GAPDH;TFRC;SYK;ANXA1;ATM;NF2;PTEN,1,4,4,3,,0.04932636236669901,0.4,0.2,2.0162560267232726e-30;2.8512054960835787e-11;0.00010492905232626256;0.019997715196226198,2.146114113370563e-13;7.661504111779108e-05;0.026120201759259654,proxy_dimensions,4,,,,,0,128,1.019250620340839,,,
CDH2,2,23,STAT5A;PTEN,VHL;GAPDH;TUBA1B;TFRC;IGFBP2;SYK;ANXA1;RAB25;GAB2;ATM;FASN;ASNS;BCL2L11;SQSTM1;EEF2K;PDCD4;ACACA;DIABLO;NF2;TP53;CHEK2;PEA15;KIT,1,3,3,2,,0.04932636236669901,0.2,0.15,5.309316289194594e-40;2.1330592237847822e-16;0.0015957803166438563,2.3660383435531603e-25;0.00011276927415948097,proxy_dimensions,3,,,,,0,128,1.0463122321997034,,,
CLDN7,1,32,PRKCA,GAPDH;TUBA1B;TFRC;IGFBP2;ANXA1;RAB25;CASP7;CCNE1;ATM;FASN;MSH6;STAT5A;ASNS;BCL2L11;SQSTM1;ERBB2;PDCD4;RPS6;TGM2;MSH2;MAPK1;DIABLO;NF2;RBM15;MAP2K1;PTEN;TP53;CHEK2;PEA15;CDH2;PREX1;LCK,1,2,2,1,,0.04932636236669901,0.2,0.15,8.991175069680852e-69;3.351229391694155e-29,7.737973465886051e-34,proxy_dimensions,2,,,,,0,129,0.994960419939365,,,
CDH1,3,7,CLDN7;CTNNB1;CDH2,GAPDH;ANXA1;ASNS;DIABLO;MAP2K1;PTEN;TP53,1,4,4,3,,0.04932636236669901,0.4,0.2,5.898214998461685e-34;4.1166498385950273e-13;2.2577201706113662e-07;0.0034300729886778377,1.0070567475247925e-22;5.7406717234602306e-11;3.071504052658827e-06,proxy_dimensions,4,,,,,0,129,1.0309132580225673,,,
HSPA1A,2,32,SYK;COL6A1,GAPDH;TUBA1B;TFRC;IGFBP2;ANXA1;RAB25;CASP7;CCNE1;ATM;FASN;MSH6;STAT5A;ASNS;BCL2L11;SQSTM1;ERBB2;PDCD4;RPS6;TGM2;MSH2;MAPK1;DIABLO;NF2;RBM15;MAP2K1;PTEN;TP53;CHEK2;PEA15;CDH2;PREX1;LCK,1,3,3,2,,0.04932636236669901,0.2,0.15,4.690534647733594e-54;2.3908135270976375e-18;6.932670045417433e-08,5.738916329674586e-42;9.23743362427925e-13,proxy_dimensions,3,,,,,0,129,0.9816789725219013,,,
GAB2,2,32,VHL;EEF2,GAPDH;TUBA1B;TFRC;IGFBP2;ANXA1;RAB25;CASP7;CCNE1;ATM;FASN;MSH6;STAT5A;ASNS;BCL2L11;SQSTM1;ERBB2;PDCD4;RPS6;TGM2;MSH2;MAPK1;DIABLO;NF2;RBM15;MAP2K1;PTEN;TP53;CHEK2;PEA15;CDH2;PREX1;LCK,1,3,3,2,,0.04932636236669901,0.2,0.15,1.5372368968926415e-61;4.8057783616214426e-26;7.380919749279682e-08,6.7816748910443064e-43;4.989736557987723e-11,proxy_dimensions,3,,,,,0,129,0.9966587858861187,,,
ASNS,1,53,CCNB1,MYH11;VHL;GAPDH;ESR1;TFRC;IGFBP2;CLDN7;FN1;CAV1;CDH1;SERPINE1;HSPA1A;SYK;ANXA1;AR;RAB25;CASP7;RICTOR;GAB2;ATM;INPP4B;FASN;CTNNB1;STAT5A;MYC;BCL2L11;SQSTM1;EEF2K;ERBB2;PDCD4;RPS6;ACACA;TP53BP1;TGM2;MAPK1;DIABLO;BRAF;ERBB3;NF2;RBM15;MAP2K1;PTEN;TP53;ETS1;CHEK2;PEA15;COL6A1;EEF2;PRKCA;CDH2;KIT;PREX1;LCK,1,2,2,1,,0.04932636236669901,0.4,0.25,5.594379998757427e-64;1.0801618440753636e-13,4.561914922981131e-34,proxy_dimensions,2,,,,,0,129,0.9761543730008052,,,
BCL2L11,2,7,PDCD4;PEA15,GAPDH;ANXA1;ASNS;DIABLO;MAP2K1;PTEN;TP53,1,3,3,2,,0.04932636236669901,0.4,0.2,2.162988523653117e-21;1.8347655443980698e-14;7.916057088116356e-08,4.996883139958214e-15;2.232980436480266e-08,proxy_dimensions,3,,,,,0,129,1.0372769532681922,,,
BRAF,1,32,ETS1,GAPDH;TUBA1B;TFRC;IGFBP2;ANXA1;RAB25;CASP7;CCNE1;ATM;FASN;MSH6;STAT5A;ASNS;BCL2L11;SQSTM1;ERBB2;PDCD4;RPS6;TGM2;MSH2;MAPK1;DIABLO;NF2;RBM15;MAP2K1;PTEN;TP53;CHEK2;PEA15;CDH2;PREX1;LCK,1,2,2,1,,0.04932636236669901,0.2,0.15,4.839181154959574e-43;1.1885516143046655e-11,5.960057178756414e-17,proxy_dimensions,2,,,,,0,129,0.9280442102173921,,,
CDH2,3,7,CDH1;STAT5A;SQSTM1,GAPDH;ANXA1;ASNS;DIABLO;MAP2K1;PTEN;TP53,1,3,3,3,0.04395651321791836,0.04932636236669901,0.4,0.2,1.1102360268142519e-27;4.966582855474421e-11;0.001023108271921756;0.10234230870148782,6.994901124281828e-28;4.6428722831983557e-10;0.006741788402866505,reported,3,0.13410235328889245,0.47008051140907126;0.3145271400520174;0.13410235328889245,0.03705652041511401,True,1,129,1.0342345828497483,-0.2793830022102028,0.027155445788222043,0.6024448873298014
CLDN7,4,26,ESR1;CDH1;PDCD4;MAP2K1,VHL;GAPDH;TUBA1B;TFRC;FN1;SERPINE1;ANXA1;CASP7;GAB2;ATM;FASN;ASNS;BCL2L11;SQSTM1;ERBB2;ACACA;TGM2;MAPK1;DIABLO;NF2;PTEN;TP53;CHEK2;PEA15;EEF2;KIT,1,5,5,4,,0.04932636236669901,0.2,0.15,2.196411727168843e-96;1.9827532102129003e-63;5.648082831699123e-34;1.1683487795757512e-16;2.446653629104584e-07,8.713981378071694e-74;2.2190962805803465e-44;4.3173194161376105e-20;8.341676843067775e-09,proxy_dimensions,5,,,,,0,130,0.9686947924699221,,,
CDH1,4,3,CLDN7;RAB25;CTNNB1;CDH2,VHL;TFRC;GAB2,1,3,3,2,0.014666146944944922,0.04932636236669901,0.4,0.15,8.78618999696911e-16;1.3545400967405563e-07;0.005357907523832432,8.977723736570347e-14;6.317810548549168e-06;0.5515989122856719,conditional_information_dimension,3,0.054229931226422425,0.35529239001126045;0.2798663800321675;0.054229931226422425,0.014666146944944922,False,0,130,0.9369570316964972,,,
HSPA1A,3,12,SQSTM1;COL6A1;KIT,VHL;GAPDH;TFRC;CLDN7;GAB2;ATM;ASNS;ERBB2;DIABLO;NF2;PTEN;TP53,1,4,4,3,,0.04932636236669901,0.4,0.2,1.1387544976178705e-42;8.886704679259865e-21;4.363194747749804e-06;0.0012933786589199173,1.1968887181058483e-41;4.7801615944209555e-19;0.00033542698273567,proxy_dimensions,4,,,,,0,130,0.9385758758789757,,,
GAB2,1,58,VHL,MYH11;GAPDH;ESR1;TUBA1B;TFRC;IGFBP2;CLDN7;CCNB1;FN1;CAV1;CDH1;SERPINE1;HSPA1A;SYK;ANXA1;AR;RAB25;CASP7;RICTOR;CCNE1;ATM;INPP4B;FASN;CTNNB1;MSH6;STAT5A;MYC;ASNS;BCL2L11;SQSTM1;EEF2K;ERBB2;PDCD4;RPS6;ACACA;TP53BP1;TGM2;FOXM1;MSH2;MAPK1;DIABLO;BRAF;ERBB3;NF2;RBM15;MAP2K1;PTEN;TP53;ETS1;CHEK2;PEA15;COL6A1;EEF2;PRKCA;CDH2;KIT;PREX1;LCK,1,2,2,1,,0.04932636236669901,0.4,0.15,9.165815410805185e-28;3.7725749689062335e-13,2.536364111075281e-13,proxy_dimensions,2,,,,,0,130,1.01762677080237,,,
ASNS,2,57,CASP7;TP53,MYH11;VHL;GAPDH;ESR1;TUBA1B;TFRC;IGFBP2;CLDN7;CCNB1;FN1;CAV1;CDH1;SERPINE1;HSPA1A;SYK;ANXA1;AR;RAB25;RICTOR;CCNE1;GAB2;ATM;INPP4B;FASN;CTNNB1;MSH6;STAT5A;MYC;BCL2L11;SQSTM1;EEF2K;ERBB2;PDCD4;RPS6;ACACA;TP53BP1;TGM2;FOXM1;MSH2;MAPK1;DIABLO;BRAF;ERBB3;NF2;RBM15;MAP2K1;PTEN;ETS1;CHEK2;PEA15;COL6A1;EEF2;PRKCA;CDH2;KIT;PREX1;LCK,1,3,3,2,,0.04932636236669901,0.2,0.15,5.3554103623386664e-79;1.698321930785136e-38;8.026341435067246e-18,2.1165564655605463e-44;4.2545445754387074e-23,proxy_dimensions,3,,,,,0,130,1.091416697429385,,,
BCL2L11,3,3,PDCD4;PEA15;PRKCA,VHL;TFRC;GAB2,1,2,2,1,0.03858349818941301,0.04932636236669901,0.4,0.15,5.418648494827994e-12;0.016295309596401922;0.057371422787782816,4.434263769698101e-12;0.2083862183212684,conditional_information_dimension,2,0.08783554416702774,0.3762056812420399;0.08783554416702774,0.04164769920417706,False,0,130,0.9939843419591298,,,
BRAF,4,12,CAV1;CTNNB1;EEF2K;ETS1,VHL;GAPDH;TFRC;CLDN7;GAB2;ATM;ASNS;ERBB2;DIABLO;NF2;PTEN;TP53,1,5,5,4,,0.04932636236669901,0.4,0.2,3.9410555423531154e-60;1.5746789788809358e-24;5.965184798573897e-15;1.0186003836969053e-05;0.0376273835942453,2.1791851888191767e-32;6.029612680483145e-16;9.536268056495329e-07;0.0020577295519307727,proxy_dimensions,5,,,,,0,130,1.150509001536292,,,
CDH2,4,12,CDH1;CTNNB1;SQSTM1;PREX1,VHL;GAPDH;TFRC;CLDN7;GAB2;ATM;ASNS;ERBB2;DIABLO;NF2;PTEN;TP53,1,4,4,3,0.004713897975134874,0.04932636236669901,0.4,0.2,3.1549296567300474e-49;1.9134541661198033e-24;1.6916393608825248e-09;1.1542338117287699e-05;0.11059453920282164,5.373473547534959e-55;8.774028966889277e-27;2.9231471635929745e-08;0.5893592109187349,conditional_information_dimension,4,0.026866088376422778,0.5693429057323253;0.4773768090889896;0.3091471351197202;0.026866088376422778,0.02014252430956551,False,0,130,0.942661136010358,,,
CLDN7,2,16,CDH1;TP53,GAPDH;IGFBP2;FN1;SERPINE1;ANXA1;RAB25;FASN;BCL2L11;EEF2K;PDCD4;RPS6;ACACA;TGM2;DIABLO;PTEN;PEA15,1,3,3,2,,0.04932636236669901,0.2,0.15,2.8435421072395654e-43;1.0105311717620595e-12;1.265990968089705e-06,2.904635970328451e-13;2.4255251861298026e-07,proxy_dimensions,3,,,,,0,131,0.9651802329145335,,,
CDH1,3,16,CLDN7;CTNNB1;CDH2,GAPDH;IGFBP2;FN1;SERPINE1;ANXA1;RAB25;FASN;BCL2L11;EEF2K;PDCD4;RPS6;ACACA;TGM2;DIABLO;PTEN;PEA15,1,4,4,3,,0.04932636236669901,0.2,0.15,4.78969081168963e-66;1.1602657657109895e-29;2.2493112193104635e-14;1.894269182392937e-05,1.369526877308846e-49;1.5434345802398917e-26;8.690159991608861e-11,proxy_dimensions,4,,,,,0,131,0.9682400696765144,,,
HSPA1A,3,13,COL6A1;CDH2;KIT,GAPDH;IGFBP2;FN1;SERPINE1;RAB25;ATM;BCL2L11;PDCD4;RPS6;DIABLO;MAP2K1;PTEN;TP53,1,4,4,3,,0.04932636236669901,0.4,0.2,2.5371550667075808e-37;2.3904578442985125e-12;8.005830541045716e-06;0.0021074168299104576,9.48976916782312e-35;1.3792808745751235e-09;0.003118506698277408,proxy_dimensions,4,,,,,0,131,0.979879630958269,,,
GAB2,1,16,ERBB2,GAPDH;IGFBP2;FN1;SERPINE1;ANXA1;RAB25;FASN;BCL2L11;EEF2K;PDCD4;RPS6;ACACA;TGM2;DIABLO;PTEN;PEA15,1,2,2,1,,0.04932636236669901,0.2,0.15,1.408720494577551e-21;8.398324368650805e-10,3.818291998940972e-10,proxy_dimensions,2,,,,,0,131,0.9472738272172597,,,
ASNS,3,16,SYK;RICTOR;CHEK2,GAPDH;IGFBP2;FN1;SERPINE1;ANXA1;RAB25;FASN;BCL2L11;EEF2K;PDCD4;RPS6;ACACA;TGM2;DIABLO;PTEN;PEA15,1,4,4,3,,0.04932636236669901,0.2,0.15,3.270889695367691e-39;7.113788464282935e-19;4.238872203205228e-08;0.008312348500987068,4.179420302927459e-26;9.91745347524373e-09;0.001243713108340148,proxy_dimensions,4,,,,,0,131,1.0036501038400634,,,
BCL2L11,2,2,PDCD4;PRKCA,GAPDH;TP53,1,2,2,1,0.02300544089828936,0.04932636236669901,0.4,0.15,2.2172397829931683e-09;0.00582550278984114,5.143695578966027e-06;0.3637041157270522,conditional_information_dimension,2,0.04508448943075741,0.2630162064791848;0.04508448943075741,0.02300544089828937,False,0,131,1.0261422195122463,,,
BRAF,3,36,ATM;CTNNB1;ETS1,VHL;GAPDH;ESR1;TFRC;IGFBP2;CCNB1;FN1;SERPINE1;HSPA1A;SYK;ANXA1;RAB25;CCNE1;FASN;MSH6;STAT5A;ASNS;BCL2L11;SQSTM1;EEF2K;PDCD4;RPS6;ACACA;TGM2;FOXM1;MSH2;MAPK1;DIABLO;NF2;MAP2K1;PTEN;TP53;CHEK2;PEA15;EEF2;CDH2,1,4,4,3,,0.04932636236669901,0.2,0.2,8.189707960933698e-123;5.251497053555092e-67;2.413518735027677e-31;4.1750753795124585e-11,1.0752378671473757e-93;5.5124706663027674e-55;5.529577778385205e-19,proxy_dimensions,4,,,,,0,131,0.995093125172776,,,
CDH2,3,16,CDH1;STAT5A;SQSTM1,GAPDH;IGFBP2;FN1;SERPINE1;ANXA1;RAB25;FASN;BCL2L11;EEF2K;PDCD4;RPS6;ACACA;TGM2;DIABLO;PTEN;PEA15,1,4,4,3,,0.04932636236669901,0.2,0.15,6.546276481945225e-57;1.7088132182066345e-31;4.485533585346393e-16;0.0002994797769844242,2.3613714035433116e-44;8.550536068938203e-24;6.145007828088947e-10,proxy_dimensions,4,,,,,0,131,1.0271149338093921,,,
CLDN7,3,7,CAV1;CDH1;PRKCA,VHL;GAPDH;GAB2;PDCD4;MAP2K1;PTEN;TP53,1,4,4,3,,0.04932636236669901,0.4,0.2,1.5276180459864965e-24;2.5658111489556847e-09;7.868800791144105e-07;0.0011481585241293814,2.3406541569988825e-16;1.232852235021912e-07;8.02513779971981e-05,proxy_dimensions,4,,,,,0,132,0.9102402599946766,,,
CDH1,3,7,CLDN7;CTNNB1;CDH2,VHL;GAPDH;GAB2;PDCD4;MAP2K1;PTEN;TP53,1,3,3,3,0.08502459739166829,0.04932636236669901,0.4,0.2,1.9146637385862795e-30;7.714673292939991e-11;4.868129383263816e-05;0.14925644788207004,3.5175547735903707e-26;7.582595030553973e-13;6.042137912298826e-08,reported,3,0.26455340005284317,0.4223903786166776;0.28160607447706837;0.26455340005284317,0.05640210852558596,True,1,132,0.8858517380864209,2.0657215589316134,0.15823595016403386,0.5880810980315798
HSPA1A,4,7,ESR1;SQSTM1;COL6A1;CDH2,VHL;GAPDH;GAB2;PDCD4;MAP2K1;PTEN;TP53,1,3,3,3,0.051660492013706615,0.04932636236669901,0.4,0.2,2.9291720763327103e-24;2.110954103508154e-10;1.2723407385879271e-05;0.1544914305532331;0.6993382324297481,3.8676432492602005e-26;8.382890211131524e-10;0.0003148694454523865,reported,3,0.19781651983890108,0.46220453991164634;0.2981025536045811;0.19781651983890108,0.03882296285217995,True,1,132,1.0190778831602538,0.8491146876636778,0.09824660251227912,0.6024644200688417
GAB2,1,58,VHL,MYH11;GAPDH;ESR1;TUBA1B;TFRC;IGFBP2;CLDN7;CCNB1;FN1;CAV1;CDH1;SERPINE1;HSPA1A;SYK;ANXA1;AR;RAB25;CASP7;RICTOR;CCNE1;ATM;INPP4B;FASN;CTNNB1;MSH6;STAT5A;MYC;ASNS;BCL2L11;SQSTM1;EEF2K;ERBB2;PDCD4;RPS6;ACACA;TP53BP1;TGM2;FOXM1;MSH2;MAPK1;DIABLO;BRAF;ERBB3;NF2;RBM15;MAP2K1;PTEN;TP53;ETS1;CHEK2;PEA15;COL6A1;EEF2;PRKCA;CDH2;KIT;PREX1;LCK,1,2,2,1,,0.04932636236669901,0.4,0.2,9.614930412825717e-33;3.650476004924864e-10,2.2888735515522814e-16,proxy_dimensions,2,,,,,0,132,0.9738116043904215,,,
ASNS,1,25,TGM2,VHL;GAPDH;ESR1;TUBA1B;TFRC;FN1;SERPINE1;SYK;ANXA1;CASP7;GAB2;ATM;FASN;MSH6;STAT5A;PDCD4;ACACA;TP53BP1;MSH2;RBM15;PTEN;TP53;CHEK2;EEF2;CDH2,1,2,2,1,,0.04932636236669901,0.2,0.15,1.1586164512430493e-41;9.11446205724465e-18,1.1233571285371168e-18,proxy_dimensions,2,,,,,0,132,0.9398478581106905,,,
BCL2L11,1,25,RAB25,VHL;GAPDH;ESR1;TUBA1B;TFRC;FN1;SERPINE1;SYK;ANXA1;CASP7;GAB2;ATM;FASN;MSH6;STAT5A;PDCD4;ACACA;TP53BP1;MSH2;RBM15;PTEN;TP53;CHEK2;EEF2;CDH2,1,2,2,1,,0.04932636236669901,0.2,0.15,1.2270722611680527e-19;1.6081024073947813e-07,2.1461750450624834e-08,proxy_dimensions,2,,,,,0,132,0.9552640530203124,,,
BRAF,3,7,CAV1;CASP7;ETS1,VHL;GAPDH;GAB2;PDCD4;MAP2K1;PTEN;TP53,1,2,2,1,0.03000409880382932,0.04932636236669901,0.4,0.2,5.12470406290053e-19;1.7679368048871657e-06;0.05802501980336833;0.10253642747977967,6.850581044529551e-09;0.3426185350745391,conditional_information_dimension,2,0.07263334791606255,0.3311493065094266;0.07263334791606255,0.03753017876133942,False,0,132,1.0331971856407451,,,
CDH2,4,7,CDH1;HSPA1A;STAT5A;SQSTM1,VHL;GAPDH;GAB2;PDCD4;MAP2K1;PTEN;TP53,1,3,3,3,0.03377426642393792,0.04932636236669901,0.4,0.2,6.348035898080707e-25;1.6938621453337005e-13;0.00028884062954489636;0.1778192296473558;0.27998914810527237,1.7958631860724023e-27;2.344327253649823e-13;0.011773649121713288,reported,3,0.14747729749964816,0.43833949857748933;0.3780113778107048;0.14747729749964816,0.029140522883435944,True,1,132,1.0580198432298178,-1.3761838862756566,-0.1333114383221701,0.6016779936228501
CLDN7,2,34,CAV1;CDH1,VHL;GAPDH;ESR1;TFRC;IGFBP2;CCNB1;FN1;SERPINE1;SYK;RAB25;CASP7;CCNE1;GAB2;FASN;MSH6;STAT5A;ASNS;SQSTM1;EEF2K;ERBB2;PDCD4;ACACA;FOXM1;MSH2;DIABLO;BRAF;MAP2K1;PTEN;TP53;CHEK2;EEF2;CDH2;PREX1;LCK,1,3,3,2,,0.04932636236669901,0.4,0.25,1.637191767614922e-69;5.0304394160065105e-23;1.5374403440924402e-08,3.4644690506066983e-43;4.860453849774561e-10,proxy_dimensions,3,,,,,0,133,0.9993599827790524,,,
CDH1,3,6,CLDN7;FN1;CTNNB1,GAPDH;TFRC;IGFBP2;RAB25;PTEN;TP53,1,4,4,3,,0.04932636236669901,0.4,0.2,2.3817136134398253e-41;1.6973271210533718e-17;5.457575181495487e-07;0.00043848531553381827,1.1565685317000373e-29;6.073422505781198e-10;3.11065286984961e-05,proxy_dimensions,4,,,,,0,133,1.0397076358181354,,,
HSPA1A,3,6,SQSTM1;COL6A1;KIT,GAPDH;TFRC;IGFBP2;RAB25;PTEN;TP53,1,4,4,3,,0.04932636236669901,0.4,0.2,3.6554268977197037e-22;1.0463097209811997e-08;0.0001481578603378552;0.037043484573387006,8.909355613688514e-19;1.4031960584286557e-05;0.002903509861711588,proxy_dimensions,4,,,,,0,133,0.9545040493402466,,,
GAB2,2,57,VHL;ATM,MYH11;GAPDH;ESR1;TUBA1B;TFRC;IGFBP2;CLDN7;CCNB1;FN1;CAV1;CDH1;SERPINE1;HSPA1A;SYK;ANXA1;AR;RAB25;CASP7;RICTOR;CCNE1;INPP4B;FASN;CTNNB1;MSH6;STAT5A;MYC;ASNS;BCL2L11;SQSTM1;EEF2K;ERBB2;PDCD4;RPS6;ACACA;TP53BP1;TGM2;FOXM1;MSH2;MAPK1;DIABLO;BRAF;ERBB3;NF2;RBM15;MAP2K1;PTEN;TP53;ETS1;CHEK2;PEA15;COL6A1;EEF2;PRKCA;CDH2;KIT;PREX1;LCK,1,3,3,2,,0.04932636236669901,0.2,0.15,1.168263833477843e-74;8.776626900741934e-39;2.8991349457154605e-16,1.89308014186733e-46;3.220187309424612e-18,proxy_dimensions,3,,,,,0,133,1.0314854429069644,,,
ASNS,3,6,ACACA;CHEK2;PRKCA,GAPDH;TFRC;IGFBP2;RAB25;PTEN;TP53,1,3,3,2,0.003806700637424439,0.04932636236669901,0.4,0.2,7.652633027110844e-20;4.894710621235612e-09;0.00907133117197933;0.395186028728686,6.94842313820101e-21;4.993876988578219e-10;0.8033367270922411,conditional_information_dimension,3,0.012381625749053137,0.39116410529922424;0.33862096231340183;0.012381625749053137,0.021064235334727385,False,0,133,1.0060722536654512,,,
BCL2L11,3,6,ANXA1;INPP4B;PRKCA,GAPDH;TFRC;IGFBP2;RAB25;PTEN;TP53,1,3,3,2,0.02114125757504114,0.04932636236669901,0.4,0.2,1.1439226969326512e-14;3.948343793171567e-08;0.0006545718756361058;0.18931467776191788,1.3995551829532368e-14;3.3150548927793115e-06;0.09115764064120373,conditional_information_dimension,3,0.08384704360915428,0.35504663913385837;0.2585072846906666;0.08384704360915428,0.025105348958993322,False,0,133,0.977461884792338,,,
BRAF,2,6,CAV1;GAB2,GAPDH;TFRC;IGFBP2;RAB25;PTEN;TP53,1,2,2,2,0.06766523566918035,0.04932636236669901,0.4,0.2,3.701368968888399e-21;4.8899336175303826e-08;0.1829298383453177,1.433421259262597e-19;0.0058206701625158,reported,2,0.13630791413928017,0.4392599655361028;0.13630791413928017,0.052611672232038144,True,1,133,1.0119587277194846,-4.1075999032050685,-0.13482279641256997,0.6406299528329937
CDH2,1,6,STAT5A,GAPDH;TFRC;IGFBP2;RAB25;PTEN;TP53,1,2,2,1,,0.04932636236669901,0.4,0.2,2.1857388762072584e-08;8.589371538841914e-05,3.0925478325077876e-05,proxy_dimensions,2,,,,,0,133,0.9093173491366089,,,
CLDN7,2,11,CDH1;PRKCA,ESR1;TFRC;RAB25;ATM;SQSTM1;RPS6;DIABLO;PTEN;TP53;EEF2;CDH2,1,3,3,2,,0.04932636236669901,0.4,0.2,5.0106385613607045e-43;6.061999695892152e-16;0.0006915382039836868,4.394888373083331e-28;2.874955397792513e-12,proxy_dimensions,3,,,,,0,134,0.9832585291634621,,,
CDH1,3,30,CLDN7;SERPINE1;CTNNB1,VHL;ESR1;TUBA1B;TFRC;IGFBP2;SYK;ANXA1;RAB25;GAB2;ATM;FASN;STAT5A;SQSTM1;EEF2K;ERBB2;PDCD4;RPS6;ACACA;MAPK1;DIABLO;BRAF;NF2;MAP2K1;PTEN;TP53;ETS1;CHEK2;EEF2;CDH2;KIT,1,4,4,3,,0.04932636236669901,0.4,0.25,3.1239954140873515e-106;1.3171357607883068e-61;8.931340785934693e-24;1.8380167416099739e-09,2.902972810432441e-74;3.5531315018590543e-35;3.619049086481034e-13,proxy_dimensions,4,,,,,0,134,1.0262689925219555,,,
HSPA1A,1,25,COL6A1,VHL;ESR1;TFRC;SYK;GAB2;ATM;MSH6;STAT5A;EEF2K;PDCD4;RPS6;MSH2;MAPK1;BRAF;NF2;RBM15;MAP2K1;PTEN;TP53;ETS1;CHEK2;PEA15;EEF2;CDH2;KIT,1,2,2,1,,0.04932636236669901,0.2,0.15,1.2653952164591158e-40;2.6913620806905708e-11,1.0543023503962245e-20,proxy_dimensions,2,,,,,0,134,1.024504555697283,,,
GAB2,2,11,VHL;BRAF,ESR1;TFRC;RAB25;ATM;SQSTM1;RPS6;DIABLO;PTEN;TP53;EEF2;CDH2,1,3,3,2,,0.04932636236669901,0.4,0.2,6.499107042932701e-13;1.5839911559153237e-06;0.005558583487300048,1.0384707090994749e-07;0.0010846394260936776,proxy_dimensions,3,,,,,0,134,0.9988181988833655,,,
ASNS,4,11,FN1;CAV1;CHEK2;PRKCA,ESR1;TFRC;RAB25;ATM;SQSTM1;RPS6;DIABLO;PTEN;TP53;EEF2;CDH2,1,4,4,3,0.003935892495966873,0.04932636236669901,0.4,0.2,4.26831011539558e-53;4.5043793083774836e-27;4.819201229807543e-07;0.007217300073306337;0.3975032225645304,3.727588184193833e-55;9.846727589034407e-28;9.752855124145392e-07;0.6604619026728868,conditional_information_dimension,4,0.021865696790342583,0.5636646719656918;0.5004818383064839;0.28119439453503475;0.021865696790342583,0.020496154174274597,False,0,134,1.0454905395480398,,,
BCL2L11,2,25,CCNE1;PRKCA,VHL;ESR1;TFRC;SYK;GAB2;ATM;MSH6;STAT5A;EEF2K;PDCD4;RPS6;MSH2;MAPK1;BRAF;NF2;RBM15;MAP2K1;PTEN;TP53;ETS1;CHEK2;PEA15;EEF2;CDH2;KIT,1,3,3,2,,0.04932636236669901,0.2,0.15,1.1197038057559981e-59;4.0994982570689366e-23;4.6310951810294713e-07,2.758312657629799e-45;1.7403329957256402e-09,proxy_dimensions,3,,,,,0,134,0.9393964282932348,,,
BRAF,5,11,CAV1;GAB2;EEF2K;ERBB2;ETS1,ESR1;TFRC;RAB25;ATM;SQSTM1;RPS6;DIABLO;PTEN;TP53;EEF2;CDH2,1,5,5,4,0.004146540868533332,0.04932636236669901,0.4,0.2,1.0704013908522215e-57;1.5491936406902416e-35;2.7721833637061487e-19;3.132697976416683e-08;0.004507483764232746;0.10099733560347471,5.615731636894522e-63;2.6340548778083095e-37;8.974142630093643e-20;2.047831530373477e-05;0.69147105857204,conditional_information_dimension,5,0.019779320785078675,0.5611288849773429;0.4813895810872061;0.4342732899300242;0.2537045180503417;0.019779320785078675,0.018355611552412828,False,0,134,1.029243014270422,,,
CDH2,1,56,STAT5A,MYH11;VHL;GAPDH;ESR1;TUBA1B;TFRC;IGFBP2;CLDN7;CCNB1;FN1;CAV1;CDH1;SERPINE1;HSPA1A;ANXA1;AR;RAB25;CASP7;RICTOR;CCNE1;GAB2;INPP4B;FASN;CTNNB1;MSH6;MYC;ASNS;BCL2L11;SQSTM1;EEF2K;ERBB2;PDCD4;RPS6;ACACA;TP53BP1;TGM2;FOXM1;MSH2;MAPK1;DIABLO;BRAF;ERBB3;NF2;RBM15;MAP2K1;PTEN;TP53;ETS1;CHEK2;PEA15;COL6A1;EEF2;PRKCA;KIT;PREX1;LCK,1,2,2,1,,0.04932636236669901,0.2,0.15,2.694005099421692e-72;5.517152578617815e-24,1.1957705457280353e-51,proxy_dimensions,2,,,,,0,134,0.9328252097008879,,,
CLDN7,4,33,FN1;CDH1;MAP2K1;PRKCA,MYH11;VHL;GAPDH;TUBA1B;TFRC;IGFBP2;CCNB1;CAV1;HSPA1A;SYK;ANXA1;RAB25;RICTOR;CCNE1;ATM;FASN;STAT5A;ASNS;SQSTM1;PDCD4;RPS6;ACACA;FOXM1;MAPK1;DIABLO;NF2;PTEN;TP53;CHEK2;COL6A1;EEF2;CDH2;KIT,1,5,5,4,,0.04932636236669901,0.2,0.15,9.491571312384954e-92;6.123037930533355e-51;4.242835136234591e-30;1.653850326250654e-17;1.964331830527159e-09,5.3240016954528884e-76;4.730566754204816e-40;3.97526901880337e-22;3.94195235118091e-10,proxy_dimensions,5,,,,,0,135,0.9577113092563475,,,
CDH1,4,13,CLDN7;SERPINE1;CTNNB1;PRKCA,ESR1;TFRC;IGFBP2;SYK;RAB25;ATM;RPS6;MAPK1;DIABLO;NF2;MAP2K1;PTEN;TP53,1,5,5,4,,0.04932636236669901,0.4,0.2,6.99952335255107e-63;1.9672304901497456e-36;1.2090790999040647e-22;2.4065213676145374e-12;0.005657145081027217,2.4811339960272215e-49;1.041260285395686e-27;1.5265219730849587e-13;0.000184713992165944,proxy_dimensions,5,,,,,0,135,0.9124394946260684,,,
HSPA1A,3,48,SYK;SQSTM1;COL6A1,VHL;GAPDH;ESR1;TUBA1B;TFRC;IGFBP2;CLDN7;CCNB1;FN1;CDH1;SERPINE1;ANXA1;AR;RAB25;CASP7;CCNE1;GAB2;ATM;INPP4B;FASN;CTNNB1;MSH6;STAT5A;MYC;BCL2L11;EEF2K;ERBB2;PDCD4;ACACA;TP53BP1;TGM2;FOXM1;MSH2;MAPK1;DIABLO;BRAF;ERBB3;RBM15;MAP2K1;PTEN;ETS1;CHEK2;PEA15;EEF2;PRKCA;CDH2;PREX1;LCK,1,4,4,3,,0.04932636236669901,0.2,0.15,1.1002861604393106e-108;1.795680992016812e-52;6.510366976837821e-24;8.147928875083901e-07,1.3426096548817547e-84;2.603950994861371e-39;1.0402537296389554e-10,proxy_dimensions,4,,,,,0,135,1.050789078923517,,,
GAB2,3,13,VHL;ERBB2;BRAF,ESR1;TFRC;IGFBP2;SYK;RAB25;ATM;RPS6;MAPK1;DIABLO;NF2;MAP2K1;PTEN;TP53,1,4,4,3,,0.04932636236669901,0.4,0.2,7.131091735784457e-26;9.910267806331199e-12;1.5112857673669092e-07;0.0011646671163957293,9.987080324612062e-20;1.039021600667056e-09;8.199812293562172e-06,proxy_dimensions,4,,,,,0,135,0.994018819694103,,,
ASNS,2,13,SQSTM1;CHEK2,ESR1;TFRC;IGFBP2;SYK;RAB25;ATM;RPS6;MAPK1;DIABLO;NF2;MAP2K1;PTEN;TP53,1,3,3,2,,0.04932636236669901,0.4,0.2,2.591289534171862e-34;4.936843704505088e-17;2.426318669676531e-06,8.583043925938247e-28;1.0871796509194117e-10,proxy_dimensions,3,,,,,0,135,1.0275589514691599,,,
BCL2L11,3,13,ANXA1;TGM2;PRKCA,ESR1;TFRC;IGFBP2;SYK;RAB25;ATM;RPS6;MAPK1;DIABLO;NF2;MAP2K1;PTEN;TP53,1,4,4,3,,0.04932636236669901,0.4,0.2,3.5254358687899204e-30;3.824688612807897e-18;7.449418496837399e-08;0.012094509727683502,1.5992708472698572e-23;5.468784832870969e-13;9.095856616781058e-07,proxy_dimensions,4,,,,,0,135,1.0359542195757674,,,
BRAF,5,13,CASP7;RICTOR;GAB2;EEF2K;ETS1,ESR1;TFRC;IGFBP2;SYK;RAB25;ATM;RPS6;MAPK1;DIABLO;NF2;MAP2K1;PTEN;TP53,1,5,5,5,0.01616257606239727,0.04932636236669901,0.4,0.2,6.732275722034914e-45;7.576835857279651e-28;8.081804210083588e-15;2.0862921951727493e-07;0.0010947339588145582;0.40482260799421155,4.1422134274734436e-42;1.9981103353516863e-22;2.157819386565509e-12;1.588592098384463e-07;0.03719453803702205,reported,5,0.10357763679330444,0.5129582172832781;0.3956648980022681;0.2965458851200365;0.2802520323241285;0.10357763679330444,0.01817308283197037,True,1,135,1.017711579590444,-5.091844234374807,-0.44863978919680214,0.4753323846721271
CDH2,3,13,CTNNB1;STAT5A;SQSTM1,ESR1;TFRC;IGFBP2;SYK;RAB25;ATM;RPS6;MAPK1;DIABLO;NF2;MAP2K1;PTEN;TP53,1,4,4,3,,0.04932636236669901,0.4,0.2,6.410451938871088e-39;5.1028969106670647e-17;9.059606180769563e-08;0.03330619466528236,6.011216176423183e-31;6.642062116246347e-10;0.0013758549809756784,proxy_dimensions,4,,,,,0,135,0.9840287282826538,,,
CLDN7,1,32,PRKCA,VHL;GAPDH;TUBA1B;TFRC;IGFBP2;FN1;CDH1;SERPINE1;SYK;ANXA1;RAB25;GAB2;ATM;INPP4B;FASN;CTNNB1;STAT5A;ASNS;SQSTM1;ACACA;MAPK1;NF2;RBM15;MAP2K1;PTEN;TP53;CHEK2;PEA15;EEF2;CDH2;PREX1;LCK,1,2,2,1,,0.04932636236669901,0.2,0.15,1.2297493274265788e-84;7.983808814118949e-39,7.820264592352062e-43,proxy_dimensions,2,,,,,0,136,0.9839339278431393,,,
CDH1,2,55,CTNNB1;CDH2,MYH11;VHL;GAPDH;ESR1;TUBA1B;TFRC;IGFBP2;CLDN7;CCNB1;FN1;CAV1;SERPINE1;HSPA1A;SYK;ANXA1;AR;RAB25;CASP7;RICTOR;CCNE1;GAB2;INPP4B;FASN;MSH6;MYC;ASNS;BCL2L11;SQSTM1;EEF2K;ERBB2;PDCD4;RPS6;ACACA;TP53BP1;TGM2;FOXM1;MSH2;MAPK1;DIABLO;BRAF;ERBB3;NF2;RBM15;MAP2K1;PTEN;TP53;ETS1;CHEK2;PEA15;COL6A1;EEF2;PRKCA;KIT;PREX1;LCK,1,3,3,2,,0.04932636236669901,0.2,0.15,2.509764101741453e-127;5.282169621668319e-69;8.25525222033077e-28,1.2641455900374e-81;8.88887458595531e-28,proxy_dimensions,3,,,,,0,136,1.0204742163226677,,,
HSPA1A,2,32,COL6A1;KIT,VHL;GAPDH;TUBA1B;TFRC;IGFBP2;FN1;CDH1;SERPINE1;SYK;ANXA1;RAB25;GAB2;ATM;INPP4B;FASN;CTNNB1;STAT5A;ASNS;SQSTM1;ACACA;MAPK1;NF2;RBM15;MAP2K1;PTEN;TP53;CHEK2;PEA15;EEF2;CDH2;PREX1;LCK,1,3,3,2,,0.04932636236669901,0.2,0.15,2.0109604356336076e-45;2.9232046285703115e-16;2.119041747497253e-06,5.7921701835322576e-33;4.0332730235692233e-10,proxy_dimensions,3,,,,,0,136,1.0025136744090815,,,
GAB2,1,55,RAB25,MYH11;VHL;GAPDH;ESR1;TUBA1B;TFRC;CLDN7;CCNB1;FN1;CAV1;CDH1;SERPINE1;HSPA1A;SYK;ANXA1;AR;CASP7;RICTOR;CCNE1;ATM;INPP4B;FASN;CTNNB1;MSH6;STAT5A;MYC;ASNS;BCL2L11;SQSTM1;EEF2K;ERBB2;PDCD4;RPS6;ACACA;TP53BP1;TGM2;FOXM1;MSH2;MAPK1;DIABLO;BRAF;ERBB3;NF2;RBM15;MAP2K1;PTEN;TP53;ETS1;CHEK2;PEA15;COL6A1;EEF2;PRKCA;CDH2;KIT,1,2,2,1,,0.04932636236669901,0.2,0.15,2.113287345992132e-56;5.922121256068495e-29,2.589344238537207e-29,proxy_dimensions,2,,,,,0,136,0.942283012850785,,,
ASNS,3,14,CHEK2;COL6A1;PRKCA,VHL;TUBA1B;IGFBP2;CLDN7;RAB25;GAB2;FASN;EEF2K;ERBB2;RPS6;ACACA;MAP2K1;TP53;KIT,1,4,4,3,,0.04932636236669901,0.4,0.2,3.227400547053526e-54;2.9574919460320304e-20;7.027730147995872e-11;0.029739882598075116,6.663387239430686e-36;7.311161409462769e-11;0.038059388629888474,proxy_dimensions,4,,,,,0,136,1.0238054959002882,,,
BCL2L11,1,32,PRKCA,VHL;GAPDH;TUBA1B;TFRC;IGFBP2;FN1;CDH1;SERPINE1;SYK;ANXA1;RAB25;GAB2;ATM;INPP4B;FASN;CTNNB1;STAT5A;ASNS;SQSTM1;ACACA;MAPK1;NF2;RBM15;MAP2K1;PTEN;TP53;CHEK2;PEA15;EEF2;CDH2;PREX1;LCK,1,2,2,1,,0.04932636236669901,0.2,0.15,7.274414956003951e-64;1.6461835381223318e-20,1.6852087282293445e-46,proxy_dimensions,2,,,,,0,136,1.0114656876787294,,,
BRAF,2,14,CTNNB1;ETS1,VHL;TUBA1B;IGFBP2;CLDN7;RAB25;GAB2;FASN;EEF2K;ERBB2;RPS6;ACACA;MAP2K1;TP53;KIT,1,3,3,2,,0.04932636236669901,0.4,0.2,6.039918676272897e-45;4.5897617214657903e-07;0.006295930774246052,5.309024489181392e-22;7.415019598850131e-06,proxy_dimensions,3,,,,,0,136,1.0027382523403576,,,
CDH2,2,55,CDH1;STAT5A,MYH11;VHL;GAPDH;ESR1;TUBA1B;TFRC;IGFBP2;CLDN7;CCNB1;FN1;CAV1;SERPINE1;HSPA1A;SYK;ANXA1;AR;RAB25;CASP7;RICTOR;CCNE1;GAB2;INPP4B;FASN;MSH6;MYC;ASNS;BCL2L11;SQSTM1;EEF2K;ERBB2;PDCD4;RPS6;ACACA;TP53BP1;TGM2;FOXM1;MSH2;MAPK1;DIABLO;BRAF;ERBB3;NF2;RBM15;MAP2K1;PTEN;TP53;ETS1;CHEK2;PEA15;COL6A1;EEF2;PRKCA;KIT;PREX1;LCK,1,3,3,2,,0.04932636236669901,0.2,0.15,7.850925002605744e-127;2.1794961408597726e-64;2.1978862462502796e-22,2.2963935565195097e-102;6.016505519140957e-44,proxy_dimensions,3,,,,,0,136,1.0169713978863157,,,
CLDN7,2,13,CDH1;ETS1,VHL;TFRC;SYK;RAB25;GAB2;FASN;ASNS;ERBB2;ACACA;MAPK1;NF2;MAP2K1;PTEN,1,3,3,2,,0.04932636236669901,0.4,0.2,5.32824571527137e-34;7.625252390113933e-16;4.7355861864984345e-06,1.1324582585933212e-18;8.060473780468434e-08,proxy_dimensions,3,,,,,0,137,1.0647301377198213,,,
CDH1,3,13,CLDN7;CTNNB1;PRKCA,VHL;TFRC;SYK;RAB25;GAB2;FASN;ASNS;ERBB2;ACACA;MAPK1;NF2;MAP2K1;PTEN,1,4,4,3,,0.04932636236669901,0.4,0.2,6.885110445394636e-55;8.562008080422769e-32;2.1073019446925285e-17;5.215699247753141e-07,1.6247078228374715e-42;4.422960573342631e-21;4.322926814714612e-11,proxy_dimensions,4,,,,,0,137,1.0416118558744074,,,
HSPA1A,3,13,SQSTM1;COL6A1;CDH2,VHL;TFRC;SYK;RAB25;GAB2;FASN;ASNS;ERBB2;ACACA;MAPK1;NF2;MAP2K1;PTEN,1,3,3,2,0.00534243002399339,0.04932636236669901,0.4,0.2,1.3523777711460602e-27;1.7140230850801834e-15;1.890003157571125e-06;0.12283541896306438,1.6597898012930406e-26;8.185617396267118e-12;0.6767566755244661,conditional_information_dimension,3,0.020726152484679454,0.43760611692273826;0.3645514163291378;0.020726152484679454,0.026563264087954324,False,0,137,1.0259570034517524,,,
GAB2,0,0,,,1,0,0,0,,0.04932636236669901,0.2,0.15,,,no_shared_direction,0,,,,,0,137,1.0448169899534987,,,
ASNS,0,0,,,1,0,0,0,,0.04932636236669901,0.2,0.15,,,no_shared_direction,0,,,,,0,137,0.9889620157721706,,,
BCL2L11,2,13,CCNE1;PDCD4,VHL;TFRC;SYK;RAB25;GAB2;FASN;ASNS;ERBB2;ACACA;MAPK1;NF2;MAP2K1;PTEN,1,3,3,2,,0.04932636236669901,0.4,0.2,1.095860643399291e-22;4.0593123304025226e-10;0.0020572844576701222,2.1192108498312384e-15;1.65900638582709e-06,proxy_dimensions,3,,,,,0,137,1.054928660599321,,,
BRAF,2,13,CAV1;ETS1,VHL;TFRC;SYK;RAB25;GAB2;FASN;ASNS;ERBB2;ACACA;MAPK1;NF2;MAP2K1;PTEN,1,3,3,2,,0.04932636236669901,0.4,0.2,5.617815045911202e-49;2.2189379182911735e-22;4.593690892309231e-10,7.147324817416161e-27;2.9009798874144375e-11,proxy_dimensions,3,,,,,0,137,0.9253438147213074,,,
CDH2,3,13,HSPA1A;CCNE1;STAT5A,VHL;TFRC;SYK;RAB25;GAB2;FASN;ASNS;ERBB2;ACACA;MAPK1;NF2;MAP2K1;PTEN,1,4,4,3,,0.04932636236669901,0.4,0.2,1.5545010932330885e-25;8.142413868986664e-13;5.243941823336406e-05;0.02993611008566371,4.734068838571208e-22;3.231809940438877e-09;0.00561759384891649,proxy_dimensions,4,,,,,0,137,1.053102134096985,,,
CLDN7,2,12,CDH1;PRKCA,VHL;SYK;RAB25;BCL2L11;SQSTM1;EEF2K;DIABLO;BRAF;MAP2K1;PTEN;TP53;KIT,1,3,3,2,,0.04932636236669901,0.2,0.15,4.058775254107776e-49;1.4599535267568917e-18;6.438683548333114e-06,6.17688974936782e-20;1.7781589061937774e-07,proxy_dimensions,3,,,,,0,138,1.0791865294026088,,,
CDH1,3,13,CLDN7;CTNNB1;CDH2,VHL;TFRC;SYK;RAB25;GAB2;BCL2L11;ERBB2;TGM2;MAPK1;NF2;MAP2K1;TP53;PEA15,1,4,4,3,,0.04932636236669901,0.4,0.2,1.362814771704393e-47;3.4618285958943074e-27;4.140416896833762e-10;0.0018002736655106815,6.860824081419161e-30;1.774591977193829e-12;0.0028510858754138605,proxy_dimensions,4,,,,,0,138,1.0432014850060685,,,
HSPA1A,3,13,COL6A1;CDH2;KIT,VHL;TFRC;SYK;RAB25;GAB2;BCL2L11;ERBB2;TGM2;MAPK1;NF2;MAP2K1;TP53;PEA15,1,4,4,3,,0.04932636236669901,0.4,0.2,7.694228061480222e-33;8.813253319241992e-12;8.142258004795768e-07;0.0006283123454142393,1.0780407790193919e-22;1.2400545567151733e-06;0.0007042309033829262,proxy_dimensions,4,,,,,0,138,1.079851314490894,,,
GAB2,1,12,HSPA1A,VHL;SYK;RAB25;BCL2L11;SQSTM1;EEF2K;DIABLO;BRAF;MAP2K1;PTEN;TP53;KIT,1,2,2,1,,0.04932636236669901,0.2,0.15,7.814704034173161e-34;4.361564444343127e-05,2.729803059589191e-10,proxy_dimensions,2,,,,,0,138,1.0414849306249696,,,
ASNS,1,12,ACACA,VHL;SYK;RAB25;BCL2L11;SQSTM1;EEF2K;DIABLO;BRAF;MAP2K1;PTEN;TP53;KIT,1,2,2,1,,0.04932636236669901,0.2,0.15,9.431951277565195e-15;0.001933957108349652,0.0002796007635943722,proxy_dimensions,2,,,,,0,138,1.0174546856454385,,,
BCL2L11,1,58,RAB25,MYH11;VHL;GAPDH;ESR1;TUBA1B;TFRC;IGFBP2;CLDN7;CCNB1;FN1;CAV1;CDH1;SERPINE1;HSPA1A;SYK;ANXA1;AR;CASP7;RICTOR;CCNE1;GAB2;ATM;INPP4B;FASN;CTNNB1;MSH6;STAT5A;MYC;ASNS;SQSTM1;EEF2K;ERBB2;PDCD4;RPS6;ACACA;TP53BP1;TGM2;FOXM1;MSH2;MAPK1;DIABLO;BRAF;ERBB3;NF2;RBM15;MAP2K1;PTEN;TP53;ETS1;CHEK2;PEA15;COL6A1;EEF2;PRKCA;CDH2;KIT;PREX1;LCK,1,2,2,1,,0.04932636236669901,0.2,0.15,4.243676427333975e-42;2.0729348289453007e-16,7.502485258526175e-17,proxy_dimensions,2,,,,,0,138,0.981584369942412,,,
BRAF,2,2,ATM;ETS1,ERBB2;TP53,1,2,2,1,0.026432890054058238,0.04932636236669901,0.4,0.15,7.417296728639971e-11;0.009678745551054775,1.3388142463618306e-05;0.21162993928712512,conditional_information_dimension,2,0.061970184184833355,0.2505432350301067;0.061970184184833355,0.02643289005405818,False,0,138,1.001709017289534,,,
CDH2,3,13,CDH1;HSPA1A;STAT5A,VHL;TFRC;SYK;RAB25;GAB2;BCL2L11;ERBB2;TGM2;MAPK1;NF2;MAP2K1;TP53;PEA15,1,3,3,3,0.059436475557931134,0.04932636236669901,0.4,0.2,9.465940126272773e-44;3.378079083654816e-14;5.589463167577974e-07;0.09658435816603277,1.8700674097221626e-50;3.6097961330934192e-16;2.2564246853298886e-06,reported,3,0.23191770485344856,0.5988746616875485;0.35999070829586066;0.23191770485344856,0.04052767735624945,True,1,138,0.956990932185521,0.8690468959591127,0.030833013562805253,0.5737449108034909
CLDN7,3,6,CDH1;RAB25;PRKCA,TUBA1B;ATM;ERBB2;MAP2K1;PTEN;TP53,1,3,3,2,0.017371013331983504,0.04932636236669901,0.4,0.2,5.720531587429594e-25;9.780180235308018e-11;0.03658322947143175;0.7921081553015624,1.0317045121066241e-19;0.0013204661853935963;0.21773570354456048,conditional_information_dimension,3,0.06122730952180191,0.45300449691577216;0.19891629685667003;0.06122730952180191,0.0167544962716279,False,0,139,0.9595583691273738,,,
CDH1,3,5,CLDN7;CTNNB1;PRKCA,TFRC;ATM;TGM2;BRAF;TP53,1,3,3,3,0.06422462133509571,0.04932636236669901,0.2,0.15,4.803180439343169e-40;1.1649549545179045e-13;5.646290454329667e-05;0.6248150561689512,3.0823900841167856e-39;4.596972769081682e-14;1.273165285010208e-05,reported,3,0.21448579988922029,0.5349630300217939;0.33937685846069054;0.21448579988922029,0.05240193221861748,True,2,139,0.9212225688062241,1.0108947230427034,0.12186015867414854,0.7014630716657266
HSPA1A,3,6,SQSTM1;BRAF;COL6A1,TUBA1B;ATM;ERBB2;MAP2K1;PTEN;TP53,1,3,3,3,0.04981092341057033,0.04932636236669901,0.4,0.2,5.403097334937167e-15;0.003594416952185302;0.019473132236620897;0.23216126406937748,3.1778255047301032e-18;0.0001567085446168255;0.0034117282376064898,reported,3,0.14481437063470656,0.4257441834658129;0.18420268695068281;0.14481437063470656,0.0370460304971299,True,1,139,1.0040093944767785,0.36168672506458993,0.033471083216836464,0.6784553767058612
GAB2,2,46,MYH11;VHL,GAPDH;ESR1;TUBA1B;TFRC;IGFBP2;CLDN7;CCNB1;FN1;CDH1;SERPINE1;SYK;ANXA1;AR;RAB25;CASP7;CCNE1;ATM;FASN;CTNNB1;MSH6;STAT5A;ASNS;BCL2L11;SQSTM1;ERBB2;PDCD4;RPS6;ACACA;TP53BP1;TGM2;FOXM1;MSH2;MAPK1;DIABLO;BRAF;NF2;RBM15;MAP2K1;PTEN;TP53;ETS1;CHEK2;PEA15;CDH2;PREX1;LCK,1,3,3,2,,0.04932636236669901,0.2,0.2,1.7955885938387022e-43;4.0375066671203335e-16;2.735327189127161e-05,2.041894849552837e-25;3.236221205172783e-08,proxy_dimensions,3,,,,,0,139,0.9823206094448449,,,
ASNS,3,6,TFRC;CCNB1;PRKCA,TUBA1B;ATM;ERBB2;MAP2K1;PTEN;TP53,1,3,3,2,0.029266512787737516,0.04932636236669901,0.4,0.2,3.6035803240050016e-24;4.155875938511633e-08;0.0019352878977500138;0.14482836999504634,1.0439065318613673e-22;0.00017297638926035285;0.059885431119143545,conditional_information_dimension,3,0.09335267093152357,0.4742949870990745;0.21299697424085118;0.09335267093152357,0.032315023821592015,False,0,139,0.921946857214013,,,
BCL2L11,4,6,CCNE1;INPP4B;PDCD4;PRKCA,TUBA1B;ATM;ERBB2;MAP2K1;PTEN;TP53,1,5,5,4,,0.04932636236669901,0.4,0.2,9.714821541179718e-32;1.2973704313708843e-16;3.772281937493452e-08;6.192977509847837e-05;0.007470404882783679,1.2657771468366697e-30;4.5652978779850045e-15;2.751486699576731e-06;0.006069631028917228,proxy_dimensions,5,,,,,0,139,1.071270689681303,,,
BRAF,3,31,HSPA1A;CTNNB1;ETS1,VHL;GAPDH;ESR1;TUBA1B;TFRC;IGFBP2;CCNB1;SYK;ANXA1;RAB25;CCNE1;GAB2;ATM;STAT5A;ASNS;BCL2L11;SQSTM1;EEF2K;ERBB2;PDCD4;RPS6;FOXM1;MAPK1;NF2;MAP2K1;PTEN;TP53;CHEK2;PEA15;EEF2;CDH2,1,4,4,3,,0.04932636236669901,0.4,0.3,1.0404982618706377e-84;9.615436360182789e-42;1.2093174772636184e-20;4.547728428965088e-06,4.1345485380010696e-53;1.3461576619330196e-30;2.6768811373853204e-14,proxy_dimensions,4,,,,,0,139,0.9753263460756996,,,
CDH2,2,5,STAT5A;SQSTM1,TFRC;ATM;TGM2;BRAF;TP53,1,2,2,2,0.1323872472313747,0.04932636236669901,0.2,0.15,7.106359819518963e-16;2.6957906678876986e-05;0.2614815503558682,8.664355574864567e-20;1.48172187168832e-07,reported,2,0.25657279175590025,0.39277991051040206;0.25657279175590025,0.09194373203263727,True,2,139,0.9383911339187698,0.16312145180600704,0.017265629922824658,0.6472846520683929
CLDN7,2,12,CDH1;ETS1,VHL;GAPDH;IGFBP2;FN1;SERPINE1;RAB25;GAB2;FASN;PDCD4;ACACA;PTEN;TP53,1,3,3,2,,0.04932636236669901,0.4,0.2,1.348004951091627e-39;4.698172906261597e-10;0.0003008323224847978,8.318342396166093e-19;3.266929352085295e-07,proxy_dimensions,3,,,,,0,140,1.0026204329644879,,,
CDH1,2,27,CLDN7;CTNNB1,VHL;GAPDH;TFRC;IGFBP2;CCNB1;FN1;SERPINE1;ANXA1;RAB25;CASP7;GAB2;ATM;FASN;ERBB2;PDCD4;RPS6;ACACA;FOXM1;MAPK1;DIABLO;NF2;MAP2K1;PTEN;TP53;PEA15;EEF2;LCK,1,3,3,2,,0.04932636236669901,0.4,0.25,8.075728703071618e-85;2.895238474116166e-44;5.3215892489613375e-15,6.749097596712648e-58;3.827264876382241e-21,proxy_dimensions,3,,,,,0,140,1.0392880770772441,,,
HSPA1A,4,12,TFRC;SQSTM1;COL6A1;CDH2,VHL;GAPDH;IGFBP2;FN1;SERPINE1;RAB25;GAB2;FASN;PDCD4;ACACA;PTEN;TP53,1,4,4,4,0.053464035785535706,0.04932636236669901,0.4,0.2,5.231521471675292e-35;3.156975740793123e-18;3.3131426863313197e-07;0.008062052209578514;0.1773886812670628,1.3942951641067633e-39;2.7667632456312204e-20;2.022102628588909e-11;5.008762172191982e-05,reported,4,0.19984002691764757,0.49757396817389166;0.3646654480249229;0.3055149816773572;0.19984002691764757,0.03543318166116605,True,1,140,1.011949576051729,0.6130002938837368,0.005156331024663435,0.6235032365969526
GAB2,3,14,SYK;ATM;SQSTM1,VHL;TUBA1B;TFRC;IGFBP2;FN1;SERPINE1;RAB25;MAPK1;NF2;PTEN;TP53;PEA15;EEF2;PREX1,1,4,4,3,,0.04932636236669901,0.2,0.15,2.226209853253772e-44;5.968485400017799e-20;2.6798295832986405e-06;0.0016929793034735703,5.756965332835718e-32;2.2274567146148424e-09;0.0001548142441843702,proxy_dimensions,4,,,,,0,140,1.0830678296623801,,,
ASNS,2,12,CHEK2;PRKCA,VHL;GAPDH;IGFBP2;FN1;SERPINE1;RAB25;GAB2;FASN;PDCD4;ACACA;PTEN;TP53,1,3,3,2,,0.04932636236669901,0.4,0.2,1.3128076284446753e-31;1.5741430955581492e-13;1.5167490669239774e-05,3.035998038942029e-19;1.4584075434745475e-06,proxy_dimensions,3,,,,,0,140,1.027481420206902,,,
BCL2L11,2,12,CCNE1;TGM2,VHL;GAPDH;IGFBP2;FN1;SERPINE1;RAB25;GAB2;FASN;PDCD4;ACACA;PTEN;TP53,1,3,3,2,,0.04932636236669901,0.4,0.2,3.630186870930041e-28;3.5962865719494344e-10;0.003404570397852464,6.69607987331301e-16;4.615756060269928e-05,proxy_dimensions,3,,,,,0,140,1.0734176805469622,,,
BRAF,2,14,EEF2K;ETS1,VHL;TUBA1B;TFRC;IGFBP2;FN1;SERPINE1;RAB25;MAPK1;NF2;PTEN;TP53;PEA15;EEF2;PREX1,1,3,3,2,,0.04932636236669901,0.2,0.15,6.9528582180744345e-37;1.5902022176764537e-15;0.003452677802613873,1.7925318535996501e-25;0.0004282763915301144,proxy_dimensions,3,,,,,0,140,1.0336083215564047,,,
CDH2,3,12,HSPA1A;CTNNB1;STAT5A,VHL;GAPDH;IGFBP2;FN1;SERPINE1;RAB25;GAB2;FASN;PDCD4;ACACA;PTEN;TP53,1,3,3,3,0.056428657474651644,0.04932636236669901,0.4,0.2,4.843920328630142e-45;1.5940291592081822e-12;0.0005016301735922274;0.23958960688351938,4.69463529288138e-51;1.0699924751756932e-13;7.0857297647660606e-06,reported,3,0.22054730480450024,0.617488259101795;0.33000005818871325;0.22054730480450024,0.0338189588236163,True,1,140,0.9753223229306758,0.30086299379509496,0.07449720560622267,0.6628165023084956
CLDN7,2,22,CDH1;PRKCA,GAPDH;TUBA1B;IGFBP2;FN1;SERPINE1;SYK;ANXA1;RAB25;GAB2;STAT5A;BCL2L11;SQSTM1;PDCD4;MAPK1;DIABLO;NF2;RBM15;MAP2K1;PTEN;TP53;PEA15;CDH2,1,3,3,2,,0.04932636236669901,0.2,0.15,1.0035212623778297e-53;1.7388620679291674e-24;9.410351298431322e-09,1.7983807859027848e-29;2.0538559404001188e-13,proxy_dimensions,3,,,,,0,141,1.0435555151116045,,,
CDH1,2,22,CLDN7;CTNNB1,GAPDH;TUBA1B;IGFBP2;FN1;SERPINE1;SYK;ANXA1;RAB25;GAB2;STAT5A;BCL2L11;SQSTM1;PDCD4;MAPK1;DIABLO;NF2;RBM15;MAP2K1;PTEN;TP53;PEA15;CDH2,1,3,3,2,,0.04932636236669901,0.2,0.15,3.628720656812839e-62;6.011095882120535e-27;5.09511293402616e-09,4.8580053036110565e-37;2.535126332121186e-14,proxy_dimensions,3,,,,,0,141,1.0663289549880721,,,
HSPA1A,3,11,MYC;SQSTM1;COL6A1,GAPDH;TFRC;IGFBP2;RAB25;GAB2;ATM;STAT5A;RPS6;MAP2K1;TP53;CDH2,1,4,4,3,,0.04932636236669901,0.4,0.2,4.007282104903337e-31;9.657348905994011e-12;0.0014439392346818748;0.03033195450107574,8.23153294529989e-24;2.2136568505355413e-07;0.011613923531286261,proxy_dimensions,4,,,,,0,141,0.9587573019873439,,,
GAB2,2,54,RAB25;NF2,MYH11;VHL;ESR1;TUBA1B;TFRC;CLDN7;CCNB1;FN1;CAV1;CDH1;SERPINE1;HSPA1A;SYK;ANXA1;AR;CASP7;RICTOR;CCNE1;ATM;INPP4B;FASN;CTNNB1;MSH6;STAT5A;MYC;ASNS;BCL2L11;EEF2K;ERBB2;PDCD4;RPS6;ACACA;TP53BP1;TGM2;FOXM1;MSH2;MAPK1;DIABLO;BRAF;ERBB3;RBM15;MAP2K1;PTEN;TP53;ETS1;CHEK2;PEA15;COL6A1;EEF2;PRKCA;CDH2;KIT;PREX1;LCK,1,3,3,2,,0.04932636236669901,0.2,0.15,1.771344915089009e-64;4.162848638615931e-28;5.369353559540832e-11,3.1012444422795823e-46;2.728654449130424e-12,proxy_dimensions,3,,,,,0,141,0.9519823839561786,,,
ASNS,2,11,CHEK2;PRKCA,GAPDH;TFRC;IGFBP2;RAB25;GAB2;ATM;STAT5A;RPS6;MAP2K1;TP53;CDH2,1,3,3,2,,0.04932636236669901,0.4,0.2,6.642120725058946e-20;1.346113623653944e-06;0.04332470754738828,3.982929695191007e-16;0.013642313546086273,proxy_dimensions,3,,,,,0,141,0.9652264235983139,,,
BCL2L11,1,11,CCNE1,GAPDH;TFRC;IGFBP2;RAB25;GAB2;ATM;STAT5A;RPS6;MAP2K1;TP53;CDH2,1,2,2,1,,0.04932636236669901,0.4,0.2,6.779187342399671e-12;0.0016475204570941717,1.061440725158584e-09,proxy_dimensions,2,,,,,0,141,1.005522402495116,,,
BRAF,2,22,EEF2K;ETS1,GAPDH;TUBA1B;IGFBP2;FN1;SERPINE1;SYK;ANXA1;RAB25;GAB2;STAT5A;BCL2L11;SQSTM1;PDCD4;MAPK1;DIABLO;NF2;RBM15;MAP2K1;PTEN;TP53;PEA15;CDH2,1,3,3,2,,0.04932636236669901,0.2,0.15,4.922549827493713e-57;2.201001288404304e-29;4.53475975178307e-12,2.2646757099494783e-36;1.0512506883562423e-17,proxy_dimensions,3,,,,,0,141,1.0340818525928372,,,
CDH2,1,58,STAT5A,MYH11;VHL;GAPDH;ESR1;TUBA1B;TFRC;IGFBP2;CLDN7;CCNB1;FN1;CAV1;CDH1;SERPINE1;HSPA1A;SYK;ANXA1;AR;RAB25;CASP7;RICTOR;CCNE1;GAB2;ATM;INPP4B;FASN;CTNNB1;MSH6;MYC;ASNS;BCL2L11;SQSTM1;EEF2K;ERBB2;PDCD4;RPS6;ACACA;TP53BP1;TGM2;FOXM1;MSH2;MAPK1;DIABLO;BRAF;ERBB3;NF2;RBM15;MAP2K1;PTEN;TP53;ETS1;CHEK2;PEA15;COL6A1;EEF2;PRKCA;KIT;PREX1;LCK,1,2,2,1,,0.04932636236669901,0.2,0.15,2.9668206795562747e-60;6.607372415976418e-17,1.7819214834115005e-39,proxy_dimensions,2,,,,,0,141,1.0328857576736068,,,
CLDN7,4,5,RAB25;MAPK1;MAP2K1;PRKCA,TFRC;ASNS;SQSTM1;TP53;EEF2,1,3,3,3,0.043557611458528545,0.04932636236669901,0.4,0.2,9.485998346255789e-36;1.2365997806122152e-18;1.7341696337920022e-08;0.07711538829479105;0.36888896236788526,2.0918064628264982e-29;4.660014589309182e-11;0.010337837496732494,reported,3,0.14959670897546715,0.48224180379697584;0.34368394189381357;0.14959670897546715,0.040482042007528744,True,1,142,1.0155959420991365,-3.9524841412261074,-0.1397275908674417,0.4365807465954838
CDH1,2,24,CLDN7;CTNNB1,VHL;GAPDH;TUBA1B;TFRC;IGFBP2;SYK;ANXA1;RAB25;CASP7;GAB2;FASN;ASNS;BCL2L11;SQSTM1;ERBB2;PDCD4;ACACA;TP53BP1;DIABLO;RBM15;PTEN;CHEK2;EEF2;LCK,1,3,3,2,,0.04932636236669901,0.2,0.15,3.2360348252836235e-70;9.782223694233422e-27;8.878345462721322e-05,1.635428593286805e-48;2.0219788415576065e-10,proxy_dimensions,3,,,,,0,142,1.0629686710651736,,,
HSPA1A,2,24,COL6A1;CDH2,VHL;GAPDH;TUBA1B;TFRC;IGFBP2;SYK;ANXA1;RAB25;CASP7;GAB2;FASN;ASNS;BCL2L11;SQSTM1;ERBB2;PDCD4;ACACA;TP53BP1;DIABLO;RBM15;PTEN;CHEK2;EEF2;LCK,1,3,3,2,,0.04932636236669901,0.2,0.15,1.814096940146624e-33;8.031999247983617e-18;7.026992177619304e-07,2.137983065204309e-23;6.952749402068214e-11,proxy_dimensions,3,,,,,0,142,1.0084390924168438,,,
GAB2,2,5,VHL;RAB25,TFRC;ASNS;SQSTM1;TP53;EEF2,1,3,3,2,,0.04932636236669901,0.4,0.2,6.989546018448229e-06;0.002180000173196344;0.04217804364326742,9.195813011846376e-05;0.018612612767024764,proxy_dimensions,3,,,,,0,142,1.046349876398065,,,
ASNS,1,1,CHEK2,TP53,1,1,1,1,0.20112707853836384,0.04932636236669901,0.4,0.15,2.49493719455448e-11,4.184917731691828e-05,reported,1,0.20112707853836384,0.20112707853836384,0.20112707853836384,True,1,142,1.0279458969401725,-1.0995683858041296,-0.09214587421895042,0.6674715744197318
BCL2L11,3,5,CCNE1;INPP4B;PDCD4,TFRC;ASNS;SQSTM1;TP53;EEF2,1,4,4,3,,0.04932636236669901,0.4,0.2,5.303433729839247e-23;1.1056879806402124e-10;7.165673993249741e-05;0.008130027202186176,4.430249089028774e-21;1.7989699137619784e-09;0.0008241800980838047,proxy_dimensions,4,,,,,0,142,0.956748009732456,,,
BRAF,2,24,CAV1;ETS1,VHL;GAPDH;TUBA1B;TFRC;IGFBP2;SYK;ANXA1;RAB25;CASP7;GAB2;FASN;ASNS;BCL2L11;SQSTM1;ERBB2;PDCD4;ACACA;TP53BP1;DIABLO;RBM15;PTEN;CHEK2;EEF2;LCK,1,3,3,2,,0.04932636236669901,0.2,0.15,4.585322554060272e-55;8.634581711892545e-21;3.529780545372394e-11,4.921767249635262e-30;1.7587713466455292e-11,proxy_dimensions,3,,,,,0,142,1.0035850743419579,,,
CDH2,3,24,HSPA1A;CCNE1;STAT5A,VHL;GAPDH;TUBA1B;TFRC;IGFBP2;SYK;ANXA1;RAB25;CASP7;GAB2;FASN;ASNS;BCL2L11;SQSTM1;ERBB2;PDCD4;ACACA;TP53BP1;DIABLO;RBM15;PTEN;CHEK2;EEF2;LCK,1,4,4,3,,0.04932636236669901,0.2,0.15,3.3679504138003977e-53;7.985143239753923e-30;7.913880829162756e-17;8.299144470289127e-09,2.531775417170655e-42;3.225381764580042e-20;5.881342674799499e-09,proxy_dimensions,4,,,,,0,142,1.0456058092091929,,,
CLDN7,1,6,PRKCA,VHL;GAB2;EEF2K;BRAF;PTEN;KIT,1,2,2,1,,0.04932636236669901,0.4,0.2,1.064617626032339e-26;8.871873762049187e-14,1.2470452981758665e-13,proxy_dimensions,2,,,,,0,143,0.9953763602249612,,,
CDH1,1,56,CTNNB1,MYH11;VHL;GAPDH;ESR1;TUBA1B;TFRC;IGFBP2;CLDN7;CCNB1;FN1;CAV1;SERPINE1;HSPA1A;SYK;ANXA1;AR;RAB25;CASP7;RICTOR;CCNE1;GAB2;ATM;INPP4B;FASN;MSH6;STAT5A;MYC;ASNS;BCL2L11;SQSTM1;EEF2K;ERBB2;PDCD4;RPS6;ACACA;TGM2;FOXM1;MSH2;MAPK1;BRAF;ERBB3;NF2;RBM15;MAP2K1;PTEN;TP53;ETS1;CHEK2;PEA15;COL6A1;EEF2;PRKCA;CDH2;KIT;PREX1;LCK,1,2,2,1,,0.04932636236669901,0.2,0.15,1.458840745184247e-86;1.924354300294984e-30,2.102628202482249e-43,proxy_dimensions,2,,,,,0,143,1.0393223602263444,,,
HSPA1A,2,18,COL6A1;KIT,VHL;ESR1;TUBA1B;TFRC;CLDN7;FN1;CDH1;SERPINE1;SYK;CTNNB1;BCL2L11;SQSTM1;EEF2K;TP53BP1;DIABLO;RBM15;PTEN;EEF2,1,3,3,2,,0.04932636236669901,0.2,0.15,1.2878806829681819e-24;1.5319030670509833e-11;0.030579613190880886,4.362047160441798e-21;9.430494002666885e-11,proxy_dimensions,3,,,,,0,143,1.0109121591637893,,,
GAB2,1,18,BRAF,VHL;ESR1;TUBA1B;TFRC;CLDN7;FN1;CDH1;SERPINE1;SYK;CTNNB1;BCL2L11;SQSTM1;EEF2K;TP53BP1;DIABLO;RBM15;PTEN;EEF2,1,2,2,1,,0.04932636236669901,0.2,0.15,1.8541172779373383e-35;4.772891076578495e-08,2.921523330082437e-20,proxy_dimensions,2,,,,,0,143,0.9884566544777541,,,
ASNS,3,18,ACACA;TP53;CHEK2,VHL;ESR1;TUBA1B;TFRC;CLDN7;FN1;CDH1;SERPINE1;SYK;CTNNB1;BCL2L11;SQSTM1;EEF2K;TP53BP1;DIABLO;RBM15;PTEN;EEF2,1,4,4,3,,0.04932636236669901,0.2,0.15,1.571543478937773e-39;5.711753678187841e-15;8.47803741483078e-08;0.00022164112617398957,2.1627136468494522e-27;2.3988456902662175e-11;0.00010630760767598035,proxy_dimensions,4,,,,,0,143,1.0117799150064013,,,
BCL2L11,1,6,PRKCA,VHL;GAB2;EEF2K;BRAF;PTEN;KIT,1,2,2,1,,0.04932636236669901,0.4,0.2,8.697105809993868e-17;2.4173509181893003e-05,4.418355210597014e-13,proxy_dimensions,2,,,,,0,143,1.0417871744116298,,,
BRAF,2,18,CAV1;GAB2,VHL;ESR1;TUBA1B;TFRC;CLDN7;FN1;CDH1;SERPINE1;SYK;CTNNB1;BCL2L11;SQSTM1;EEF2K;TP53BP1;DIABLO;RBM15;PTEN;EEF2,1,3,3,2,,0.04932636236669901,0.2,0.15,1.8157515106456154e-48;5.098971367103594e-17;2.573405092694974e-07,5.0613035660897645e-25;1.3583515399863157e-07,proxy_dimensions,3,,,,,0,143,0.9679452666858508,,,
CDH2,1,18,STAT5A,VHL;ESR1;TUBA1B;TFRC;CLDN7;FN1;CDH1;SERPINE1;SYK;CTNNB1;BCL2L11;SQSTM1;EEF2K;TP53BP1;DIABLO;RBM15;PTEN;EEF2,1,2,2,1,,0.04932636236669901,0.2,0.15,9.551045627999524e-33;7.168686561047128e-16,1.5734424211692015e-18,proxy_dimensions,2,,,,,0,143,1.0201531984791292,,,
CLDN7,2,39,CDH1;PRKCA,VHL;GAPDH;ESR1;TUBA1B;TFRC;IGFBP2;FN1;SERPINE1;SYK;AR;RAB25;CASP7;GAB2;ATM;MSH6;MYC;ASNS;SQSTM1;EEF2K;ERBB2;RPS6;TP53BP1;TGM2;MSH2;MAPK1;DIABLO;BRAF;NF2;RBM15;MAP2K1;PTEN;TP53;ETS1;CHEK2;PEA15;EEF2;KIT;PREX1;LCK,1,3,3,2,,0.04932636236669901,0.2,0.15,1.5592107179870805e-88;3.180998378941992e-39;1.2578971254552373e-06,1.347594537086976e-50;4.088961149301007e-17,proxy_dimensions,3,,,,,0,144,0.9613301888404985,,,
CDH1,3,39,CLDN7;CTNNB1;CDH2,VHL;GAPDH;ESR1;TUBA1B;TFRC;IGFBP2;FN1;SERPINE1;SYK;AR;RAB25;CASP7;GAB2;ATM;MSH6;MYC;ASNS;SQSTM1;EEF2K;ERBB2;RPS6;TP53BP1;TGM2;MSH2;MAPK1;DIABLO;BRAF;NF2;RBM15;MAP2K1;PTEN;TP53;ETS1;CHEK2;PEA15;EEF2;KIT;PREX1;LCK,1,4,4,3,,0.04932636236669901,0.2,0.15,3.4898996304019853e-132;1.5027222639926296e-70;1.018821234342652e-27;1.5602435260934873e-07,5.636865981393068e-96;5.160363745273756e-40;3.080005999460311e-19,proxy_dimensions,4,,,,,0,144,1.039992667489408,,,
HSPA1A,2,13,COL6A1;CDH2,VHL;GAPDH;SYK;RAB25;GAB2;ATM;ERBB2;RPS6;TGM2;MAP2K1;PTEN;TP53;PEA15,1,3,3,2,,0.04932636236669901,0.4,0.2,6.741804006119282e-39;4.0656246514278613e-16;6.683150555893269e-07,1.3142108311706169e-31;1.1523442605790333e-11,proxy_dimensions,3,,,,,0,144,1.0482366015464915,,,
GAB2,2,2,VHL;BRAF,ERBB2;MAP2K1,1,2,2,2,0.08820607404447135,0.04932636236669901,0.4,0.15,1.0059981447063056e-07;0.0009110712374490546,3.6519872904126573e-06;0.0009464529801377262,reported,2,0.1630740245934856,0.21773508217236823;0.1630740245934856,0.08820607404447135,True,1,144,1.0165544315755228,1.9463076665759247,0.0662832410060248,0.6016818875399222
ASNS,1,13,CHEK2,VHL;GAPDH;SYK;RAB25;GAB2;ATM;ERBB2;RPS6;TGM2;MAP2K1;PTEN;TP53;PEA15,1,2,2,1,,0.04932636236669901,0.4,0.2,3.562621095159605e-21;0.022229278350916048,5.009730461668247e-14,proxy_dimensions,2,,,,,0,144,0.9337899364364565,,,
BCL2L11,2,39,ANXA1;PDCD4,VHL;GAPDH;ESR1;TUBA1B;TFRC;IGFBP2;FN1;SERPINE1;SYK;AR;RAB25;CASP7;GAB2;ATM;MSH6;MYC;ASNS;SQSTM1;EEF2K;ERBB2;RPS6;TP53BP1;TGM2;MSH2;MAPK1;DIABLO;BRAF;NF2;RBM15;MAP2K1;PTEN;TP53;ETS1;CHEK2;PEA15;EEF2;KIT;PREX1;LCK,1,3,3,2,,0.04932636236669901,0.2,0.15,1.2969438386770855e-47;4.134549555391921e-17;3.563754127478153e-07,9.674727300610779e-27;5.903117092109603e-10,proxy_dimensions,3,,,,,0,144,1.0135337421675676,,,
BRAF,2,49,CASP7;PTEN,MYH11;VHL;GAPDH;TUBA1B;TFRC;IGFBP2;CLDN7;CCNB1;FN1;CAV1;CDH1;SERPINE1;HSPA1A;SYK;ANXA1;RAB25;RICTOR;CCNE1;GAB2;ATM;INPP4B;FASN;CTNNB1;MSH6;STAT5A;ASNS;BCL2L11;SQSTM1;ERBB2;PDCD4;RPS6;ACACA;TP53BP1;TGM2;FOXM1;MSH2;MAPK1;ERBB3;NF2;RBM15;MAP2K1;TP53;ETS1;CHEK2;PEA15;COL6A1;PRKCA;CDH2;KIT,1,3,3,2,,0.04932636236669901,0.2,0.15,4.759621314729246e-77;2.535776209185373e-31;1.14791330880018e-12,2.073133704589603e-31;4.476042600390616e-13,proxy_dimensions,3,,,,,0,144,1.0329922121518658,,,
CDH2,3,39,CDH1;STAT5A;ACACA,VHL;GAPDH;ESR1;TUBA1B;TFRC;IGFBP2;FN1;SERPINE1;SYK;AR;RAB25;CASP7;GAB2;ATM;MSH6;MYC;ASNS;SQSTM1;EEF2K;ERBB2;RPS6;TP53BP1;TGM2;MSH2;MAPK1;DIABLO;BRAF;NF2;RBM15;MAP2K1;PTEN;TP53;ETS1;CHEK2;PEA15;EEF2;KIT;PREX1;LCK,1,4,4,3,,0.04932636236669901,0.2,0.15,1.9377019229026537e-119;6.269353088582808e-70;1.4857909973110634e-39;1.4861176924538037e-17,8.896397825193584e-95;1.092730833188747e-49;1.5066703308563593e-23,proxy_dimensions,4,,,,,0,144,1.0190620702701376,,,
CLDN7,1,55,CDH1,MYH11;VHL;GAPDH;ESR1;TUBA1B;TFRC;IGFBP2;CCNB1;FN1;CAV1;SERPINE1;HSPA1A;SYK;ANXA1;AR;RAB25;CASP7;RICTOR;CCNE1;GAB2;ATM;INPP4B;FASN;MSH6;STAT5A;MYC;ASNS;BCL2L11;SQSTM1;EEF2K;ERBB2;PDCD4;RPS6;ACACA;TGM2;FOXM1;MSH2;MAPK1;DIABLO;BRAF;ERBB3;NF2;MAP2K1;PTEN;TP53;ETS1;CHEK2;PEA15;COL6A1;EEF2;PRKCA;CDH2;KIT;PREX1;LCK,1,2,2,1,,0.04932636236669901,0.2,0.15,5.186187376342031e-49;2.188033957870767e-16,6.423889396583851e-22,proxy_dimensions,2,,,,,0,145,0.9509457109234856,,,
CDH1,2,55,CLDN7;CTNNB1,MYH11;VHL;GAPDH;ESR1;TUBA1B;TFRC;IGFBP2;CCNB1;FN1;CAV1;SERPINE1;HSPA1A;SYK;ANXA1;AR;RAB25;CASP7;RICTOR;CCNE1;GAB2;ATM;INPP4B;FASN;MSH6;STAT5A;MYC;ASNS;BCL2L11;SQSTM1;EEF2K;ERBB2;PDCD4;RPS6;ACACA;TGM2;FOXM1;MSH2;MAPK1;DIABLO;BRAF;ERBB3;NF2;MAP2K1;PTEN;TP53;ETS1;CHEK2;PEA15;COL6A1;EEF2;PRKCA;CDH2;KIT;PREX1;LCK,1,3,3,2,,0.04932636236669901,0.2,0.15,3.42512113205699e-94;1.6351026600761e-47;1.9082797002815606e-16,2.1445572616166793e-66;1.1533003815430156e-20,proxy_dimensions,3,,,,,0,145,0.893154978571566,,,
HSPA1A,3,14,SQSTM1;COL6A1;CDH2,GAPDH;ESR1;ANXA1;ATM;EEF2K;TGM2;MAPK1;DIABLO;BRAF;NF2;MAP2K1;PTEN;PEA15;EEF2,1,4,4,3,,0.04932636236669901,0.4,0.2,3.393297086407457e-29;2.26272583678233e-15;7.606891080354379e-07;0.012417726976535393,4.87001565073529e-20;1.3428924900316333e-09;0.005952000215556142,proxy_dimensions,4,,,,,0,145,1.139852014358898,,,
GAB2,1,14,VHL,GAPDH;ESR1;ANXA1;ATM;EEF2K;TGM2;MAPK1;DIABLO;BRAF;NF2;MAP2K1;PTEN;PEA15;EEF2,1,2,2,1,,0.04932636236669901,0.4,0.2,1.8282634782260366e-22;0.0012685630214699746,1.5319365769482554e-17,proxy_dimensions,2,,,,,0,145,1.06482155154953,,,
ASNS,2,14,TFRC;ACACA,GAPDH;ESR1;ANXA1;ATM;EEF2K;TGM2;MAPK1;DIABLO;BRAF;NF2;MAP2K1;PTEN;PEA15;EEF2,1,3,3,2,,0.04932636236669901,0.4,0.2,2.3101466331268481e-29;3.0057851262661826e-07;0.0013293432117651867,2.1677196528846655e-26;0.002084961812636631,proxy_dimensions,3,,,,,0,145,0.9408967132925846,,,
BCL2L11,2,14,CCNE1;PRKCA,GAPDH;ESR1;ANXA1;ATM;EEF2K;TGM2;MAPK1;DIABLO;BRAF;NF2;MAP2K1;PTEN;PEA15;EEF2,1,3,3,2,,0.04932636236669901,0.4,0.2,1.9052177975498226e-32;1.6641322225122242e-16;0.014127622262065395,8.709701226729331e-18;0.014810296112808038,proxy_dimensions,3,,,,,0,145,0.9937155523136001,,,
BRAF,0,0,,,1,0,0,0,,0.04932636236669901,0.2,0.15,,,no_shared_direction,0,,,,,0,145,0.972711824133515,,,
CDH2,2,14,HSPA1A;STAT5A,GAPDH;ESR1;ANXA1;ATM;EEF2K;TGM2;MAPK1;DIABLO;BRAF;NF2;MAP2K1;PTEN;PEA15;EEF2,1,3,3,2,,0.04932636236669901,0.4,0.2,7.093552603322373e-35;7.082652524766722e-21;1.9122577114576224e-08,1.5899554713855534e-26;6.99873602548166e-14,proxy_dimensions,3,,,,,0,145,1.0117384790373098,,,
CLDN7,3,12,CDH1;MAP2K1;PRKCA,VHL;GAPDH;FN1;SERPINE1;ANXA1;GAB2;ATM;TP53BP1;DIABLO;RBM15;PTEN;TP53,1,4,4,3,,0.04932636236669901,0.2,0.15,8.058388500589768e-37;6.179279007262324e-11;1.9221135507118922e-06;0.016596550267370686,5.936870925449934e-19;2.846090816798253e-10;1.9647504157270453e-05,proxy_dimensions,4,,,,,0,146,0.963633720020232,,,
CDH1,2,12,CLDN7;CTNNB1,VHL;GAPDH;FN1;SERPINE1;ANXA1;GAB2;ATM;TP53BP1;DIABLO;RBM15;PTEN;TP53,1,3,3,2,,0.04932636236669901,0.2,0.15,4.654883556157245e-51;8.67539873743876e-13;0.025350051720358743,5.518555306522704e-31;1.5949150540644115e-06,proxy_dimensions,3,,,,,0,146,0.9797571854399492,,,
HSPA1A,3,12,TFRC;COL6A1;CDH2,VHL;GAPDH;FN1;SERPINE1;ANXA1;GAB2;ATM;TP53BP1;DIABLO;RBM15;PTEN;TP53,1,3,3,3,0.08742204646611428,0.04932636236669901,0.2,0.15,1.6397891468753222e-42;7.78830287356193e-20;5.318070220123412e-06;0.10184351827191139,3.416667969623685e-47;3.2511740962496493e-21;2.7756290720007665e-08,reported,3,0.2710173085589061,0.5416492175232708;0.402259049911626;0.2710173085589061,0.05462171269485988,True,1,146,1.0705547281949883,0.6372867290206335,0.018700702163560304,0.667587019027404
GAB2,1,58,VHL,MYH11;GAPDH;ESR1;TUBA1B;TFRC;IGFBP2;CLDN7;CCNB1;FN1;CAV1;CDH1;SERPINE1;HSPA1A;SYK;ANXA1;AR;RAB25;CASP7;RICTOR;CCNE1;ATM;INPP4B;FASN;CTNNB1;MSH6;STAT5A;MYC;ASNS;BCL2L11;SQSTM1;EEF2K;ERBB2;PDCD4;RPS6;ACACA;TP53BP1;TGM2;FOXM1;MSH2;MAPK1;DIABLO;BRAF;ERBB3;NF2;RBM15;MAP2K1;PTEN;TP53;ETS1;CHEK2;PEA15;COL6A1;EEF2;PRKCA;CDH2;KIT;PREX1;LCK,1,2,2,1,,0.04932636236669901,0.2,0.15,1.5019288568277839e-37;2.1486370664138934e-15,2.508094473070441e-18,proxy_dimensions,2,,,,,0,146,0.9547516687385693,,,
ASNS,2,13,ACACA;PRKCA,VHL;GAPDH;TUBA1B;CLDN7;RAB25;GAB2;ATM;ERBB2;DIABLO;MAP2K1;PTEN;TP53;EEF2,1,3,3,2,,0.04932636236669901,0.4,0.2,8.154945161959715e-37;6.538751237145995e-14;0.00015886039647995846,1.2074202705838133e-30;1.2132348749500492e-07,proxy_dimensions,3,,,,,0,146,1.0277085004845163,,,
BCL2L11,1,12,PRKCA,VHL;GAPDH;FN1;SERPINE1;ANXA1;GAB2;ATM;TP53BP1;DIABLO;RBM15;PTEN;TP53,1,2,2,1,,0.04932636236669901,0.2,0.15,9.579129821203837e-12;1.1573949512076304e-05,4.8919697277885325e-06,proxy_dimensions,2,,,,,0,146,1.0257280687003476,,,
BRAF,3,13,EEF2K;ETS1;COL6A1,VHL;GAPDH;TUBA1B;CLDN7;RAB25;GAB2;ATM;ERBB2;DIABLO;MAP2K1;PTEN;TP53;EEF2,1,4,4,3,,0.04932636236669901,0.4,0.2,1.4212662254123747e-41;9.608879345674312e-21;4.291137745749025e-08;0.0007772132183621934,2.720127670362262e-29;2.4810317339739777e-10;5.6848345539083296e-05,proxy_dimensions,4,,,,,0,146,1.0570051992868896,,,
CDH2,3,12,HSPA1A;STAT5A;SQSTM1,VHL;GAPDH;FN1;SERPINE1;ANXA1;GAB2;ATM;TP53BP1;DIABLO;RBM15;PTEN;TP53,1,3,3,3,0.04604967636816897,0.04932636236669901,0.2,0.15,2.2169069743634928e-37;6.57500699655854e-18;3.8512526204135953e-07;0.20955601673890134,1.411189462190215e-35;2.5743528701771605e-17;0.0006718252669636484,reported,3,0.16789130049084483,0.47519084082670227;0.4047006052566252;0.16789130049084483,0.035113372051520896,True,1,146,0.992626577280334,-0.7290420386356282,-0.023041573668773095,0.48320368723360374
CLDN7,1,58,RAB25,MYH11;VHL;GAPDH;ESR1;TUBA1B;TFRC;IGFBP2;CCNB1;FN1;CAV1;CDH1;SERPINE1;HSPA1A;SYK;ANXA1;AR;CASP7;RICTOR;CCNE1;GAB2;ATM;INPP4B;FASN;CTNNB1;MSH6;STAT5A;MYC;ASNS;BCL2L11;SQSTM1;EEF2K;ERBB2;PDCD4;RPS6;ACACA;TP53BP1;TGM2;FOXM1;MSH2;MAPK1;DIABLO;BRAF;ERBB3;NF2;RBM15;MAP2K1;PTEN;TP53;ETS1;CHEK2;PEA15;COL6A1;EEF2;PRKCA;CDH2;KIT;PREX1;LCK,1,2,2,1,,0.04932636236669901,0.2,0.15,1.3967047878183103e-66;1.1016190347642539e-21,1.3090909774629805e-21,proxy_dimensions,2,,,,,0,147,1.0158790417609382,,,
CDH1,1,57,CTNNB1,MYH11;VHL;GAPDH;ESR1;TUBA1B;TFRC;IGFBP2;CLDN7;CCNB1;FN1;CAV1;SERPINE1;HSPA1A;SYK;ANXA1;AR;RAB25;CASP7;RICTOR;CCNE1;GAB2;ATM;INPP4B;FASN;MSH6;STAT5A;MYC;ASNS;BCL2L11;SQSTM1;EEF2K;ERBB2;PDCD4;RPS6;ACACA;TP53BP1;TGM2;FOXM1;MSH2;MAPK1;DIABLO;BRAF;ERBB3;NF2;RBM15;MAP2K1;PTEN;TP53;CHEK2;PEA15;COL6A1;EEF2;PRKCA;CDH2;KIT;PREX1;LCK,1,2,2,1,,0.04932636236669901,0.2,0.15,1.7905778938941024e-97;2.2321356837830445e-42,7.178233071468059e-52,proxy_dimensions,2,,,,,0,147,1.0436218750327604,,,
HSPA1A,3,9,TFRC;COL6A1;KIT,VHL;GAPDH;ESR1;CLDN7;SYK;ANXA1;RAB25;GAB2;PTEN,1,3,3,3,0.10054350393951257,0.04932636236669901,0.4,0.2,9.088892930381344e-43;3.468372044764916e-24;2.896250628825743e-07;0.09996424099488525,2.9493312672540084e-44;1.9589655100219213e-26;1.108099081995901e-11,reported,3,0.32828909229920816,0.4722618971416544;0.4250223044923527;0.32828909229920816,0.0643051531492759,True,1,147,1.0154407741862097,-0.5731709508290732,0.026547363751111348,0.6382363011526005
GAB2,1,1,KIT,VHL,1,1,1,0,0.026252116362059704,0.04932636236669901,0.4,0.15,4.939613717489476e-10,0.5965402516560379,conditional_information_dimension,1,0.0262521163620597,0.0262521163620597,0.026252116362059704,False,0,147,1.0849527889033332,,,
ASNS,2,9,ACACA;CHEK2,VHL;GAPDH;ESR1;CLDN7;SYK;ANXA1;RAB25;GAB2;PTEN,1,3,3,2,,0.04932636236669901,0.4,0.2,8.316145850450478e-21;8.983471996094268e-09;0.00018050734447959638,4.375729399900332e-15;8.509596695446489e-05,proxy_dimensions,3,,,,,0,147,1.0396253017569792,,,
BCL2L11,3,35,ANXA1;RICTOR;PDCD4,VHL;ESR1;TUBA1B;IGFBP2;CLDN7;FN1;CDH1;SERPINE1;SYK;RAB25;CASP7;GAB2;FASN;CTNNB1;STAT5A;ASNS;EEF2K;ERBB2;ACACA;TP53BP1;TGM2;MAPK1;DIABLO;BRAF;NF2;MAP2K1;PTEN;TP53;ETS1;PEA15;EEF2;CDH2;KIT;PREX1;LCK,1,4,4,3,,0.04932636236669901,0.2,0.15,1.0371341118247715e-72;2.3314486216828237e-43;1.8392260804458178e-20;5.993601841023438e-08,1.606908940439381e-44;6.906366342999659e-22;1.9717718454295466e-09,proxy_dimensions,4,,,,,0,147,1.0593111004966709,,,
BRAF,4,9,RICTOR;EEF2K;ERBB2;ETS1,VHL;GAPDH;ESR1;CLDN7;SYK;ANXA1;RAB25;GAB2;PTEN,1,4,4,3,0.010200078431496472,0.04932636236669901,0.4,0.2,1.3035049446673517e-49;1.1471647159108444e-28;1.6748263524113266e-13;0.0037847436311357428;0.4915811983948347,4.2796791134513504e-36;2.669376365434181e-18;3.8231409332231956e-05;0.3332443951973194,conditional_information_dimension,4,0.048141766001600805,0.48340666823902867;0.4197674048668958;0.24346752469538985;0.048141766001600805,0.016977632715679612,False,0,147,1.0553290585520219,,,
CDH2,3,9,CCNE1;STAT5A;SQSTM1,VHL;GAPDH;ESR1;CLDN7;SYK;ANXA1;RAB25;GAB2;PTEN,1,4,4,3,,0.04932636236669901,0.4,0.2,8.489705228752474e-20;1.4335924066292824e-09;1.441586621585078e-05;0.01414874097011077,2.290487595045475e-17;4.715052860367921e-09;4.793358567268929e-05,proxy_dimensions,4,,,,,0,147,1.03256301584601,,,
CLDN7,3,15,CDH1;MAPK1;DIABLO,VHL;IGFBP2;RAB25;CASP7;GAB2;FASN;ASNS;EEF2K;ERBB2;ACACA;BRAF;MAP2K1;PTEN;ETS1;EEF2,1,3,3,3,0.042963084045611936,0.04932636236669901,0.4,0.2,9.274317032631205e-45;2.99960928641381e-13;0.0038187361663635194;0.3979758305713478,7.297885314796527e-40;1.1125817908394995e-08;0.000664599239082939,reported,3,0.16803511245924913,0.5788314801754955;0.27271913712999374;0.16803511245924913,0.03002216562874567,True,1,148,1.0141062120058257,0.9007520778301266,-0.05129856660885782,0.5147992965121595
CDH1,2,56,CLDN7;CTNNB1,MYH11;VHL;GAPDH;ESR1;TUBA1B;TFRC;IGFBP2;CCNB1;FN1;CAV1;SERPINE1;HSPA1A;SYK;ANXA1;AR;RAB25;CASP7;RICTOR;CCNE1;GAB2;ATM;INPP4B;FASN;MSH6;STAT5A;MYC;ASNS;BCL2L11;SQSTM1;EEF2K;ERBB2;PDCD4;RPS6;ACACA;TGM2;FOXM1;MSH2;MAPK1;DIABLO;BRAF;ERBB3;NF2;RBM15;MAP2K1;PTEN;TP53;ETS1;CHEK2;PEA15;COL6A1;EEF2;PRKCA;CDH2;KIT;PREX1;LCK,1,3,3,2,,0.04932636236669901,0.2,0.15,4.692656034440247e-112;5.469621064800448e-48;3.507835230783993e-09,2.71076161347943e-82;1.1304181806705783e-22,proxy_dimensions,3,,,,,0,148,0.9720744499011689,,,
HSPA1A,2,33,COL6A1;KIT,VHL;GAPDH;TUBA1B;TFRC;IGFBP2;CLDN7;CDH1;SYK;ANXA1;RAB25;CASP7;GAB2;ATM;FASN;CTNNB1;STAT5A;ASNS;BCL2L11;SQSTM1;EEF2K;ERBB2;PDCD4;RPS6;ACACA;TP53BP1;DIABLO;PTEN;TP53;ETS1;EEF2;CDH2;PREX1;LCK,1,3,3,2,,0.04932636236669901,0.2,0.15,3.545058839232851e-55;1.848731865407915e-25;4.1466823307345814e-05,2.1868698345953164e-42;3.772473388525384e-15,proxy_dimensions,3,,,,,0,148,0.9095449074645942,,,
GAB2,2,2,VHL;MAPK1,RAB25;PTEN,1,1,1,0,0.04771124467496029,0.04932636236669901,0.4,0.15,0.020497119568925422;0.05130396915383051,0.28332470804954096,conditional_information_dimension,1,0.07869790723767921,0.07869790723767921,0.06591077686824076,False,0,148,1.0002573034231792,,,
ASNS,2,2,SQSTM1;ACACA,RAB25;PTEN,1,1,1,1,0.16716358249484628,0.04932636236669901,0.4,0.15,0.00013511481396791817;0.3716167353558832,6.4913255610963185e-06,reported,1,0.23904982440327943,0.23904982440327943,0.11476364753238444,True,1,148,0.9904764619454222,0.41515543018691103,0.04071605564387058,0.5918126015761365
BCL2L11,4,2,ANXA1;CCNE1;PDCD4;PEA15,RAB25;PTEN,1,2,2,1,0.05027290042698726,0.04932636236669901,0.4,0.15,1.3781107311104415e-06;0.006314871491339984,5.150922189094037e-05;0.08577867448599646,conditional_information_dimension,2,0.12722220802952267,0.2533299183098291;0.12722220802952267,0.05027290042698729,False,0,148,0.9984443555042846,,,
BRAF,3,2,CAV1;EEF2K;ETS1,RAB25;PTEN,1,2,2,2,0.04750259060637803,0.04932636236669901,0.4,0.15,4.098694006078169e-06;0.00027057877844226307,0.00011047220480162326;0.02611414451000127,reported,2,0.13356764894551448,0.22129637990503542;0.13356764894551448,0.04750259060637803,True,1,148,1.0777814274175421,-0.22187102084164356,0.023787094244678106,0.5929948517832396
CDH2,4,2,CDH1;HSPA1A;STAT5A;SQSTM1,RAB25;PTEN,1,2,2,2,0.04808794532259746,0.04932636236669901,0.4,0.15,7.993650809943488e-06;0.006472508294385573,0.0001238996395774467;0.023507601574035763,reported,2,0.15222444564825086,0.22917514944533343;0.15222444564825086,0.048087945322597477,True,1,148,0.9962612713805726,1.0051783103167717,0.025595062627329784,0.5469988721925815
CLDN7,2,22,ETS1;PRKCA,GAPDH;ESR1;TUBA1B;TFRC;IGFBP2;SYK;RAB25;GAB2;ATM;EEF2K;ERBB2;TP53BP1;MAPK1;DIABLO;BRAF;NF2;RBM15;MAP2K1;PTEN;CHEK2;EEF2;CDH2,1,3,3,2,,0.04932636236669901,0.2,0.15,3.938953657106749e-74;9.372527069309639e-32;5.3358879746217e-15,5.191986973431354e-37;3.208930500526435e-17,proxy_dimensions,3,,,,,0,149,1.0200769613102108,,,
CDH1,3,15,CLDN7;SERPINE1;CTNNB1,VHL;TUBA1B;TFRC;SYK;RAB25;GAB2;ATM;STAT5A;ASNS;ERBB2;NF2;MAP2K1;PTEN;CHEK2;CDH2,1,4,4,3,,0.04932636236669901,0.4,0.2,2.3548128186656606e-47;8.633505827813103e-27;1.164895807678739e-08;0.013460025349491474,3.924849979593997e-35;8.591403044158098e-16;1.991322064546402e-05,proxy_dimensions,4,,,,,0,149,0.9628209796746684,,,
HSPA1A,2,22,SQSTM1;COL6A1,GAPDH;ESR1;TUBA1B;TFRC;IGFBP2;SYK;RAB25;GAB2;ATM;EEF2K;ERBB2;TP53BP1;MAPK1;DIABLO;BRAF;NF2;RBM15;MAP2K1;PTEN;CHEK2;EEF2;CDH2,1,3,3,2,,0.04932636236669901,0.2,0.15,2.490002137725641e-31;1.3026544959178412e-07;0.00492962108779333,1.7882387876477103e-23;1.1664337261496115e-06,proxy_dimensions,3,,,,,0,149,0.9939129343414879,,,
GAB2,1,58,BRAF,MYH11;VHL;GAPDH;ESR1;TUBA1B;TFRC;IGFBP2;CLDN7;CCNB1;FN1;CAV1;CDH1;SERPINE1;HSPA1A;SYK;ANXA1;AR;RAB25;CASP7;RICTOR;CCNE1;ATM;INPP4B;FASN;CTNNB1;MSH6;STAT5A;MYC;ASNS;BCL2L11;SQSTM1;EEF2K;ERBB2;PDCD4;RPS6;ACACA;TP53BP1;TGM2;FOXM1;MSH2;MAPK1;DIABLO;ERBB3;NF2;RBM15;MAP2K1;PTEN;TP53;ETS1;CHEK2;PEA15;COL6A1;EEF2;PRKCA;CDH2;KIT;PREX1;LCK,1,2,2,1,,0.04932636236669901,0.2,0.15,2.1384914668504595e-51;2.1043550489698055e-08,1.4004544552090306e-39,proxy_dimensions,2,,,,,0,149,0.9362557119584065,,,
ASNS,3,22,SQSTM1;ACACA;PRKCA,GAPDH;ESR1;TUBA1B;TFRC;IGFBP2;SYK;RAB25;GAB2;ATM;EEF2K;ERBB2;TP53BP1;MAPK1;DIABLO;BRAF;NF2;RBM15;MAP2K1;PTEN;CHEK2;EEF2;CDH2,1,4,4,3,,0.04932636236669901,0.2,0.15,5.318487102805297e-50;1.6619614180163454e-25;1.2734314730649123e-12;0.00025378061243547045,2.7145383810357545e-45;3.3652138273398925e-20;8.52303335794036e-09,proxy_dimensions,4,,,,,0,149,0.9750265575808847,,,
BCL2L11,5,15,ANXA1;CCNE1;PDCD4;PEA15;PRKCA,VHL;TUBA1B;TFRC;SYK;RAB25;GAB2;ATM;STAT5A;ASNS;ERBB2;NF2;MAP2K1;PTEN;CHEK2;CDH2,1,6,6,5,,0.04932636236669901,0.4,0.2,1.7023101306642165e-76;5.203013295983159e-49;1.9161395938774238e-27;9.433309280106279e-14;1.351761825894785e-05;0.03184343929436845,3.4699650312136306e-66;7.321076022553508e-40;9.272565083755152e-23;1.3277622065384238e-09;0.015777708854604423,proxy_dimensions,6,,,,,0,149,1.0322582574148036,,,
BRAF,2,3,CTNNB1;ETS1,VHL;TFRC;GAB2,1,3,3,2,,0.04932636236669901,0.4,0.15,5.4076923484343055e-20;0.00021973547991970297;0.015629477550966078,1.742732993130785e-09;0.0023537256382394926,proxy_dimensions,3,,,,,0,149,0.985879279838929,,,
CDH2,5,3,ESR1;HSPA1A;STAT5A;PTEN;EEF2,VHL;TFRC;GAB2,1,3,3,3,0.04274194171664136,0.04932636236669901,0.4,0.15,2.4899301312372346e-15;2.0936642050041422e-08;0.000569259389361726,3.0746447611601988e-15;2.9670074473589085e-08;0.0006910424234922398,reported,3,0.20339337105433844,0.34954161254215216;0.28296794981176726;0.20339337105433844,0.042741941716641356,True,1,149,0.9928012465131759,0.8284043533985304,0.02650467330272653,0.6724712229526645
CLDN7,2,43,CDH1;PRKCA,VHL;ESR1;TUBA1B;TFRC;IGFBP2;FN1;SERPINE1;SYK;ANXA1;RAB25;CASP7;GAB2;ATM;FASN;MSH6;STAT5A;ASNS;BCL2L11;SQSTM1;EEF2K;ERBB2;PDCD4;RPS6;ACACA;TP53BP1;TGM2;MSH2;MAPK1;DIABLO;BRAF;NF2;RBM15;MAP2K1;PTEN;TP53;ETS1;CHEK2;PEA15;EEF2;CDH2;KIT;PREX1;LCK,1,3,3,2,,0.04932636236669901,0.2,0.15,1.573122928020382e-81;1.1327693631787193e-36;1.9642419336745458e-08,2.1801292306580483e-53;7.889484606806972e-10,proxy_dimensions,3,,,,,0,150,0.9744760574973778,,,
CDH1,3,15,CLDN7;CTNNB1;CDH2,ESR1;SYK;ANXA1;BCL2L11;EEF2K;TP53BP1;TGM2;MAPK1;NF2;RBM15;MAP2K1;PTEN;TP53;PEA15;EEF2,1,4,4,3,,0.04932636236669901,0.4,0.2,2.5672178500400044e-59;2.9295860530045444e-25;7.783032373144539e-09;0.0039655857723595415,1.0145934754266376e-45;5.618291245253232e-21;9.168205315934903e-08,proxy_dimensions,4,,,,,0,150,0.9775970504409596,,,
HSPA1A,2,15,CASP7;COL6A1,ESR1;SYK;ANXA1;BCL2L11;EEF2K;TP53BP1;TGM2;MAPK1;NF2;RBM15;MAP2K1;PTEN;TP53;PEA15;EEF2,1,3,3,2,,0.04932636236669901,0.4,0.2,5.832892166398902e-27;3.57115141760183e-09;0.0015751332945042882,1.6346591526779008e-25;8.768132000000999e-08,proxy_dimensions,3,,,,,0,150,1.014042501793526,,,
GAB2,2,15,VHL;BRAF,ESR1;SYK;ANXA1;BCL2L11;EEF2K;TP53BP1;TGM2;MAPK1;NF2;RBM15;MAP2K1;PTEN;TP53;PEA15;EEF2,1,3,3,2,,0.04932636236669901,0.4,0.2,1.4352204039116026e-33;1.9554222509476746e-07;0.003850908015901865,1.706468258684489e-25;5.646137951599514e-06,proxy_dimensions,3,,,,,0,150,0.967307617690732,,,
ASNS,2,56,TP53;CHEK2,MYH11;VHL;GAPDH;ESR1;TUBA1B;IGFBP2;CLDN7;CCNB1;FN1;CAV1;CDH1;SERPINE1;HSPA1A;SYK;ANXA1;AR;RAB25;CASP7;RICTOR;CCNE1;GAB2;ATM;INPP4B;FASN;CTNNB1;MSH6;STAT5A;MYC;BCL2L11;SQSTM1;EEF2K;ERBB2;PDCD4;RPS6;ACACA;TP53BP1;TGM2;FOXM1;MSH2;MAPK1;DIABLO;BRAF;ERBB3;NF2;RBM15;MAP2K1;PTEN;ETS1;PEA15;COL6A1;EEF2;PRKCA;CDH2;KIT;PREX1;LCK,1,3,3,2,,0.04932636236669901,0.2,0.15,1.5332762829894255e-72;1.2970082201879414e-30;3.254948454155834e-10,9.154043598954906e-44;4.320114595955084e-15,proxy_dimensions,3,,,,,0,150,0.9690359702811198,,,
BCL2L11,0,0,,,1,0,0,0,,0.04932636236669901,0.2,0.15,,,no_shared_direction,0,,,,,0,150,0.9449252737710014,,,
BRAF,4,15,CAV1;GAB2;CTNNB1;ASNS,ESR1;SYK;ANXA1;BCL2L11;EEF2K;TP53BP1;TGM2;MAPK1;NF2;RBM15;MAP2K1;PTEN;TP53;PEA15;EEF2,1,5,5,4,,0.04932636236669901,0.4,0.2,6.864753182024697e-64;9.53616620307013e-26;5.331368814221801e-13;9.501703357173886e-06;0.006280828387235901,1.834235986380621e-42;3.0096698164522782e-15;3.54177088439583e-08;0.00025905275756180464,proxy_dimensions,5,,,,,0,150,0.9739064475178296,,,
CDH2,2,15,CDH1;STAT5A,ESR1;SYK;ANXA1;BCL2L11;EEF2K;TP53BP1;TGM2;MAPK1;NF2;RBM15;MAP2K1;PTEN;TP53;PEA15;EEF2,1,3,3,2,,0.04932636236669901,0.4,0.2,3.378377144007365e-34;1.8033708927436717e-13;0.00013142395892504671,1.3036069128272422e-26;8.157345961537226e-06,proxy_dimensions,3,,,,,0,150,0.9663129430976072,,,
CLDN7,2,3,CDH1;ETS1,GAPDH;PTEN;TP53,1,3,3,2,,0.04932636236669901,0.4,0.15,3.4106002891638246e-15;1.147230805568033e-06;0.0006637587993041008,1.6493250200499982e-09;0.0006258001372578967,proxy_dimensions,3,,,,,0,151,1.0562040194723321,,,
CDH1,3,21,CLDN7;CTNNB1;CDH2,VHL;GAPDH;TUBA1B;TFRC;IGFBP2;FN1;SERPINE1;RAB25;GAB2;ATM;FASN;STAT5A;SQSTM1;RPS6;ACACA;TGM2;MAPK1;NF2;MAP2K1;PTEN;PEA15,1,4,4,3,,0.04932636236669901,0.2,0.15,1.997570215622297e-61;3.3960461379029598e-34;7.462625119473633e-17;7.683395776237921e-05,3.1049175853164053e-41;2.2614562187867963e-19;0.00010899561335160607,proxy_dimensions,4,,,,,0,151,0.9730794330105462,,,
HSPA1A,5,3,ESR1;CASP7;COL6A1;CDH2;KIT,GAPDH;PTEN;TP53,1,3,3,3,0.0358938372836418,0.04932636236669901,0.4,0.15,8.465946553370245e-16;0.0011963290367907739;0.024699854933086216,4.0723751949354113e-16;0.001362041601184517;0.024091611484990696,reported,3,0.1519825551376772,0.43016472276863443;0.19661998850009013;0.1519825551376772,0.035893837283641726,True,1,151,1.0146077718860045,1.1830488453230903,0.09953686089515286,0.5284794868779147
GAB2,3,3,VHL;RAB25;BRAF,GAPDH;PTEN;TP53,1,2,2,2,0.07000966437242477,0.04932636236669901,0.4,0.15,1.39692343317437e-05;0.0021351203643416744;0.5907699014286639,2.182119680018756e-06;0.0012334591048667044,reported,2,0.18037509505325106,0.23558748959286654;0.18037509505325106,0.05742496114940515,True,1,151,1.0216139667248332,0.5720555236615464,0.05048683203240999,0.3998631775236683
ASNS,3,10,ACACA;CHEK2;PRKCA,VHL;GAPDH;IGFBP2;RAB25;GAB2;SQSTM1;ERBB2;MAP2K1;PTEN;TP53,1,4,4,3,,0.04932636236669901,0.4,0.2,1.5076084233946687e-36;1.297174283049498e-20;5.566582702150384e-08;0.008546928216793365,4.0586607102290365e-26;5.37729016541407e-12;0.0016266091380097185,proxy_dimensions,4,,,,,0,151,1.042857392526559,,,
BCL2L11,3,10,CCNE1;PDCD4;PRKCA,VHL;GAPDH;IGFBP2;RAB25;GAB2;SQSTM1;ERBB2;MAP2K1;PTEN;TP53,1,4,4,3,,0.04932636236669901,0.4,0.2,5.751480288774675e-28;3.803289773222488e-13;5.639449405501235e-07;0.021132992817097154,1.8409648572286055e-25;2.0819101472656716e-10;0.0008461536593724437,proxy_dimensions,4,,,,,0,151,0.9566647379873282,,,
BRAF,6,3,CAV1;GAB2;ATM;EEF2K;NF2;ETS1,GAPDH;PTEN;TP53,1,3,3,3,0.052081588166679196,0.04932636236669901,0.4,0.15,5.652921658988051e-22;2.6995560814373714e-11;0.002446236724478273,2.6123008024812965e-20;2.101794662311933e-11;0.00200077715762989,reported,3,0.20278761837751258,0.3863590791769605;0.3564265236533464;0.20278761837751258,0.052081588166679176,True,1,151,1.0019738264010452,-0.8489135678595391,-0.012511160087234349,0.4005120629271231
CDH2,5,3,CDH1;HSPA1A;CCNE1;CTNNB1;STAT5A,GAPDH;PTEN;TP53,1,2,2,2,0.06911049095970759,0.04932636236669901,0.4,0.15,1.3378584794732486e-18;0.0032981606617720847;0.1302772280950781,6.257402105905802e-20;0.006308228288374012,reported,2,0.18668883422851154,0.46883297475077707;0.18668883422851154,0.05727140969252049,True,1,151,1.0035482653547172,0.6450504890642803,0.031337827589835866,0.5325120022258285
CLDN7,4,10,CDH1;RAB25;MAPK1;PRKCA,VHL;GAPDH;SYK;GAB2;STAT5A;ERBB2;RPS6;MAP2K1;PTEN;EEF2,1,4,4,4,0.032877938155964494,0.04932636236669901,0.4,0.2,4.842816469797776e-59;4.921425445630617e-22;8.437369627657196e-09;0.0005473568139156491;0.06419913139854354,2.3817021482303993e-51;7.835187171003893e-17;2.354754429838005e-09;0.0018531925511296233,reported,4,0.154038016592382,0.611669039750804;0.3428430797965254;0.2937186529580371;0.154038016592382,0.027764236921731557,True,1,152,1.0551932926835819,4.295703110546158,0.07090767332375414,0.6195377005635365
CDH1,4,10,CLDN7;CAV1;CTNNB1;CDH2,VHL;GAPDH;SYK;GAB2;STAT5A;ERBB2;RPS6;MAP2K1;PTEN;EEF2,1,4,4,4,0.03172335354479059,0.04932636236669901,0.4,0.2,5.342068271109999e-42;6.366488918871141e-20;2.704081363935974e-06;0.0023834187501055085;0.0787672036327551,2.875507230603549e-34;8.306442694345746e-20;8.590481178753643e-08;0.003673300644279736,reported,4,0.14386258253037557,0.44925224441854916;0.40594190283007275;0.26819823558558;0.14386258253037557,0.02781287100417796,True,1,152,1.0697834165157567,0.6076001478612831,0.05545952505455854,0.6063356270126778
HSPA1A,2,10,COL6A1;CDH2,VHL;GAPDH;SYK;GAB2;STAT5A;ERBB2;RPS6;MAP2K1;PTEN;EEF2,1,3,3,2,,0.04932636236669901,0.4,0.2,3.836446310529891e-26;3.868708471709131e-12;0.00621993019332023,1.0312202778314486e-19;1.2293994816865601e-09,proxy_dimensions,3,,,,,0,152,0.9540103771547082,,,
GAB2,1,25,BRAF,VHL;GAPDH;ESR1;TUBA1B;TFRC;IGFBP2;SYK;ANXA1;ATM;FASN;ASNS;BCL2L11;ERBB2;PDCD4;RPS6;ACACA;TP53BP1;MAPK1;DIABLO;NF2;MAP2K1;PTEN;TP53;PEA15;EEF2,1,2,2,1,,0.04932636236669901,0.2,0.15,1.322798541621047e-30;0.001966143877293567,2.812070120795725e-25,proxy_dimensions,2,,,,,0,152,1.01051438171225,,,
ASNS,4,10,ACACA;BRAF;TP53;PRKCA,VHL;GAPDH;SYK;GAB2;STAT5A;ERBB2;RPS6;MAP2K1;PTEN;EEF2,1,5,5,4,,0.04932636236669901,0.4,0.2,9.8729992678273e-55;8.544215258075857e-29;1.3704940623101951e-15;6.626675023793825e-06;0.004171793325572599,1.51270238150653e-51;2.3847834354173013e-26;6.588802137255464e-13;0.0025652081364880472,proxy_dimensions,5,,,,,0,152,1.0425172980258757,,,
BCL2L11,1,10,PRKCA,VHL;GAPDH;SYK;GAB2;STAT5A;ERBB2;RPS6;MAP2K1;PTEN;EEF2,1,2,2,1,,0.04932636236669901,0.4,0.2,4.003857213634193e-20;0.00024428584908099015,1.36386165136217e-18,proxy_dimensions,2,,,,,0,152,0.9562975386177592,,,
BRAF,3,25,GAB2;SQSTM1;ETS1,VHL;GAPDH;ESR1;TUBA1B;TFRC;IGFBP2;SYK;ANXA1;ATM;FASN;ASNS;BCL2L11;ERBB2;PDCD4;RPS6;ACACA;TP53BP1;MAPK1;DIABLO;NF2;MAP2K1;PTEN;TP53;PEA15;EEF2,1,4,4,3,,0.04932636236669901,0.2,0.15,3.0597744870144164e-67;4.955413400399918e-31;6.501779581970886e-10;0.0014317218163200536,5.35196910803115e-40;2.6792290202767442e-11;0.00010452151442185705,proxy_dimensions,4,,,,,0,152,1.0400536417005317,,,
CDH2,2,25,STAT5A;SQSTM1,VHL;GAPDH;ESR1;TUBA1B;TFRC;IGFBP2;SYK;ANXA1;ATM;FASN;ASNS;BCL2L11;ERBB2;PDCD4;RPS6;ACACA;TP53BP1;MAPK1;DIABLO;NF2;MAP2K1;PTEN;TP53;PEA15;EEF2,1,3,3,2,,0.04932636236669901,0.2,0.15,2.197361448512719e-39;9.15282410510542e-23;4.825097040899272e-11,3.3332697165520507e-29;3.68262617045778e-12,proxy_dimensions,3,,,,,0,152,1.0389787937589776,,,
CLDN7,2,26,CDH1;PRKCA,VHL;GAPDH;TUBA1B;TFRC;IGFBP2;FN1;SERPINE1;SYK;ANXA1;RAB25;CCNE1;GAB2;ATM;FASN;ASNS;BCL2L11;ACACA;MAPK1;DIABLO;BRAF;NF2;MAP2K1;TP53;CHEK2;PEA15;KIT,1,3,3,2,,0.04932636236669901,0.2,0.15,1.1154318734359673e-73;3.242298788853668e-36;8.232370632640162e-15,2.672430320428005e-53;2.3350782118281592e-18,proxy_dimensions,3,,,,,0,153,0.9921976159229068,,,
CDH1,4,26,CLDN7;CTNNB1;PRKCA;CDH2,VHL;GAPDH;TUBA1B;TFRC;IGFBP2;FN1;SERPINE1;SYK;ANXA1;RAB25;CCNE1;GAB2;ATM;FASN;ASNS;BCL2L11;ACACA;MAPK1;DIABLO;BRAF;NF2;MAP2K1;TP53;CHEK2;PEA15;KIT,1,5,5,4,,0.04932636236669901,0.2,0.15,4.516610161260311e-112;1.553374007512818e-66;3.779738000605532e-40;9.162442278769509e-21;6.3530049185401944e-09,6.90196271101087e-87;5.0877435734797864e-43;2.969746384186222e-22;1.7411518521010695e-09,proxy_dimensions,5,,,,,0,153,0.9898192518389364,,,
HSPA1A,1,26,COL6A1,VHL;GAPDH;TUBA1B;TFRC;IGFBP2;FN1;SERPINE1;SYK;ANXA1;RAB25;CCNE1;GAB2;ATM;FASN;ASNS;BCL2L11;ACACA;MAPK1;DIABLO;BRAF;NF2;MAP2K1;TP53;CHEK2;PEA15;KIT,1,2,2,1,,0.04932636236669901,0.2,0.15,7.3752487784209e-28;8.298396443615007e-09,2.6749204393130993e-17,proxy_dimensions,2,,,,,0,153,1.0687050173336532,,,
GAB2,1,34,KIT,VHL;GAPDH;TUBA1B;TFRC;CLDN7;FN1;CDH1;SERPINE1;ANXA1;RAB25;CASP7;CTNNB1;MSH6;STAT5A;BCL2L11;EEF2K;ERBB2;TP53BP1;TGM2;MSH2;MAPK1;DIABLO;BRAF;NF2;RBM15;MAP2K1;PTEN;TP53;ETS1;PEA15;EEF2;CDH2;PREX1;LCK,1,2,2,1,,0.04932636236669901,0.4,0.25,9.88703986460873e-37;8.81255299209045e-19,1.83080536669283e-20,proxy_dimensions,2,,,,,0,153,0.9853668435443022,,,
ASNS,2,7,CCNB1;ACACA,FN1;SERPINE1;RAB25;DIABLO;NF2;PTEN;TP53,1,2,2,1,0.03522035784734047,0.04932636236669901,0.4,0.2,2.7896501618854094e-09;0.001311890503368837;0.1846803402803716,4.670851256356541e-08;0.18570578775674945,conditional_information_dimension,2,0.06564831534996782,0.29942241584341495;0.06564831534996782,0.03764322669228831,False,0,153,1.0202679411005329,,,
BCL2L11,4,7,ANXA1;CCNE1;INPP4B;PDCD4,FN1;SERPINE1;RAB25;DIABLO;NF2;PTEN;TP53,1,3,3,3,0.04931695150724346,0.04932636236669901,0.4,0.2,4.220567690997008e-26;9.944257518096604e-10;0.0005017485131646065;0.17762404287926511;0.2858705680606922,3.627146817441572e-27;2.172897863734631e-11;0.0004980333668616041,reported,3,0.19221829808326774,0.45631060995220557;0.32921403705072105;0.19221829808326774,0.03938253287050304,True,1,153,1.0294450011213434,1.8090490682585973,0.0723112939783723,0.6292242586422083
BRAF,2,7,GAB2;EEF2K,FN1;SERPINE1;RAB25;DIABLO;NF2;PTEN;TP53,1,2,2,2,0.0832945216518694,0.04932636236669901,0.4,0.2,2.949155665676439e-09;0.0005109514283838439;0.2840940649666865,1.3892829081054074e-11;0.0005435244520610286,reported,2,0.17048147707325723,0.3234133603701454;0.17048147707325723,0.05202281816381321,True,1,153,0.952127879209778,1.0669293645002251,0.06399679757903351,0.6108761960630676
CDH2,2,26,CDH1;STAT5A,VHL;GAPDH;TUBA1B;TFRC;IGFBP2;FN1;SERPINE1;SYK;ANXA1;RAB25;CCNE1;GAB2;ATM;FASN;ASNS;BCL2L11;ACACA;MAPK1;DIABLO;BRAF;NF2;MAP2K1;TP53;CHEK2;PEA15;KIT,1,3,3,2,,0.04932636236669901,0.2,0.15,4.8825404648339883e-54;1.9092002276936632e-29;9.567249469240816e-08,2.295157815685375e-47;2.9137272251019138e-22,proxy_dimensions,3,,,,,0,153,0.9439815857303371,,,
CLDN7,3,19,CDH1;MAP2K1;PRKCA,TUBA1B;FN1;SERPINE1;ANXA1;RAB25;GAB2;ATM;MSH6;BCL2L11;SQSTM1;TGM2;MSH2;MAPK1;NF2;RBM15;PTEN;ETS1;PEA15;EEF2,2,4,4,3,,0.04932636236669901,0.2,0.15,7.231511528392823e-84;8.78689490810229e-41;7.872969545975646e-19;0.001544838720826751,6.688780166505898e-60;1.0669062240338265e-29;6.123606017072785e-14,proxy_dimensions,4,,,,,0,154,1.0337081100163177,,,
CDH1,3,9,CLDN7;FN1;CTNNB1,VHL;IGFBP2;SYK;RAB25;GAB2;ATM;MAP2K1;PTEN;EEF2,2,3,3,2,0.02730485404241262,0.04932636236669901,0.4,0.2,4.526780560809418e-34;2.5304651703824156e-18;0.0038806953951892546;0.33381882998943796,1.0837497505832738e-33;7.937172048524892e-15;0.05874847953862708,conditional_information_dimension,3,0.09376929729893338,0.48064430679144554;0.39492586702752297;0.09376929729893338,0.029177189069039426,False,0,154,0.9191226671033057,,,
HSPA1A,2,9,SQSTM1;COL6A1,VHL;IGFBP2;SYK;RAB25;GAB2;ATM;MAP2K1;PTEN;EEF2,2,3,3,2,,0.04932636236669901,0.4,0.2,4.8702134561702484e-15;1.803497839595112e-07;0.013701813006671386,1.1039652884775213e-10;5.1611085703420175e-05,proxy_dimensions,3,,,,,0,154,0.9671192949918056,,,
GAB2,2,57,VHL;RAB25,MYH11;GAPDH;ESR1;TUBA1B;TFRC;IGFBP2;CLDN7;CCNB1;FN1;CAV1;CDH1;SERPINE1;HSPA1A;SYK;ANXA1;AR;CASP7;RICTOR;CCNE1;ATM;INPP4B;FASN;CTNNB1;MSH6;STAT5A;MYC;ASNS;BCL2L11;SQSTM1;EEF2K;ERBB2;PDCD4;RPS6;ACACA;TP53BP1;TGM2;FOXM1;MSH2;MAPK1;DIABLO;BRAF;ERBB3;NF2;RBM15;MAP2K1;PTEN;TP53;ETS1;CHEK2;PEA15;COL6A1;EEF2;PRKCA;CDH2;KIT;PREX1;LCK,2,3,3,2,,0.04932636236669901,0.4,0.2,3.3475943686772376e-59;7.961254935351513e-33;8.638229042720556e-15,2.2887622541548915e-39;1.8134004130849117e-18,proxy_dimensions,3,,,,,0,154,1.0550110737633978,,,
ASNS,3,19,VHL;BRAF;CHEK2,TUBA1B;FN1;SERPINE1;ANXA1;RAB25;GAB2;ATM;MSH6;BCL2L11;SQSTM1;TGM2;MSH2;MAPK1;NF2;RBM15;PTEN;ETS1;PEA15;EEF2,2,4,4,3,,0.04932636236669901,0.2,0.15,5.182417906525725e-63;4.1344063899523956e-32;8.467628277150289e-15;0.012679064569404179,1.0896686974302634e-55;2.6623612099005744e-26;2.0975853622416203e-08,proxy_dimensions,4,,,,,0,154,1.074849461300931,,,
BCL2L11,3,9,ANXA1;CCNE1;PDCD4,VHL;IGFBP2;SYK;RAB25;GAB2;ATM;MAP2K1;PTEN;EEF2,2,4,4,3,,0.04932636236669901,0.4,0.2,8.503347265013282e-18;3.95698587437034e-09;8.975021277106655e-05;0.025481657649751747,9.361709704240595e-11;0.00022682259941817263;0.03849072575503246,proxy_dimensions,4,,,,,0,154,1.0134343455242176,,,
BRAF,2,9,ERBB3;ETS1,VHL;IGFBP2;SYK;RAB25;GAB2;ATM;MAP2K1;PTEN;EEF2,2,3,3,2,,0.04932636236669901,0.4,0.2,9.918165851775971e-36;1.957806097756902e-15;2.8846580789079537e-05,4.778223982924899e-20;4.108948666840882e-06,proxy_dimensions,3,,,,,0,154,0.9855568688803189,,,
CDH2,3,19,CTNNB1;STAT5A;TP53,TUBA1B;FN1;SERPINE1;ANXA1;RAB25;GAB2;ATM;MSH6;BCL2L11;SQSTM1;TGM2;MSH2;MAPK1;NF2;RBM15;PTEN;ETS1;PEA15;EEF2,2,4,4,3,,0.04932636236669901,0.2,0.15,1.3911901197465745e-70;5.291510951435142e-20;9.13546001255214e-06;0.02679434202789139,2.472965663937745e-58;4.1902053647792746e-08;0.001095333270689699,proxy_dimensions,4,,,,,0,154,1.000538670907183,,,
CLDN7,2,26,CDH1;PRKCA,VHL;GAPDH;TUBA1B;TFRC;IGFBP2;FN1;SERPINE1;SYK;RAB25;GAB2;ATM;MSH6;BCL2L11;EEF2K;PDCD4;RPS6;TP53BP1;MSH2;DIABLO;BRAF;NF2;RBM15;MAP2K1;PTEN;TP53;ETS1,1,3,3,2,,0.04932636236669901,0.2,0.15,6.398238864708761e-76;4.081851656285985e-38;1.871011909945075e-15,4.845061718493242e-41;3.87195135272275e-18,proxy_dimensions,3,,,,,0,155,1.0469822219659388,,,
CDH1,3,26,CLDN7;CTNNB1;CDH2,VHL;GAPDH;TUBA1B;TFRC;IGFBP2;FN1;SERPINE1;SYK;RAB25;GAB2;ATM;MSH6;BCL2L11;EEF2K;PDCD4;RPS6;TP53BP1;MSH2;DIABLO;BRAF;NF2;RBM15;MAP2K1;PTEN;TP53;ETS1,1,4,4,3,,0.04932636236669901,0.2,0.15,1.9707563378392665e-93;2.98170738799086e-53;2.4380494804089087e-25;2.3971644496591042e-12,1.5860780016954663e-64;7.891799751253408e-35;5.418490985868306e-12,proxy_dimensions,4,,,,,0,155,0.9798088820865991,,,
HSPA1A,1,26,COL6A1,VHL;GAPDH;TUBA1B;TFRC;IGFBP2;FN1;SERPINE1;SYK;RAB25;GAB2;ATM;MSH6;BCL2L11;EEF2K;PDCD4;RPS6;TP53BP1;MSH2;DIABLO;BRAF;NF2;RBM15;MAP2K1;PTEN;TP53;ETS1,1,2,2,1,,0.04932636236669901,0.2,0.15,6.0661859202359925e-27;0.00020120086883909018,5.93358257364813e-24,proxy_dimensions,2,,,,,0,155,0.9373256881977862,,,
GAB2,1,13,BRAF,VHL;GAPDH;TUBA1B;SYK;RAB25;FASN;ASNS;BCL2L11;PDCD4;ACACA;DIABLO;PTEN;TP53,1,2,2,1,,0.04932636236669901,0.4,0.2,1.6661705486949687e-22;6.416445736794669e-05,7.779957018144644e-11,proxy_dimensions,2,,,,,0,155,0.9755505432448832,,,
ASNS,1,26,ACACA,VHL;GAPDH;TUBA1B;TFRC;IGFBP2;FN1;SERPINE1;SYK;RAB25;GAB2;ATM;MSH6;BCL2L11;EEF2K;PDCD4;RPS6;TP53BP1;MSH2;DIABLO;BRAF;NF2;RBM15;MAP2K1;PTEN;TP53;ETS1,1,2,2,1,,0.04932636236669901,0.2,0.15,4.115855989415613e-37;6.500298700231551e-16,7.519260376481434e-21,proxy_dimensions,2,,,,,0,155,0.9963145682441372,,,
BCL2L11,2,2,ANXA1;CCNE1,TUBA1B;PTEN,1,1,1,1,0.13969819576745227,0.04932636236669901,0.4,0.15,0.0018148543810949335;0.11486760170552748,0.0003169094343351899,reported,1,0.19726084040978298,0.19726084040978298,0.10474310345792502,True,1,155,1.0148446312543762,-0.6448866092281234,-0.0198059358928631,0.5494586674670012
BRAF,2,13,GAB2;CTNNB1,VHL;GAPDH;TUBA1B;SYK;RAB25;FASN;ASNS;BCL2L11;PDCD4;ACACA;DIABLO;PTEN;TP53,1,3,3,2,,0.04932636236669901,0.4,0.2,1.908240367808859e-33;4.15287172061252e-09;0.004374161145974054,5.897924952203788e-20;3.792668031719129e-08,proxy_dimensions,3,,,,,0,155,0.9600352473995971,,,
CDH2,2,26,CDH1;STAT5A,VHL;GAPDH;TUBA1B;TFRC;IGFBP2;FN1;SERPINE1;SYK;RAB25;GAB2;ATM;MSH6;BCL2L11;EEF2K;PDCD4;RPS6;TP53BP1;MSH2;DIABLO;BRAF;NF2;RBM15;MAP2K1;PTEN;TP53;ETS1,1,3,3,2,,0.04932636236669901,0.2,0.15,3.0337282749168078e-64;1.9892971418523033e-30;3.984116259803017e-12,3.4447844939459904e-55;6.2170511740325615e-21,proxy_dimensions,3,,,,,0,155,0.9260624630322489,,,
CLDN7,2,12,CDH1;RAB25,GAPDH;TFRC;GAB2;ATM;ERBB2;TGM2;MAPK1;NF2;MAP2K1;PTEN;TP53;PEA15,1,3,3,2,,0.04932636236669901,0.4,0.2,7.039764673748349e-19;9.194964296011819e-09;0.0021492854840397336,9.896876791898998e-11;0.0031353709660322947,proxy_dimensions,3,,,,,0,156,1.0212298719877246,,,
CDH1,3,12,CLDN7;CTNNB1;CDH2,GAPDH;TFRC;GAB2;ATM;ERBB2;TGM2;MAPK1;NF2;MAP2K1;PTEN;TP53;PEA15,1,4,4,3,,0.04932636236669901,0.4,0.2,3.0813716878404355e-35;2.5984352586291346e-15;7.245592112939549e-09;6.167333615341938e-05,7.976313720243426e-27;7.299706742534068e-12;3.038516479444035e-05,proxy_dimensions,4,,,,,0,156,1.0368661187550927,,,
HSPA1A,2,12,COL6A1;KIT,GAPDH;TFRC;GAB2;ATM;ERBB2;TGM2;MAPK1;NF2;MAP2K1;PTEN;TP53;PEA15,1,3,3,2,,0.04932636236669901,0.4,0.2,5.5132778215058436e-24;1.6902408270240635e-13;0.0024080024878229836,1.6418841109296641e-15;1.5324122700868706e-05,proxy_dimensions,3,,,,,0,156,1.0888240346326563,,,
GAB2,2,3,VHL;KIT,GAPDH;PTEN;TP53,1,1,1,1,0.10133137288584729,0.04932636236669901,0.4,0.15,0.002120367063058384;0.6350973550266149;0.604517491780689,0.016818398209088068,reported,1,0.1411502539669785,0.1411502539669785,0.06058125996512508,True,1,156,1.010679430955877,1.1171569581869147,0.057306329757978766,0.6328407755985622
ASNS,2,57,TGM2;TP53,MYH11;VHL;GAPDH;ESR1;TUBA1B;TFRC;IGFBP2;CLDN7;CCNB1;FN1;CAV1;CDH1;SERPINE1;HSPA1A;SYK;ANXA1;AR;RAB25;CASP7;RICTOR;CCNE1;GAB2;ATM;INPP4B;FASN;CTNNB1;MSH6;STAT5A;MYC;BCL2L11;SQSTM1;EEF2K;ERBB2;PDCD4;RPS6;ACACA;TP53BP1;FOXM1;MSH2;MAPK1;DIABLO;BRAF;ERBB3;NF2;RBM15;MAP2K1;PTEN;ETS1;CHEK2;PEA15;COL6A1;EEF2;PRKCA;CDH2;KIT;PREX1;LCK,1,3,3,2,,0.04932636236669901,0.2,0.15,2.4955633498556198e-68;7.458186389216994e-33;4.413595917204131e-12,5.828315605928158e-48;2.880129922612807e-16,proxy_dimensions,3,,,,,0,156,0.9818763601702176,,,
BCL2L11,4,12,FN1;ANXA1;PDCD4;PRKCA,GAPDH;TFRC;GAB2;ATM;ERBB2;TGM2;MAPK1;NF2;MAP2K1;PTEN;TP53;PEA15,1,5,5,4,,0.04932636236669901,0.4,0.2,6.70010167084127e-41;4.837455031348711e-25;9.197318360102826e-16;9.440402525166036e-07;0.001019746527142672,3.9192611953196354e-30;6.3859821708325765e-15;2.4707792264143117e-06;0.0014013386965958682,proxy_dimensions,5,,,,,0,156,0.9890660219412554,,,
BRAF,2,12,CAV1;CTNNB1,GAPDH;TFRC;GAB2;ATM;ERBB2;TGM2;MAPK1;NF2;MAP2K1;PTEN;TP53;PEA15,1,3,3,2,,0.04932636236669901,0.4,0.2,1.397337768762575e-44;1.8613172637146674e-21;1.7035774753372714e-09,9.635919343853837e-33;1.6245369776202636e-14,proxy_dimensions,3,,,,,0,156,0.9848939920264591,,,
CDH2,4,12,CDH1;CCNE1;STAT5A;SQSTM1,GAPDH;TFRC;GAB2;ATM;ERBB2;TGM2;MAPK1;NF2;MAP2K1;PTEN;TP53;PEA15,1,5,5,4,,0.04932636236669901,0.4,0.2,2.8095307596190104e-51;5.779735046904799e-33;4.091346600994759e-17;1.4297687402218622e-07;0.00011640727024651681,2.8818569250168423e-47;6.342607859729203e-29;2.9563859896464134e-14;6.864555724999488e-05,proxy_dimensions,5,,,,,0,156,1.0139796648867543,,,
CLDN7,2,6,CDH1;PRKCA,TFRC;IGFBP2;RAB25;MAP2K1;PTEN;TP53,2,3,3,2,,0.04932636236669901,0.4,0.2,1.1457586807664413e-25;1.6362024275315633e-11;0.000618245351256731,4.1263374742377177e-17;0.0014339670394970527,proxy_dimensions,3,,,,,0,157,0.9976959637392391,,,
CDH1,4,6,CLDN7;CTNNB1;PRKCA;KIT,TFRC;IGFBP2;RAB25;MAP2K1;PTEN;TP53,2,5,5,4,,0.04932636236669901,0.4,0.2,3.2566435147809642e-40;1.375167401786401e-17;9.748435188255945e-09;4.60713376065378e-05;0.023283273045262873,1.4402569700402828e-34;1.0017652561185917e-16;5.794273121191864e-08;0.0004567669385082324,proxy_dimensions,5,,,,,0,157,1.028781366908507,,,
HSPA1A,2,20,CASP7;COL6A1,VHL;GAPDH;TUBA1B;TFRC;IGFBP2;CLDN7;CDH1;SYK;RAB25;GAB2;CTNNB1;ASNS;BCL2L11;SQSTM1;EEF2K;RBM15;MAP2K1;PTEN;TP53;KIT,2,3,3,2,,0.04932636236669901,0.2,0.15,6.243394804341962e-40;4.353396846992537e-15;7.423509585382752e-06,5.104127936379581e-27;2.9300106805951767e-11,proxy_dimensions,3,,,,,0,157,0.9766688023107796,,,
GAB2,1,6,VHL,TFRC;IGFBP2;RAB25;MAP2K1;PTEN;TP53,2,2,2,1,,0.04932636236669901,0.4,0.2,1.6599422567141577e-07;0.013472203758289242,0.00015515811327546726,proxy_dimensions,2,,,,,0,157,0.9655015202652543,,,
ASNS,1,6,CCNB1,TFRC;IGFBP2;RAB25;MAP2K1;PTEN;TP53,2,2,2,1,,0.04932636236669901,0.4,0.2,4.873508463776577e-07;0.014883700880260345,0.008607094355271782,proxy_dimensions,2,,,,,0,157,0.9380248029793252,,,
BCL2L11,2,6,ANXA1;INPP4B,TFRC;IGFBP2;RAB25;MAP2K1;PTEN;TP53,2,2,2,2,0.06438589421938176,0.04932636236669901,0.4,0.2,4.914102354878781e-10;0.011321794166641872;0.7906122635921145,3.1736502558828696e-11;0.00450461591039992,reported,2,0.14035861670412703,0.33075381552464966;0.14035861670412703,0.042086094826396574,True,1,157,1.012471064859735,-0.7219022758429134,-0.10468256750580646,0.5606742292417639
BRAF,2,6,EEF2K;ETS1,TFRC;IGFBP2;RAB25;MAP2K1;PTEN;TP53,2,2,2,2,0.07386120457849064,0.04932636236669901,0.4,0.2,1.570435201528172e-16;3.194466930776574e-06;0.0973010870928317,2.0643861439057978e-15;0.003328630457515965,reported,2,0.14501188676891938,0.3884001096538889;0.14501188676891938,0.055859004382308806,True,1,157,1.1317641469975839,-1.3315111965096689,-0.03609691068416222,0.5559279533770739
CDH2,3,6,CTNNB1;STAT5A;SQSTM1,TFRC;IGFBP2;RAB25;MAP2K1;PTEN;TP53,2,2,2,2,0.078523461046146,0.04932636236669901,0.4,0.2,1.250503387147872e-10;0.0010676156270369623;0.09626596499737583;0.9329906629401432,2.4888131969734677e-09;0.00035931358929712227,reported,2,0.1959843823988046,0.28974722316449797;0.1959843823988046,0.05220020991077672,True,1,157,1.0278324301575963,0.7955531274979577,0.026996842996829074,0.4889830480137711
CLDN7,3,9,FN1;CDH1;MAPK1,VHL;GAPDH;RAB25;GAB2;FASN;PDCD4;ACACA;PTEN;TP53,1,3,3,2,0.0025326590724812676,0.04932636236669901,0.4,0.15,9.835601165070716e-36;1.4518710065351327e-15;0.007285890216713373;0.9423836051327479,7.324717607839397e-32;1.1845686396967267e-15;0.8412524043719398,conditional_information_dimension,3,0.009958480057973958,0.45445147469868613;0.4139413826074331;0.009958480057973958,0.008270908791726723,False,0,158,0.9466400041433756,,,
CDH1,5,9,CLDN7;FN1;SERPINE1;CTNNB1;CDH2,VHL;GAPDH;RAB25;GAB2;FASN;PDCD4;ACACA;PTEN;TP53,1,4,4,4,0.04440705251441098,0.04932636236669901,0.4,0.15,7.325720194032813e-52;1.801689112636061e-25;3.537249885502928e-11;0.0032354732029869254;0.6624417968816924;0.9866485603662054,5.281832856720388e-41;2.3448294640056106e-22;4.820621939957406e-11;2.823826780713009e-06,reported,4,0.24787662978695782,0.4975179417288797;0.4051006991066536;0.2856341359028588;0.24787662978695782,0.03144735214970294,True,1,158,1.0185983183272291,1.2242097679840387,0.03689181857601295,0.6714771937970874
HSPA1A,5,9,TFRC;CASP7;SQSTM1;COL6A1;CDH2,VHL;GAPDH;RAB25;GAB2;FASN;PDCD4;ACACA;PTEN;TP53,1,3,3,3,0.06029914468811128,0.04932636236669901,0.4,0.15,3.8422166967503306e-22;9.057110329063135e-13;1.8125364349226385e-06;0.06686766436695869;0.16724543317497773;0.3178651275844401,3.3026854825048003e-25;1.8889735217624998e-14;3.107493913055595e-05,reported,3,0.23808327876943233,0.4050086780103577;0.3673833525099592;0.23808327876943233,0.041389905558669955,True,1,158,1.0133530361692513,0.8098608740255981,0.07846127783364074,0.6509913275739748
GAB2,1,54,VHL,MYH11;GAPDH;ESR1;TUBA1B;TFRC;IGFBP2;CLDN7;CCNB1;FN1;CAV1;CDH1;SERPINE1;HSPA1A;SYK;ANXA1;AR;RAB25;CASP7;RICTOR;CCNE1;ATM;INPP4B;FASN;CTNNB1;MSH6;STAT5A;MYC;ASNS;BCL2L11;SQSTM1;EEF2K;ERBB2;PDCD4;RPS6;ACACA;TP53BP1;FOXM1;MSH2;BRAF;ERBB3;NF2;RBM15;MAP2K1;PTEN;TP53;ETS1;CHEK2;COL6A1;EEF2;PRKCA;CDH2;KIT;PREX1;LCK,1,2,2,1,,0.04932636236669901,0.2,0.15,8.020882238209357e-36;1.0715115774225893e-09,3.929489929912298e-12,proxy_dimensions,2,,,,,0,158,1.095707203078769,,,
ASNS,3,9,MSH2;CHEK2;PRKCA,VHL;GAPDH;RAB25;GAB2;FASN;PDCD4;ACACA;PTEN;TP53,1,4,4,3,,0.04932636236669901,0.4,0.15,1.13554303186579e-29;2.797589724041514e-08;0.0021081222432122017;0.045567190662700874,3.1583896799187056e-16;1.1599480432714916e-07;0.0038024694194721534,proxy_dimensions,4,,,,,0,158,0.9910327223946874,,,
BCL2L11,5,9,FN1;CCNE1;INPP4B;MSH6;PRKCA,VHL;GAPDH;RAB25;GAB2;FASN;PDCD4;ACACA;PTEN;TP53,1,5,5,4,0.01166374638371993,0.04932636236669901,0.4,0.15,1.2367125294970167e-31;7.451964977881113e-17;1.0801003656437182e-10;1.9141851676508503e-06;0.011694632237434935;0.12096279204292337,1.423053006097424e-33;4.614346673893289e-18;1.6824301273389362e-11;9.294099167912161e-06;0.08241974513775413,conditional_information_dimension,5,0.08640871470640465,0.4730851273104589;0.3437515303651202;0.3117394902062268;0.24830078714082585;0.08640871470640465,0.01609283057391208,False,0,158,0.9729133422981959,,,
BRAF,2,15,EEF2K;ETS1,VHL;GAPDH;TFRC;ANXA1;RAB25;GAB2;FASN;PDCD4;ACACA;TGM2;MAPK1;NF2;PTEN;TP53;PEA15,1,3,3,2,,0.04932636236669901,0.4,0.2,1.0747095442735408e-24;1.1095842794682639e-07;0.02121671811067206,7.982093784152786e-10;0.031658882861606494,proxy_dimensions,3,,,,,0,158,1.0293695076179876,,,
CDH2,6,9,CDH1;HSPA1A;CCNE1;STAT5A;SQSTM1;PREX1,VHL;GAPDH;RAB25;GAB2;FASN;PDCD4;ACACA;PTEN;TP53,1,5,5,5,0.026545153173148105,0.04932636236669901,0.4,0.15,1.3298715072171925e-39;7.093520823791334e-24;1.2019818530146124e-12;1.3185382565789193e-07;0.005204758855826877;0.37245101152412685;0.6601396588710491,6.168768519429758e-39;1.4667864195184956e-21;2.4939847615828586e-13;1.376089492976258e-07;0.004935716020993612,reported,5,0.16148716155812162,0.49741790103230915;0.37725879816674157;0.321017364217186;0.27667607040885056;0.16148716155812162,0.022947050389020764,True,1,158,0.9969705548556053,-0.5838498657291843,-0.04561990783114431,0.6404055504795415
CLDN7,4,4,TFRC;CDH1;RAB25;MAP2K1,FASN;ACACA;PTEN;TP53,1,3,3,2,0.028970690569988664,0.04932636236669901,0.4,0.15,4.104101529152893e-09;0.000298697340528147;0.021828678416833596;0.18740434294892547,1.7889016542074985e-06;0.005260130582454777;0.10227033787574023,conditional_information_dimension,3,0.10594494710664519,0.27163409951332584;0.18365410934179596;0.10594494710664519,0.028776008495425207,False,0,159,0.9883538067738169,,,
CDH1,3,12,CLDN7;FN1;CTNNB1,VHL;TFRC;RAB25;GAB2;FASN;EEF2K;ACACA;BRAF;MAP2K1;PTEN;TP53;KIT,1,3,3,3,0.08027653956194922,0.04932636236669901,0.4,0.2,7.656656370480265e-48;9.600976146370477e-23;2.097666690104303e-08;0.2097932118776788,2.5386849347666195e-40;8.561983970550458e-23;3.709229255163618e-07,reported,3,0.24876427981113025,0.4688606467169507;0.4326388581790778;0.24876427981113025,0.050891457710101444,True,2,159,0.9313522009666827,-1.3393429547914861,0.13748192127326586,0.6043154134274626
HSPA1A,2,28,SQSTM1;COL6A1,VHL;GAPDH;TUBA1B;TFRC;IGFBP2;CLDN7;FN1;CDH1;SERPINE1;SYK;ANXA1;RAB25;GAB2;CTNNB1;EEF2K;TP53BP1;MAPK1;DIABLO;BRAF;NF2;RBM15;MAP2K1;PTEN;TP53;ETS1;PEA15;EEF2;KIT,1,3,3,2,,0.04932636236669901,0.2,0.15,3.691916097498601e-38;6.055602065563903e-18;4.947551143533537e-06,1.1959393197302705e-30;5.925005142358195e-13,proxy_dimensions,3,,,,,0,159,1.017232472582228,,,
GAB2,1,58,VHL,MYH11;GAPDH;ESR1;TUBA1B;TFRC;IGFBP2;CLDN7;CCNB1;FN1;CAV1;CDH1;SERPINE1;HSPA1A;SYK;ANXA1;AR;RAB25;CASP7;RICTOR;CCNE1;ATM;INPP4B;FASN;CTNNB1;MSH6;STAT5A;MYC;ASNS;BCL2L11;SQSTM1;EEF2K;ERBB2;PDCD4;RPS6;ACACA;TP53BP1;TGM2;FOXM1;MSH2;MAPK1;DIABLO;BRAF;ERBB3;NF2;RBM15;MAP2K1;PTEN;TP53;ETS1;CHEK2;PEA15;COL6A1;EEF2;PRKCA;CDH2;KIT;PREX1;LCK,1,2,2,1,,0.04932636236669901,0.2,0.15,1.1929669086350135e-38;2.737988228452708e-10,1.3437234938454062e-13,proxy_dimensions,2,,,,,0,159,1.0116745913457739,,,
ASNS,3,20,CCNB1;SQSTM1;CHEK2,VHL;GAPDH;ESR1;TUBA1B;TFRC;IGFBP2;ANXA1;RAB25;GAB2;FASN;STAT5A;EEF2K;PDCD4;ACACA;BRAF;MAP2K1;PTEN;TP53;EEF2;KIT,1,3,3,3,0.09878722437189445,0.04932636236669901,0.4,0.25,5.9574867038354124e-49;1.581459963223233e-15;6.130857661611141e-07;0.05959065228206452,7.166861716277521e-51;3.1863798692406763e-21;1.1859239294715103e-09,reported,3,0.29562638888944687,0.5684193818031519;0.38612331378522546;0.29562638888944687,0.04669397289754756,True,2,159,1.0361828116840328,2.480911485104473,0.07112866576334775,0.5952200132547892
BCL2L11,3,28,CCNE1;PDCD4;PRKCA,VHL;GAPDH;TUBA1B;TFRC;IGFBP2;CLDN7;FN1;CDH1;SERPINE1;SYK;ANXA1;RAB25;GAB2;CTNNB1;EEF2K;TP53BP1;MAPK1;DIABLO;BRAF;NF2;RBM15;MAP2K1;PTEN;TP53;ETS1;PEA15;EEF2;KIT,1,4,4,3,,0.04932636236669901,0.2,0.15,1.1651586871828847e-82;2.4779183921318317e-49;1.0134189843348138e-25;2.1473852033932403e-07,2.6741377210031955e-63;2.356483440866425e-30;1.0833036844900034e-07,proxy_dimensions,4,,,,,0,159,1.048975460682653,,,
BRAF,3,4,CAV1;CTNNB1;KIT,FASN;ACACA;PTEN;TP53,1,2,2,2,0.0845423785317495,0.04932636236669901,0.4,0.15,2.2357913075379145e-14;1.0976408674452714e-05;0.6194481443604706;0.5375432884230718,1.5213984469647985e-14;0.0001466461556061199,reported,2,0.20653337776289854,0.36904755345546064;0.20653337776289854,0.06831843029093436,True,1,159,1.0209332377424687,0.8989467566798168,0.08326946280216044,0.5227649439309859
CDH2,3,12,HSPA1A;STAT5A;SQSTM1,VHL;TFRC;RAB25;GAB2;FASN;EEF2K;ACACA;BRAF;MAP2K1;PTEN;TP53;KIT,1,4,4,3,,0.04932636236669901,0.4,0.2,4.8973560536682074e-30;3.047099676159646e-13;7.736523985947356e-06;0.002872385808665743,2.3947092989550343e-26;5.167228652076513e-10;0.005231269161694234,proxy_dimensions,4,,,,,0,159,1.0241310719612144,,,
CLDN7,3,8,CDH1;RAB25;MAP2K1,VHL;TUBA1B;IGFBP2;GAB2;ASNS;ERBB2;TP53;CHEK2,1,2,2,2,0.10127713929271272,0.04932636236669901,0.4,0.2,2.0050691389092675e-23;4.0908244128701597e-07;0.28980589461215717;0.9353548236847189,7.703406779779475e-20;2.6216146316426983e-08,reported,2,0.28739444688869026,0.3919294171355398;0.28739444688869026,0.058141275250211816,True,1,160,0.9712036149497815,0.9223760530383559,-0.046103349854875846,0.38134565142383675
CDH1,2,8,CLDN7;CTNNB1,VHL;TUBA1B;IGFBP2;GAB2;ASNS;ERBB2;TP53;CHEK2,1,3,3,2,,0.04932636236669901,0.4,0.2,1.9556939160967542e-21;3.5873095190006275e-06;0.02114056538734315,1.4456168773717977e-11;0.004706256348817542,proxy_dimensions,3,,,,,0,160,0.9952081076388133,,,
HSPA1A,2,38,SQSTM1;COL6A1,VHL;GAPDH;TUBA1B;TFRC;IGFBP2;CLDN7;CCNB1;CDH1;ANXA1;RAB25;CASP7;GAB2;ATM;CTNNB1;STAT5A;ASNS;EEF2K;ERBB2;TP53BP1;TGM2;FOXM1;MAPK1;DIABLO;BRAF;NF2;RBM15;MAP2K1;PTEN;TP53;ETS1;CHEK2;PEA15;EEF2;PRKCA;CDH2;KIT;PREX1;LCK,1,3,3,2,,0.04932636236669901,0.2,0.15,5.692745383869363e-76;5.811925732298214e-30;2.514474527706772e-11,1.0795112483301819e-55;2.863429192501198e-17,proxy_dimensions,3,,,,,0,160,0.9905679275078915,,,
GAB2,1,58,VHL,MYH11;GAPDH;ESR1;TUBA1B;TFRC;IGFBP2;CLDN7;CCNB1;FN1;CAV1;CDH1;SERPINE1;HSPA1A;SYK;ANXA1;AR;RAB25;CASP7;RICTOR;CCNE1;ATM;INPP4B;FASN;CTNNB1;MSH6;STAT5A;MYC;ASNS;BCL2L11;SQSTM1;EEF2K;ERBB2;PDCD4;RPS6;ACACA;TP53BP1;TGM2;FOXM1;MSH2;MAPK1;DIABLO;BRAF;ERBB3;NF2;RBM15;MAP2K1;PTEN;TP53;ETS1;CHEK2;PEA15;COL6A1;EEF2;PRKCA;CDH2;KIT;PREX1;LCK,1,2,2,1,,0.04932636236669901,0.2,0.15,3.190597302777647e-42;6.876004752411321e-10,1.5927044518327268e-18,proxy_dimensions,2,,,,,0,160,1.0081994559136784,,,
ASNS,3,43,ERBB2;TP53;CHEK2,MYH11;VHL;GAPDH;ESR1;TUBA1B;TFRC;IGFBP2;CCNB1;FN1;CAV1;SERPINE1;HSPA1A;SYK;ANXA1;AR;RAB25;RICTOR;CCNE1;GAB2;ATM;INPP4B;FASN;MSH6;MYC;BCL2L11;SQSTM1;PDCD4;RPS6;ACACA;TGM2;FOXM1;MSH2;MAPK1;BRAF;ERBB3;NF2;MAP2K1;PTEN;ETS1;PEA15;COL6A1;CDH2;KIT,1,4,4,3,,0.04932636236669901,0.2,0.15,9.049051762824656e-77;3.997288380871397e-37;6.694319471183224e-16;9.07306827166291e-07,6.713403853569664e-58;1.6737781878996584e-22;1.008824199069705e-06,proxy_dimensions,4,,,,,0,160,1.0023758567613568,,,
BCL2L11,4,8,FN1;CCNE1;INPP4B;PDCD4,VHL;TUBA1B;IGFBP2;GAB2;ASNS;ERBB2;TP53;CHEK2,1,5,5,4,,0.04932636236669901,0.4,0.2,7.174049977917226e-36;1.9975154785970616e-11;7.533009126015804e-07;0.002982713652515055;0.018362509090887706,4.235054506652507e-30;2.2084109694545684e-07;0.00042995200676145234;0.019078399172430857,proxy_dimensions,5,,,,,0,160,0.9965368405575037,,,
BRAF,2,8,CAV1;ETS1,VHL;TUBA1B;IGFBP2;GAB2;ASNS;ERBB2;TP53;CHEK2,1,3,3,2,,0.04932636236669901,0.4,0.2,8.840120910021284e-33;5.888412504334508e-09;0.0010861830862192567,3.8416234625585015e-13;0.0022756858733210296,proxy_dimensions,3,,,,,0,160,1.0035818216268078,,,
CDH2,2,8,CCNE1;SQSTM1,VHL;TUBA1B;IGFBP2;GAB2;ASNS;ERBB2;TP53;CHEK2,1,2,2,2,0.09450058305264605,0.04932636236669901,0.4,0.2,1.8099643765200183e-19;3.3764467433933005e-06;0.07235844575925442,8.606430487061507e-23;8.146546510640046e-07,reported,2,0.24128601255093565,0.43563367809161874;0.24128601255093565,0.06005281917383151,True,2,160,1.113613984238924,1.9700658862859004,0.09097625228042358,0.4089860944652587
CLDN7,3,10,CDH1;PDCD4;PRKCA,VHL;TFRC;SYK;GAB2;FASN;ACACA;MAP2K1;PTEN;TP53;EEF2,1,4,4,3,,0.04932636236669901,0.4,0.2,4.2674476025775554e-51;6.3124580057424e-28;1.268900286112037e-16;1.011466777940906e-05,1.0644946896747064e-35;1.6587846572722008e-16;1.0381439899092833e-05,proxy_dimensions,4,,,,,0,161,1.034270983100857,,,
CDH1,2,18,CLDN7;CTNNB1,VHL;GAPDH;ESR1;TUBA1B;TFRC;SYK;CASP7;GAB2;BCL2L11;PDCD4;TP53BP1;TGM2;MAPK1;NF2;RBM15;PTEN;PEA15;KIT,1,3,3,2,,0.04932636236669901,0.2,0.15,3.900737783089869e-67;6.033423786245565e-20;2.6998233933570728e-05,4.871420737202536e-38;1.11967440425547e-11,proxy_dimensions,3,,,,,0,161,1.0354268734172185,,,
HSPA1A,2,10,COL6A1;KIT,VHL;TFRC;SYK;GAB2;FASN;ACACA;MAP2K1;PTEN;TP53;EEF2,1,3,3,2,,0.04932636236669901,0.4,0.2,1.2048101395134227e-27;4.891327900392885e-09;0.03287579478007578,4.8506759643275393e-20;0.0013698498163220636,proxy_dimensions,3,,,,,0,161,1.0598667258354681,,,
GAB2,1,58,VHL,MYH11;GAPDH;ESR1;TUBA1B;TFRC;IGFBP2;CLDN7;CCNB1;FN1;CAV1;CDH1;SERPINE1;HSPA1A;SYK;ANXA1;AR;RAB25;CASP7;RICTOR;CCNE1;ATM;INPP4B;FASN;CTNNB1;MSH6;STAT5A;MYC;ASNS;BCL2L11;SQSTM1;EEF2K;ERBB2;PDCD4;RPS6;ACACA;TP53BP1;TGM2;FOXM1;MSH2;MAPK1;DIABLO;BRAF;ERBB3;NF2;RBM15;MAP2K1;PTEN;TP53;ETS1;CHEK2;PEA15;COL6A1;EEF2;PRKCA;CDH2;KIT;PREX1;LCK,1,2,2,1,,0.04932636236669901,0.4,0.2,9.444025604001818e-54;8.313957705161561e-17,6.5390255725827275e-28,proxy_dimensions,2,,,,,0,161,1.0403043142990889,,,
ASNS,3,10,CCNB1;CHEK2;PRKCA,VHL;TFRC;SYK;GAB2;FASN;ACACA;MAP2K1;PTEN;TP53;EEF2,1,4,4,3,,0.04932636236669901,0.4,0.2,1.2530332446858177e-54;5.805940333076542e-25;9.953314685233538e-11;0.0009096424687352496,7.179634958847585e-37;4.614131232013669e-16;8.881310745820135e-09,proxy_dimensions,4,,,,,0,161,0.9332571346311253,,,
BCL2L11,2,10,FN1;INPP4B,VHL;TFRC;SYK;GAB2;FASN;ACACA;MAP2K1;PTEN;TP53;EEF2,1,3,3,2,,0.04932636236669901,0.4,0.2,1.967789711769022e-20;4.587994915059538e-09;0.03285506921647938,1.1152727589616447e-17;3.278119633472586e-08,proxy_dimensions,3,,,,,0,161,0.9307456954256726,,,
BRAF,3,10,CAV1;ATM;ETS1,VHL;TFRC;SYK;GAB2;FASN;ACACA;MAP2K1;PTEN;TP53;EEF2,1,4,4,3,,0.04932636236669901,0.4,0.2,7.082732708193948e-57;1.742631477054891e-21;3.7187543336295925e-07;0.02918068192571125,1.2512992901003437e-40;1.5979308254094702e-20;2.070311538421635e-05,proxy_dimensions,4,,,,,0,161,1.014451176705674,,,
CDH2,3,18,STAT5A;SQSTM1;EEF2K,VHL;GAPDH;ESR1;TUBA1B;TFRC;SYK;CASP7;GAB2;BCL2L11;PDCD4;TP53BP1;TGM2;MAPK1;NF2;RBM15;PTEN;PEA15;KIT,1,4,4,3,,0.04932636236669901,0.2,0.15,8.859904790419026e-42;1.8140651114583195e-10;2.294815455951413e-06;0.00485345608655488,1.663137162937142e-36;1.4260248076549046e-09;3.081373889196453e-05,proxy_dimensions,4,,,,,0,161,1.0681663320989507,,,
CLDN7,2,21,CDH1;PEA15,VHL;GAPDH;TUBA1B;TFRC;SYK;ANXA1;GAB2;ATM;FASN;ASNS;BCL2L11;SQSTM1;ERBB2;PDCD4;RPS6;ACACA;TGM2;MAP2K1;PTEN;TP53;KIT,1,3,3,2,,0.04932636236669901,0.2,0.15,6.156375386339382e-65;7.287192825201513e-35;8.584010716794262e-07,3.424568934249791e-45;3.7850237886872456e-16,proxy_dimensions,3,,,,,0,162,1.023304458393305,,,
CDH1,4,9,CLDN7;CAV1;CTNNB1;PRKCA,VHL;GAPDH;TUBA1B;STAT5A;ERBB2;MAP2K1;PTEN;TP53;CDH2,1,5,5,4,,0.04932636236669901,0.4,0.2,2.156557418619548e-55;1.3121766551030728e-29;1.0645245829011795e-11;1.2314154547045216e-05;0.0059744052127395164,1.0141350934046068e-41;2.2075436053577252e-20;5.283800932815208e-10;0.0018813439239827234,proxy_dimensions,5,,,,,0,162,1.0617723346168961,,,
HSPA1A,2,9,SQSTM1;COL6A1,VHL;GAPDH;TUBA1B;STAT5A;ERBB2;MAP2K1;PTEN;TP53;CDH2,1,3,3,2,,0.04932636236669901,0.4,0.2,4.5062563894559907e-23;6.521580071121977e-08;0.002664496293238856,1.5903033645463586e-11;0.0004940423507126428,proxy_dimensions,3,,,,,0,162,1.0681110064303858,,,
GAB2,1,9,BRAF,VHL;GAPDH;TUBA1B;STAT5A;ERBB2;MAP2K1;PTEN;TP53;CDH2,1,2,2,1,,0.04932636236669901,0.4,0.2,3.716909368364217e-17;0.03611037278313308,1.2127835793644875e-11,proxy_dimensions,2,,,,,0,162,0.9960601227662023,,,
ASNS,1,58,ERBB2,MYH11;VHL;GAPDH;ESR1;TUBA1B;TFRC;IGFBP2;CLDN7;CCNB1;FN1;CAV1;CDH1;SERPINE1;HSPA1A;SYK;ANXA1;AR;RAB25;CASP7;RICTOR;CCNE1;GAB2;ATM;INPP4B;FASN;CTNNB1;MSH6;STAT5A;MYC;BCL2L11;SQSTM1;EEF2K;PDCD4;RPS6;ACACA;TP53BP1;TGM2;FOXM1;MSH2;MAPK1;DIABLO;BRAF;ERBB3;NF2;RBM15;MAP2K1;PTEN;TP53;ETS1;CHEK2;PEA15;COL6A1;EEF2;PRKCA;CDH2;KIT;PREX1;LCK,1,2,2,1,,0.04932636236669901,0.2,0.15,3.81072785773935e-51;8.761210501667966e-18,5.046422619026397e-18,proxy_dimensions,2,,,,,0,162,1.0223787802883513,,,
BCL2L11,1,9,ANXA1,VHL;GAPDH;TUBA1B;STAT5A;ERBB2;MAP2K1;PTEN;TP53;CDH2,1,1,1,1,0.22123715356870322,0.04932636236669901,0.4,0.2,1.82035691878924e-07;0.3270571454369309,6.2832388270648986e-06,reported,1,0.22123715356870333,0.22123715356870333,0.0843512023008977,True,2,162,0.9346180810732158,-0.39444252128607804,0.031077404783959196,0.5305434252375553
BRAF,3,9,GAB2;EEF2K;ETS1,VHL;GAPDH;TUBA1B;STAT5A;ERBB2;MAP2K1;PTEN;TP53;CDH2,1,3,3,2,0.010520605093755032,0.04932636236669901,0.4,0.2,2.718517964448953e-25;2.241668700835795e-09;0.044394516950019614;0.297364093708928,1.197116598238467e-16;3.969886656137042e-06;0.4933005621539239,conditional_information_dimension,3,0.03405249289228058,0.38580374426281683;0.267263126397588;0.03405249289228058,0.025903768765338814,False,0,162,1.0408706468492617,,,
CDH2,2,21,RAB25;STAT5A,VHL;GAPDH;TUBA1B;TFRC;SYK;ANXA1;GAB2;ATM;FASN;ASNS;BCL2L11;SQSTM1;ERBB2;PDCD4;RPS6;ACACA;TGM2;MAP2K1;PTEN;TP53;KIT,1,3,3,2,,0.04932636236669901,0.2,0.15,8.302919293454422e-31;8.05229703716791e-16;0.0007068901368688621,9.460718941897371e-24;5.969139228970284e-09,proxy_dimensions,3,,,,,0,162,0.9791780998947215,,,
CLDN7,3,16,FN1;CAV1;CDH1,VHL;TUBA1B;TFRC;IGFBP2;ANXA1;RAB25;CASP7;GAB2;FASN;SQSTM1;ACACA;MAP2K1;PTEN;TP53;CHEK2;EEF2,1,4,4,3,,0.04932636236669901,0.4,0.2,2.2791841686067054e-51;8.796350240585126e-27;1.9571810328343694e-11;0.00011174847961732741,7.566774231203843e-33;9.46894494789332e-13;5.311457521428521e-05,proxy_dimensions,4,,,,,0,163,0.9999306069376588,,,
CDH1,3,23,TFRC;CLDN7;CTNNB1,VHL;TUBA1B;CCNB1;FN1;SERPINE1;SYK;RAB25;CASP7;CCNE1;GAB2;ATM;MSH6;RPS6;TGM2;FOXM1;MSH2;MAPK1;NF2;RBM15;TP53;CHEK2;PEA15;EEF2,1,3,3,3,0.09552585278282878,0.04932636236669901,0.2,0.15,6.53223938113121e-88;6.453165007923189e-32;8.71062228172518e-12;0.0818315302854867,7.294920326026009e-69;2.0933262257224003e-26;1.0696622710228616e-10,reported,3,0.31294033488919526,0.6458989829668591;0.43510175598509904;0.31294033488919526,0.0512127020906419,True,1,163,0.9549392150496631,0.5555335493871337,0.10982799109133735,0.7204077108998387
HSPA1A,3,16,BRAF;COL6A1;CDH2,VHL;TUBA1B;TFRC;IGFBP2;ANXA1;RAB25;CASP7;GAB2;FASN;SQSTM1;ACACA;MAP2K1;PTEN;TP53;CHEK2;EEF2,1,4,4,3,,0.04932636236669901,0.4,0.2,5.189337568966246e-57;3.08537841569998e-17;2.6857817195793937e-11;1.3476175572382973e-05,1.1924235774656409e-45;7.875988084067655e-14;1.3665219014606218e-07,proxy_dimensions,4,,,,,0,163,1.0381823769882155,,,
GAB2,1,58,VHL,MYH11;GAPDH;ESR1;TUBA1B;TFRC;IGFBP2;CLDN7;CCNB1;FN1;CAV1;CDH1;SERPINE1;HSPA1A;SYK;ANXA1;AR;RAB25;CASP7;RICTOR;CCNE1;ATM;INPP4B;FASN;CTNNB1;MSH6;STAT5A;MYC;ASNS;BCL2L11;SQSTM1;EEF2K;ERBB2;PDCD4;RPS6;ACACA;TP53BP1;TGM2;FOXM1;MSH2;MAPK1;DIABLO;BRAF;ERBB3;NF2;RBM15;MAP2K1;PTEN;TP53;ETS1;CHEK2;PEA15;COL6A1;EEF2;PRKCA;CDH2;KIT;PREX1;LCK,1,2,2,1,,0.04932636236669901,0.4,0.2,6.524973450565e-49;2.2293432872225134e-12,2.517255641657227e-30,proxy_dimensions,2,,,,,0,163,1.036298891193085,,,
ASNS,1,23,ERBB2,VHL;TUBA1B;CCNB1;FN1;SERPINE1;SYK;RAB25;CASP7;CCNE1;GAB2;ATM;MSH6;RPS6;TGM2;FOXM1;MSH2;MAPK1;NF2;RBM15;TP53;CHEK2;PEA15;EEF2,1,2,2,1,,0.04932636236669901,0.2,0.15,1.516066244902391e-23;0.0005463378840171122,0.0005601921633943671,proxy_dimensions,2,,,,,0,163,0.9648993203801934,,,
BCL2L11,3,16,CCNE1;PDCD4;PRKCA,VHL;TUBA1B;TFRC;IGFBP2;ANXA1;RAB25;CASP7;GAB2;FASN;SQSTM1;ACACA;MAP2K1;PTEN;TP53;CHEK2;EEF2,1,4,4,3,,0.04932636236669901,0.4,0.2,1.2898564217078904e-46;7.846136366758825e-28;9.754845518344716e-14;7.307817229843077e-07,1.2151813528914236e-38;2.5748981855434535e-20;8.549123036748131e-07,proxy_dimensions,4,,,,,0,163,1.0224772249929654,,,
BRAF,2,23,PTEN;ETS1,VHL;TUBA1B;CCNB1;FN1;SERPINE1;SYK;RAB25;CASP7;CCNE1;GAB2;ATM;MSH6;RPS6;TGM2;FOXM1;MSH2;MAPK1;NF2;RBM15;TP53;CHEK2;PEA15;EEF2,1,3,3,2,,0.04932636236669901,0.2,0.15,1.978579806277956e-52;3.0540001150393675e-12;0.0037671346981771985,1.5141608928587485e-17;0.005257307265138658,proxy_dimensions,3,,,,,0,163,1.0322862262069634,,,
CDH2,2,16,HSPA1A;STAT5A,VHL;TUBA1B;TFRC;IGFBP2;ANXA1;RAB25;CASP7;GAB2;FASN;SQSTM1;ACACA;MAP2K1;PTEN;TP53;CHEK2;EEF2,1,3,3,2,,0.04932636236669901,0.4,0.2,6.5714776447918035e-28;1.5365257621257566e-15;7.44015945526484e-08,4.131032087595435e-19;1.0649490629281785e-09,proxy_dimensions,3,,,,,0,163,1.0421424844055813,,,
CLDN7,1,58,MAP2K1,MYH11;VHL;GAPDH;ESR1;TUBA1B;TFRC;IGFBP2;CCNB1;FN1;CAV1;CDH1;SERPINE1;HSPA1A;SYK;ANXA1;AR;RAB25;CASP7;RICTOR;CCNE1;GAB2;ATM;INPP4B;FASN;CTNNB1;MSH6;STAT5A;MYC;ASNS;BCL2L11;SQSTM1;EEF2K;ERBB2;PDCD4;RPS6;ACACA;TP53BP1;TGM2;FOXM1;MSH2;MAPK1;DIABLO;BRAF;ERBB3;NF2;RBM15;PTEN;TP53;ETS1;CHEK2;PEA15;COL6A1;EEF2;PRKCA;CDH2;KIT;PREX1;LCK,1,2,2,1,,0.04932636236669901,0.2,0.15,5.188435856441124e-60;1.2593495716336057e-20,4.286503064200425e-25,proxy_dimensions,2,,,,,0,164,0.9930571410026153,,,
CDH1,2,17,CTNNB1;CDH2,VHL;GAPDH;TUBA1B;TFRC;CLDN7;RAB25;GAB2;FASN;ASNS;EEF2K;RPS6;ACACA;DIABLO;BRAF;MAP2K1;PTEN;EEF2,1,3,3,2,,0.04932636236669901,0.2,0.15,6.4512310463275635e-59;2.72744679552093e-24;1.3814166570859944e-06,1.0220656288239531e-25;1.5220879595880205e-07,proxy_dimensions,3,,,,,0,164,0.9508993353975962,,,
HSPA1A,3,8,ETS1;COL6A1;KIT,VHL;GAPDH;TFRC;RAB25;GAB2;ATM;ERBB2;MAP2K1,1,3,3,2,0.010184860242054774,0.04932636236669901,0.4,0.2,2.8179207590255706e-17;6.29145950001209e-07;0.00521803157105674;0.48206327449743014,8.478550357339587e-17;8.525902727807196e-06;0.45301011796953405,conditional_information_dimension,3,0.03729803930484357,0.392208051220699;0.25972965819448063;0.03729803930484357,0.018653126829522765,False,0,164,0.9811284672853291,,,
GAB2,0,0,,,1,0,0,0,,0.04932636236669901,0.2,0.15,,,no_shared_direction,0,,,,,0,164,0.9331964591642784,,,
ASNS,1,8,CHEK2,VHL;GAPDH;TFRC;RAB25;GAB2;ATM;ERBB2;MAP2K1,1,2,2,1,,0.04932636236669901,0.4,0.2,2.3928686838022407e-08;0.04482511884847041,9.868954151962898e-08,proxy_dimensions,2,,,,,0,164,1.0369002675574268,,,
BCL2L11,3,17,FN1;ANXA1;PDCD4,VHL;GAPDH;TUBA1B;TFRC;CLDN7;RAB25;GAB2;FASN;ASNS;EEF2K;RPS6;ACACA;DIABLO;BRAF;MAP2K1;PTEN;EEF2,1,4,4,3,,0.04932636236669901,0.2,0.15,7.156067817745357e-46;6.810106340751076e-16;1.0605531920534001e-05;0.0051100552538052325,2.903422734213167e-40;1.100433159576542e-13;0.0006041223291446435,proxy_dimensions,4,,,,,0,164,0.998812605097101,,,
BRAF,2,8,CAV1;ETS1,VHL;GAPDH;TFRC;RAB25;GAB2;ATM;ERBB2;MAP2K1,1,2,2,1,0.024630709814169004,0.04932636236669901,0.4,0.2,5.855256035247539e-19;2.377106927222181e-05;0.05558910371968614,3.139100765816126e-08;0.31802589960895866,conditional_information_dimension,2,0.04955593360192639,0.30530842067413977;0.04955593360192639,0.03798763342976384,False,0,164,0.9257920367976158,,,
CDH2,4,17,CDH1;CCNE1;SQSTM1;CHEK2,VHL;GAPDH;TUBA1B;TFRC;CLDN7;RAB25;GAB2;FASN;ASNS;EEF2K;RPS6;ACACA;DIABLO;BRAF;MAP2K1;PTEN;EEF2,1,5,5,4,,0.04932636236669901,0.2,0.15,1.3048623632395144e-75;3.64554700524648e-32;2.3463893652993633e-18;5.431180251045868e-10;0.0015559453529088395,4.5312991914738424e-70;3.693863077931166e-26;4.3685910961657984e-12;2.0204898440980282e-05,proxy_dimensions,5,,,,,0,164,0.9815133843655602,,,
CLDN7,2,32,TFRC;CDH1,VHL;GAPDH;TUBA1B;CCNB1;FN1;SERPINE1;SYK;ANXA1;CCNE1;ATM;MSH6;STAT5A;ASNS;BCL2L11;SQSTM1;EEF2K;ERBB2;FOXM1;MSH2;MAPK1;DIABLO;NF2;RBM15;MAP2K1;PTEN;TP53;CHEK2;PEA15;EEF2;PRKCA;CDH2;KIT,1,3,3,2,,0.04932636236669901,0.2,0.15,8.528733540313174e-68;3.878984155320684e-23;4.825455515047098e-05,7.627941536050576e-35;2.705573078412063e-16,proxy_dimensions,3,,,,,0,165,1.0151582101778402,,,
CDH1,2,32,CLDN7;CTNNB1,VHL;GAPDH;TUBA1B;CCNB1;FN1;SERPINE1;SYK;ANXA1;CCNE1;ATM;MSH6;STAT5A;ASNS;BCL2L11;SQSTM1;EEF2K;ERBB2;FOXM1;MSH2;MAPK1;DIABLO;NF2;RBM15;MAP2K1;PTEN;TP53;CHEK2;PEA15;EEF2;PRKCA;CDH2;KIT,1,3,3,2,,0.04932636236669901,0.2,0.15,2.483956527777955e-92;2.721237664867632e-41;1.1070331023436153e-05,2.0200279774806387e-56;3.108789123889032e-13,proxy_dimensions,3,,,,,0,165,1.0717594614264385,,,
HSPA1A,3,7,MYC;SQSTM1;COL6A1,VHL;IGFBP2;RAB25;ATM;TP53BP1;PTEN;TP53,1,3,3,3,0.07081610472502851,0.04932636236669901,0.4,0.2,1.667083320560494e-19;3.0728672617423358e-09;9.572553795147754e-05;0.3516767134882518,6.507319927511598e-25;8.992499074179292e-13;1.3208585466606937e-07,reported,3,0.25787605886571663,0.4081340549769739;0.28625879653401404;0.25787605886571663,0.048428118596167316,True,1,165,1.0072377359128502,0.7455103265887961,0.01961463639357242,0.5273404391447924
GAB2,2,32,RAB25;BRAF,VHL;GAPDH;TUBA1B;CCNB1;FN1;SERPINE1;SYK;ANXA1;CCNE1;ATM;MSH6;STAT5A;ASNS;BCL2L11;SQSTM1;EEF2K;ERBB2;FOXM1;MSH2;MAPK1;DIABLO;NF2;RBM15;MAP2K1;PTEN;TP53;CHEK2;PEA15;EEF2;PRKCA;CDH2;KIT,1,3,3,2,,0.04932636236669901,0.2,0.15,1.9385868502095198e-52;4.1062039057027114e-15;6.878163513887931e-06,6.144387604879494e-34;7.063901148145101e-11,proxy_dimensions,3,,,,,0,165,1.0548220680361144,,,
ASNS,2,7,CHEK2;PRKCA,VHL;IGFBP2;RAB25;ATM;TP53BP1;PTEN;TP53,1,3,3,2,,0.04932636236669901,0.4,0.2,6.873085031581315e-19;1.749305068846425e-09;0.0007748321996248533,3.8654447712785906e-16;5.9588207737429736e-08,proxy_dimensions,3,,,,,0,165,0.9273970308801324,,,
BCL2L11,2,53,CCNE1;PRKCA,MYH11;VHL;GAPDH;ESR1;TUBA1B;TFRC;IGFBP2;CLDN7;FN1;CAV1;CDH1;SERPINE1;HSPA1A;SYK;ANXA1;AR;RAB25;CASP7;RICTOR;GAB2;ATM;INPP4B;FASN;CTNNB1;MSH6;STAT5A;MYC;ASNS;SQSTM1;ERBB2;PDCD4;RPS6;ACACA;TP53BP1;TGM2;MSH2;MAPK1;DIABLO;BRAF;ERBB3;NF2;RBM15;MAP2K1;PTEN;TP53;ETS1;PEA15;COL6A1;EEF2;CDH2;KIT;PREX1;LCK,1,3,3,2,,0.04932636236669901,0.2,0.15,7.170364332908655e-104;9.307612653994596e-47;5.3167356231916105e-14,2.024616129076409e-82;9.64827912909673e-25,proxy_dimensions,3,,,,,0,165,0.9727375460942023,,,
BRAF,3,7,GAB2;EEF2K;ETS1,VHL;IGFBP2;RAB25;ATM;TP53BP1;PTEN;TP53,1,3,3,3,0.052451822724217716,0.04932636236669901,0.4,0.2,5.433530116181737e-20;7.714574025097308e-06;0.04746783432717919;0.1329387238386074,7.482883908613159e-13;1.1041626171812926e-05;0.0029760877717001986,reported,3,0.14687988824682519,0.3357560086720474;0.2166113962542997;0.14687988824682519,0.03747974468868638,True,1,165,0.9504065046035614,-3.765085411702239,-0.07018810031286722,0.5087251289211332
CDH2,2,57,STAT5A;SQSTM1,MYH11;VHL;GAPDH;ESR1;TUBA1B;TFRC;IGFBP2;CLDN7;CCNB1;FN1;CAV1;CDH1;SERPINE1;HSPA1A;SYK;ANXA1;AR;RAB25;CASP7;RICTOR;CCNE1;GAB2;ATM;INPP4B;FASN;CTNNB1;MSH6;MYC;ASNS;BCL2L11;EEF2K;ERBB2;PDCD4;RPS6;ACACA;TP53BP1;TGM2;FOXM1;MSH2;MAPK1;DIABLO;BRAF;ERBB3;NF2;RBM15;MAP2K1;PTEN;TP53;ETS1;CHEK2;PEA15;COL6A1;EEF2;PRKCA;KIT;PREX1;LCK,1,3,3,2,,0.04932636236669901,0.2,0.15,3.798219411467347e-117;1.7335412336703043e-54;1.048041405638649e-20,4.389686184682496e-82;4.010459112747338e-36,proxy_dimensions,3,,,,,0,165,0.9298249766070487,,,
CLDN7,4,5,CDH1;RAB25;MAP2K1;PRKCA,VHL;TFRC;GAB2;PDCD4;DIABLO,1,4,4,4,0.020178223939158618,0.04932636236669901,0.4,0.15,2.903633429426283e-41;4.275319218506221e-18;2.714383773952575e-07;0.014319360770887858;0.5339946682807859,4.040186140499805e-30;3.3749746952439017e-18;3.2055082078323406e-06;0.04790495682957009,reported,4,0.09824231906922033,0.4199564895257735;0.40528142827085606;0.25435945291289364;0.09824231906922033,0.018916021856825692,True,1,166,1.0089400863157292,0.6742862962234966,-0.01997733486458648,0.5957637978109918
CDH1,4,15,FN1;CTNNB1;STAT5A;CDH2,VHL;GAPDH;ESR1;TFRC;RAB25;GAB2;ERBB2;PDCD4;RPS6;MAPK1;DIABLO;NF2;TP53;PEA15;EEF2,1,5,5,4,,0.04932636236669901,0.4,0.2,3.629094663026619e-95;9.013020239282653e-51;1.251349249863254e-22;8.66105764221455e-09;0.0002939708055066497,8.2639835698131e-67;1.70615203205844e-31;1.2468061362733322e-17;1.3356385381733216e-06,proxy_dimensions,5,,,,,0,166,0.965198957486392,,,
HSPA1A,3,15,SQSTM1;COL6A1;CDH2,VHL;GAPDH;ESR1;TFRC;RAB25;GAB2;ERBB2;PDCD4;RPS6;MAPK1;DIABLO;NF2;TP53;PEA15;EEF2,1,4,4,3,,0.04932636236669901,0.4,0.2,3.943220476808596e-50;1.1559255391089936e-23;4.427530697627353e-10;0.0003396297933480575,6.893155344655642e-45;2.0233888564394186e-22;3.907660759966768e-08,proxy_dimensions,4,,,,,0,166,1.0214096183831418,,,
GAB2,1,33,BRAF,VHL;GAPDH;TUBA1B;TFRC;IGFBP2;FN1;CDH1;SERPINE1;RAB25;CASP7;ATM;CTNNB1;MSH6;ASNS;SQSTM1;EEF2K;ERBB2;RPS6;TP53BP1;TGM2;MSH2;MAPK1;DIABLO;NF2;RBM15;PTEN;TP53;CHEK2;PEA15;EEF2;KIT;PREX1;LCK,1,2,2,1,,0.04932636236669901,0.2,0.15,7.072460949070599e-55;1.2225767034899018e-19,2.991685965756222e-35,proxy_dimensions,2,,,,,0,166,1.0076960849804837,,,
ASNS,5,5,SQSTM1;ACACA;TP53;CHEK2;PRKCA,VHL;TFRC;GAB2;PDCD4;DIABLO,1,3,3,3,0.034445635509272245,0.04932636236669901,0.4,0.15,5.614261457726778e-23;1.2362526490979682e-12;0.008056901429606873;0.07946227403206522;0.5880025197431108,6.223023405155376e-26;3.172257454388332e-14;0.008359539441317449,reported,3,0.16928440143681175,0.4169209746489955;0.3969895592620432;0.16928440143681175,0.030148637769688763,True,1,166,1.0551161611664586,0.573092393161287,0.07192909997605215,0.6278488041576763
BCL2L11,3,15,ANXA1;CCNE1;PRKCA,VHL;GAPDH;ESR1;TFRC;RAB25;GAB2;ERBB2;PDCD4;RPS6;MAPK1;DIABLO;NF2;TP53;PEA15;EEF2,1,4,4,3,,0.04932636236669901,0.4,0.2,1.3652333388732708e-38;9.789112933334413e-21;4.9568937960309504e-06;0.025075334202521952,5.303433248675137e-25;9.740969524809264e-09;0.001794159989390396,proxy_dimensions,4,,,,,0,166,1.002061192137492,,,
BRAF,2,33,GAB2;ETS1,VHL;GAPDH;TUBA1B;TFRC;IGFBP2;FN1;CDH1;SERPINE1;RAB25;CASP7;ATM;CTNNB1;MSH6;ASNS;SQSTM1;EEF2K;ERBB2;RPS6;TP53BP1;TGM2;MSH2;MAPK1;DIABLO;NF2;RBM15;PTEN;TP53;CHEK2;PEA15;EEF2;KIT;PREX1;LCK,1,3,3,2,,0.04932636236669901,0.2,0.15,3.33922945365652e-79;2.76454913924246e-37;2.350188783317179e-14,6.562984417166978e-44;1.3139829341843602e-14,proxy_dimensions,3,,,,,0,166,1.001351201316016,,,
CDH2,4,15,CDH1;HSPA1A;STAT5A;SQSTM1,VHL;GAPDH;ESR1;TFRC;RAB25;GAB2;ERBB2;PDCD4;RPS6;MAPK1;DIABLO;NF2;TP53;PEA15;EEF2,1,5,5,4,,0.04932636236669901,0.4,0.2,6.155755720599986e-77;3.889691185502201e-41;2.81119180528818e-20;3.153740215229122e-10;3.637551931858877e-06,3.661514569546559e-65;5.750657570465178e-29;5.23645802212548e-11;5.840698581520932e-06,proxy_dimensions,5,,,,,0,166,1.05973191729254,,,
CLDN7,2,21,CDH1;PRKCA,VHL;GAPDH;TUBA1B;TFRC;FN1;SERPINE1;SYK;ANXA1;CCNE1;ATM;ASNS;BCL2L11;PDCD4;TP53BP1;TGM2;MAPK1;DIABLO;RBM15;PTEN;CHEK2;PEA15,2,3,3,2,,0.04932636236669901,0.2,0.15,1.5771254655999721e-58;2.836557304089269e-28;6.415867869787448e-08,8.487335807796691e-42;6.826769454686267e-17,proxy_dimensions,3,,,,,0,167,1.017312591171882,,,
CDH1,3,21,CLDN7;CTNNB1;CDH2,VHL;GAPDH;TUBA1B;TFRC;FN1;SERPINE1;SYK;ANXA1;CCNE1;ATM;ASNS;BCL2L11;PDCD4;TP53BP1;TGM2;MAPK1;DIABLO;RBM15;PTEN;CHEK2;PEA15,2,4,4,3,,0.04932636236669901,0.2,0.15,1.515293922811937e-84;1.833277440581453e-34;5.034998597257069e-14;5.888880704995156e-07,3.02390888503834e-58;1.8113068327080343e-14;1.0067799405059917e-07,proxy_dimensions,4,,,,,0,167,0.9509204510259024,,,
HSPA1A,1,21,COL6A1,VHL;GAPDH;TUBA1B;TFRC;FN1;SERPINE1;SYK;ANXA1;CCNE1;ATM;ASNS;BCL2L11;PDCD4;TP53BP1;TGM2;MAPK1;DIABLO;RBM15;PTEN;CHEK2;PEA15,2,2,2,1,,0.04932636236669901,0.2,0.15,3.820812303425559e-24;0.0006425550472855377,9.394216430113088e-18,proxy_dimensions,2,,,,,0,167,1.0027039085279508,,,
GAB2,2,21,RAB25;KIT,VHL;GAPDH;TUBA1B;TFRC;FN1;SERPINE1;SYK;ANXA1;CCNE1;ATM;ASNS;BCL2L11;PDCD4;TP53BP1;TGM2;MAPK1;DIABLO;RBM15;PTEN;CHEK2;PEA15,2,3,3,2,,0.04932636236669901,0.2,0.15,4.6401239403545165e-28;1.0284027176919243e-10;0.0006284242756291415,1.575939047530913e-13;0.0008602334408155723,proxy_dimensions,3,,,,,0,167,1.0522419702163883,,,
ASNS,1,7,CHEK2,VHL;GAPDH;TUBA1B;TFRC;SYK;MAPK1;NF2,2,2,2,1,,0.04932636236669901,0.4,0.2,5.7917812329237635e-18;0.006035040090642076,9.43456628714869e-16,proxy_dimensions,2,,,,,0,167,1.010644197361429,,,
BCL2L11,2,7,CCNE1;PDCD4,VHL;GAPDH;TUBA1B;TFRC;SYK;MAPK1;NF2,2,2,2,2,0.13243309191394328,0.04932636236669901,0.4,0.2,4.732520911444121e-12;6.822795414558895e-06;0.18076758783720148,2.937260307807975e-13;6.279983724758074e-08,reported,2,0.2639136910534646,0.289336137409349;0.2639136910534646,0.06899233299347907,True,1,167,1.0350892330429362,-0.9056136370794958,-0.04778004960046136,0.5268118857928722
BRAF,3,7,RICTOR;EEF2K;ETS1,VHL;GAPDH;TUBA1B;TFRC;SYK;MAPK1;NF2,2,3,3,3,0.06197604839630557,0.04932636236669901,0.4,0.2,7.841825620818677e-33;1.0682650152580418e-18;1.7170702886668745e-08;0.08141369927890714,1.2887529588352803e-23;7.640421513000319e-13;0.0002765103943823241,reported,3,0.17933655233230458,0.3908845665339188;0.33948808615532;0.17933655233230458,0.052338153447123795,True,1,167,0.986947519313375,2.5546576410762762,0.15653082073587923,0.4811906335848101
CDH2,2,21,CDH1;STAT5A,VHL;GAPDH;TUBA1B;TFRC;FN1;SERPINE1;SYK;ANXA1;CCNE1;ATM;ASNS;BCL2L11;PDCD4;TP53BP1;TGM2;MAPK1;DIABLO;RBM15;PTEN;CHEK2;PEA15,2,3,3,2,,0.04932636236669901,0.2,0.15,1.4327511842857728e-56;2.421604985202492e-26;2.180907983688123e-08,8.823306515908092e-52;9.837751561260592e-21,proxy_dimensions,3,,,,,0,167,1.0195257435596938,,,
CLDN7,2,11,MAPK1;MAP2K1,GAPDH;TUBA1B;TFRC;HSPA1A;SYK;BCL2L11;EEF2K;PDCD4;DIABLO;TP53;CHEK2,1,3,3,2,,0.04932636236669901,0.2,0.15,6.89157521638256e-48;4.048431864050117e-19;0.002323534741939348,6.544788108073109e-29;6.800418098942689e-12,proxy_dimensions,3,,,,,0,168,0.8994293827530073,,,
CDH1,2,11,FN1;CTNNB1,VHL;GAPDH;TUBA1B;TFRC;IGFBP2;GAB2;MAPK1;NF2;MAP2K1;PTEN;TP53,1,3,3,2,,0.04932636236669901,0.4,0.2,1.0980791795098504e-41;1.3783065554882383e-20;0.0020606271017163664,3.71816186562592e-25;3.3194159931676266e-07,proxy_dimensions,3,,,,,0,168,0.8884031286053559,,,
HSPA1A,2,11,MYC;COL6A1,VHL;GAPDH;TUBA1B;TFRC;IGFBP2;GAB2;MAPK1;NF2;MAP2K1;PTEN;TP53,1,3,3,2,,0.04932636236669901,0.4,0.2,3.0854830718902833e-25;4.158512676287738e-12;6.808703784431354e-06,3.208992985069022e-17;1.084478335640407e-05,proxy_dimensions,3,,,,,0,168,1.0192797791615886,,,
GAB2,1,11,VHL,GAPDH;TUBA1B;TFRC;HSPA1A;SYK;BCL2L11;EEF2K;PDCD4;DIABLO;TP53;CHEK2,1,2,2,1,,0.04932636236669901,0.2,0.15,6.644899614558316e-11;0.007966354499983742,4.311754230203193e-08,proxy_dimensions,2,,,,,0,168,0.9886421107488976,,,
ASNS,3,55,FASN;ACACA;PRKCA,MYH11;VHL;GAPDH;ESR1;TUBA1B;TFRC;IGFBP2;CLDN7;CCNB1;FN1;CAV1;CDH1;SERPINE1;HSPA1A;SYK;ANXA1;AR;RAB25;CASP7;RICTOR;CCNE1;GAB2;ATM;INPP4B;CTNNB1;MSH6;STAT5A;MYC;BCL2L11;SQSTM1;EEF2K;ERBB2;PDCD4;RPS6;TP53BP1;TGM2;FOXM1;MSH2;MAPK1;DIABLO;BRAF;ERBB3;NF2;RBM15;MAP2K1;PTEN;TP53;ETS1;CHEK2;PEA15;COL6A1;EEF2;CDH2;PREX1;LCK,1,4,4,3,,0.04932636236669901,0.4,0.25,1.4669785982671126e-103;1.5530784474984556e-56;1.4148340147556106e-26;3.419196430097441e-10,2.575677941872954e-74;5.442374198106292e-28;1.7100994185790797e-10,proxy_dimensions,4,,,,,0,168,1.0137336479408572,,,
BCL2L11,1,11,ANXA1,VHL;GAPDH;TUBA1B;TFRC;IGFBP2;GAB2;MAPK1;NF2;MAP2K1;PTEN;TP53,1,2,2,1,,0.04932636236669901,0.4,0.2,1.151535007483958e-12;0.00013334161368123087,5.901120946458004e-10,proxy_dimensions,2,,,,,0,168,0.9818558878868298,,,
BRAF,2,11,TP53BP1;ETS1,GAPDH;TUBA1B;TFRC;HSPA1A;SYK;BCL2L11;EEF2K;PDCD4;DIABLO;TP53;CHEK2,1,3,3,2,,0.04932636236669901,0.2,0.15,3.5773916649988645e-47;8.945425701991715e-08;0.013409063419343649,2.8412665535365767e-26;2.1088718889716496e-06,proxy_dimensions,3,,,,,0,168,0.9279905679989855,,,
CDH2,3,11,CCNE1;STAT5A;SQSTM1,VHL;GAPDH;TUBA1B;TFRC;IGFBP2;GAB2;MAPK1;NF2;MAP2K1;PTEN;TP53,1,3,3,3,0.03943179418995766,0.04932636236669901,0.4,0.2,8.947330428353198e-17;2.5177798506875175e-07;0.04624499726962601;0.2792353591991278,3.219210162631902e-25;4.4826474161565775e-13;0.0017886092117453695,reported,3,0.15436027337602642,0.40824964472121994;0.3538200985782243;0.15436027337602642,0.02865988294035821,True,1,168,0.9938656056880704,4.181068636773067,0.1829299911979768,0.5696271683932961
CLDN7,2,52,CDH1;PEA15,MYH11;VHL;GAPDH;ESR1;TUBA1B;TFRC;IGFBP2;CCNB1;FN1;CAV1;SERPINE1;HSPA1A;SYK;ANXA1;AR;RAB25;CASP7;RICTOR;CCNE1;GAB2;ATM;INPP4B;FASN;MSH6;STAT5A;MYC;ASNS;BCL2L11;EEF2K;ERBB2;PDCD4;RPS6;ACACA;TP53BP1;TGM2;FOXM1;MSH2;DIABLO;BRAF;ERBB3;RBM15;MAP2K1;PTEN;TP53;ETS1;CHEK2;COL6A1;EEF2;PRKCA;KIT;PREX1;LCK,1,3,3,2,,0.04932636236669901,0.2,0.15,2.4218630094483202e-87;1.2628543920218039e-46;4.359892711050027e-12,2.9796134997756643e-56;1.3552588603561725e-20,proxy_dimensions,3,,,,,0,169,0.972054560693402,,,
CDH1,3,3,CLDN7;CTNNB1;PRKCA,TFRC;PTEN;TP53,1,3,3,2,0.026842693606100334,0.04932636236669901,0.4,0.15,5.74704940028062e-23;0.0003804997803304686;0.011852624413377661,6.398330429985209e-16;0.0013737681335443685;0.06758669753160676,conditional_information_dimension,3,0.09069055634976184,0.4095299318306184;0.18714475589600674;0.09069055634976184,0.02684269360610034,False,0,169,0.9378218153656137,,,
HSPA1A,2,11,COL6A1;CDH2,VHL;GAPDH;TFRC;IGFBP2;RAB25;MAPK1;NF2;MAP2K1;PTEN;TP53;PEA15,1,3,3,2,,0.04932636236669901,0.4,0.2,1.3333090237646032e-08;0.0006475239620465618;0.019315225784426817,4.6584851816106886e-08;0.0027576215683725353,proxy_dimensions,3,,,,,0,169,1.0107386631251456,,,
GAB2,1,11,BRAF,VHL;GAPDH;TFRC;IGFBP2;RAB25;MAPK1;NF2;MAP2K1;PTEN;TP53;PEA15,1,2,2,1,,0.04932636236669901,0.4,0.2,5.868128255494105e-21;0.012421302044494108,8.63433174852218e-05,proxy_dimensions,2,,,,,0,169,1.020698043915074,,,
ASNS,3,29,ACACA;TGM2;CHEK2,VHL;GAPDH;TFRC;IGFBP2;CLDN7;CDH1;ANXA1;RAB25;GAB2;ATM;FASN;CTNNB1;STAT5A;BCL2L11;SQSTM1;EEF2K;ERBB2;PDCD4;TP53BP1;MAPK1;DIABLO;BRAF;NF2;MAP2K1;TP53;ETS1;PEA15;CDH2;KIT,1,4,4,3,,0.04932636236669901,0.2,0.15,1.0785024051412747e-88;1.857518963490621e-47;2.8413835872496084e-23;3.5441490348426425e-09,2.202542429130137e-69;3.113387754774212e-41;1.6592372884099302e-16,proxy_dimensions,4,,,,,0,169,1.095412486350338,,,
BCL2L11,3,11,FN1;CCNE1;PRKCA,VHL;GAPDH;TFRC;IGFBP2;RAB25;MAPK1;NF2;MAP2K1;PTEN;TP53;PEA15,1,3,3,3,0.028882958729950847,0.04932636236669901,0.4,0.2,2.556219978928537e-24;4.591141894606077e-09;0.0007163805968496491;0.15856140978828293,5.556968611502246e-30;2.601285479257086e-11;0.03558658966007989,reported,3,0.10421025128981921,0.47843650281494415;0.34431509433555996;0.10421025128981921,0.028460326804282045,True,1,169,1.0008041429930479,-1.3967937182524197,-0.01819264801604448,0.5011496895683117
BRAF,2,11,GAB2;ETS1,VHL;GAPDH;TFRC;IGFBP2;RAB25;MAPK1;NF2;MAP2K1;PTEN;TP53;PEA15,1,2,2,2,0.1257844074225847,0.04932636236669901,0.4,0.2,3.4429552814222276e-23;2.4726691092667644e-05;0.05327258195969082,4.2969055788703435e-20;1.4450740680706893e-07,reported,2,0.2567901752069978,0.396429413356791;0.2567901752069978,0.06987790263672482,True,2,169,0.9645627667328244,1.5834752092978863,0.03400247627290785,0.5152809404327807
CDH2,2,52,CTNNB1;SQSTM1,MYH11;VHL;GAPDH;ESR1;TUBA1B;TFRC;IGFBP2;CCNB1;FN1;CAV1;SERPINE1;HSPA1A;SYK;ANXA1;AR;RAB25;CASP7;RICTOR;CCNE1;GAB2;ATM;INPP4B;FASN;MSH6;STAT5A;MYC;ASNS;BCL2L11;EEF2K;ERBB2;PDCD4;RPS6;ACACA;TP53BP1;TGM2;FOXM1;MSH2;DIABLO;BRAF;ERBB3;RBM15;MAP2K1;PTEN;TP53;ETS1;CHEK2;COL6A1;EEF2;PRKCA;KIT;PREX1;LCK,1,3,3,2,,0.04932636236669901,0.2,0.15,2.2968088271400485e-109;2.4851580526207574e-53;1.2176396107702677e-13,1.1816073263336784e-84;2.568340482143531e-32,proxy_dimensions,3,,,,,0,169,0.9214913087332682,,,
CLDN7,3,19,TFRC;CDH1;MAP2K1,VHL;GAPDH;TUBA1B;IGFBP2;ANXA1;RAB25;CCNE1;GAB2;BCL2L11;RPS6;TGM2;MAPK1;DIABLO;NF2;PTEN;TP53;PEA15;EEF2;KIT,1,4,4,3,,0.04932636236669901,0.2,0.15,1.548234487517096e-49;7.252814931508764e-25;4.5242690043811845e-13;1.3984567745336641e-05,3.457127872716249e-26;6.8613370453413e-14;5.987552658548648e-06,proxy_dimensions,4,,,,,0,170,1.0077225057270651,,,
CDH1,2,19,CLDN7;CTNNB1,VHL;GAPDH;TUBA1B;IGFBP2;ANXA1;RAB25;CCNE1;GAB2;BCL2L11;RPS6;TGM2;MAPK1;DIABLO;NF2;PTEN;TP53;PEA15;EEF2;KIT,1,3,3,2,,0.04932636236669901,0.2,0.15,4.174204676145962e-57;1.3715646705906869e-27;8.944927469630608e-09,2.2325921282125767e-42;4.0056746421300935e-15,proxy_dimensions,3,,,,,0,170,1.012624073401821,,,
HSPA1A,1,55,COL6A1,VHL;GAPDH;ESR1;TUBA1B;TFRC;IGFBP2;CLDN7;CCNB1;FN1;CDH1;SERPINE1;SYK;ANXA1;AR;RAB25;CASP7;CCNE1;GAB2;ATM;INPP4B;FASN;CTNNB1;MSH6;STAT5A;MYC;ASNS;BCL2L11;SQSTM1;EEF2K;ERBB2;PDCD4;RPS6;ACACA;TP53BP1;TGM2;FOXM1;MSH2;MAPK1;DIABLO;BRAF;ERBB3;NF2;RBM15;MAP2K1;PTEN;TP53;ETS1;CHEK2;PEA15;EEF2;PRKCA;CDH2;KIT;PREX1;LCK,1,2,2,1,,0.04932636236669901,0.2,0.2,1.0524944999059214e-53;3.832156437849595e-09,4.4443670952375974e-30,proxy_dimensions,2,,,,,0,170,0.9547611439273305,,,
GAB2,1,58,VHL,MYH11;GAPDH;ESR1;TUBA1B;TFRC;IGFBP2;CLDN7;CCNB1;FN1;CAV1;CDH1;SERPINE1;HSPA1A;SYK;ANXA1;AR;RAB25;CASP7;RICTOR;CCNE1;ATM;INPP4B;FASN;CTNNB1;MSH6;STAT5A;MYC;ASNS;BCL2L11;SQSTM1;EEF2K;ERBB2;PDCD4;RPS6;ACACA;TP53BP1;TGM2;FOXM1;MSH2;MAPK1;DIABLO;BRAF;ERBB3;NF2;RBM15;MAP2K1;PTEN;TP53;ETS1;CHEK2;PEA15;COL6A1;EEF2;PRKCA;CDH2;KIT;PREX1;LCK,1,2,2,1,,0.04932636236669901,0.4,0.2,3.4558719884921086e-38;1.531792744131563e-10,1.1093018877559063e-19,proxy_dimensions,2,,,,,0,170,0.9672388472361293,,,
ASNS,2,19,ACACA;PRKCA,VHL;GAPDH;TUBA1B;IGFBP2;ANXA1;RAB25;CCNE1;GAB2;BCL2L11;RPS6;TGM2;MAPK1;DIABLO;NF2;PTEN;TP53;PEA15;EEF2;KIT,1,3,3,2,,0.04932636236669901,0.2,0.15,6.75275232743959e-35;4.180415944684487e-14;5.039497212403838e-06,5.250392216108819e-29;1.4978508268712863e-07,proxy_dimensions,3,,,,,0,170,1.0199474332396117,,,
BCL2L11,3,16,ANXA1;CCNE1;PRKCA,VHL;GAPDH;TUBA1B;TFRC;IGFBP2;RAB25;GAB2;ATM;ERBB2;RPS6;MAPK1;DIABLO;NF2;PTEN;TP53;EEF2,1,3,3,3,0.06341491588199252,0.04932636236669901,0.4,0.2,1.9432021580005926e-28;2.0899969282900657e-15;7.360901174638753e-06;0.23088356107469896,1.19122576223683e-40;5.168579576810508e-22;9.613186086691498e-07,reported,3,0.24003362047497087,0.4794238413379229;0.428366494657965;0.24003362047497087,0.0386275980208471,True,1,170,0.9603497564883368,-0.1897321911976808,-0.011908725336551606,0.6446867013961555
BRAF,2,19,CAV1;EEF2K,VHL;GAPDH;TUBA1B;IGFBP2;ANXA1;RAB25;CCNE1;GAB2;BCL2L11;RPS6;TGM2;MAPK1;DIABLO;NF2;PTEN;TP53;PEA15;EEF2;KIT,1,3,3,2,,0.04932636236669901,0.2,0.15,5.613090825187337e-44;5.069799482027849e-19;4.793307121377554e-07,2.5152807258272804e-20;2.2960652780999405e-07,proxy_dimensions,3,,,,,0,170,0.9558565506266818,,,
CDH2,3,19,CTNNB1;STAT5A;PDCD4,VHL;GAPDH;TUBA1B;IGFBP2;ANXA1;RAB25;CCNE1;GAB2;BCL2L11;RPS6;TGM2;MAPK1;DIABLO;NF2;PTEN;TP53;PEA15;EEF2;KIT,1,4,4,3,,0.04932636236669901,0.2,0.15,6.072001170439129e-56;1.0400927023254224e-27;1.0450926743360116e-07;0.001865283154913592,3.305135116553396e-39;1.997231888191515e-11;8.425367286984992e-05,proxy_dimensions,4,,,,,0,170,0.9707763784100687,,,
CLDN7,3,48,CDH1;MAP2K1;PRKCA,MYH11;VHL;GAPDH;ESR1;TUBA1B;TFRC;IGFBP2;CCNB1;FN1;CAV1;SERPINE1;HSPA1A;SYK;ANXA1;AR;RAB25;CASP7;RICTOR;CCNE1;GAB2;ATM;INPP4B;FASN;MSH6;STAT5A;MYC;SQSTM1;EEF2K;ERBB2;PDCD4;RPS6;ACACA;TP53BP1;TGM2;FOXM1;MSH2;MAPK1;DIABLO;ERBB3;NF2;TP53;PEA15;COL6A1;EEF2;CDH2;KIT;PREX1;LCK,1,4,4,3,,0.04932636236669901,0.2,0.15,2.337398816788801e-123;1.4217286483326658e-78;9.548791310382442e-35;1.3003927553344746e-10,4.0401619252714175e-91;3.5891063835872735e-47;6.352385962391703e-23,proxy_dimensions,4,,,,,0,171,0.9886969185528711,,,
CDH1,2,48,CLDN7;CTNNB1,MYH11;VHL;GAPDH;ESR1;TUBA1B;TFRC;IGFBP2;CCNB1;FN1;CAV1;SERPINE1;HSPA1A;SYK;ANXA1;AR;RAB25;CASP7;RICTOR;CCNE1;GAB2;ATM;INPP4B;FASN;MSH6;STAT5A;MYC;SQSTM1;EEF2K;ERBB2;PDCD4;RPS6;ACACA;TP53BP1;TGM2;FOXM1;MSH2;MAPK1;DIABLO;ERBB3;NF2;TP53;PEA15;COL6A1;EEF2;CDH2;KIT;PREX1;LCK,1,3,3,2,,0.04932636236669901,0.2,0.15,1.772816627296392e-96;2.715205678732576e-51;2.496251683508374e-10,1.669249246777644e-57;3.399115178093478e-16,proxy_dimensions,3,,,,,0,171,0.9295833271319469,,,
HSPA1A,3,4,TFRC;COL6A1;CDH2,GAPDH;BRAF;PTEN;TP53,1,3,3,2,0.02064038520976267,0.04932636236669901,0.4,0.15,8.751118970763915e-32;3.445727816108452e-17;0.0035036767462407617;0.5530704392743129,3.748182456043643e-27;9.188028253484647e-13;0.2522067490175094,conditional_information_dimension,3,0.056884850675609826,0.4344021376434823;0.3743238154062788;0.056884850675609826,0.019911519958345107,False,0,171,1.0524883582841118,,,
GAB2,1,4,VHL,GAPDH;BRAF;PTEN;TP53,1,2,2,1,,0.04932636236669901,0.4,0.15,3.64391549721165e-13;0.03429823089418836,0.004194611310580863,proxy_dimensions,2,,,,,0,171,1.0013228904049294,,,
ASNS,4,4,CCNB1;SQSTM1;TP53BP1;CHEK2,GAPDH;BRAF;PTEN;TP53,1,4,4,2,0.00841627332798598,0.04932636236669901,0.4,0.15,2.000195797594466e-45;8.355213743007992e-13;0.0007456472203460763;0.034381295916675374,8.874215383175239e-38;2.5539222614393243e-11;0.07500902702866098;0.43230805890503654,conditional_information_dimension,4,0.039076826258330574,0.558165158788514;0.372739649388443;0.13906160990547098;0.039076826258330574,0.008416273327985977,False,0,171,0.9496833252284145,,,
BCL2L11,4,4,CCNE1;TGM2;PEA15;PRKCA,GAPDH;BRAF;PTEN;TP53,1,4,4,3,0.022482061849661273,0.04932636236669901,0.4,0.15,6.529015567561316e-27;4.195516167780335e-12;0.00022569904547274126;0.017954330523630185,4.460081094427582e-19;1.4227914912477655e-06;0.027273038906813554;0.09454193769275529,conditional_information_dimension,4,0.08308824404130792,0.428068909614347;0.28040770094147416;0.1413409083748736;0.08308824404130792,0.02248206184966127,False,0,171,1.0184918261270675,,,
BRAF,1,48,ETS1,MYH11;VHL;GAPDH;ESR1;TUBA1B;TFRC;IGFBP2;CCNB1;FN1;CAV1;SERPINE1;HSPA1A;SYK;ANXA1;AR;RAB25;CASP7;RICTOR;CCNE1;GAB2;ATM;INPP4B;FASN;MSH6;STAT5A;MYC;SQSTM1;EEF2K;ERBB2;PDCD4;RPS6;ACACA;TP53BP1;TGM2;FOXM1;MSH2;MAPK1;DIABLO;ERBB3;NF2;TP53;PEA15;COL6A1;EEF2;CDH2;KIT;PREX1;LCK,1,2,2,1,,0.04932636236669901,0.2,0.15,1.1396005567852152e-94;1.0026243898848497e-30,2.539886614082283e-43,proxy_dimensions,2,,,,,0,171,0.9634436304545622,,,
CDH2,3,43,CCNE1;STAT5A;PEA15,MYH11;VHL;GAPDH;ESR1;TUBA1B;TFRC;IGFBP2;CLDN7;FN1;CAV1;CDH1;SERPINE1;HSPA1A;SYK;RAB25;CASP7;RICTOR;GAB2;ATM;FASN;CTNNB1;ASNS;BCL2L11;SQSTM1;EEF2K;ERBB2;RPS6;ACACA;TP53BP1;DIABLO;BRAF;RBM15;MAP2K1;PTEN;TP53;ETS1;CHEK2;COL6A1;EEF2;PRKCA;KIT;PREX1;LCK,1,4,4,3,,0.04932636236669901,0.2,0.15,2.5295065010413053e-128;2.8194151737390095e-78;2.6851185174361932e-43;9.698785750343167e-18,9.354294981182784e-101;1.158581628592385e-56;3.107308563358094e-28,proxy_dimensions,4,,,,,0,171,1.0257900737194448,,,
CLDN7,2,7,DIABLO;PRKCA,GAPDH;ANXA1;STAT5A;ASNS;MAP2K1;PTEN;TP53,1,3,3,2,,0.04932636236669901,0.4,0.2,7.620980655260317e-47;1.234566321641456e-26;1.2705933655635041e-11,5.694102697978099e-30;2.908664937303304e-12,proxy_dimensions,3,,,,,0,172,0.9958135363249583,,,
CDH1,2,3,CTNNB1;CDH2,ASNS;PTEN;TP53,1,3,3,1,,0.04932636236669901,0.4,0.15,1.0274598754862561e-11;0.0009329437997940604;0.024283245500214958,1.1513514945217603e-06;0.07473918222142611,proxy_dimensions,3,,,,,0,172,1.0109821063185034,,,
HSPA1A,3,7,SQSTM1;COL6A1;KIT,GAPDH;ANXA1;STAT5A;ASNS;MAP2K1;PTEN;TP53,1,3,3,3,0.04704121611244466,0.04932636236669901,0.4,0.2,1.1982746311632668e-22;1.3217096940006047e-05;0.025093543370125603;0.06664351656414307,7.960875577768509e-25;4.505041010628938e-08;0.001688840596933473,reported,3,0.15518309663797636,0.45917733789940457;0.2676004426337253;0.15518309663797636,0.033069852737023515,True,1,172,1.020381685165463,1.630205022355638,0.07218285789887825,0.5996846606643315
GAB2,2,7,VHL;BRAF,GAPDH;ANXA1;STAT5A;ASNS;MAP2K1;PTEN;TP53,1,2,2,2,0.1447311715086544,0.04932636236669901,0.4,0.2,1.6379305113838737e-21;2.875749643788935e-07;0.4965332630561241,1.5926256202156826e-20;4.4566935877341333e-10,reported,2,0.30245212162674506,0.3711925605875005;0.30245212162674506,0.07910828229845437,True,1,172,1.0101019750074454,1.745682879845775,0.07507703661858177,0.4705978917015685
ASNS,0,0,,,1,0,0,0,,0.04932636236669901,0.2,0.15,,,no_shared_direction,0,,,,,0,172,1.0178147650400857,,,
BCL2L11,4,3,CCNE1;PDCD4;RBM15;PEA15,ASNS;PTEN;TP53,1,2,2,2,0.07272578803545396,0.04932636236669901,0.4,0.15,5.158024441615618e-18;3.07481631661381e-07;0.06982421611228334,8.194597570351444e-16;0.0002817968248842882,reported,2,0.21385874232877997,0.3982426607290546;0.21385874232877997,0.05958545783313916,True,1,172,1.0261503294483676,-1.5951305286454462,-0.06607696388352681,0.6395068621304184
BRAF,3,23,CAV1;EEF2K;ETS1,VHL;IGFBP2;CLDN7;SYK;RAB25;GAB2;ATM;FASN;STAT5A;ASNS;BCL2L11;ERBB2;PDCD4;RPS6;ACACA;TP53BP1;RBM15;MAP2K1;PTEN;TP53;PEA15;CDH2;KIT,1,4,4,3,,0.04932636236669901,0.2,0.15,1.2912377421744749e-79;2.39144269655406e-41;3.803152371784782e-16;3.4780844887414734e-07,4.566207838594452e-47;4.7695523218313855e-18;6.201631485821788e-07,proxy_dimensions,4,,,,,0,172,1.0190789127126803,,,
CDH2,4,3,CDH1;AR;STAT5A;SQSTM1,ASNS;PTEN;TP53,1,3,3,3,0.04261833239944138,0.04932636236669901,0.4,0.15,9.048690062303349e-12;5.213375873686444e-07;0.0003240147838268294,1.2694897045155363e-11;1.8483988994437772e-06;0.0020624707755234665,reported,3,0.17363549586510363,0.3090068543064908;0.24268867451327555;0.17363549586510363,0.04261833239944138,True,1,172,0.9957318784070739,1.5667499744814724,0.02226032819847863,0.6473417867377279
CLDN7,1,8,CDH1,VHL;TFRC;SYK;RAB25;GAB2;ATM;MAP2K1;TP53,1,2,2,1,,0.04932636236669901,0.4,0.2,4.1739304970051475e-28;8.622274357783832e-05,2.6588719324277433e-05,proxy_dimensions,2,,,,,0,173,0.9755464396659902,,,
CDH1,3,8,CLDN7;RICTOR;CTNNB1,VHL;TFRC;SYK;RAB25;GAB2;ATM;MAP2K1;TP53,1,4,4,3,,0.04932636236669901,0.4,0.2,7.579751738091911e-46;1.3134067943104847e-23;9.447972646273874e-10;0.008922342935451672,7.248702356219969e-34;2.0039762792934564e-19;3.0422665114963607e-06,proxy_dimensions,4,,,,,0,173,1.0275959011520004,,,
HSPA1A,2,8,ERBB3;COL6A1,VHL;TFRC;SYK;RAB25;GAB2;ATM;MAP2K1;TP53,1,3,3,2,,0.04932636236669901,0.4,0.2,2.391225681163397e-20;8.433322834834038e-08;0.025984493730919975,2.784813186832448e-16;6.0018245381086436e-06,proxy_dimensions,3,,,,,0,173,1.0202228365617936,,,
GAB2,1,58,RAB25,MYH11;VHL;GAPDH;ESR1;TUBA1B;TFRC;IGFBP2;CLDN7;CCNB1;FN1;CAV1;CDH1;SERPINE1;HSPA1A;SYK;ANXA1;AR;CASP7;RICTOR;CCNE1;ATM;INPP4B;FASN;CTNNB1;MSH6;STAT5A;MYC;ASNS;BCL2L11;SQSTM1;EEF2K;ERBB2;PDCD4;RPS6;ACACA;TP53BP1;TGM2;FOXM1;MSH2;MAPK1;DIABLO;BRAF;ERBB3;NF2;RBM15;MAP2K1;PTEN;TP53;ETS1;CHEK2;PEA15;COL6A1;EEF2;PRKCA;CDH2;KIT;PREX1;LCK,1,2,2,1,,0.04932636236669901,0.2,0.15,4.506077043951117e-51;1.5200470033851036e-23,2.0385587205839403e-29,proxy_dimensions,2,,,,,0,173,0.941450699111287,,,
ASNS,2,8,FASN;CHEK2,VHL;TFRC;SYK;RAB25;GAB2;ATM;MAP2K1;TP53,1,3,3,2,,0.04932636236669901,0.4,0.2,3.031571760525607e-18;0.005872868514546419;0.03221840419180899,2.3488444604686428e-12;0.02396966841754651,proxy_dimensions,3,,,,,0,173,0.9631148357002799,,,
BCL2L11,3,8,CCNE1;INPP4B;RBM15,VHL;TFRC;SYK;RAB25;GAB2;ATM;MAP2K1;TP53,1,4,4,3,,0.04932636236669901,0.4,0.2,6.976263839431432e-49;8.793600153431854e-25;2.5644045408229705e-13;0.002775200288934528,2.2002702009596166e-36;2.5716770784558286e-19;3.8505625452897595e-08,proxy_dimensions,4,,,,,0,173,1.0772255157644253,,,
BRAF,4,8,CAV1;CTNNB1;EEF2K;ETS1,VHL;TFRC;SYK;RAB25;GAB2;ATM;MAP2K1;TP53,1,5,5,4,,0.04932636236669901,0.4,0.2,3.1773017922111157e-35;5.1304119348515554e-15;4.084354382965318e-06;0.000460683644927631;0.009506524288923884,4.1734148028541376e-26;1.1091232502055075e-10;8.163646241155297e-05;0.010182684136375618,proxy_dimensions,5,,,,,0,173,0.9748955004501573,,,
CDH2,2,20,CTNNB1;PREX1,VHL;TUBA1B;CLDN7;FN1;SERPINE1;SYK;RAB25;GAB2;ATM;FASN;ASNS;BCL2L11;EEF2K;ERBB2;PDCD4;ACACA;TP53BP1;MAPK1;NF2;TP53,1,3,3,2,,0.04932636236669901,0.2,0.15,5.0017540097804275e-59;2.972201253486898e-15;0.00019760046015611398,1.7956393471780327e-55;3.2337413458106994e-10,proxy_dimensions,3,,,,,0,173,1.0601630599498453,,,
CLDN7,3,24,CDH1;MAP2K1;PRKCA,VHL;GAPDH;TUBA1B;SYK;RAB25;GAB2;ATM;FASN;MSH6;ASNS;PDCD4;RPS6;ACACA;TP53BP1;TGM2;MSH2;MAPK1;DIABLO;BRAF;NF2;RBM15;PTEN;PEA15;CDH2,1,4,4,3,,0.04932636236669901,0.2,0.15,1.607554762038534e-67;7.760631995053743e-38;2.3288961329434468e-20;9.315933906435466e-06,2.284092297479857e-46;2.3960476488007343e-22;2.2606426377270237e-07,proxy_dimensions,4,,,,,0,174,1.0163601422697672,,,
CDH1,2,24,CLDN7;CTNNB1,VHL;GAPDH;TUBA1B;SYK;RAB25;GAB2;ATM;FASN;MSH6;ASNS;PDCD4;RPS6;ACACA;TP53BP1;TGM2;MSH2;MAPK1;DIABLO;BRAF;NF2;RBM15;PTEN;PEA15;CDH2,1,3,3,2,,0.04932636236669901,0.2,0.15,3.0094328610589806e-70;1.2005185596733916e-23;1.2060787407616592e-05,1.8671704095684727e-55;6.9749720166577394e-12,proxy_dimensions,3,,,,,0,174,0.9913115203856592,,,
HSPA1A,1,24,MYC,VHL;GAPDH;TUBA1B;SYK;RAB25;GAB2;ATM;FASN;MSH6;ASNS;PDCD4;RPS6;ACACA;TP53BP1;TGM2;MSH2;MAPK1;DIABLO;BRAF;NF2;RBM15;PTEN;PEA15;CDH2,1,2,2,1,,0.04932636236669901,0.2,0.15,4.815387074226516e-29;1.5391339672789879e-10,5.46793165218085e-13,proxy_dimensions,2,,,,,0,174,1.0615148586997667,,,
GAB2,0,0,,,1,0,0,0,,0.04932636236669901,0.2,0.15,,,no_shared_direction,0,,,,,0,174,1.0024975766474913,,,
ASNS,2,12,ACACA;PRKCA,VHL;GAPDH;TFRC;GAB2;MSH6;PDCD4;RPS6;MSH2;DIABLO;MAP2K1;PTEN;TP53,1,3,3,2,,0.04932636236669901,0.4,0.2,1.0782986723877833e-27;3.747277307915337e-16;8.148832514389256e-07,1.9468637269108953e-18;1.552220726634843e-06,proxy_dimensions,3,,,,,0,174,0.927163378670176,,,
BCL2L11,2,12,ANXA1;PRKCA,VHL;GAPDH;TFRC;GAB2;MSH6;PDCD4;RPS6;MSH2;DIABLO;MAP2K1;PTEN;TP53,1,3,3,2,,0.04932636236669901,0.4,0.2,2.9098327685754053e-26;6.437004258618335e-12;0.0016728700222157144,3.269308177627752e-17;6.967040236241441e-07,proxy_dimensions,3,,,,,0,174,0.9685812665704865,,,
BRAF,2,12,EEF2K;ETS1,VHL;GAPDH;TFRC;GAB2;MSH6;PDCD4;RPS6;MSH2;DIABLO;MAP2K1;PTEN;TP53,1,3,3,2,,0.04932636236669901,0.4,0.2,5.948059654759038e-44;3.385019948185089e-16;0.0004942357017753425,1.1131130655197817e-17;9.839929431539273e-06,proxy_dimensions,3,,,,,0,174,1.039438028062799,,,
CDH2,1,12,AR,VHL;GAPDH;TFRC;GAB2;MSH6;PDCD4;RPS6;MSH2;DIABLO;MAP2K1;PTEN;TP53,1,2,2,1,,0.04932636236669901,0.4,0.2,2.236946644431364e-19;3.683648064111704e-05,1.6230128143242802e-14,proxy_dimensions,2,,,,,0,174,1.0096312885940448,,,
CLDN7,2,9,CDH1;RAB25,IGFBP2;FASN;PDCD4;RPS6;ACACA;MAPK1;NF2;PTEN;TP53,1,3,3,2,,0.04932636236669901,0.4,0.2,1.78054830297405e-18;1.3913443744736367e-09;4.094165837848012e-05,3.4905096634691114e-11;8.78021928652523e-05,proxy_dimensions,3,,,,,0,175,1.063352799438964,,,
CDH1,2,25,CLDN7;CTNNB1,VHL;GAPDH;TUBA1B;TFRC;IGFBP2;FN1;SERPINE1;SYK;ANXA1;RAB25;GAB2;ATM;ASNS;EEF2K;ERBB2;PDCD4;RPS6;TGM2;MAPK1;DIABLO;NF2;MAP2K1;PTEN;TP53;EEF2,1,3,3,2,,0.04932636236669901,0.2,0.15,1.0483883187312081e-64;1.4912489475135603e-24;0.01654359535494852,1.2750957455644548e-46;3.397286682460673e-17,proxy_dimensions,3,,,,,0,175,1.017350280245357,,,
HSPA1A,3,9,SQSTM1;COL6A1;CDH2,IGFBP2;FASN;PDCD4;RPS6;ACACA;MAPK1;NF2;PTEN;TP53,1,3,3,3,0.050669175493412086,0.04932636236669901,0.4,0.2,1.6796460235501916e-10;0.0006712091010890976;0.030856793346663372;0.1644183230303902,1.268186161672037e-13;3.8785267240726736e-05;0.006379619312000031,reported,3,0.13499824429992874,0.35645946847578314;0.20931184083296864;0.13499824429992874,0.037657251386840354,True,1,175,1.012053680214072,0.28642775348539706,0.08288480929023258,0.653313651425077
GAB2,2,9,VHL;BRAF,IGFBP2;FASN;PDCD4;RPS6;ACACA;MAPK1;NF2;PTEN;TP53,1,2,2,2,0.08732254360622914,0.04932636236669901,0.4,0.2,4.673681539007932e-16;0.004394469274645647;0.06018438698876641,5.737574340549503e-18;5.081198615832547e-05,reported,2,0.19919481427686925,0.3996680228685426;0.19919481427686925,0.04506861229008058,True,1,175,0.9945903522157504,0.6768252922419122,0.007647912374485823,0.5971865646014692
ASNS,1,58,ERBB2,MYH11;VHL;GAPDH;ESR1;TUBA1B;TFRC;IGFBP2;CLDN7;CCNB1;FN1;CAV1;CDH1;SERPINE1;HSPA1A;SYK;ANXA1;AR;RAB25;CASP7;RICTOR;CCNE1;GAB2;ATM;INPP4B;FASN;CTNNB1;MSH6;STAT5A;MYC;BCL2L11;SQSTM1;EEF2K;PDCD4;RPS6;ACACA;TP53BP1;TGM2;FOXM1;MSH2;MAPK1;DIABLO;BRAF;ERBB3;NF2;RBM15;MAP2K1;PTEN;TP53;ETS1;CHEK2;PEA15;COL6A1;EEF2;PRKCA;CDH2;KIT;PREX1;LCK,1,2,2,1,,0.04932636236669901,0.2,0.15,3.350447745816508e-51;2.472448866746065e-24,5.439480305497344e-24,proxy_dimensions,2,,,,,0,175,0.9917106441832799,,,
BCL2L11,4,9,FN1;ANXA1;CCNE1;TGM2,IGFBP2;FASN;PDCD4;RPS6;ACACA;MAPK1;NF2;PTEN;TP53,1,3,3,3,0.06442759191700016,0.04932636236669901,0.4,0.2,6.940492473696594e-20;1.27198527447218e-09;0.00020535216364778186;0.12953411540788676;0.24608131085580076,5.657226828660099e-23;1.0500949652464151e-11;7.840670145241802e-06,reported,3,0.23777671319435145,0.4041741789972396;0.3055408016914486;0.23777671319435145,0.04299274738408285,True,1,175,1.0336893685573476,-0.49543134754494406,-0.004160963294458416,0.579599342037832
BRAF,3,9,SYK;GAB2;ETS1,IGFBP2;FASN;PDCD4;RPS6;ACACA;MAPK1;NF2;PTEN;TP53,1,4,4,3,,0.04932636236669901,0.4,0.2,4.975396541813935e-19;1.6132279711700288e-08;0.0005102948477231634;0.046181661468208485,3.3283408260342623e-10;0.00046195429988450133;0.04223978357785913,proxy_dimensions,4,,,,,0,175,1.0272381927592942,,,
CDH2,2,25,CCNE1;STAT5A,VHL;GAPDH;TUBA1B;TFRC;IGFBP2;FN1;SERPINE1;SYK;ANXA1;RAB25;GAB2;ATM;ASNS;EEF2K;ERBB2;PDCD4;RPS6;TGM2;MAPK1;DIABLO;NF2;MAP2K1;PTEN;TP53;EEF2,1,3,3,2,,0.04932636236669901,0.2,0.15,8.303882542763396e-57;1.1324820572312634e-27;4.463799028510939e-13,5.1047427690974695e-45;2.605283485478544e-15,proxy_dimensions,3,,,,,0,175,1.010359111168605,,,
CLDN7,2,13,CDH1;MAP2K1,VHL;GAPDH;ANXA1;RAB25;GAB2;EEF2K;RPS6;BRAF;NF2;PTEN;TP53;EEF2;KIT,1,3,3,2,,0.04932636236669901,0.4,0.2,3.646475159678283e-48;6.306850896596833e-13;0.009893420057583155,5.216775797754646e-15;5.688692897394667e-05,proxy_dimensions,3,,,,,0,176,1.0703571452526066,,,
CDH1,3,13,CLDN7;CTNNB1;CDH2,VHL;GAPDH;ANXA1;RAB25;GAB2;EEF2K;RPS6;BRAF;NF2;PTEN;TP53;EEF2;KIT,1,4,4,3,,0.04932636236669901,0.4,0.2,3.745279228909628e-63;2.939735191735122e-26;1.32710494939748e-12;0.0013188234109389816,7.654101653077721e-45;1.1564927270737315e-22;4.319683894440561e-11,proxy_dimensions,4,,,,,0,176,1.0019715740716073,,,
HSPA1A,2,13,COL6A1;CDH2,VHL;GAPDH;ANXA1;RAB25;GAB2;EEF2K;RPS6;BRAF;NF2;PTEN;TP53;EEF2;KIT,1,3,3,2,,0.04932636236669901,0.4,0.2,7.193644612429692e-33;1.5087017002990007e-12;0.003551566747222985,3.378535235876619e-21;1.0402588021944782e-08,proxy_dimensions,3,,,,,0,176,0.9705298271446972,,,
GAB2,2,57,BRAF;KIT,MYH11;VHL;GAPDH;ESR1;TUBA1B;TFRC;IGFBP2;CLDN7;CCNB1;FN1;CAV1;CDH1;SERPINE1;HSPA1A;SYK;ANXA1;AR;RAB25;CASP7;RICTOR;CCNE1;ATM;INPP4B;FASN;CTNNB1;MSH6;STAT5A;MYC;ASNS;BCL2L11;SQSTM1;EEF2K;ERBB2;PDCD4;RPS6;ACACA;TP53BP1;TGM2;FOXM1;MSH2;MAPK1;DIABLO;ERBB3;NF2;RBM15;MAP2K1;PTEN;TP53;ETS1;CHEK2;PEA15;COL6A1;EEF2;PRKCA;CDH2;PREX1;LCK,1,3,3,2,,0.04932636236669901,0.4,0.2,8.982626952995235e-110;1.4353217323894283e-46;8.968107558890663e-16,2.4010290254951197e-79;1.4179904902925863e-31,proxy_dimensions,3,,,,,0,176,0.9497644205277368,,,
ASNS,2,13,CCNB1;ACACA,VHL;GAPDH;ANXA1;RAB25;GAB2;EEF2K;RPS6;BRAF;NF2;PTEN;TP53;EEF2;KIT,1,3,3,2,,0.04932636236669901,0.4,0.2,6.110770914172717e-29;9.092511650243635e-10;0.0028390851129583036,1.000126682315873e-14;0.00023961743061050336,proxy_dimensions,3,,,,,0,176,0.992714649465865,,,
BCL2L11,3,13,FN1;CCNE1;PRKCA,VHL;GAPDH;ANXA1;RAB25;GAB2;EEF2K;RPS6;BRAF;NF2;PTEN;TP53;EEF2;KIT,1,3,3,2,0.002268615036116811,0.04932636236669901,0.4,0.2,4.9157017214896736e-36;4.8531460698602784e-14;0.00013030484343351246;0.16776828550130324,1.917565746830533e-38;2.6859528496708814e-13;0.861373990770103,conditional_information_dimension,3,0.008682403401391968,0.5347175187277433;0.38496171339729085;0.008682403401391968,0.02360817501078718,False,0,176,1.0321240018844926,,,
BRAF,1,58,EEF2K,MYH11;VHL;GAPDH;ESR1;TUBA1B;TFRC;IGFBP2;CLDN7;CCNB1;FN1;CAV1;CDH1;SERPINE1;HSPA1A;SYK;ANXA1;AR;RAB25;CASP7;RICTOR;CCNE1;GAB2;ATM;INPP4B;FASN;CTNNB1;MSH6;STAT5A;MYC;ASNS;BCL2L11;SQSTM1;ERBB2;PDCD4;RPS6;ACACA;TP53BP1;TGM2;FOXM1;MSH2;MAPK1;DIABLO;ERBB3;NF2;RBM15;MAP2K1;PTEN;TP53;ETS1;CHEK2;PEA15;COL6A1;EEF2;PRKCA;CDH2;KIT;PREX1;LCK,1,2,2,1,,0.04932636236669901,0.2,0.15,2.9420967342295463e-69;3.008778574135518e-17,1.4731382546671386e-17,proxy_dimensions,2,,,,,0,176,1.0206898862049856,,,
CDH2,4,13,CDH1;HSPA1A;STAT5A;PREX1,VHL;GAPDH;ANXA1;RAB25;GAB2;EEF2K;RPS6;BRAF;NF2;PTEN;TP53;EEF2;KIT,1,5,5,4,,0.04932636236669901,0.4,0.2,3.397056722601625e-61;5.940926749388152e-36;7.715377524134322e-24;1.6465757380639364e-13;5.765230919020407e-06,3.365363912516031e-52;2.895452628861792e-28;1.7907250287421052e-17;8.921810624190492e-07,proxy_dimensions,5,,,,,0,176,0.9862380338711503,,,
CLDN7,3,16,CDH1;MAPK1;DIABLO,TUBA1B;SYK;ANXA1;ATM;FASN;STAT5A;ASNS;PDCD4;ACACA;TP53BP1;RBM15;PTEN;TP53;CHEK2;EEF2;CDH2,1,4,4,3,,0.04932636236669901,0.2,0.15,3.023968235349597e-56;1.418025283558354e-23;1.0036327050082976e-09;2.5734310751495673e-05,2.5521313469322122e-40;2.7703412180945686e-15;1.4281127480297671e-05,proxy_dimensions,4,,,,,0,177,1.0461150940225639,,,
CDH1,4,16,TFRC;CLDN7;SERPINE1;CTNNB1,TUBA1B;SYK;ANXA1;ATM;FASN;STAT5A;ASNS;PDCD4;ACACA;TP53BP1;RBM15;PTEN;TP53;CHEK2;EEF2;CDH2,1,5,5,4,,0.04932636236669901,0.2,0.15,3.4523497725655173e-70;1.1656909373355565e-31;6.8199797257469416e-18;1.5732717237803552e-08;0.0012879943480600291,1.9232673162116803e-50;5.6694174582225435e-18;1.5067765895084452e-08;0.0016507305563927723,proxy_dimensions,5,,,,,0,177,1.0324391795898105,,,
HSPA1A,4,3,CASP7;STAT5A;COL6A1;LCK,FASN;ACACA;PTEN,1,2,2,1,0.05218399932977282,0.04932636236669901,0.4,0.15,0.00011629345068553347;0.0260384938250143;0.06653078471554885,0.0004458195992997506;0.15520744659813845,conditional_information_dimension,2,0.11342266826045347,0.23468929918002665;0.11342266826045347,0.047228838427344745,False,0,177,1.0228620650596092,,,
GAB2,4,16,VHL;RAB25;ERBB2;BRAF,TUBA1B;SYK;ANXA1;ATM;FASN;STAT5A;ASNS;PDCD4;ACACA;TP53BP1;RBM15;PTEN;TP53;CHEK2;EEF2;CDH2,1,5,5,4,,0.04932636236669901,0.2,0.15,9.789110115342e-35;4.2047843589831383e-17;8.29942229041348e-09;8.732639000386596e-06;0.010122855748508443,1.166522748172226e-26;6.985565668230157e-16;1.0797471073253598e-07;8.12472693573468e-05,proxy_dimensions,5,,,,,0,177,1.0496999954832307,,,
ASNS,2,56,ACACA;TP53,MYH11;VHL;GAPDH;ESR1;TUBA1B;TFRC;IGFBP2;CLDN7;CCNB1;FN1;CAV1;CDH1;SERPINE1;HSPA1A;SYK;ANXA1;AR;RAB25;CASP7;RICTOR;CCNE1;GAB2;ATM;INPP4B;CTNNB1;MSH6;STAT5A;MYC;BCL2L11;SQSTM1;EEF2K;ERBB2;PDCD4;RPS6;TP53BP1;TGM2;FOXM1;MSH2;MAPK1;DIABLO;BRAF;ERBB3;NF2;RBM15;MAP2K1;PTEN;ETS1;CHEK2;PEA15;COL6A1;EEF2;PRKCA;CDH2;KIT;PREX1;LCK,1,3,3,2,,0.04932636236669901,0.2,0.15,2.0152502177969508e-51;9.751986483044154e-25;7.381109201550592e-09,3.292497841184414e-32;4.851661527486648e-16,proxy_dimensions,3,,,,,0,177,0.9259339119189918,,,
BCL2L11,3,6,ANXA1;CCNE1;PDCD4,FASN;ACACA;MAP2K1;PTEN;TP53;EEF2,1,2,2,2,0.08822648574829658,0.04932636236669901,0.4,0.2,3.69690439464154e-10;0.00039042111939500284;0.16910199614635862;0.6523037908264309,6.355354553882309e-14;2.3653735697436703e-05,reported,2,0.22636884291021742,0.34909204287005147;0.22636884291021742,0.0602391508091405,True,1,177,0.9555106317059209,0.04942708720284456,0.0031501921315784916,0.5522446086585522
BRAF,5,16,RICTOR;GAB2;EEF2K;ETS1;KIT,TUBA1B;SYK;ANXA1;ATM;FASN;STAT5A;ASNS;PDCD4;ACACA;TP53BP1;RBM15;PTEN;TP53;CHEK2;EEF2;CDH2,1,5,5,4,0.0030196537237163323,0.04932636236669901,0.2,0.15,8.314071644905234e-56;2.2027171900834813e-30;1.1396792207583945e-12;3.1658262161925436e-05;0.005223702269129727;0.14791235171110143,2.0747040096365567e-54;1.7817633888626556e-31;1.6850167670883123e-17;7.40895576466741e-06;0.6994794657958375,conditional_information_dimension,5,0.019239345831056832,0.5400528907576921;0.444244453692445;0.4014599057886689;0.2635071773586683;0.019239345831056832,0.018321535882541973,False,0,177,0.9356171283581579,,,
CDH2,4,3,CDH1;CCNE1;STAT5A;PDCD4,FASN;ACACA;PTEN,1,3,3,3,0.03118054106806403,0.04932636236669901,0.4,0.15,4.590816924056341e-12;1.1039762668564022e-06;0.0017539101355153082,1.4520748802596006e-10;8.595254474354986e-06;0.040938133449348484,reported,3,0.12528280314899068,0.30105958865147925;0.2545178392854875;0.12528280314899068,0.03118054106806401,True,1,177,0.9684435184166739,1.8366150327939075,0.07394658143862506,0.5178175858821181
CLDN7,3,31,CAV1;CDH1;PRKCA,VHL;GAPDH;ESR1;TUBA1B;TFRC;FN1;SERPINE1;SYK;AR;RAB25;GAB2;FASN;ASNS;EEF2K;ERBB2;PDCD4;ACACA;TP53BP1;TGM2;MAPK1;DIABLO;BRAF;NF2;RBM15;MAP2K1;PTEN;TP53;ETS1;CHEK2;PEA15;EEF2,1,4,4,3,,0.04932636236669901,0.2,0.15,1.681994223879434e-80;5.159784998946181e-40;8.523183732582715e-13;2.3638409078094489e-07,9.817605501536452e-56;5.546052535293911e-26;3.3371941281850084e-07,proxy_dimensions,4,,,,,0,178,0.9981256219518814,,,
CDH1,3,8,CLDN7;CTNNB1;RBM15,GAPDH;TUBA1B;ERBB2;TP53BP1;DIABLO;MAP2K1;PTEN;TP53,1,4,4,3,,0.04932636236669901,0.4,0.2,7.911379150712085e-40;3.2307768639269046e-17;1.137683815802966e-06;0.000816089777205621,9.956452844757743e-33;6.075941232211516e-13;0.0006755723503244266,proxy_dimensions,4,,,,,0,178,0.9564662222143571,,,
HSPA1A,2,31,SQSTM1;COL6A1,VHL;GAPDH;ESR1;TUBA1B;TFRC;FN1;SERPINE1;SYK;AR;RAB25;GAB2;FASN;ASNS;EEF2K;ERBB2;PDCD4;ACACA;TP53BP1;TGM2;MAPK1;DIABLO;BRAF;NF2;RBM15;MAP2K1;PTEN;TP53;ETS1;CHEK2;PEA15;EEF2,1,3,3,2,,0.04932636236669901,0.2,0.15,5.122649029052355e-55;1.3197909774332505e-23;7.256019883265086e-08,3.5138006430125027e-44;4.1598165400531996e-18,proxy_dimensions,3,,,,,0,178,0.9180432796513872,,,
GAB2,2,8,VHL;BRAF,GAPDH;TUBA1B;ERBB2;TP53BP1;DIABLO;MAP2K1;PTEN;TP53,1,3,3,2,,0.04932636236669901,0.4,0.2,7.261592272979621e-19;3.2761452457778267e-07;0.0013612728305070732,1.0614632150429329e-11;1.1180920066090113e-05,proxy_dimensions,3,,,,,0,178,0.9827524676681637,,,
ASNS,1,8,ACACA,GAPDH;TUBA1B;ERBB2;TP53BP1;DIABLO;MAP2K1;PTEN;TP53,1,2,2,1,,0.04932636236669901,0.4,0.2,2.835359746507068e-08;0.006063404364517357,0.008437805093139584,proxy_dimensions,2,,,,,0,178,1.002675920811179,,,
BCL2L11,2,8,CCNE1;INPP4B,GAPDH;TUBA1B;ERBB2;TP53BP1;DIABLO;MAP2K1;PTEN;TP53,1,3,3,2,,0.04932636236669901,0.4,0.2,7.797263268935329e-16;3.6747209850097884e-07;0.0007384114542592763,1.1649192091251029e-14;1.9576338701542938e-05,proxy_dimensions,3,,,,,0,178,1.081337317215195,,,
BRAF,2,8,CAV1;GAB2,GAPDH;TUBA1B;ERBB2;TP53BP1;DIABLO;MAP2K1;PTEN;TP53,1,3,3,2,,0.04932636236669901,0.4,0.2,6.039640066306147e-22;2.6667898153410645e-08;0.0023297510898822355,5.612598986747068e-12;0.000513418833181572,proxy_dimensions,3,,,,,0,178,0.9902540807609297,,,
CDH2,3,31,CCNE1;STAT5A;MSH2,VHL;GAPDH;ESR1;TUBA1B;TFRC;FN1;SERPINE1;SYK;AR;RAB25;GAB2;FASN;ASNS;EEF2K;ERBB2;PDCD4;ACACA;TP53BP1;TGM2;MAPK1;DIABLO;BRAF;NF2;RBM15;MAP2K1;PTEN;TP53;ETS1;CHEK2;PEA15;EEF2,1,4,4,3,,0.04932636236669901,0.2,0.15,2.26980516464151e-89;6.826227071341708e-50;1.755706005799583e-28;2.3337797808470423e-13,3.155411569648247e-77;4.140485951000552e-37;7.531758826676432e-16,proxy_dimensions,4,,,,,0,178,0.9790804507587019,,,
CLDN7,1,54,FN1,MYH11;VHL;GAPDH;ESR1;TUBA1B;TFRC;IGFBP2;CCNB1;CAV1;CDH1;HSPA1A;SYK;AR;RAB25;CASP7;RICTOR;CCNE1;GAB2;ATM;INPP4B;FASN;CTNNB1;MSH6;STAT5A;MYC;ASNS;SQSTM1;EEF2K;ERBB2;PDCD4;RPS6;ACACA;TP53BP1;TGM2;FOXM1;MSH2;MAPK1;DIABLO;BRAF;ERBB3;NF2;RBM15;MAP2K1;PTEN;TP53;ETS1;PEA15;COL6A1;EEF2;PRKCA;CDH2;KIT;PREX1;LCK,1,2,2,1,,0.04932636236669901,0.2,0.15,7.434109765019505e-82;3.64304075676061e-23,1.6329951713537524e-26,proxy_dimensions,2,,,,,0,179,0.9959842101589562,,,
CDH1,3,26,CLDN7;CTNNB1;PRKCA,VHL;GAPDH;ESR1;TFRC;IGFBP2;ANXA1;RAB25;GAB2;FASN;STAT5A;BCL2L11;SQSTM1;EEF2K;ACACA;TGM2;MAPK1;DIABLO;BRAF;NF2;MAP2K1;PTEN;ETS1;CHEK2;PEA15;EEF2;CDH2,1,4,4,3,,0.04932636236669901,0.4,0.25,8.984158354279788e-130;2.3431324523742466e-80;2.2329144657228965e-32;2.0716982234269404e-13,9.885953339585558e-101;6.795706385016696e-51;1.0891834313237742e-18,proxy_dimensions,4,,,,,0,179,0.9766327198472626,,,
HSPA1A,3,5,BRAF;COL6A1;CDH2,TFRC;RAB25;DIABLO;MAP2K1;PTEN,1,3,3,3,0.05190447276677686,0.04932636236669901,0.4,0.2,1.141397205746708e-13;2.2096745937616332e-05;0.03621316514035451;0.5242830599503209,1.600033466402822e-12;5.0339364702249905e-08;0.0005439165391430219,reported,3,0.17067953480206016,0.2890428600789717;0.25737741588095975;0.17067953480206016,0.04157230429648647,True,1,179,0.9744524301303115,1.4066852221382184,0.060272303017317806,0.5713128034853421
GAB2,2,5,VHL;BRAF,TFRC;RAB25;DIABLO;MAP2K1;PTEN,1,2,2,2,0.0977726545919918,0.04932636236669901,0.4,0.2,3.1396642347342706e-10;4.814993514450831e-05;0.20477949829738,8.049321628204326e-13;3.954515241231073e-06,reported,2,0.22614385703812884,0.3114003426370053;0.22614385703812884,0.06485570338744362,True,1,179,1.0296849520024838,2.089123633972118,0.06467549763626337,0.574165314782515
ASNS,3,5,CCNB1;ACACA;CHEK2,TFRC;RAB25;DIABLO;MAP2K1;PTEN,1,2,2,2,0.07416407630580973,0.04932636236669901,0.4,0.2,2.5385902205884803e-08;0.04123890736951948;0.7596532352444588;0.8020364332712516,1.9071078901951874e-12;0.00031379937547340705,reported,2,0.1976178647622791,0.3427115248278234;0.1976178647622791,0.04901835021709105,True,1,179,0.975415451325714,-0.0570224292639467,0.05717489914343495,0.542665759515514
BCL2L11,2,54,FN1;ANXA1,MYH11;VHL;GAPDH;ESR1;TUBA1B;TFRC;IGFBP2;CCNB1;CAV1;CDH1;HSPA1A;SYK;AR;RAB25;CASP7;RICTOR;CCNE1;GAB2;ATM;INPP4B;FASN;CTNNB1;MSH6;STAT5A;MYC;ASNS;SQSTM1;EEF2K;ERBB2;PDCD4;RPS6;ACACA;TP53BP1;TGM2;FOXM1;MSH2;MAPK1;DIABLO;BRAF;ERBB3;NF2;RBM15;MAP2K1;PTEN;TP53;ETS1;PEA15;COL6A1;EEF2;PRKCA;CDH2;KIT;PREX1;LCK,1,3,3,2,,0.04932636236669901,0.2,0.15,3.923579358150948e-76;1.5795260083335336e-37;8.260303588153517e-10,4.76211705688328e-44;3.082182550397293e-14,proxy_dimensions,3,,,,,0,179,1.0096842998955171,,,
BRAF,2,56,NF2;ETS1,MYH11;VHL;GAPDH;ESR1;TUBA1B;TFRC;IGFBP2;CLDN7;CCNB1;FN1;CAV1;CDH1;SERPINE1;HSPA1A;SYK;ANXA1;AR;RAB25;CASP7;RICTOR;CCNE1;GAB2;ATM;INPP4B;FASN;CTNNB1;MSH6;STAT5A;MYC;ASNS;BCL2L11;SQSTM1;EEF2K;PDCD4;RPS6;ACACA;TP53BP1;TGM2;FOXM1;MSH2;MAPK1;DIABLO;ERBB3;RBM15;MAP2K1;PTEN;TP53;CHEK2;PEA15;COL6A1;EEF2;PRKCA;CDH2;KIT;PREX1;LCK,1,3,3,2,,0.04932636236669901,0.2,0.15,2.700209850982482e-111;2.652721068387407e-55;2.5246077206502443e-21,2.8990353798260905e-65;3.461586941420114e-30,proxy_dimensions,3,,,,,0,179,0.939359674125968,,,
CDH2,2,39,IGFBP2;STAT5A,VHL;GAPDH;TUBA1B;TFRC;CLDN7;CCNB1;FN1;CDH1;SERPINE1;SYK;ANXA1;CCNE1;GAB2;ATM;FASN;CTNNB1;MSH6;ASNS;BCL2L11;EEF2K;ERBB2;ACACA;TP53BP1;TGM2;FOXM1;MSH2;MAPK1;DIABLO;BRAF;NF2;RBM15;MAP2K1;PTEN;TP53;ETS1;CHEK2;PEA15;EEF2;KIT,1,3,3,2,,0.04932636236669901,0.2,0.15,2.9803500828439716e-55;3.154064043566555e-30;1.0685015063415822e-10,9.72752173829818e-33;1.1119691692640115e-10,proxy_dimensions,3,,,,,0,179,0.9856407679345436,,,
CLDN7,2,25,CDH1;PRKCA,VHL;TFRC;IGFBP2;SYK;ANXA1;RAB25;CASP7;CCNE1;GAB2;ATM;FASN;STAT5A;ASNS;BCL2L11;ERBB2;ACACA;TGM2;MAPK1;NF2;MAP2K1;TP53;CHEK2;PEA15;EEF2;LCK,1,3,3,2,,0.04932636236669901,0.2,0.15,5.21582398899009e-75;9.624669083985453e-39;2.4708217613836657e-14,1.315159794003266e-48;1.1548354407582121e-14,proxy_dimensions,3,,,,,0,180,1.0091215404139062,,,
CDH1,2,25,CLDN7;CTNNB1,VHL;TFRC;IGFBP2;SYK;ANXA1;RAB25;CASP7;CCNE1;GAB2;ATM;FASN;STAT5A;ASNS;BCL2L11;ERBB2;ACACA;TGM2;MAPK1;NF2;MAP2K1;TP53;CHEK2;PEA15;EEF2;LCK,1,3,3,2,,0.04932636236669901,0.2,0.15,3.695121938250815e-75;4.3757159191943026e-36;6.728064765344747e-14,3.081757336302892e-55;2.3139322351066272e-20,proxy_dimensions,3,,,,,0,180,1.1158915023578415,,,
HSPA1A,3,25,SQSTM1;COL6A1;CDH2,VHL;TFRC;IGFBP2;SYK;ANXA1;RAB25;CASP7;CCNE1;GAB2;ATM;FASN;STAT5A;ASNS;BCL2L11;ERBB2;ACACA;TGM2;MAPK1;NF2;MAP2K1;TP53;CHEK2;PEA15;EEF2;LCK,1,4,4,3,,0.04932636236669901,0.2,0.15,3.6373536114306816e-67;2.37221055760365e-41;8.546962053768978e-20;8.176975398460623e-09,7.766522181560896e-60;9.366297999969577e-35;2.970489749905478e-13,proxy_dimensions,4,,,,,0,180,0.9973373718767787,,,
GAB2,1,58,VHL,MYH11;GAPDH;ESR1;TUBA1B;TFRC;IGFBP2;CLDN7;CCNB1;FN1;CAV1;CDH1;SERPINE1;HSPA1A;SYK;ANXA1;AR;RAB25;CASP7;RICTOR;CCNE1;ATM;INPP4B;FASN;CTNNB1;MSH6;STAT5A;MYC;ASNS;BCL2L11;SQSTM1;EEF2K;ERBB2;PDCD4;RPS6;ACACA;TP53BP1;TGM2;FOXM1;MSH2;MAPK1;DIABLO;BRAF;ERBB3;NF2;RBM15;MAP2K1;PTEN;TP53;ETS1;CHEK2;PEA15;COL6A1;EEF2;PRKCA;CDH2;KIT;PREX1;LCK,1,2,2,1,,0.04932636236669901,0.4,0.2,5.295179914511865e-38;3.1490818615091505e-10,6.38558632482047e-18,proxy_dimensions,2,,,,,0,180,1.0005851261206358,,,
ASNS,2,12,ACACA;CHEK2,VHL;GAPDH;TUBA1B;TFRC;IGFBP2;SYK;GAB2;TP53BP1;DIABLO;PTEN;TP53;EEF2,1,3,3,2,,0.04932636236669901,0.4,0.2,8.1124880732955e-25;6.870829719296031e-09;0.00013133992444023574,3.2048258925722233e-19;8.758683825795487e-05,proxy_dimensions,3,,,,,0,180,1.080218079539987,,,
BCL2L11,3,12,CCNE1;PDCD4;PRKCA,VHL;GAPDH;TUBA1B;TFRC;IGFBP2;SYK;GAB2;TP53BP1;DIABLO;PTEN;TP53;EEF2,1,4,4,3,,0.04932636236669901,0.4,0.2,2.2006001611876957e-42;2.318088228928368e-23;8.733339266496535e-11;0.0036307095926865875,6.887452041249873e-31;1.11516917532716e-11;0.006374328905184564,proxy_dimensions,4,,,,,0,180,1.0067948213147466,,,
BRAF,3,25,RICTOR;EEF2K;ETS1,VHL;TFRC;IGFBP2;SYK;ANXA1;RAB25;CASP7;CCNE1;GAB2;ATM;FASN;STAT5A;ASNS;BCL2L11;ERBB2;ACACA;TGM2;MAPK1;NF2;MAP2K1;TP53;CHEK2;PEA15;EEF2;LCK,1,4,4,3,,0.04932636236669901,0.2,0.15,1.1507645311233699e-76;2.7828631053900533e-38;1.1094222587515188e-12;8.696853303582969e-05,2.8887934664861988e-53;1.2233751470637679e-15;4.032107697206191e-06,proxy_dimensions,4,,,,,0,180,1.005648552180116,,,
CDH2,3,12,CCNE1;STAT5A;SQSTM1,VHL;GAPDH;TUBA1B;TFRC;IGFBP2;SYK;GAB2;TP53BP1;DIABLO;PTEN;TP53;EEF2,1,3,3,3,0.06461691514119633,0.04932636236669901,0.4,0.2,5.610725634187908e-46;9.992408048635869e-20;5.2383236819462246e-08;0.052133623441499,4.1610024157413686e-46;1.5279933840574062e-17;2.1383043117741804e-05,reported,3,0.208974454655837,0.5605800813132606;0.3904932513029579;0.208974454655837,0.04484344457909952,True,1,180,1.0871336389259079,0.004625431746525192,-0.007601528477555363,0.4981203418126222
CLDN7,3,42,FN1;CDH1;DIABLO,MYH11;VHL;GAPDH;ESR1;TFRC;CCNB1;CAV1;HSPA1A;SYK;AR;RICTOR;CCNE1;GAB2;ATM;INPP4B;FASN;MSH6;STAT5A;MYC;ASNS;BCL2L11;SQSTM1;EEF2K;ERBB2;PDCD4;RPS6;ACACA;FOXM1;MSH2;MAPK1;BRAF;ERBB3;NF2;MAP2K1;TP53;ETS1;CHEK2;COL6A1;EEF2;PRKCA;CDH2;KIT,1,4,4,3,,0.04932636236669901,0.2,0.15,2.1007955066003476e-84;1.619256204235863e-39;2.601732247487244e-22;2.5056862537283646e-08,5.799872915791086e-52;2.404174127721572e-28;3.426562578350026e-14,proxy_dimensions,4,,,,,0,181,1.0691901092260205,,,
CDH1,2,42,CLDN7;CTNNB1,MYH11;VHL;GAPDH;ESR1;TFRC;CCNB1;CAV1;HSPA1A;SYK;AR;RICTOR;CCNE1;GAB2;ATM;INPP4B;FASN;MSH6;STAT5A;MYC;ASNS;BCL2L11;SQSTM1;EEF2K;ERBB2;PDCD4;RPS6;ACACA;FOXM1;MSH2;MAPK1;BRAF;ERBB3;NF2;MAP2K1;TP53;ETS1;CHEK2;COL6A1;EEF2;PRKCA;CDH2;KIT,1,3,3,2,,0.04932636236669901,0.2,0.15,3.773457962842652e-101;1.0136340442334144e-46;3.2654563098252125e-09,2.02547544848279e-64;2.3947415120998334e-15,proxy_dimensions,3,,,,,0,181,1.0845902553139062,,,
HSPA1A,1,45,COL6A1,VHL;GAPDH;TUBA1B;TFRC;IGFBP2;CLDN7;CCNB1;FN1;CDH1;SERPINE1;SYK;ANXA1;RAB25;CASP7;CCNE1;GAB2;ATM;FASN;CTNNB1;MSH6;STAT5A;ASNS;BCL2L11;SQSTM1;ERBB2;PDCD4;ACACA;TP53BP1;TGM2;FOXM1;MSH2;MAPK1;DIABLO;NF2;RBM15;MAP2K1;PTEN;ETS1;CHEK2;PEA15;PRKCA;CDH2;KIT;PREX1;LCK,1,2,2,1,,0.04932636236669901,0.2,0.15,8.220728446587802e-55;7.0879843876627316e-12,4.157340406785066e-31,proxy_dimensions,2,,,,,0,181,0.9567080286061956,,,
GAB2,1,53,ACACA,MYH11;GAPDH;ESR1;TUBA1B;TFRC;IGFBP2;CLDN7;CCNB1;FN1;CAV1;CDH1;SERPINE1;HSPA1A;SYK;ANXA1;AR;RAB25;CASP7;RICTOR;CCNE1;ATM;INPP4B;CTNNB1;MSH6;STAT5A;MYC;BCL2L11;SQSTM1;EEF2K;ERBB2;PDCD4;RPS6;TP53BP1;TGM2;FOXM1;MSH2;MAPK1;DIABLO;BRAF;ERBB3;NF2;RBM15;MAP2K1;PTEN;TP53;ETS1;CHEK2;PEA15;COL6A1;EEF2;CDH2;PREX1;LCK,1,2,2,1,,0.04932636236669901,0.2,0.15,2.1665160492608353e-55;1.8753480058970122e-22,1.3443612052314869e-34,proxy_dimensions,2,,,,,0,181,1.06494331097533,,,
ASNS,2,53,ACACA;PRKCA,MYH11;GAPDH;ESR1;TUBA1B;TFRC;IGFBP2;CLDN7;CCNB1;FN1;CAV1;CDH1;SERPINE1;HSPA1A;SYK;ANXA1;AR;RAB25;CASP7;RICTOR;CCNE1;ATM;INPP4B;CTNNB1;MSH6;STAT5A;MYC;BCL2L11;SQSTM1;EEF2K;ERBB2;PDCD4;RPS6;TP53BP1;TGM2;FOXM1;MSH2;MAPK1;DIABLO;BRAF;ERBB3;NF2;RBM15;MAP2K1;PTEN;TP53;ETS1;CHEK2;PEA15;COL6A1;EEF2;CDH2;PREX1;LCK,1,3,3,2,,0.04932636236669901,0.2,0.15,5.727516138079058e-93;3.944587861962616e-51;1.060490371378294e-18,3.2100120514200494e-70;3.630119565477983e-31,proxy_dimensions,3,,,,,0,181,1.0167429498191543,,,
BCL2L11,1,55,CCNE1,MYH11;VHL;GAPDH;ESR1;TUBA1B;TFRC;IGFBP2;CLDN7;FN1;CAV1;CDH1;SERPINE1;HSPA1A;SYK;ANXA1;AR;RAB25;CASP7;RICTOR;GAB2;ATM;INPP4B;FASN;CTNNB1;MSH6;STAT5A;MYC;ASNS;SQSTM1;EEF2K;ERBB2;PDCD4;RPS6;ACACA;TP53BP1;TGM2;MSH2;MAPK1;DIABLO;BRAF;ERBB3;NF2;RBM15;MAP2K1;PTEN;TP53;ETS1;PEA15;COL6A1;EEF2;PRKCA;CDH2;KIT;PREX1;LCK,1,2,2,1,,0.04932636236669901,0.2,0.15,2.270278003545457e-65;4.8207209007585955e-30,1.4618316152287042e-34,proxy_dimensions,2,,,,,0,181,1.0383608279538608,,,
BRAF,2,18,CAV1;ETS1,GAPDH;TUBA1B;TFRC;IGFBP2;SYK;ANXA1;RAB25;CASP7;ATM;MSH6;ASNS;ERBB2;RPS6;MSH2;MAPK1;NF2;PTEN;EEF2,1,3,3,2,,0.04932636236669901,0.4,0.2,1.2404417557698847e-58;3.194169962265234e-29;7.280192691658949e-11,3.4506809258608194e-36;7.48274819703527e-15,proxy_dimensions,3,,,,,0,181,1.052971756082338,,,
CDH2,3,18,CTNNB1;STAT5A;SQSTM1,GAPDH;TUBA1B;TFRC;IGFBP2;SYK;ANXA1;RAB25;CASP7;ATM;MSH6;ASNS;ERBB2;RPS6;MSH2;MAPK1;NF2;PTEN;EEF2,1,4,4,3,,0.04932636236669901,0.4,0.2,1.0266452354807837e-62;5.114614824166175e-23;5.8984972378597856e-12;0.0010965214150866142,3.5236182387700664e-56;5.672833979077638e-16;0.000131957980873338,proxy_dimensions,4,,,,,0,181,0.9947642125464266,,,
CLDN7,1,58,RAB25,MYH11;VHL;GAPDH;ESR1;TUBA1B;TFRC;IGFBP2;CCNB1;FN1;CAV1;CDH1;SERPINE1;HSPA1A;SYK;ANXA1;AR;CASP7;RICTOR;CCNE1;GAB2;ATM;INPP4B;FASN;CTNNB1;MSH6;STAT5A;MYC;ASNS;BCL2L11;SQSTM1;EEF2K;ERBB2;PDCD4;RPS6;ACACA;TP53BP1;TGM2;FOXM1;MSH2;MAPK1;DIABLO;BRAF;ERBB3;NF2;RBM15;MAP2K1;PTEN;TP53;ETS1;CHEK2;PEA15;COL6A1;EEF2;PRKCA;CDH2;KIT;PREX1;LCK,1,2,2,1,,0.04932636236669901,0.2,0.15,4.8451731771445243e-76;4.725121667205937e-31,1.1783323669904131e-30,proxy_dimensions,2,,,,,0,182,1.0031280349162897,,,
CDH1,3,6,CLDN7;CTNNB1;CDH2,TUBA1B;TFRC;RAB25;ATM;PTEN;TP53,1,3,3,3,0.05450886401975758,0.04932636236669901,0.4,0.2,3.758970976652347e-38;2.3460337912553005e-08;7.889591381014689e-05;0.44286769967172934,4.142787306922199e-36;1.5126125093979417e-08;0.0004543708289188436,reported,3,0.17302111081626775,0.5532109081717211;0.26697850526638267;0.17302111081626775,0.04515057441617913,True,1,182,1.0052312003092998,1.5904067974851863,0.07095712579073796,0.5892018175230823
HSPA1A,2,38,COL6A1;CDH2,VHL;GAPDH;ESR1;TUBA1B;TFRC;IGFBP2;CLDN7;CCNB1;FN1;CDH1;SERPINE1;SYK;RAB25;CCNE1;GAB2;ATM;FASN;CTNNB1;MSH6;ASNS;SQSTM1;EEF2K;ACACA;TP53BP1;TGM2;FOXM1;MSH2;MAPK1;DIABLO;BRAF;NF2;RBM15;MAP2K1;PTEN;TP53;ETS1;CHEK2;PEA15,1,3,3,2,,0.04932636236669901,0.2,0.15,6.217978536653468e-63;6.95922714134456e-35;1.7900815361530796e-12,1.9061013121797937e-44;4.408841217931889e-16,proxy_dimensions,3,,,,,0,182,0.9842220209977032,,,
GAB2,1,6,VHL,TUBA1B;TFRC;RAB25;ATM;PTEN;TP53,1,2,2,1,,0.04932636236669901,0.4,0.2,1.2023046220951457e-06;0.006629362126231772,0.007659403679588012,proxy_dimensions,2,,,,,0,182,1.0637572975260934,,,
ASNS,2,6,CCNB1;CAV1,TUBA1B;TFRC;RAB25;ATM;PTEN;TP53,1,3,3,2,,0.04932636236669901,0.4,0.2,6.6436378946486e-18;3.4846577248347313e-09;0.00020901280826432847,2.9358911210671847e-15;5.233480853435858e-06,proxy_dimensions,3,,,,,0,182,1.0315005147915675,,,
BCL2L11,2,38,ANXA1;PDCD4,VHL;GAPDH;ESR1;TUBA1B;TFRC;IGFBP2;CLDN7;CCNB1;FN1;CDH1;SERPINE1;SYK;RAB25;CCNE1;GAB2;ATM;FASN;CTNNB1;MSH6;ASNS;SQSTM1;EEF2K;ACACA;TP53BP1;TGM2;FOXM1;MSH2;MAPK1;DIABLO;BRAF;NF2;RBM15;MAP2K1;PTEN;TP53;ETS1;CHEK2;PEA15,1,3,3,2,,0.04932636236669901,0.2,0.15,6.993154750051377e-60;3.366356857108006e-28;1.627558726277591e-08,2.2936307525262625e-41;4.734463908730508e-18,proxy_dimensions,3,,,,,0,182,1.0099630987265107,,,
BRAF,3,6,SYK;CTNNB1;EEF2K,TUBA1B;TFRC;RAB25;ATM;PTEN;TP53,1,3,3,2,0.017306742940095907,0.04932636236669901,0.4,0.2,1.2925949133645538e-12;0.0009470329923950334;0.01391147957580657;0.5987490982678008,1.5569408948486368e-12;0.0009268518935820434;0.23607357511364252,conditional_information_dimension,3,0.05886136734284436,0.36075225952864776;0.20421625777257427;0.05886136734284436,0.019277982572126304,False,0,182,0.9723235768999982,,,
CDH2,5,6,CDH1;HSPA1A;FASN;STAT5A;SQSTM1,TUBA1B;TFRC;RAB25;ATM;PTEN;TP53,1,4,4,4,0.0344029336043219,0.04932636236669901,0.4,0.2,1.93677956189081e-26;6.7569552853258996e-12;2.1103112890868066e-06;0.0018288913071366757;0.7100659541457339;0.803796260954857,3.508605000192618e-29;6.323007268036655e-13;3.448661630443445e-06;0.0033163678041055315,reported,4,0.16713572468123367,0.4750991150051458;0.3375716311692877;0.24084205372275128;0.16713572468123367,0.030036808090280434,True,1,182,0.9965919166693586,0.857012813143095,0.0397525785769233,0.5795997841384588
CLDN7,2,9,CDH1;ETS1,VHL;GAPDH;TUBA1B;TFRC;ATM;ERBB2;MAP2K1;TP53;EEF2,1,3,3,2,,0.04932636236669901,0.4,0.2,1.2521625241735422e-25;2.0220565016913574e-09;3.2971631852241555e-05,1.2056283087937906e-18;4.404199189037059e-06,proxy_dimensions,3,,,,,0,183,1.0534329320928604,,,
CDH1,4,9,CLDN7;CAV1;SERPINE1;CTNNB1,VHL;GAPDH;TUBA1B;TFRC;ATM;ERBB2;MAP2K1;TP53;EEF2,1,4,4,4,0.05138425803308428,0.04932636236669901,0.4,0.2,2.113805395984465e-31;7.906056025443683e-13;3.2819845871962658e-06;0.0020525995184420974;0.4958398533051549,3.629928771472416e-22;5.491321001248886e-13;4.452965017414968e-08;3.3816448494004416e-05,reported,4,0.20422570946610405,0.38352626078533036;0.29745692268604;0.2341410800012537;0.20422570946610405,0.03682022084275833,True,1,183,1.12526784002897,-0.6252623308986626,0.036937608239002426,0.6644245003172523
HSPA1A,1,28,COL6A1,VHL;GAPDH;ESR1;TUBA1B;TFRC;CCNB1;SYK;ANXA1;RAB25;CCNE1;GAB2;ATM;MSH6;BCL2L11;ERBB2;RPS6;TP53BP1;TGM2;FOXM1;MSH2;MAPK1;DIABLO;NF2;MAP2K1;TP53;CHEK2;PEA15;EEF2,1,2,2,1,,0.04932636236669901,0.2,0.15,1.5474567460466974e-37;0.01338274948268946,2.2866931615657634e-30,proxy_dimensions,2,,,,,0,183,0.9692083717682565,,,
GAB2,2,9,MYH11;BRAF,VHL;GAPDH;TUBA1B;TFRC;ATM;ERBB2;MAP2K1;TP53;EEF2,1,3,3,2,,0.04932636236669901,0.4,0.2,1.024249679893498e-19;1.984694295376495e-05;0.003905797348488109,4.7593798555013326e-11;0.00029052539089320325,proxy_dimensions,3,,,,,0,183,1.0456191430062969,,,
ASNS,2,28,ACACA;ERBB3,VHL;GAPDH;ESR1;TUBA1B;TFRC;CCNB1;SYK;ANXA1;RAB25;CCNE1;GAB2;ATM;MSH6;BCL2L11;ERBB2;RPS6;TP53BP1;TGM2;FOXM1;MSH2;MAPK1;DIABLO;NF2;MAP2K1;TP53;CHEK2;PEA15;EEF2,1,3,3,2,,0.04932636236669901,0.2,0.15,7.794718467585619e-53;1.5564650934858472e-28;2.433145776269886e-09,2.166423452900379e-38;5.3112303915764383e-17,proxy_dimensions,3,,,,,0,183,1.0042187220861067,,,
BCL2L11,2,9,RAB25;CCNE1,VHL;GAPDH;TUBA1B;TFRC;ATM;ERBB2;MAP2K1;TP53;EEF2,1,3,3,2,,0.04932636236669901,0.4,0.2,5.4105295157166545e-11;6.084179863471732e-05;0.004655568834557008,4.947143227295829e-09;0.0007630453205370953,proxy_dimensions,3,,,,,0,183,1.001674056428142,,,
BRAF,3,9,GAB2;EEF2K;ETS1,VHL;GAPDH;TUBA1B;TFRC;ATM;ERBB2;MAP2K1;TP53;EEF2,1,3,3,2,0.01926227422065601,0.04932636236669901,0.4,0.2,2.428868243907293e-29;2.7709136190553896e-14;0.0005645513841125072;0.05251871215534083,3.7013247262197276e-21;1.8100131349565063e-09;0.19477276773778948,conditional_information_dimension,3,0.06440088839997678,0.4017303390368006;0.3243427926179624;0.06440088839997678,0.034306588201136926,False,0,183,0.992614921239995,,,
CDH2,2,28,STAT5A;PREX1,VHL;GAPDH;ESR1;TUBA1B;TFRC;CCNB1;SYK;ANXA1;RAB25;CCNE1;GAB2;ATM;MSH6;BCL2L11;ERBB2;RPS6;TP53BP1;TGM2;FOXM1;MSH2;MAPK1;DIABLO;NF2;MAP2K1;TP53;CHEK2;PEA15;EEF2,1,3,3,2,,0.04932636236669901,0.2,0.15,1.8657750451985907e-46;1.2040984421833133e-24;3.223054512664741e-11,3.0203714786811524e-33;3.196305465639156e-11,proxy_dimensions,3,,,,,0,183,1.0523948208060143,,,
CLDN7,2,9,CDH1;PRKCA,TUBA1B;ANXA1;RAB25;ASNS;BCL2L11;MAPK1;NF2;MAP2K1;TP53,2,3,3,2,,0.04932636236669901,0.4,0.2,5.714286932397229e-35;1.7538861096063768e-17;0.00010731523111494634,9.951204300102299e-17;0.0001755664303292368,proxy_dimensions,3,,,,,0,184,0.9954968973207887,,,
CDH1,4,9,ESR1;CLDN7;CTNNB1;RBM15,TUBA1B;ANXA1;RAB25;ASNS;BCL2L11;MAPK1;NF2;MAP2K1;TP53,2,4,4,4,0.036366409341124936,0.04932636236669901,0.4,0.2,1.9421632197149796e-53;2.801348480623634e-29;1.3318312550201775e-09;5.8133532923962136e-05;0.6657265192202648,1.0660263489734313e-50;3.6439733599614866e-29;4.903511430886606e-11;8.751999977790067e-05,reported,4,0.1934410308370335,0.5175690434248306;0.4736890355507179;0.3026314410020711;0.1934410308370335,0.02823805342784516,True,1,184,0.9971178566994061,0.29529122242797234,0.017614659700221018,0.5782939126229725
HSPA1A,2,9,CASP7;COL6A1,TUBA1B;ANXA1;RAB25;ASNS;BCL2L11;MAPK1;NF2;MAP2K1;TP53,2,3,3,2,,0.04932636236669901,0.4,0.2,1.1550370155475259e-17;5.179602098426282e-09;0.0006407502967993957,4.279541572589027e-16;5.822092641657655e-07,proxy_dimensions,3,,,,,0,184,0.9728483892756609,,,
GAB2,3,22,VHL;RAB25;BRAF,TUBA1B;TFRC;CLDN7;FN1;SERPINE1;SYK;ATM;FASN;MSH6;BCL2L11;SQSTM1;ACACA;TP53BP1;TGM2;MSH2;MAPK1;NF2;RBM15;MAP2K1;CHEK2;PEA15;KIT,2,4,4,3,,0.04932636236669901,0.2,0.15,2.104510339663742e-73;1.7484748088167407e-27;9.361335486616484e-14;4.549000824013306e-05,3.071509722183638e-55;4.997057882677229e-25;4.8716393947584124e-11,proxy_dimensions,4,,,,,0,184,1.054400020251272,,,
ASNS,1,22,RICTOR,TUBA1B;TFRC;CLDN7;FN1;SERPINE1;SYK;ATM;FASN;MSH6;BCL2L11;SQSTM1;ACACA;TP53BP1;TGM2;MSH2;MAPK1;NF2;RBM15;MAP2K1;CHEK2;PEA15;KIT,2,2,2,1,,0.04932636236669901,0.2,0.15,2.655807313233255e-24;1.7730457413005908e-06,3.280374285352937e-06,proxy_dimensions,2,,,,,0,184,1.0314519942385143,,,
BCL2L11,1,58,ANXA1,MYH11;VHL;GAPDH;ESR1;TUBA1B;TFRC;IGFBP2;CLDN7;CCNB1;FN1;CAV1;CDH1;SERPINE1;HSPA1A;SYK;AR;RAB25;CASP7;RICTOR;CCNE1;GAB2;ATM;INPP4B;FASN;CTNNB1;MSH6;STAT5A;MYC;ASNS;SQSTM1;EEF2K;ERBB2;PDCD4;RPS6;ACACA;TP53BP1;TGM2;FOXM1;MSH2;MAPK1;DIABLO;BRAF;ERBB3;NF2;RBM15;MAP2K1;PTEN;TP53;ETS1;CHEK2;PEA15;COL6A1;EEF2;PRKCA;CDH2;KIT;PREX1;LCK,2,2,2,1,,0.04932636236669901,0.4,0.2,6.065097755574136e-42;1.1027913692514433e-11,5.661228709636046e-15,proxy_dimensions,2,,,,,0,184,0.9751910818458182,,,
BRAF,4,22,GAB2;EEF2K;PTEN;ETS1,TUBA1B;TFRC;CLDN7;FN1;SERPINE1;SYK;ATM;FASN;MSH6;BCL2L11;SQSTM1;ACACA;TP53BP1;TGM2;MSH2;MAPK1;NF2;RBM15;MAP2K1;CHEK2;PEA15;KIT,2,5,5,4,,0.04932636236669901,0.2,0.15,9.53217174164542e-74;5.128959445000387e-30;9.305733519678893e-16;4.469517357036028e-05;0.018912027105724632,2.2361440081308195e-40;7.290027972534186e-21;1.3000384510182898e-09;0.004086597812199213,proxy_dimensions,5,,,,,0,184,0.967326312745116,,,
CDH2,2,22,CTNNB1;STAT5A,TUBA1B;TFRC;CLDN7;FN1;SERPINE1;SYK;ATM;FASN;MSH6;BCL2L11;SQSTM1;ACACA;TP53BP1;TGM2;MSH2;MAPK1;NF2;RBM15;MAP2K1;CHEK2;PEA15;KIT,2,3,3,2,,0.04932636236669901,0.2,0.15,4.0090844166577416e-87;1.808381518944354e-27;1.8434564136106052e-11,1.6705635257731149e-71;3.051805500251819e-11,proxy_dimensions,3,,,,,0,184,0.9938723209457594,,,
CLDN7,2,34,RAB25;PRKCA,GAPDH;TUBA1B;TFRC;IGFBP2;FN1;CDH1;SERPINE1;SYK;ANXA1;CASP7;ATM;FASN;CTNNB1;STAT5A;ASNS;BCL2L11;SQSTM1;ERBB2;PDCD4;RPS6;ACACA;TP53BP1;TGM2;MAPK1;DIABLO;NF2;RBM15;MAP2K1;CHEK2;PEA15;CDH2;KIT;PREX1;LCK,1,3,3,2,,0.04932636236669901,0.2,0.15,4.356386516380427e-108;1.2351305654536265e-56;2.531429190101093e-14,4.408547105465091e-56;5.53326277848864e-14,proxy_dimensions,3,,,,,0,185,0.9653969864807326,,,
CDH1,3,9,CTNNB1;SQSTM1;CDH2,TFRC;RAB25;FASN;ERBB2;PDCD4;ACACA;MAP2K1;PTEN;TP53,1,4,4,3,,0.04932636236669901,0.4,0.2,6.279270790844461e-30;3.725867904356808e-12;3.737000334762946e-07;0.005383872355525614,2.3393533739883592e-22;7.593935658736345e-08;0.008104948014325687,proxy_dimensions,4,,,,,0,185,1.0077114162687635,,,
HSPA1A,3,9,MYC;COL6A1;CDH2,TFRC;RAB25;FASN;ERBB2;PDCD4;ACACA;MAP2K1;PTEN;TP53,1,4,4,3,,0.04932636236669901,0.4,0.2,3.191292440849406e-21;5.1356472537909605e-15;5.154052443685872e-09;0.0007169261285529606,2.1943585333681386e-18;4.926358620715414e-12;6.278728123011759e-07,proxy_dimensions,4,,,,,0,185,1.083458953756009,,,
GAB2,3,34,VHL;RAB25;BRAF,GAPDH;TUBA1B;TFRC;IGFBP2;FN1;CDH1;SERPINE1;SYK;ANXA1;CASP7;ATM;FASN;CTNNB1;STAT5A;ASNS;BCL2L11;SQSTM1;ERBB2;PDCD4;RPS6;ACACA;TP53BP1;TGM2;MAPK1;DIABLO;NF2;RBM15;MAP2K1;CHEK2;PEA15;CDH2;KIT;PREX1;LCK,1,4,4,3,,0.04932636236669901,0.2,0.15,3.1634556789701554e-66;1.9796232399008552e-30;5.913307431986441e-13;0.007158188362553926,3.0547111576985915e-54;3.8992282884702116e-29;3.485436254198853e-11,proxy_dimensions,4,,,,,0,185,1.0765483820838977,,,
ASNS,1,9,CAV1,TFRC;RAB25;FASN;ERBB2;PDCD4;ACACA;MAP2K1;PTEN;TP53,1,2,2,1,,0.04932636236669901,0.4,0.2,8.042805665701758e-24;4.5817051996632524e-08,2.9873715890258984e-11,proxy_dimensions,2,,,,,0,185,0.9869895651717026,,,
BCL2L11,2,9,PEA15;PRKCA,TFRC;RAB25;FASN;ERBB2;PDCD4;ACACA;MAP2K1;PTEN;TP53,1,3,3,2,,0.04932636236669901,0.4,0.2,1.822405940228993e-23;9.528289732100577e-12;0.003778206786810861,2.959376954345662e-23;4.60123061486396e-11,proxy_dimensions,3,,,,,0,185,0.977127144695207,,,
BRAF,4,9,GAB2;CTNNB1;EEF2K;ETS1,TFRC;RAB25;FASN;ERBB2;PDCD4;ACACA;MAP2K1;PTEN;TP53,1,5,5,4,,0.04932636236669901,0.4,0.2,4.6660060337818014e-17;8.709704650617585e-10;3.0817815815302455e-06;0.0003330451393862479;0.020682013704969457,2.0214940999415404e-13;2.173483704227719e-06;0.00017458985452536134;0.03322002439839149,proxy_dimensions,5,,,,,0,185,0.9104404788523429,,,
CDH2,3,9,CDH1;HSPA1A;SQSTM1,TFRC;RAB25;FASN;ERBB2;PDCD4;ACACA;MAP2K1;PTEN;TP53,1,4,4,3,,0.04932636236669901,0.4,0.2,7.898801985816334e-17;1.738148432868956e-09;3.6732743882157126e-05;0.004558139082215094,1.0798153918003466e-11;1.3740640487748904e-05;0.002326803715123057,proxy_dimensions,4,,,,,0,185,1.012044891877905,,,
CLDN7,2,17,MAP2K1;PRKCA,GAPDH;TUBA1B;TFRC;FN1;SERPINE1;SYK;ANXA1;RAB25;FASN;ASNS;BCL2L11;PDCD4;ACACA;NF2;PTEN;TP53;CDH2,2,3,3,2,,0.04932636236669901,0.2,0.15,3.593374905033591e-48;2.0089009128836866e-24;0.0009131245920283048,4.4528816715717615e-27;1.7158984367067995e-05,proxy_dimensions,3,,,,,0,186,0.9463725601181058,,,
CDH1,3,3,ESR1;CTNNB1;CDH2,TFRC;SYK;TP53,2,2,2,2,0.09733745382649207,0.04932636236669901,0.4,0.2,4.0614002130223056e-20;1.7613090401329953e-06;0.12224381595833622,7.273991528103721e-16;9.35161246706512e-06,reported,2,0.23575551103444767,0.3715998432676306;0.23575551103444767,0.08228874491236254,True,1,186,0.9814447278761859,0.19262502136139223,0.056178322395885216,0.6993098904939314
HSPA1A,2,17,SQSTM1;COL6A1,GAPDH;TUBA1B;TFRC;FN1;SERPINE1;SYK;ANXA1;RAB25;FASN;ASNS;BCL2L11;PDCD4;ACACA;NF2;PTEN;TP53;CDH2,2,3,3,2,,0.04932636236669901,0.2,0.15,6.97886136831998e-35;3.3816467700499904e-10;1.812153257391987e-05,1.2611822361013988e-27;8.157328614156678e-07,proxy_dimensions,3,,,,,0,186,0.9807621861577112,,,
GAB2,1,17,VHL,GAPDH;TUBA1B;TFRC;FN1;SERPINE1;SYK;ANXA1;RAB25;FASN;ASNS;BCL2L11;PDCD4;ACACA;NF2;PTEN;TP53;CDH2,2,2,2,1,,0.04932636236669901,0.2,0.15,4.586528407353353e-13;0.001402850349046947,1.7087664282883557e-06,proxy_dimensions,2,,,,,0,186,1.005676652069894,,,
ASNS,1,3,ACACA,TFRC;SYK;TP53,2,2,2,1,,0.04932636236669901,0.4,0.2,2.4724983918373665e-12;0.003639143207644119,4.7193636322322064e-05,proxy_dimensions,2,,,,,0,186,0.9713723904535172,,,
BCL2L11,2,3,ANXA1;CCNE1,TFRC;SYK;TP53,2,2,2,2,0.05618347079164228,0.04932636236669901,0.4,0.2,3.539571148995719e-09;0.04590577064664123;0.4658854266139072,3.750793454459155e-08;0.021588574209660275,reported,2,0.11372445319552577,0.28765100174946523;0.11372445319552577,0.04667392319530137,True,1,186,0.99398638751996,-2.0759110521940114,-0.09659600434208429,0.6825644407384839
BRAF,4,3,CAV1;CTNNB1;EEF2K;ETS1,TFRC;SYK;TP53,2,3,3,3,0.03867094103542902,0.04932636236669901,0.4,0.2,1.150912337630841e-23;1.4979358219014172e-11;0.000965727065124749,1.18199707112197e-16;0.00024550401037526387;0.04231539117391392,reported,3,0.12463760363027902,0.41818247201345854;0.2167841967200083;0.12463760363027902,0.03867094103542898,True,1,186,1.0140340977192626,4.36915544126378,0.11997190959493595,0.3249948790086562
CDH2,2,29,STAT5A;SQSTM1,VHL;GAPDH;TFRC;IGFBP2;FN1;SERPINE1;SYK;ANXA1;RAB25;GAB2;ATM;FASN;ASNS;BCL2L11;EEF2K;PDCD4;RPS6;ACACA;MAPK1;DIABLO;BRAF;NF2;MAP2K1;PTEN;TP53;ETS1;PEA15;EEF2;KIT,2,3,3,2,,0.04932636236669901,0.4,0.25,3.1216239130220085e-71;4.521229431560871e-35;4.331378521147275e-14,2.0284325770293067e-51;1.4480298506011286e-18,proxy_dimensions,3,,,,,0,186,1.0080527629215474,,,
CLDN7,1,31,CDH1,VHL;GAPDH;TUBA1B;TFRC;IGFBP2;SYK;ANXA1;RAB25;CASP7;GAB2;ATM;FASN;STAT5A;ASNS;BCL2L11;ERBB2;PDCD4;ACACA;TP53BP1;MAPK1;DIABLO;NF2;RBM15;MAP2K1;PTEN;CHEK2;PEA15;EEF2;KIT;PREX1;LCK,1,2,2,1,,0.04932636236669901,0.2,0.15,3.4912259843968156e-40;3.4399416861450794e-08,9.135178908693566e-13,proxy_dimensions,2,,,,,0,187,0.9825645423958278,,,
CDH1,3,31,CLDN7;FN1;CTNNB1,VHL;GAPDH;TUBA1B;TFRC;IGFBP2;SYK;ANXA1;RAB25;CASP7;GAB2;ATM;FASN;STAT5A;ASNS;BCL2L11;ERBB2;PDCD4;ACACA;TP53BP1;MAPK1;DIABLO;NF2;RBM15;MAP2K1;PTEN;CHEK2;PEA15;EEF2;KIT;PREX1;LCK,1,4,4,3,,0.04932636236669901,0.2,0.15,1.017855528691123e-115;5.782359867757545e-51;1.967374894502492e-20;1.821438246898814e-08,1.5672411836663295e-91;3.076568092523876e-36;3.2387752747077994e-12,proxy_dimensions,4,,,,,0,187,0.9076138773629147,,,
HSPA1A,2,11,COL6A1;KIT,VHL;GAPDH;ESR1;TFRC;RAB25;ATM;ASNS;BCL2L11;PDCD4;MAP2K1;TP53,1,2,2,2,0.07843962736438356,0.04932636236669901,0.4,0.2,8.678903036317984e-24;1.0077466597805e-05;0.12175327060884625,1.434117720465845e-27;0.0001571090645039646,reported,2,0.1860508179854241,0.5020059574675131;0.1860508179854241,0.04871013229192526,True,1,187,1.043955010224218,1.2351117354081562,0.018456417446217434,0.5876185583122101
GAB2,1,58,RAB25,MYH11;VHL;GAPDH;ESR1;TUBA1B;TFRC;IGFBP2;CLDN7;CCNB1;FN1;CAV1;CDH1;SERPINE1;HSPA1A;SYK;ANXA1;AR;CASP7;RICTOR;CCNE1;ATM;INPP4B;FASN;CTNNB1;MSH6;STAT5A;MYC;ASNS;BCL2L11;SQSTM1;EEF2K;ERBB2;PDCD4;RPS6;ACACA;TP53BP1;TGM2;FOXM1;MSH2;MAPK1;DIABLO;BRAF;ERBB3;NF2;RBM15;MAP2K1;PTEN;TP53;ETS1;CHEK2;PEA15;COL6A1;EEF2;PRKCA;CDH2;KIT;PREX1;LCK,1,2,2,1,,0.04932636236669901,0.2,0.15,4.018185762938441e-37;7.136084934415717e-11,1.4674709326217464e-14,proxy_dimensions,2,,,,,0,187,1.0133468234271212,,,
ASNS,1,55,ACACA,MYH11;VHL;GAPDH;ESR1;TUBA1B;TFRC;IGFBP2;CLDN7;CCNB1;FN1;CAV1;CDH1;SERPINE1;HSPA1A;SYK;ANXA1;AR;RAB25;CASP7;RICTOR;CCNE1;GAB2;ATM;INPP4B;CTNNB1;MSH6;STAT5A;MYC;SQSTM1;EEF2K;ERBB2;RPS6;TP53BP1;TGM2;FOXM1;MSH2;MAPK1;DIABLO;BRAF;ERBB3;NF2;RBM15;MAP2K1;PTEN;TP53;ETS1;CHEK2;PEA15;COL6A1;EEF2;PRKCA;CDH2;KIT;PREX1;LCK,1,2,2,1,,0.04932636236669901,0.2,0.15,5.6149611857093995e-40;1.2859671438380482e-19,2.7907633551830363e-19,proxy_dimensions,2,,,,,0,187,1.002695589035474,,,
BCL2L11,1,55,PDCD4,MYH11;VHL;GAPDH;ESR1;TUBA1B;TFRC;IGFBP2;CLDN7;CCNB1;FN1;CAV1;CDH1;SERPINE1;HSPA1A;SYK;ANXA1;AR;RAB25;CASP7;RICTOR;CCNE1;GAB2;ATM;INPP4B;CTNNB1;MSH6;STAT5A;MYC;SQSTM1;EEF2K;ERBB2;RPS6;TP53BP1;TGM2;FOXM1;MSH2;MAPK1;DIABLO;BRAF;ERBB3;NF2;RBM15;MAP2K1;PTEN;TP53;ETS1;CHEK2;PEA15;COL6A1;EEF2;PRKCA;CDH2;KIT;PREX1;LCK,1,2,2,1,,0.04932636236669901,0.2,0.15,1.3599029778937728e-49;2.7040427421729918e-18,7.130890982935976e-34,proxy_dimensions,2,,,,,0,187,0.9580662945136665,,,
BRAF,4,11,EEF2K;PTEN;ETS1;KIT,VHL;GAPDH;ESR1;TFRC;RAB25;ATM;ASNS;BCL2L11;PDCD4;MAP2K1;TP53,1,5,5,4,,0.04932636236669901,0.4,0.2,2.035198774355718e-40;3.2870803086822523e-18;1.4182353471640225e-10;4.8349146885073183e-05;0.007226815452719274,4.2648545927382646e-26;2.646517616968635e-16;4.4955948229444057e-10;0.00044763622886702517,proxy_dimensions,5,,,,,0,187,1.0994048985022908,,,
CDH2,2,11,STAT5A;SQSTM1,VHL;GAPDH;ESR1;TFRC;RAB25;ATM;ASNS;BCL2L11;PDCD4;MAP2K1;TP53,1,2,2,2,0.17412823972219468,0.04932636236669901,0.4,0.2,4.666673406935844e-27;2.784391378130518e-09;0.07676727637468563,1.2074859013632633e-33;8.012694264841767e-14,reported,2,0.35855988026162633,0.4768011179353281;0.35855988026162633,0.08807859187256034,True,1,187,0.9949545171393758,0.9632228580757958,0.043721794328612354,0.5953253236261805
CLDN7,4,9,CDH1;MAPK1;MAP2K1;PRKCA,VHL;GAPDH;TUBA1B;TFRC;SYK;GAB2;TP53;ETS1;KIT,1,5,5,4,,0.04932636236669901,0.2,0.15,1.74346919000707e-61;3.647536061905949e-33;1.0000531800955351e-12;4.142256720296452e-06;0.007398982144872277,3.5528502667062136e-40;1.4794805940812952e-16;1.1329034162759024e-07;0.0035175065787508716,proxy_dimensions,5,,,,,0,188,1.0299732820362073,,,
CDH1,3,13,CLDN7;CAV1;CTNNB1,VHL;GAPDH;TFRC;RAB25;GAB2;TGM2;MAPK1;DIABLO;NF2;MAP2K1;PTEN;TP53;PEA15,1,4,4,3,,0.04932636236669901,0.4,0.2,2.5799804461253917e-79;2.333622626481686e-37;1.5054913985753423e-14;0.01507421490520478,1.409197855897173e-51;6.264282695006399e-29;7.173662971712517e-09,proxy_dimensions,4,,,,,0,188,1.026313120601146,,,
HSPA1A,2,13,COL6A1;KIT,VHL;GAPDH;TFRC;RAB25;GAB2;TGM2;MAPK1;DIABLO;NF2;MAP2K1;PTEN;TP53;PEA15,1,3,3,2,,0.04932636236669901,0.4,0.2,4.3516408345849645e-21;4.88446042603723e-07;0.009481786821040832,1.0942126542464622e-18;8.659527785921495e-06,proxy_dimensions,3,,,,,0,188,1.0575070357704186,,,
GAB2,3,2,RAB25;SQSTM1;ERBB2,VHL;PTEN,1,1,1,0,0.05815173376586098,0.04932636236669901,0.4,0.15,1.1108845947529577e-05;0.2838955122251633,0.27207908457386365,conditional_information_dimension,1,0.09787801646636306,0.09787801646636306,0.04087797603136847,False,0,188,0.9666387073993392,,,
ASNS,4,13,ACACA;FOXM1;CHEK2;PRKCA,VHL;GAPDH;TFRC;RAB25;GAB2;TGM2;MAPK1;DIABLO;NF2;MAP2K1;PTEN;TP53;PEA15,1,4,4,4,0.026914348869041236,0.04932636236669901,0.4,0.2,5.67962648539104e-58;9.786307475207989e-27;1.0328669381527551e-15;1.129825180086186e-07;0.0783894702057958,2.555573948394024e-59;1.4289141258250946e-28;9.39988677108994e-15;0.0028402350059640465,reported,4,0.14776118483285733,0.5867500007667534;0.4288402608507011;0.3799408913278275;0.14776118483285733,0.031450155767028955,True,1,188,0.9790063194544816,-2.841358520727288,-0.0051876994559549045,0.6825484013357812
BCL2L11,3,9,ANXA1;PDCD4;PRKCA,VHL;GAPDH;TUBA1B;TFRC;SYK;GAB2;TP53;ETS1;KIT,1,4,4,3,,0.04932636236669901,0.2,0.15,4.687044394263106e-28;2.1510191957572378e-11;0.000164615062559302;0.04327211374084624,2.2472348042397882e-21;8.335800903879205e-05;0.01189950763072483,proxy_dimensions,4,,,,,0,188,1.0231013023526518,,,
BRAF,2,13,CAV1;EEF2K,VHL;GAPDH;TFRC;RAB25;GAB2;TGM2;MAPK1;DIABLO;NF2;MAP2K1;PTEN;TP53;PEA15,1,3,3,2,,0.04932636236669901,0.4,0.2,2.8250143573716663e-46;1.7513870570275222e-23;7.772595086836689e-10,2.2037577362304097e-27;3.8738970676206327e-14,proxy_dimensions,3,,,,,0,188,1.0137667451034351,,,
CDH2,2,13,STAT5A;SQSTM1,VHL;GAPDH;TFRC;RAB25;GAB2;TGM2;MAPK1;DIABLO;NF2;MAP2K1;PTEN;TP53;PEA15,1,3,3,2,,0.04932636236669901,0.4,0.2,2.3497390434287874e-28;1.06413417964784e-15;0.00029926642737271086,8.72620195038532e-22;1.6966317128885042e-10,proxy_dimensions,3,,,,,0,188,0.975371707069556,,,
CLDN7,2,27,CDH1;PRKCA,VHL;GAPDH;FN1;SERPINE1;SYK;RAB25;CASP7;GAB2;ATM;FASN;MSH6;STAT5A;SQSTM1;ERBB2;RPS6;ACACA;TGM2;MSH2;MAPK1;DIABLO;NF2;MAP2K1;PTEN;TP53;PEA15;CDH2;KIT,1,3,3,2,,0.04932636236669901,0.2,0.15,1.3913334407173856e-69;8.26598414411676e-33;1.329903044600401e-11,1.2003675210384266e-47;3.241401847236609e-14,proxy_dimensions,3,,,,,0,189,0.9613512821020315,,,
CDH1,3,27,TFRC;CLDN7;CTNNB1,VHL;GAPDH;FN1;SERPINE1;SYK;RAB25;CASP7;GAB2;ATM;FASN;MSH6;STAT5A;SQSTM1;ERBB2;RPS6;ACACA;TGM2;MSH2;MAPK1;DIABLO;NF2;MAP2K1;PTEN;TP53;PEA15;CDH2;KIT,1,4,4,3,,0.04932636236669901,0.2,0.15,8.016451116876723e-104;8.198744973402358e-54;1.562817351815105e-30;1.4694267719304338e-10,1.8082754121272317e-83;1.6608362783257912e-35;5.3696630607245904e-14,proxy_dimensions,4,,,,,0,189,0.9466913271167541,,,
HSPA1A,1,27,COL6A1,VHL;GAPDH;FN1;SERPINE1;SYK;RAB25;CASP7;GAB2;ATM;FASN;MSH6;STAT5A;SQSTM1;ERBB2;RPS6;ACACA;TGM2;MSH2;MAPK1;DIABLO;NF2;MAP2K1;PTEN;TP53;PEA15;CDH2;KIT,1,2,2,1,,0.04932636236669901,0.2,0.15,5.94056832366731e-38;1.9199966899185066e-08,9.65575776326859e-19,proxy_dimensions,2,,,,,0,189,0.9985758063102331,,,
GAB2,1,9,BRAF,GAPDH;TFRC;SYK;RAB25;FASN;ACACA;MAP2K1;PTEN;TP53,1,2,2,1,,0.04932636236669901,0.4,0.2,2.167373918343991e-19;0.012653761818731454,4.930394745764612e-15,proxy_dimensions,2,,,,,0,189,0.9544335861232426,,,
ASNS,3,9,CCNB1;CHEK2;PRKCA,GAPDH;TFRC;SYK;RAB25;FASN;ACACA;MAP2K1;PTEN;TP53,1,4,4,3,,0.04932636236669901,0.4,0.2,7.610558797592009e-67;8.75638210568432e-27;1.5741325335908853e-09;0.005834393478340537,5.877355052012874e-41;2.658437368509644e-22;5.720123984446653e-09,proxy_dimensions,4,,,,,0,189,1.0162379124009993,,,
BCL2L11,1,27,PRKCA,VHL;GAPDH;FN1;SERPINE1;SYK;RAB25;CASP7;GAB2;ATM;FASN;MSH6;STAT5A;SQSTM1;ERBB2;RPS6;ACACA;TGM2;MSH2;MAPK1;DIABLO;NF2;MAP2K1;PTEN;TP53;PEA15;CDH2;KIT,1,2,2,1,,0.04932636236669901,0.2,0.15,3.9138659085994323e-50;6.1867084827436e-16,1.3747405788083898e-36,proxy_dimensions,2,,,,,0,189,0.9925446518127246,,,
BRAF,4,9,CAV1;GAB2;EEF2K;ETS1,GAPDH;TFRC;SYK;RAB25;FASN;ACACA;MAP2K1;PTEN;TP53,1,4,4,3,0.0018608054335424186,0.04932636236669901,0.4,0.2,1.2320107719550013e-34;3.5963120470034434e-17;5.418758736289529e-06;0.013800363176570522;0.12837948201347016,2.275924980749436e-24;5.890848273593406e-09;0.0005396629145960977;0.8807778982033112,conditional_information_dimension,4,0.007466459068308743,0.46027657857154364;0.2953271642990141;0.21886592418486536;0.007466459068308743,0.020693160954826793,False,0,189,1.0344850183146403,,,
CDH2,2,56,STAT5A;SQSTM1,MYH11;VHL;GAPDH;ESR1;TUBA1B;TFRC;IGFBP2;CLDN7;CCNB1;FN1;CAV1;CDH1;SERPINE1;HSPA1A;SYK;ANXA1;AR;RAB25;CASP7;RICTOR;CCNE1;GAB2;INPP4B;FASN;CTNNB1;MSH6;MYC;ASNS;BCL2L11;EEF2K;ERBB2;PDCD4;RPS6;ACACA;TP53BP1;TGM2;FOXM1;MSH2;MAPK1;DIABLO;BRAF;ERBB3;NF2;RBM15;MAP2K1;PTEN;TP53;ETS1;CHEK2;PEA15;COL6A1;EEF2;PRKCA;KIT;PREX1;LCK,1,3,3,2,,0.04932636236669901,0.2,0.15,2.1339715347784203e-93;1.2749595508686235e-40;4.6081354947178235e-17,3.727256566103271e-70;4.857381754612983e-26,proxy_dimensions,3,,,,,0,189,1.0002966495041077,,,
CLDN7,2,30,DIABLO;PRKCA,VHL;GAPDH;TUBA1B;TFRC;IGFBP2;CDH1;ANXA1;RAB25;CASP7;GAB2;FASN;CTNNB1;STAT5A;BCL2L11;ERBB2;PDCD4;ACACA;TP53BP1;TGM2;MAPK1;BRAF;NF2;RBM15;MAP2K1;PTEN;TP53;ETS1;PEA15;CDH2;KIT,2,3,3,2,,0.04932636236669901,0.2,0.15,3.5151306837523835e-105;3.63199418780473e-57;3.9636194964367943e-13,6.869550284930362e-60;2.2853986554175897e-14,proxy_dimensions,3,,,,,0,190,1.0792697417860915,,,
CDH1,3,15,CLDN7;CTNNB1;SQSTM1,VHL;GAPDH;TUBA1B;TFRC;RAB25;GAB2;FASN;PDCD4;RPS6;ACACA;MAPK1;NF2;MAP2K1;PTEN;PEA15,2,4,4,3,,0.04932636236669901,0.4,0.2,1.1021043486468057e-75;2.217608458091186e-37;3.3508673048826513e-13;1.5501553486793205e-05,6.657382823805106e-55;6.365895571103644e-18;2.7009650246596536e-05,proxy_dimensions,4,,,,,0,190,1.048981568458752,,,
HSPA1A,1,30,COL6A1,VHL;GAPDH;TUBA1B;TFRC;IGFBP2;CDH1;ANXA1;RAB25;CASP7;GAB2;FASN;CTNNB1;STAT5A;BCL2L11;ERBB2;PDCD4;ACACA;TP53BP1;TGM2;MAPK1;BRAF;NF2;RBM15;MAP2K1;PTEN;TP53;ETS1;PEA15;CDH2;KIT,2,2,2,1,,0.04932636236669901,0.2,0.15,2.644457221245478e-42;1.6420671414621158e-13,2.530942500208975e-22,proxy_dimensions,2,,,,,0,190,0.9996233498381468,,,
GAB2,1,57,BCL2L11,MYH11;VHL;GAPDH;ESR1;TUBA1B;TFRC;IGFBP2;CLDN7;CCNB1;FN1;CAV1;CDH1;SERPINE1;HSPA1A;SYK;AR;RAB25;CASP7;RICTOR;CCNE1;ATM;INPP4B;FASN;CTNNB1;MSH6;STAT5A;MYC;ASNS;SQSTM1;EEF2K;ERBB2;PDCD4;RPS6;ACACA;TP53BP1;TGM2;FOXM1;MSH2;MAPK1;DIABLO;BRAF;ERBB3;NF2;RBM15;MAP2K1;PTEN;TP53;ETS1;CHEK2;PEA15;COL6A1;EEF2;PRKCA;CDH2;KIT;PREX1;LCK,2,2,2,1,,0.04932636236669901,0.2,0.15,1.1531629169581256e-57;1.6307324747164923e-18,3.924193593714141e-34,proxy_dimensions,2,,,,,0,190,0.9624159771140735,,,
ASNS,1,30,SYK,VHL;GAPDH;TUBA1B;TFRC;IGFBP2;CDH1;ANXA1;RAB25;CASP7;GAB2;FASN;CTNNB1;STAT5A;BCL2L11;ERBB2;PDCD4;ACACA;TP53BP1;TGM2;MAPK1;BRAF;NF2;RBM15;MAP2K1;PTEN;TP53;ETS1;PEA15;CDH2;KIT,2,2,2,1,,0.04932636236669901,0.2,0.15,2.6485254780379918e-49;1.2499158641502943e-16,1.879862473041949e-25,proxy_dimensions,2,,,,,0,190,1.0305682724595036,,,
BCL2L11,2,57,ANXA1;GAB2,MYH11;VHL;GAPDH;ESR1;TUBA1B;TFRC;IGFBP2;CLDN7;CCNB1;FN1;CAV1;CDH1;SERPINE1;HSPA1A;SYK;AR;RAB25;CASP7;RICTOR;CCNE1;ATM;INPP4B;FASN;CTNNB1;MSH6;STAT5A;MYC;ASNS;SQSTM1;EEF2K;ERBB2;PDCD4;RPS6;ACACA;TP53BP1;TGM2;FOXM1;MSH2;MAPK1;DIABLO;BRAF;ERBB3;NF2;RBM15;MAP2K1;PTEN;TP53;ETS1;CHEK2;PEA15;COL6A1;EEF2;PRKCA;CDH2;KIT;PREX1;LCK,2,3,3,2,,0.04932636236669901,0.2,0.15,1.5997988946908563e-71;1.8784275093703757e-30;1.7335208919689461e-10,2.153506779023661e-37;1.8658937607684772e-16,proxy_dimensions,3,,,,,0,190,0.9867694552492833,,,
BRAF,2,15,EEF2K;ETS1,VHL;GAPDH;TUBA1B;TFRC;RAB25;GAB2;FASN;PDCD4;RPS6;ACACA;MAPK1;NF2;MAP2K1;PTEN;PEA15,2,3,3,2,,0.04932636236669901,0.4,0.2,5.204131139637337e-35;2.1145460039282703e-11;0.00373766242384203,4.789697860770069e-14;1.0045923026167077e-05,proxy_dimensions,3,,,,,0,190,1.0104252714725044,,,
CDH2,2,15,STAT5A;SQSTM1,VHL;GAPDH;TUBA1B;TFRC;RAB25;GAB2;FASN;PDCD4;RPS6;ACACA;MAPK1;NF2;MAP2K1;PTEN;PEA15,2,3,3,2,,0.04932636236669901,0.4,0.2,5.25311477902765e-36;1.532957721148592e-20;8.149059413437225e-11,1.6522379571914222e-25;1.8854820111215796e-11,proxy_dimensions,3,,,,,0,190,1.0144363425675165,,,
CLDN7,3,20,TFRC;CAV1;CDH1,GAPDH;TUBA1B;FN1;SERPINE1;SYK;ANXA1;CCNE1;ATM;BCL2L11;EEF2K;PDCD4;TP53BP1;DIABLO;BRAF;RBM15;PTEN;TP53;CHEK2;PRKCA;KIT,1,4,4,3,,0.04932636236669901,0.2,0.15,1.76927662693237e-68;8.772450837728773e-28;1.2564325214461371e-09;0.02332679040497299,1.3724202707338778e-44;6.786712294912084e-20;0.02148861878348573,proxy_dimensions,4,,,,,0,191,1.0257444401790448,,,
CDH1,3,10,CLDN7;FN1;CTNNB1,VHL;GAPDH;TUBA1B;RAB25;GAB2;STAT5A;DIABLO;PTEN;TP53;CDH2,1,4,4,3,,0.04932636236669901,0.4,0.2,2.4876433432772805e-42;1.4535152532358497e-21;1.0975085359414278e-10;0.00010489445020079028,3.0529640198736655e-25;1.3713779149055491e-14;2.5332154469000046e-08,proxy_dimensions,4,,,,,0,191,1.0929641550806592,,,
HSPA1A,2,10,BRAF;COL6A1,VHL;GAPDH;TUBA1B;RAB25;GAB2;STAT5A;DIABLO;PTEN;TP53;CDH2,1,3,3,2,,0.04932636236669901,0.4,0.2,1.888170381846531e-28;0.00016957645968445094;0.023532480227310467,1.5446232087013016e-19;0.007895029494016681,proxy_dimensions,3,,,,,0,191,1.0073325300083347,,,
GAB2,1,20,VHL,GAPDH;TUBA1B;FN1;SERPINE1;SYK;ANXA1;CCNE1;ATM;BCL2L11;EEF2K;PDCD4;TP53BP1;DIABLO;BRAF;RBM15;PTEN;TP53;CHEK2;PRKCA;KIT,1,2,2,1,,0.04932636236669901,0.2,0.15,1.5186870822018878e-26;2.3547681860632024e-05,1.1164855337753713e-07,proxy_dimensions,2,,,,,0,191,0.982260133028221,,,
ASNS,2,10,ACACA;PRKCA,VHL;GAPDH;TUBA1B;RAB25;GAB2;STAT5A;DIABLO;PTEN;TP53;CDH2,1,3,3,2,,0.04932636236669901,0.4,0.2,5.0657071528745045e-21;3.82957790821093e-12;2.981843297300838e-06,3.152140484195119e-15;4.566650660411168e-06,proxy_dimensions,3,,,,,0,191,1.0227437877572472,,,
BCL2L11,3,10,ANXA1;CCNE1;PDCD4,VHL;GAPDH;TUBA1B;RAB25;GAB2;STAT5A;DIABLO;PTEN;TP53;CDH2,1,3,3,2,0.02430808767857276,0.04932636236669901,0.4,0.2,3.1077023555422056e-20;1.7583902222272082e-08;0.007991534175118954;0.4006881924730169,9.737307563364916e-22;3.739601717306233e-07;0.11947874628079637,conditional_information_dimension,3,0.07729818478191089,0.43583515452471017;0.2800376979177794;0.07729818478191089,0.027338980672034843,False,0,191,1.003449896205384,,,
BRAF,2,10,CAV1;HSPA1A,VHL;GAPDH;TUBA1B;RAB25;GAB2;STAT5A;DIABLO;PTEN;TP53;CDH2,1,3,3,2,,0.04932636236669901,0.4,0.2,2.111395769361451e-27;1.8482990424664816e-08;0.012255068126971948,1.041215692692792e-12;2.8450970811864157e-07,proxy_dimensions,3,,,,,0,191,0.9723760711236069,,,
CDH2,2,20,STAT5A;SQSTM1,GAPDH;TUBA1B;FN1;SERPINE1;SYK;ANXA1;CCNE1;ATM;BCL2L11;EEF2K;PDCD4;TP53BP1;DIABLO;BRAF;RBM15;PTEN;TP53;CHEK2;PRKCA;KIT,1,3,3,2,,0.04932636236669901,0.2,0.15,5.753741095086135e-50;3.585899678754334e-27;3.4556094356464065e-11,4.560596492503595e-34;1.1560567347011693e-11,proxy_dimensions,3,,,,,0,191,1.0222501745683692,,,
CLDN7,3,9,CDH1;MAPK1;PRKCA,ESR1;TUBA1B;SYK;ATM;DIABLO;MAP2K1;PTEN;TP53;EEF2,2,4,4,3,,0.04932636236669901,0.4,0.2,1.5999204345224445e-61;2.218650641946468e-29;3.096768857587798e-09;0.00032416773944764227,5.4570177965108775e-36;3.557076851110278e-13;4.628082778990055e-05,proxy_dimensions,4,,,,,0,192,0.9413797986303339,,,
CDH1,3,9,CLDN7;CTNNB1;RBM15,ESR1;TUBA1B;SYK;ATM;DIABLO;MAP2K1;PTEN;TP53;EEF2,2,4,4,3,,0.04932636236669901,0.4,0.2,8.758120920036587e-63;2.9803329711827277e-34;4.527797217164015e-13;2.107144467728882e-06,2.6178289164340785e-42;1.8276551101642792e-21;1.9684118473017662e-08,proxy_dimensions,4,,,,,0,192,0.9021853230135799,,,
HSPA1A,3,9,TFRC;SQSTM1;COL6A1,ESR1;TUBA1B;SYK;ATM;DIABLO;MAP2K1;PTEN;TP53;EEF2,2,4,4,3,,0.04932636236669901,0.4,0.2,2.394250501514826e-28;5.40546592988286e-16;8.948824353343829e-07;0.002787017677590443,3.2226610712611386e-24;1.1967152017953414e-12;1.1768733102138436e-05,proxy_dimensions,4,,,,,0,192,0.953675036177532,,,
GAB2,2,9,VHL;BRAF,ESR1;TUBA1B;SYK;ATM;DIABLO;MAP2K1;PTEN;TP53;EEF2,2,2,2,2,0.08550643287329264,0.04932636236669901,0.4,0.2,1.582586027382972e-14;0.000284208782088511;0.13350950491132343,3.1695576915701947e-15;6.209426735019827e-05,reported,2,0.19692252466454596,0.3650948019130705;0.19692252466454596,0.05273265141255315,True,1,192,0.9472302736132632,0.12897332535372263,-0.033113196307871434,0.5224780208337776
ASNS,3,9,CAV1;SQSTM1;CHEK2,ESR1;TUBA1B;SYK;ATM;DIABLO;MAP2K1;PTEN;TP53;EEF2,2,3,3,3,0.0589621754227085,0.04932636236669901,0.4,0.2,5.1694848555109755e-28;1.1010682702121827e-10;0.0001308143675775458;0.4138027858774614,5.637325562033052e-30;2.1003565697518688e-12;2.5119257951536356e-05,reported,3,0.2072328407617756,0.4678187243356397;0.31725788854208137;0.2072328407617756,0.040305821005994315,True,1,192,1.0358513113412664,0.8671745217893401,-0.0069737611181857435,0.4503116760321257
BCL2L11,2,9,ANXA1;CCNE1,ESR1;TUBA1B;SYK;ATM;DIABLO;MAP2K1;PTEN;TP53;EEF2,2,3,3,2,,0.04932636236669901,0.4,0.2,7.377525585159363e-15;0.00031101535852547595;0.013398468708072745,9.405972064007985e-14;0.0019086753134799665,proxy_dimensions,3,,,,,0,192,0.9660757902696858,,,
BRAF,2,27,GAB2;ETS1,VHL;GAPDH;ESR1;TUBA1B;TFRC;IGFBP2;CLDN7;FN1;SERPINE1;SYK;RAB25;ATM;FASN;SQSTM1;EEF2K;ERBB2;ACACA;TGM2;MAPK1;DIABLO;NF2;MAP2K1;PTEN;TP53;PEA15;EEF2;KIT,2,3,3,2,,0.04932636236669901,0.4,0.25,1.0186710050258585e-54;2.464931048922402e-18;0.0008638985276634446,1.1104458227477482e-27;5.932315493744255e-12,proxy_dimensions,3,,,,,0,192,0.954382483658774,,,
CDH2,2,26,CCNE1;STAT5A,VHL;GAPDH;ESR1;TUBA1B;TFRC;CLDN7;FN1;CDH1;SERPINE1;SYK;GAB2;ATM;CTNNB1;SQSTM1;EEF2K;PDCD4;RPS6;TP53BP1;MAPK1;DIABLO;BRAF;RBM15;TP53;ETS1;EEF2;KIT,2,3,3,2,,0.04932636236669901,0.2,0.15,3.6715582932121436e-73;3.6077984391845224e-42;4.953777011247925e-15,5.1967214352226195e-53;5.161850588921721e-24,proxy_dimensions,3,,,,,0,192,0.9901787943980818,,,
CLDN7,2,8,MAPK1;PRKCA,GAPDH;TUBA1B;TFRC;SYK;GAB2;ERBB2;MAP2K1;PTEN,1,2,2,2,0.11059350825100386,0.04932636236669901,0.4,0.2,2.9205446938556157e-33;4.757709579907091e-10;0.09364097695880055,6.86361624720451e-31;1.0642907944393009e-07,reported,2,0.25942912157004394,0.50482195997841;0.25942912157004394,0.06699359834806749,True,1,193,0.9136250990015525,-2.2832472001968407,0.007739272138266916,0.6339894133941963
CDH1,2,57,CLDN7;CTNNB1,MYH11;VHL;GAPDH;ESR1;TUBA1B;TFRC;IGFBP2;CCNB1;FN1;CAV1;SERPINE1;HSPA1A;SYK;ANXA1;AR;RAB25;CASP7;RICTOR;CCNE1;GAB2;ATM;INPP4B;FASN;MSH6;STAT5A;MYC;ASNS;BCL2L11;SQSTM1;EEF2K;ERBB2;PDCD4;RPS6;ACACA;TP53BP1;TGM2;FOXM1;MSH2;MAPK1;DIABLO;BRAF;ERBB3;NF2;RBM15;MAP2K1;PTEN;TP53;ETS1;CHEK2;PEA15;COL6A1;EEF2;PRKCA;CDH2;KIT;PREX1;LCK,1,3,3,2,,0.04932636236669901,0.2,0.2,7.155668038330162e-125;4.505849224020074e-63;1.0149577177664787e-14,5.387466810429334e-86;1.3318054415126886e-26,proxy_dimensions,3,,,,,0,193,0.9540821209266724,,,
HSPA1A,2,23,SQSTM1;COL6A1,VHL;GAPDH;ESR1;TUBA1B;TFRC;IGFBP2;SYK;RAB25;GAB2;FASN;ASNS;EEF2K;ERBB2;PDCD4;ACACA;TGM2;MAPK1;DIABLO;NF2;MAP2K1;PTEN;TP53;EEF2,1,3,3,2,,0.04932636236669901,0.4,0.25,6.351101229584326e-29;8.740520898259267e-10;0.001184478085899334,7.838059026310544e-25;2.8920858742366967e-07,proxy_dimensions,3,,,,,0,193,0.9292982860209508,,,
GAB2,1,23,BRAF,VHL;GAPDH;ESR1;TUBA1B;TFRC;CLDN7;FN1;SERPINE1;SYK;ANXA1;RAB25;ATM;FASN;ASNS;SQSTM1;EEF2K;RPS6;ACACA;RBM15;MAP2K1;TP53;PEA15;EEF2,1,2,2,1,,0.04932636236669901,0.2,0.15,2.840535882912846e-32;0.0013980292147181494,3.1178174427603532e-15,proxy_dimensions,2,,,,,0,193,0.9975281937393831,,,
ASNS,3,8,SQSTM1;BRAF;PRKCA,GAPDH;TUBA1B;TFRC;SYK;GAB2;ERBB2;MAP2K1;PTEN,1,4,4,3,,0.04932636236669901,0.4,0.2,1.7492932470826182e-38;1.1342630940060401e-13;1.157232944253739e-05;0.028689154240635804,4.871258506812962e-38;2.3657876396685602e-12;0.00021487309118403943,proxy_dimensions,4,,,,,0,193,0.9770387978303694,,,
BCL2L11,2,23,CCNE1;PRKCA,VHL;GAPDH;ESR1;TUBA1B;TFRC;CLDN7;FN1;SERPINE1;SYK;ANXA1;RAB25;ATM;FASN;ASNS;SQSTM1;EEF2K;RPS6;ACACA;RBM15;MAP2K1;TP53;PEA15;EEF2,1,3,3,2,,0.04932636236669901,0.2,0.15,2.538571213679913e-44;1.8118624929223918e-19;8.469832974856445e-08,3.7276764024637384e-31;8.425376520648924e-08,proxy_dimensions,3,,,,,0,193,0.9712073036169763,,,
BRAF,3,23,RICTOR;GAB2;PTEN,VHL;GAPDH;ESR1;TUBA1B;TFRC;CLDN7;FN1;SERPINE1;SYK;ANXA1;RAB25;ATM;FASN;ASNS;SQSTM1;EEF2K;RPS6;ACACA;RBM15;MAP2K1;TP53;PEA15;EEF2,1,4,4,3,,0.04932636236669901,0.2,0.15,1.8861201741479122e-38;4.585899558305971e-11;4.148026263339247e-05;0.004995393756284899,9.640820272841204e-18;5.219688353365772e-08;0.0052476859886242,proxy_dimensions,4,,,,,0,193,0.9432533120780023,,,
CDH2,4,23,CCNE1;STAT5A;PDCD4;MSH2,VHL;GAPDH;ESR1;TUBA1B;TFRC;CLDN7;FN1;SERPINE1;SYK;ANXA1;RAB25;ATM;FASN;ASNS;SQSTM1;EEF2K;RPS6;ACACA;RBM15;MAP2K1;TP53;PEA15;EEF2,1,5,5,4,,0.04932636236669901,0.2,0.15,1.357270766778099e-117;3.4041244317351553e-64;1.914597666057804e-35;3.7793577569835554e-16;1.018999674536389e-06,3.1658303349208236e-108;3.302832855996869e-55;9.197676128634749e-27;5.979530856678989e-08,proxy_dimensions,5,,,,,0,193,0.9882424748977512,,,
CLDN7,3,6,CDH1;MAPK1;PRKCA,TFRC;RAB25;GAB2;ERBB2;MAP2K1;PTEN,2,3,3,2,0.005768345985311518,0.04932636236669901,0.4,0.2,2.0162085604561877e-31;2.3423445540666503e-13;0.009796627732136274;0.3248382902484419,1.3957234630346413e-23;0.0038662747238463586;0.658710067537321,conditional_information_dimension,3,0.02195890434791793,0.495979616669461;0.192334947380781;0.02195890434791793,0.018124028408722456,False,0,194,0.9816957932755891,,,
CDH1,3,20,CLDN7;CTNNB1;PRKCA,VHL;GAPDH;TUBA1B;TFRC;SYK;RAB25;GAB2;EEF2K;ERBB2;RPS6;TGM2;MAPK1;DIABLO;BRAF;NF2;MAP2K1;PTEN;TP53;PEA15;CDH2,2,4,4,3,,0.04932636236669901,0.4,0.25,4.2740950031481256e-74;5.677141215393047e-46;9.245982713729712e-21;8.340115548322892e-06,9.314721163261549e-58;9.965401522556377e-33;1.6857138550651455e-09,proxy_dimensions,4,,,,,0,194,0.9423599328939498,,,
HSPA1A,3,6,MYC;SQSTM1;COL6A1,TFRC;RAB25;GAB2;ERBB2;MAP2K1;PTEN,2,3,3,3,0.05548318844207957,0.04932636236669901,0.4,0.2,1.0929207500315603e-09;0.00013027065092528582;0.015283768389348062;0.10563784380543978,4.4858692617183377e-13;4.89287887432363e-07;0.0007533578312212897,reported,3,0.16636095933144657,0.31712863250393136;0.2377570598142998;0.16636095933144657,0.04189011657977385,True,1,194,0.9425149688737282,0.731040590620814,0.023729892549000348,0.6020862997658845
GAB2,0,0,,,2,0,0,0,,0.04932636236669901,0.2,0.15,,,no_shared_direction,0,,,,,0,194,1.0486688421268495,,,
ASNS,2,20,CCNB1;CHEK2,VHL;GAPDH;TUBA1B;TFRC;SYK;RAB25;GAB2;EEF2K;ERBB2;RPS6;TGM2;MAPK1;DIABLO;BRAF;NF2;MAP2K1;PTEN;TP53;PEA15;CDH2,2,3,3,2,,0.04932636236669901,0.4,0.25,4.265823098394198e-38;2.0646425731019673e-17;0.00035514613016398666,2.132035177265698e-30;3.868256157332693e-09,proxy_dimensions,3,,,,,0,194,1.0227895566112875,,,
BCL2L11,2,20,CCNE1;PDCD4,VHL;GAPDH;TUBA1B;TFRC;SYK;RAB25;GAB2;EEF2K;ERBB2;RPS6;TGM2;MAPK1;DIABLO;BRAF;NF2;MAP2K1;PTEN;TP53;PEA15;CDH2,2,3,3,2,,0.04932636236669901,0.4,0.25,6.666485886263337e-24;1.4095020824755273e-11;0.027176313292011048,7.313383475208521e-12;0.018355127112815006,proxy_dimensions,3,,,,,0,194,0.9810170770720033,,,
BRAF,3,25,RICTOR;EEF2K;ETS1,GAPDH;TUBA1B;CLDN7;CDH1;SYK;ANXA1;RAB25;CASP7;GAB2;FASN;CTNNB1;MSH6;ASNS;ERBB2;PDCD4;RPS6;ACACA;MSH2;MAP2K1;PTEN;TP53;CHEK2;EEF2;CDH2;KIT,2,4,4,3,,0.04932636236669901,0.2,0.15,6.584162914573743e-78;1.4650873716186873e-41;1.631353840876193e-17;5.76691501887361e-08,1.5821951515343044e-56;3.677493680427732e-23;7.057826822375704e-09,proxy_dimensions,4,,,,,0,194,0.9675024446314306,,,
CDH2,2,6,CDH1;STAT5A,TFRC;RAB25;GAB2;ERBB2;MAP2K1;PTEN,2,2,2,2,0.11261116195442689,0.04932636236669901,0.4,0.2,1.529384315570532e-12;2.750923086282036e-06;0.5928932920065971,4.4946870909443794e-14;1.9750494030370013e-07,reported,2,0.2540639404550061,0.3120286724124967;0.2540639404550061,0.07237732131373677,True,1,194,0.9875483884551227,-0.16160273238349712,0.02842952984626815,0.6062634983225066
CLDN7,2,26,CDH1;PRKCA,GAPDH;TFRC;IGFBP2;CCNB1;SYK;ANXA1;RAB25;CASP7;CCNE1;GAB2;ATM;MSH6;ASNS;BCL2L11;ERBB2;RPS6;TP53BP1;FOXM1;MSH2;DIABLO;BRAF;RBM15;PTEN;ETS1;PREX1;LCK,2,3,3,2,,0.04932636236669901,0.2,0.15,3.0191848662939846e-52;2.5046834158424633e-23;0.00043369035429971297,2.294669952526813e-28;2.551896176710286e-08,proxy_dimensions,3,,,,,0,195,0.9499231867567183,,,
CDH1,4,14,CLDN7;CTNNB1;SQSTM1;PRKCA,GAPDH;TUBA1B;TFRC;CCNB1;SYK;RAB25;CCNE1;GAB2;ATM;BCL2L11;FOXM1;DIABLO;PTEN;TP53,2,4,4,4,0.042732567321638416,0.04932636236669901,0.4,0.2,5.886289469208191e-71;5.682062198403541e-41;1.3888166397581133e-15;7.501050766833302e-05;0.052293211363356934,1.2508395873402994e-68;1.8783703523250668e-35;9.880363945980958e-14;1.1007597142284172e-05,reported,4,0.21626811112006894,0.6024266373811037;0.5069742629421646;0.3337258533330703;0.21626811112006894,0.031035980082335244,True,1,195,0.952828574277069,1.1975219346477644,0.14706739800658286,0.5496959048892415
HSPA1A,1,26,COL6A1,GAPDH;TFRC;IGFBP2;CCNB1;SYK;ANXA1;RAB25;CASP7;CCNE1;GAB2;ATM;MSH6;ASNS;BCL2L11;ERBB2;RPS6;TP53BP1;FOXM1;MSH2;DIABLO;BRAF;RBM15;PTEN;ETS1;PREX1;LCK,2,2,2,1,,0.04932636236669901,0.2,0.15,1.7796781032596943e-38;0.0003894241326821278,2.4253719177908764e-23,proxy_dimensions,2,,,,,0,195,1.0287209487467772,,,
GAB2,0,0,,,2,0,0,0,,0.04932636236669901,0.2,0.15,,,no_shared_direction,0,,,,,0,195,0.9388213420835723,,,
ASNS,2,14,MSH2;CHEK2,GAPDH;TUBA1B;TFRC;CCNB1;SYK;RAB25;CCNE1;GAB2;ATM;BCL2L11;FOXM1;DIABLO;PTEN;TP53,2,3,3,2,,0.04932636236669901,0.4,0.2,1.2484598266451709e-57;1.3246068989699486e-15;7.384002328297336e-08,4.0018812272068897e-44;1.6164472597980469e-09,proxy_dimensions,3,,,,,0,195,1.0143473985090183,,,
BCL2L11,1,56,CCNE1,MYH11;VHL;GAPDH;ESR1;TUBA1B;TFRC;IGFBP2;CLDN7;FN1;CAV1;CDH1;SERPINE1;HSPA1A;SYK;ANXA1;AR;RAB25;CASP7;RICTOR;GAB2;ATM;INPP4B;FASN;CTNNB1;MSH6;STAT5A;MYC;ASNS;SQSTM1;EEF2K;ERBB2;PDCD4;RPS6;ACACA;TP53BP1;TGM2;MSH2;MAPK1;DIABLO;BRAF;ERBB3;NF2;RBM15;MAP2K1;PTEN;TP53;ETS1;CHEK2;PEA15;COL6A1;EEF2;PRKCA;CDH2;KIT;PREX1;LCK,2,2,2,1,,0.04932636236669901,0.2,0.15,3.861215762506656e-55;6.002937817158371e-25,2.0187335849721732e-30,proxy_dimensions,2,,,,,0,195,0.9733068795749442,,,
BRAF,1,14,ETS1,GAPDH;TUBA1B;TFRC;CCNB1;SYK;RAB25;CCNE1;GAB2;ATM;BCL2L11;FOXM1;DIABLO;PTEN;TP53,2,2,2,1,,0.04932636236669901,0.4,0.2,2.4682080374622247e-21;7.014594886307639e-07,7.68865531961559e-10,proxy_dimensions,2,,,,,0,195,0.9567352724067282,,,
CDH2,2,26,CTNNB1;STAT5A,GAPDH;TFRC;IGFBP2;CCNB1;SYK;ANXA1;RAB25;CASP7;CCNE1;GAB2;ATM;MSH6;ASNS;BCL2L11;ERBB2;RPS6;TP53BP1;FOXM1;MSH2;DIABLO;BRAF;RBM15;PTEN;ETS1;PREX1;LCK,2,3,3,2,,0.04932636236669901,0.2,0.15,5.406812242276611e-85;1.2633398396001122e-35;1.17759140469638e-08,1.0162328609754143e-69;5.0031594569041263e-20,proxy_dimensions,3,,,,,0,195,1.0641967431164792,,,
CLDN7,3,10,CDH1;ETS1;PRKCA,TFRC;GAB2;FASN;PDCD4;ACACA;DIABLO;MAP2K1;PTEN;TP53;EEF2,1,3,3,3,0.0628369389886532,0.04932636236669901,0.4,0.2,4.4062720189362525e-37;1.092430625497664e-12;0.002460816912831874;0.0733156151196512,3.252435694979181e-24;9.59978896198821e-12;7.049152547461925e-05,reported,3,0.19570860197288217,0.41190044575687346;0.31307449765492684;0.19570860197288217,0.03567161798913133,True,1,196,0.9623073368709399,0.20311831679296544,0.08394478538679148,0.6487750367510151
CDH1,3,10,CLDN7;CAV1;CTNNB1,TFRC;GAB2;FASN;PDCD4;ACACA;DIABLO;MAP2K1;PTEN;TP53;EEF2,1,3,3,3,0.025525912199194117,0.04932636236669901,0.4,0.2,7.9858342139576e-40;1.2520123953372492e-16;1.1177664095252247e-06;0.12588928263204632,3.5362566532467186e-31;2.1145739335094028e-16;0.016252695236065675,reported,3,0.11906406144355791,0.43935972237914095;0.408445140646466;0.11906406144355791,0.02935826194176135,True,1,196,0.9231824522391079,8.823483739487422,0.28513011711568903,0.6461137946466022
HSPA1A,1,20,COL6A1,VHL;GAPDH;TUBA1B;TFRC;IGFBP2;SYK;RAB25;CASP7;GAB2;BCL2L11;SQSTM1;PDCD4;MAPK1;DIABLO;RBM15;MAP2K1;PTEN;TP53;PEA15;KIT,1,2,2,1,,0.04932636236669901,0.2,0.15,1.7317627498485748e-35;2.340252265504673e-14,8.06081617325124e-22,proxy_dimensions,2,,,,,0,196,0.9928835497938083,,,
GAB2,1,58,VHL,MYH11;GAPDH;ESR1;TUBA1B;TFRC;IGFBP2;CLDN7;CCNB1;FN1;CAV1;CDH1;SERPINE1;HSPA1A;SYK;ANXA1;AR;RAB25;CASP7;RICTOR;CCNE1;ATM;INPP4B;FASN;CTNNB1;MSH6;STAT5A;MYC;ASNS;BCL2L11;SQSTM1;EEF2K;ERBB2;PDCD4;RPS6;ACACA;TP53BP1;TGM2;FOXM1;MSH2;MAPK1;DIABLO;BRAF;ERBB3;NF2;RBM15;MAP2K1;PTEN;TP53;ETS1;CHEK2;PEA15;COL6A1;EEF2;PRKCA;CDH2;KIT;PREX1;LCK,1,2,2,1,,0.04932636236669901,0.2,0.15,3.67183765938467e-41;4.255265156502206e-18,1.8608233979058262e-20,proxy_dimensions,2,,,,,0,196,0.9186984825684571,,,
ASNS,2,20,TGM2;CHEK2,VHL;GAPDH;TUBA1B;TFRC;IGFBP2;SYK;RAB25;CASP7;GAB2;BCL2L11;SQSTM1;PDCD4;MAPK1;DIABLO;RBM15;MAP2K1;PTEN;TP53;PEA15;KIT,1,3,3,2,,0.04932636236669901,0.2,0.15,1.268719127715797e-45;7.408546786228689e-21;4.3110843172739476e-07,2.1390466056060503e-31;1.0981104866151977e-10,proxy_dimensions,3,,,,,0,196,0.9027739652339349,,,
BCL2L11,2,10,ANXA1;INPP4B,TFRC;GAB2;FASN;PDCD4;ACACA;DIABLO;MAP2K1;PTEN;TP53;EEF2,1,2,2,2,0.05534182604689518,0.04932636236669901,0.4,0.2,7.82676592521087e-30;1.677907232066275e-11;0.0643193379333638,3.5085297968554714e-25;0.015007967730294676,reported,2,0.12034263405375997,0.49680915226789313;0.12034263405375997,0.05025588600905699,True,1,196,1.0286042715259593,2.4472543142545096,0.2795250049897509,0.6338202009335623
BRAF,2,20,CAV1;EEF2K,VHL;GAPDH;TUBA1B;TFRC;IGFBP2;SYK;RAB25;CASP7;GAB2;BCL2L11;SQSTM1;PDCD4;MAPK1;DIABLO;RBM15;MAP2K1;PTEN;TP53;PEA15;KIT,1,3,3,2,,0.04932636236669901,0.2,0.15,5.77782465611487e-51;1.6107544655348163e-24;6.756076384864426e-08,7.109151436020056e-33;9.667038277212598e-12,proxy_dimensions,3,,,,,0,196,0.9317725068894914,,,
CDH2,2,10,STAT5A;SQSTM1,TFRC;GAB2;FASN;PDCD4;ACACA;DIABLO;MAP2K1;PTEN;TP53;EEF2,1,3,3,2,,0.04932636236669901,0.4,0.2,2.3629740895792783e-23;9.752347289646824e-07;0.012500110687711063,4.86747083835348e-21;0.0010906031938763818,proxy_dimensions,3,,,,,0,196,0.9662299899049569,,,
CLDN7,2,56,CDH1;RAB25,MYH11;VHL;GAPDH;ESR1;TUBA1B;TFRC;IGFBP2;CCNB1;FN1;CAV1;SERPINE1;HSPA1A;SYK;ANXA1;AR;CASP7;RICTOR;CCNE1;GAB2;ATM;INPP4B;FASN;MSH6;STAT5A;MYC;ASNS;BCL2L11;SQSTM1;EEF2K;ERBB2;PDCD4;RPS6;ACACA;TP53BP1;TGM2;FOXM1;MSH2;MAPK1;DIABLO;BRAF;ERBB3;NF2;RBM15;MAP2K1;PTEN;TP53;ETS1;CHEK2;PEA15;COL6A1;EEF2;PRKCA;CDH2;KIT;PREX1;LCK,1,3,3,2,,0.04932636236669901,0.2,0.15,9.413815314961995e-80;7.093421117298069e-26;1.2418143611476226e-09,3.1320250461439756e-38;5.066639923112962e-12,proxy_dimensions,3,,,,,0,197,0.951315304468305,,,
CDH1,4,8,CLDN7;SERPINE1;CTNNB1;CDH2,GAPDH;TUBA1B;RAB25;CASP7;ATM;STAT5A;MAP2K1;PTEN,1,5,5,4,,0.04932636236669901,0.4,0.2,2.025579126893821e-52;7.065023039377123e-31;9.524449482830002e-17;6.802982410070308e-05;0.03805067561793185,1.0627485042338036e-41;1.1732226129253458e-20;1.89450910676412e-06;0.0068043648136059355,proxy_dimensions,5,,,,,0,197,0.9467039525302116,,,
HSPA1A,3,20,COL6A1;CDH2;KIT,GAPDH;ESR1;TUBA1B;CLDN7;RAB25;CASP7;CCNE1;ATM;FASN;STAT5A;ASNS;EEF2K;ERBB2;PDCD4;RPS6;ACACA;MAP2K1;PTEN;TP53;EEF2,1,4,4,3,,0.04932636236669901,0.4,0.25,1.2279877926042176e-51;3.100699117283193e-26;1.831629235736802e-12;5.901343540001027e-05,2.8824448359499807e-41;7.5926364421628035e-19;3.318719087692993e-05,proxy_dimensions,4,,,,,0,197,1.015989663830285,,,
GAB2,2,8,VHL;BRAF,GAPDH;TUBA1B;RAB25;CASP7;ATM;STAT5A;MAP2K1;PTEN,1,3,3,2,,0.04932636236669901,0.4,0.2,7.43499930287083e-19;8.218562711388871e-07;0.023102127384407437,3.573123642089114e-15;1.8048354098524413e-06,proxy_dimensions,3,,,,,0,197,1.0084115127611484,,,
ASNS,1,58,CHEK2,MYH11;VHL;GAPDH;ESR1;TUBA1B;TFRC;IGFBP2;CLDN7;CCNB1;FN1;CAV1;CDH1;SERPINE1;HSPA1A;SYK;ANXA1;AR;RAB25;CASP7;RICTOR;CCNE1;GAB2;ATM;INPP4B;FASN;CTNNB1;MSH6;STAT5A;MYC;BCL2L11;SQSTM1;EEF2K;ERBB2;PDCD4;RPS6;ACACA;TP53BP1;TGM2;FOXM1;MSH2;MAPK1;DIABLO;BRAF;ERBB3;NF2;RBM15;MAP2K1;PTEN;TP53;ETS1;PEA15;COL6A1;EEF2;PRKCA;CDH2;KIT;PREX1;LCK,1,2,2,1,,0.04932636236669901,0.2,0.15,1.3388160705318598e-55;1.6419530672900047e-18,6.237006007355168e-30,proxy_dimensions,2,,,,,0,197,1.0281692765799342,,,
BCL2L11,4,8,FN1;ANXA1;PDCD4;PRKCA,GAPDH;TUBA1B;RAB25;CASP7;ATM;STAT5A;MAP2K1;PTEN,1,4,4,3,0.011029925567343675,0.04932636236669901,0.4,0.2,3.711318472318903e-28;3.6786347719362015e-14;7.707771027258521e-07;0.03247976140256273;0.15726862744394543,1.2048215991525095e-31;2.66820511138606e-16;3.2394877862414406e-07;0.24408462042205226,conditional_information_dimension,4,0.05794003056837353,0.4586018638137312;0.3663374836793127;0.28588800943133497;0.05794003056837353,0.020752672030794065,False,0,197,1.0352465915591849,,,
BRAF,3,20,GAB2;CTNNB1;ETS1,GAPDH;ESR1;TUBA1B;CLDN7;RAB25;CASP7;CCNE1;ATM;FASN;STAT5A;ASNS;EEF2K;ERBB2;PDCD4;RPS6;ACACA;MAP2K1;PTEN;TP53;EEF2,1,4,4,3,,0.04932636236669901,0.4,0.25,4.0523926787384135e-61;1.596973619605837e-20;2.3371273774206316e-06;0.019161554311768733,3.274346343135153e-43;1.4994476779384262e-12;0.0035592129662759273,proxy_dimensions,4,,,,,0,197,0.9724984845470108,,,
CDH2,2,8,CDH1;HSPA1A,GAPDH;TUBA1B;RAB25;CASP7;ATM;STAT5A;MAP2K1;PTEN,1,3,3,2,,0.04932636236669901,0.4,0.2,6.31555246193238e-29;3.082116332807747e-14;1.3419292878214603e-07,9.72754669894394e-22;1.2573258712822649e-08,proxy_dimensions,3,,,,,0,197,0.9865741514797672,,,
CLDN7,2,23,CDH1;ETS1,VHL;GAPDH;TUBA1B;TFRC;IGFBP2;SYK;ANXA1;RAB25;CASP7;GAB2;FASN;EEF2K;ERBB2;PDCD4;RPS6;ACACA;TP53BP1;DIABLO;PTEN;TP53;EEF2;KIT;LCK,1,3,3,2,,0.04932636236669901,0.2,0.15,2.9197051615540757e-57;3.958676813777713e-22;2.9017925051016534e-05,8.34007916552407e-29;7.86320113163563e-08,proxy_dimensions,3,,,,,0,198,1.089015353519192,,,
CDH1,2,23,CLDN7;CTNNB1,VHL;GAPDH;TUBA1B;TFRC;IGFBP2;SYK;ANXA1;RAB25;CASP7;GAB2;FASN;EEF2K;ERBB2;PDCD4;RPS6;ACACA;TP53BP1;DIABLO;PTEN;TP53;EEF2;KIT;LCK,1,3,3,2,,0.04932636236669901,0.2,0.15,6.795294539917811e-50;5.9242210096332306e-18;0.000487008270403254,2.5065532949325067e-29;7.770384312657296e-10,proxy_dimensions,3,,,,,0,198,1.091277682142769,,,
HSPA1A,4,16,SQSTM1;COL6A1;CDH2;KIT,VHL;GAPDH;TUBA1B;IGFBP2;RAB25;GAB2;ATM;FASN;ERBB2;PDCD4;RPS6;ACACA;NF2;MAP2K1;TP53;EEF2,1,5,5,4,,0.04932636236669901,0.4,0.25,1.09676478306384e-40;6.155429870771118e-23;2.001069865862595e-12;4.2020451968926766e-07;0.0006399154856237169,2.6651736854047624e-33;9.514719345840413e-22;9.847017738331825e-11;4.7327311401294625e-05,proxy_dimensions,5,,,,,0,198,1.0402746438432255,,,
GAB2,1,58,KIT,MYH11;VHL;GAPDH;ESR1;TUBA1B;TFRC;IGFBP2;CLDN7;CCNB1;FN1;CAV1;CDH1;SERPINE1;HSPA1A;SYK;ANXA1;AR;RAB25;CASP7;RICTOR;CCNE1;ATM;INPP4B;FASN;CTNNB1;MSH6;STAT5A;MYC;ASNS;BCL2L11;SQSTM1;EEF2K;ERBB2;PDCD4;RPS6;ACACA;TP53BP1;TGM2;FOXM1;MSH2;MAPK1;DIABLO;BRAF;ERBB3;NF2;RBM15;MAP2K1;PTEN;TP53;ETS1;CHEK2;PEA15;COL6A1;EEF2;PRKCA;CDH2;PREX1;LCK,1,2,2,1,,0.04932636236669901,0.2,0.15,6.190463726959218e-73;1.0893032321052222e-33,2.932850142367427e-41,proxy_dimensions,2,,,,,0,198,1.0021069791550823,,,
ASNS,3,23,CCNB1;TGM2;PRKCA,VHL;GAPDH;TUBA1B;TFRC;IGFBP2;SYK;ANXA1;RAB25;CASP7;GAB2;FASN;EEF2K;ERBB2;PDCD4;RPS6;ACACA;TP53BP1;DIABLO;PTEN;TP53;EEF2;KIT;LCK,1,4,4,3,,0.04932636236669901,0.2,0.15,1.774230108691325e-64;1.5089390891372578e-35;2.6300882708944713e-16;9.798095991564258e-06,2.6666805431385584e-49;4.185338998904443e-24;1.0664855575314369e-07,proxy_dimensions,4,,,,,0,198,0.9553675901223615,,,
BCL2L11,3,23,FN1;CCNE1;PRKCA,VHL;GAPDH;TUBA1B;TFRC;IGFBP2;SYK;ANXA1;RAB25;CASP7;GAB2;FASN;EEF2K;ERBB2;PDCD4;RPS6;ACACA;TP53BP1;DIABLO;PTEN;TP53;EEF2;KIT;LCK,1,4,4,3,,0.04932636236669901,0.2,0.15,5.614810501861737e-78;2.9905678573176506e-42;2.459749959167589e-16;0.011008170598357568,3.3077494653140503e-59;2.3860977212232347e-23;2.4216602567721258e-05,proxy_dimensions,4,,,,,0,198,1.0416163061166968,,,
BRAF,3,23,CAV1;ATM;ETS1,VHL;GAPDH;TUBA1B;TFRC;IGFBP2;SYK;ANXA1;RAB25;CASP7;GAB2;FASN;EEF2K;ERBB2;PDCD4;RPS6;ACACA;TP53BP1;DIABLO;PTEN;TP53;EEF2;KIT;LCK,1,4,4,3,,0.04932636236669901,0.2,0.15,7.42299133317064e-90;7.886636980119173e-44;2.159804870749438e-21;2.510367501790153e-10,3.709484055799477e-58;1.3195226690950408e-29;2.717315270733986e-11,proxy_dimensions,4,,,,,0,198,1.004645567636434,,,
CDH2,2,23,STAT5A;SQSTM1,VHL;GAPDH;TUBA1B;TFRC;IGFBP2;SYK;ANXA1;RAB25;CASP7;GAB2;FASN;EEF2K;ERBB2;PDCD4;RPS6;ACACA;TP53BP1;DIABLO;PTEN;TP53;EEF2;KIT;LCK,1,3,3,2,,0.04932636236669901,0.2,0.15,1.273690289527026e-45;1.1072743368636829e-20;1.5976582031161803e-09,8.44027221704544e-34;3.521978470697083e-11,proxy_dimensions,3,,,,,0,198,0.9516552555625368,,,
CLDN7,2,27,CDH1;PRKCA,VHL;GAPDH;TUBA1B;TFRC;IGFBP2;SYK;ANXA1;RAB25;GAB2;ATM;FASN;ASNS;BCL2L11;SQSTM1;EEF2K;PDCD4;ACACA;TP53BP1;DIABLO;BRAF;RBM15;MAP2K1;PTEN;TP53;CHEK2;CDH2;KIT,1,3,3,2,,0.04932636236669901,0.2,0.15,1.605415267827801e-63;5.659477047436038e-25;8.777909088804298e-07,2.3807167568220002e-31;2.6525778432429857e-12,proxy_dimensions,3,,,,,0,199,1.0393263947126243,,,
CDH1,2,27,CLDN7;CTNNB1,VHL;GAPDH;TUBA1B;TFRC;IGFBP2;SYK;ANXA1;RAB25;GAB2;ATM;FASN;ASNS;BCL2L11;SQSTM1;EEF2K;PDCD4;ACACA;TP53BP1;DIABLO;BRAF;RBM15;MAP2K1;PTEN;TP53;CHEK2;CDH2;KIT,1,3,3,2,,0.04932636236669901,0.2,0.15,1.1052673726764907e-97;7.342624883429912e-42;8.275427624105961e-07,2.1888270929416263e-67;1.36175062916501e-14,proxy_dimensions,3,,,,,0,199,1.115347944013211,,,
HSPA1A,1,27,COL6A1,VHL;GAPDH;TUBA1B;TFRC;IGFBP2;SYK;ANXA1;RAB25;GAB2;ATM;FASN;ASNS;BCL2L11;SQSTM1;EEF2K;PDCD4;ACACA;TP53BP1;DIABLO;BRAF;RBM15;MAP2K1;PTEN;TP53;CHEK2;CDH2;KIT,1,2,2,1,,0.04932636236669901,0.2,0.15,1.5358696106070114e-29;4.242234266479171e-06,6.098809900712593e-13,proxy_dimensions,2,,,,,0,199,1.0061666898953865,,,
GAB2,2,57,VHL;PTEN,MYH11;GAPDH;ESR1;TUBA1B;TFRC;IGFBP2;CLDN7;CCNB1;FN1;CAV1;CDH1;SERPINE1;HSPA1A;SYK;ANXA1;AR;RAB25;CASP7;RICTOR;CCNE1;ATM;INPP4B;FASN;CTNNB1;MSH6;STAT5A;MYC;ASNS;BCL2L11;SQSTM1;EEF2K;ERBB2;PDCD4;RPS6;ACACA;TP53BP1;TGM2;FOXM1;MSH2;MAPK1;DIABLO;BRAF;ERBB3;NF2;RBM15;MAP2K1;TP53;ETS1;CHEK2;PEA15;COL6A1;EEF2;PRKCA;CDH2;KIT;PREX1;LCK,1,3,3,2,,0.04932636236669901,0.4,0.2,1.2149842189586491e-39;5.264799253697411e-14;2.2348431054071863e-06,1.3472584833079877e-20;8.755898004083275e-08,proxy_dimensions,3,,,,,0,199,1.0248978357897813,,,
ASNS,2,57,TP53;CHEK2,MYH11;VHL;GAPDH;ESR1;TUBA1B;TFRC;IGFBP2;CLDN7;CCNB1;FN1;CAV1;CDH1;SERPINE1;HSPA1A;SYK;ANXA1;AR;RAB25;CASP7;RICTOR;CCNE1;GAB2;ATM;INPP4B;FASN;CTNNB1;MSH6;STAT5A;MYC;BCL2L11;SQSTM1;EEF2K;ERBB2;PDCD4;RPS6;ACACA;TP53BP1;TGM2;FOXM1;MSH2;MAPK1;DIABLO;BRAF;ERBB3;NF2;RBM15;MAP2K1;PTEN;ETS1;PEA15;COL6A1;EEF2;PRKCA;CDH2;KIT;PREX1;LCK,1,3,3,2,,0.04932636236669901,0.2,0.2,9.389525327771612e-68;8.889912149574481e-28;2.9889634015775674e-14,1.830097571481751e-45;3.136608431798334e-14,proxy_dimensions,3,,,,,0,199,1.0003938476491423,,,
BCL2L11,1,9,CCNE1,VHL;TUBA1B;RAB25;GAB2;ERBB2;DIABLO;MAP2K1;PTEN;TP53,1,2,2,1,,0.04932636236669901,0.4,0.2,2.6742014266618225e-10;0.0006271834984610154,7.81218706443868e-06,proxy_dimensions,2,,,,,0,199,1.0118011111935532,,,
BRAF,2,9,CAV1;ETS1,VHL;TUBA1B;RAB25;GAB2;ERBB2;DIABLO;MAP2K1;PTEN;TP53,1,3,3,2,,0.04932636236669901,0.4,0.2,4.896488795867636e-33;1.1689474158559903e-11;0.0004266579652715421,7.136098753108096e-14;0.00048079555074130137,proxy_dimensions,3,,,,,0,199,1.0352846829684343,,,
CDH2,3,9,AR;STAT5A;SQSTM1,VHL;TUBA1B;RAB25;GAB2;ERBB2;DIABLO;MAP2K1;PTEN;TP53,1,4,4,3,,0.04932636236669901,0.4,0.2,5.248216335165308e-27;1.9674617011115817e-12;4.3223705772793e-06;0.0016455927311578556,5.012779608413143e-22;1.1458115568422467e-10;0.0005490770983892576,proxy_dimensions,4,,,,,0,199,0.9930196952081907,,,
CLDN7,3,7,CDH1;RAB25;PRKCA,VHL;GAPDH;TFRC;MAPK1;MAP2K1;TP53;PEA15,1,4,4,3,,0.04932636236669901,0.4,0.2,1.1165473061387619e-41;6.101396565999529e-17;1.4761608485901463e-07;0.015381446069041387,2.510635411689758e-21;2.1711083116318115e-09;0.003081195638335545,proxy_dimensions,4,,,,,0,200,1.0296380910777005,,,
CDH1,3,7,CLDN7;CTNNB1;PRKCA,VHL;GAPDH;TFRC;MAPK1;MAP2K1;TP53;PEA15,1,3,3,2,0.011589737923479294,0.04932636236669901,0.4,0.2,9.350697480693054e-59;9.606643503925496e-24;9.763259777093348e-10;0.06369124673099946,2.2195542118277363e-38;1.4519082250192524e-13;0.37041242712255906,conditional_information_dimension,3,0.044513170922228125,0.5321131916821138;0.38631530275057613;0.044513170922228125,0.02681770493578095,False,0,200,1.0655437812153048,,,
HSPA1A,1,51,COL6A1,VHL;GAPDH;ESR1;TUBA1B;TFRC;IGFBP2;CLDN7;CCNB1;FN1;CDH1;SERPINE1;SYK;ANXA1;AR;RAB25;CASP7;CCNE1;GAB2;ATM;FASN;CTNNB1;MSH6;STAT5A;ASNS;BCL2L11;SQSTM1;EEF2K;ERBB2;PDCD4;RPS6;ACACA;TP53BP1;TGM2;FOXM1;MSH2;MAPK1;DIABLO;BRAF;NF2;RBM15;MAP2K1;PTEN;TP53;ETS1;CHEK2;PEA15;EEF2;PRKCA;CDH2;PREX1;LCK,1,2,2,1,,0.04932636236669901,0.2,0.15,9.4769762146637e-52;1.0657059704029989e-10,7.328712460664334e-34,proxy_dimensions,2,,,,,0,200,0.9871376029795264,,,
GAB2,2,7,SQSTM1;BRAF,VHL;GAPDH;TFRC;MAPK1;MAP2K1;TP53;PEA15,1,2,2,2,0.12230208943554624,0.04932636236669901,0.4,0.2,2.791433263341951e-22;0.0007019075240168232;0.16770485192249393,2.9806158000505272e-15;2.081283962467792e-05,reported,2,0.2090128782989129,0.3593290371592123;0.2090128782989129,0.07818162541186541,True,1,200,0.9625080530536294,3.438828638518253,0.054011638803369066,0.6141984541494964
ASNS,1,55,CHEK2,MYH11;VHL;GAPDH;ESR1;TUBA1B;TFRC;IGFBP2;CLDN7;FN1;CAV1;CDH1;SERPINE1;HSPA1A;SYK;ANXA1;AR;RAB25;CASP7;RICTOR;GAB2;ATM;INPP4B;FASN;CTNNB1;MSH6;STAT5A;MYC;BCL2L11;SQSTM1;EEF2K;ERBB2;PDCD4;RPS6;ACACA;TP53BP1;TGM2;MSH2;MAPK1;DIABLO;BRAF;ERBB3;NF2;RBM15;MAP2K1;PTEN;TP53;ETS1;PEA15;COL6A1;EEF2;PRKCA;CDH2;KIT;PREX1;LCK,1,2,2,1,,0.04932636236669901,0.4,0.25,2.5267611568383464e-60;4.439243325666343e-11,1.2618241044213396e-23,proxy_dimensions,2,,,,,0,200,0.9439271859098983,,,
BCL2L11,2,47,ANXA1;CCNE1,MYH11;VHL;GAPDH;TUBA1B;TFRC;CLDN7;CAV1;CDH1;HSPA1A;SYK;RAB25;CASP7;RICTOR;GAB2;ATM;INPP4B;FASN;CTNNB1;MSH6;STAT5A;MYC;ASNS;SQSTM1;EEF2K;ERBB2;PDCD4;RPS6;ACACA;TP53BP1;MSH2;MAPK1;DIABLO;BRAF;ERBB3;NF2;RBM15;PTEN;TP53;ETS1;PEA15;COL6A1;EEF2;PRKCA;CDH2;KIT;PREX1;LCK,1,3,3,2,,0.04932636236669901,0.2,0.15,2.004565596658649e-86;4.812878077232883e-38;2.218118984411488e-15,4.7913160000945065e-49;1.5076804600056076e-22,proxy_dimensions,3,,,,,0,200,1.0456287501707275,,,
BRAF,4,25,CAV1;GAB2;EEF2K;ETS1,VHL;GAPDH;TUBA1B;TFRC;CCNB1;RAB25;CCNE1;ATM;FASN;ASNS;BCL2L11;SQSTM1;ERBB2;PDCD4;ACACA;FOXM1;MAPK1;DIABLO;NF2;MAP2K1;PTEN;TP53;CHEK2;PEA15;EEF2,1,5,5,4,,0.04932636236669901,0.4,0.25,7.334466065737597e-104;8.70670925165167e-61;1.011927566728371e-28;4.450447475825694e-14;2.508059579502589e-06,1.18385174724554e-72;7.434899080765476e-40;8.675195549140524e-23;8.017193728002884e-08,proxy_dimensions,5,,,,,0,200,1.0093730613345764,,,
CDH2,3,7,STAT5A;SQSTM1;RPS6,VHL;GAPDH;TFRC;MAPK1;MAP2K1;TP53;PEA15,1,3,3,3,0.05358699752255567,0.04932636236669901,0.4,0.2,4.677774009165023e-27;1.554812404918999e-13;0.015782099187242084;0.40996754147181247,5.468636264908196e-31;1.637846751509964e-15;0.0013681631494815623,reported,3,0.1581685241917285,0.44673696269044444;0.38570800093395596;0.1581685241917285,0.04032577208704822,True,1,200,1.0369181293137746,-0.12216261131474469,-0.07284050814381322,0.5887340058795054
CLDN7,2,22,CDH1;MAP2K1,VHL;GAPDH;TUBA1B;CCNB1;ATM;FASN;MSH6;ASNS;EEF2K;ERBB2;ACACA;TP53BP1;TGM2;FOXM1;MSH2;DIABLO;PTEN;TP53;CHEK2;PEA15;PRKCA;KIT,1,3,3,2,,0.04932636236669901,0.2,0.15,9.150145761764974e-38;4.2308159348250054e-16;0.00014680770397798085,1.1133124523478111e-20;3.32542824668585e-05,proxy_dimensions,3,,,,,0,201,0.9055513667208139,,,
CDH1,4,22,CLDN7;CTNNB1;PDCD4;CDH2,VHL;GAPDH;TUBA1B;CCNB1;ATM;FASN;MSH6;ASNS;EEF2K;ERBB2;ACACA;TP53BP1;TGM2;FOXM1;MSH2;DIABLO;PTEN;TP53;CHEK2;PEA15;PRKCA;KIT,1,5,5,4,,0.04932636236669901,0.2,0.15,1.1244223189574492e-78;3.4495859056496273e-37;1.3652677423876352e-20;2.552227285180094e-08;0.0002311727399240112,1.7831993664315722e-70;3.8415663771177884e-31;2.3777861497643974e-18;6.105207963652931e-06,proxy_dimensions,5,,,,,0,201,0.8349435312363833,,,
HSPA1A,2,22,COL6A1;KIT,GAPDH;TUBA1B;TFRC;IGFBP2;SYK;ANXA1;RAB25;GAB2;ATM;BCL2L11;SQSTM1;EEF2K;ERBB2;PDCD4;TGM2;MAPK1;DIABLO;NF2;MAP2K1;PTEN;TP53;PEA15,1,3,3,2,,0.04932636236669901,0.4,0.25,8.130545775906146e-38;4.548813066954444e-20;2.4184619146186537e-07,5.516412058357031e-21;1.0210216064992622e-07,proxy_dimensions,3,,,,,0,201,1.065585406124019,,,
GAB2,2,3,VHL;KIT,GAPDH;TFRC;PTEN,1,2,2,1,0.04987645001305473,0.04932636236669901,0.4,0.2,8.366038863755368e-08;0.006259576655059133;0.06120239942404631,4.2036885028297535e-07;0.056307067678073246,conditional_information_dimension,2,0.09457068240782432,0.2736731056856662;0.09457068240782432,0.05168516574784366,False,0,201,0.9689760487564583,,,
ASNS,1,22,ACACA,GAPDH;TUBA1B;TFRC;IGFBP2;SYK;ANXA1;RAB25;GAB2;ATM;BCL2L11;SQSTM1;EEF2K;ERBB2;PDCD4;TGM2;MAPK1;DIABLO;NF2;MAP2K1;PTEN;TP53;PEA15,1,2,2,1,,0.04932636236669901,0.4,0.25,4.678522668315791e-24;9.733902092572918e-11,2.0976657689615318e-10,proxy_dimensions,2,,,,,0,201,1.0107345413661177,,,
BCL2L11,2,22,ANXA1;INPP4B,VHL;GAPDH;TUBA1B;CCNB1;ATM;FASN;MSH6;ASNS;EEF2K;ERBB2;ACACA;TP53BP1;TGM2;FOXM1;MSH2;DIABLO;PTEN;TP53;CHEK2;PEA15;PRKCA;KIT,1,3,3,2,,0.04932636236669901,0.2,0.15,1.9215181275186258e-63;7.60887759848464e-23;2.5965028325103827e-07,4.171187049226087e-42;3.6427256962482684e-13,proxy_dimensions,3,,,,,0,201,0.9841478509342585,,,
BRAF,3,22,CASP7;GAB2;ETS1,VHL;GAPDH;TUBA1B;CCNB1;ATM;FASN;MSH6;ASNS;EEF2K;ERBB2;ACACA;TP53BP1;TGM2;FOXM1;MSH2;DIABLO;PTEN;TP53;CHEK2;PEA15;PRKCA;KIT,1,4,4,3,,0.04932636236669901,0.2,0.15,8.84188590005556e-68;7.683386714363519e-35;1.564099703293643e-18;6.920460139700862e-10,8.201161208998382e-36;1.9283779064962626e-18;1.4561821542740225e-09,proxy_dimensions,4,,,,,0,201,0.9993906581094213,,,
CDH2,2,22,CDH1;STAT5A,GAPDH;TUBA1B;TFRC;IGFBP2;SYK;ANXA1;RAB25;GAB2;ATM;BCL2L11;SQSTM1;EEF2K;ERBB2;PDCD4;TGM2;MAPK1;DIABLO;NF2;MAP2K1;PTEN;TP53;PEA15,1,3,3,2,,0.04932636236669901,0.4,0.25,2.769494732197097e-51;1.1922437635634917e-19;2.247836904272096e-08,6.076895903999832e-45;3.345248024592364e-13,proxy_dimensions,3,,,,,0,201,0.9717533861700578,,,
CLDN7,3,18,RAB25;MAPK1;PRKCA,VHL;GAPDH;TFRC;SYK;ANXA1;GAB2;ATM;FASN;ASNS;ERBB2;RPS6;ACACA;DIABLO;NF2;PTEN;TP53;CHEK2;KIT,1,4,4,3,,0.04932636236669901,0.2,0.15,7.391601585013852e-65;1.7709356335431592e-31;7.23864791261007e-15;0.02015274150977991,9.356221085986867e-43;2.0603515551398814e-20;6.0153826841411994e-05,proxy_dimensions,4,,,,,0,202,1.004366137027128,,,
CDH1,3,18,CLDN7;CTNNB1;CDH2,VHL;GAPDH;TUBA1B;TFRC;SYK;RAB25;GAB2;ATM;STAT5A;BCL2L11;TGM2;MAPK1;DIABLO;NF2;MAP2K1;PTEN;TP53;PEA15,1,4,4,3,,0.04932636236669901,0.4,0.25,7.754936254795958e-66;9.530851912681787e-31;1.991551805874846e-17;0.0009026631205491304,4.416478360696943e-47;8.141726029992597e-25;4.2539451211341133e-11,proxy_dimensions,4,,,,,0,202,1.0520498831241825,,,
HSPA1A,2,18,MYC;COL6A1,VHL;GAPDH;TFRC;SYK;ANXA1;GAB2;ATM;FASN;ASNS;ERBB2;RPS6;ACACA;DIABLO;NF2;PTEN;TP53;CHEK2;KIT,1,3,3,2,,0.04932636236669901,0.2,0.15,5.5128407011004715e-46;4.670669749318673e-16;9.417121622247971e-06,1.247772077850051e-36;2.065642950738288e-12,proxy_dimensions,3,,,,,0,202,0.9559914648664518,,,
GAB2,1,58,VHL,MYH11;GAPDH;ESR1;TUBA1B;TFRC;IGFBP2;CLDN7;CCNB1;FN1;CAV1;CDH1;SERPINE1;HSPA1A;SYK;ANXA1;AR;RAB25;CASP7;RICTOR;CCNE1;ATM;INPP4B;FASN;CTNNB1;MSH6;STAT5A;MYC;ASNS;BCL2L11;SQSTM1;EEF2K;ERBB2;PDCD4;RPS6;ACACA;TP53BP1;TGM2;FOXM1;MSH2;MAPK1;DIABLO;BRAF;ERBB3;NF2;RBM15;MAP2K1;PTEN;TP53;ETS1;CHEK2;PEA15;COL6A1;EEF2;PRKCA;CDH2;KIT;PREX1;LCK,1,2,2,1,,0.04932636236669901,0.4,0.2,8.626770455900881e-36;3.5312922559320514e-10,1.7731077495000426e-16,proxy_dimensions,2,,,,,0,202,1.0038423030007408,,,
ASNS,2,9,CCNB1;CAV1,VHL;GAPDH;TFRC;SYK;RAB25;GAB2;NF2;MAP2K1;TP53,1,3,3,2,,0.04932636236669901,0.4,0.2,1.1027715061737652e-19;1.4444847068926481e-09;0.013940924305132801,5.045332847300608e-14;7.838196196861903e-07,proxy_dimensions,3,,,,,0,202,0.9348740314731793,,,
BCL2L11,3,18,PDCD4;TGM2;PRKCA,VHL;GAPDH;TFRC;SYK;ANXA1;GAB2;ATM;FASN;ASNS;ERBB2;RPS6;ACACA;DIABLO;NF2;PTEN;TP53;CHEK2;KIT,1,4,4,3,,0.04932636236669901,0.2,0.15,1.1683394266577266e-44;1.0838462596610168e-23;2.658625247413238e-12;2.63889469148995e-06,4.3092994074874565e-39;3.796626603497279e-19;7.443335010100789e-08,proxy_dimensions,4,,,,,0,202,0.9563497752810942,,,
BRAF,3,18,RICTOR;EEF2K;ETS1,VHL;GAPDH;TFRC;SYK;ANXA1;GAB2;ATM;FASN;ASNS;ERBB2;RPS6;ACACA;DIABLO;NF2;PTEN;TP53;CHEK2;KIT,1,4,4,3,,0.04932636236669901,0.2,0.15,7.551076002790263e-37;5.571490372330943e-19;6.18288179689462e-08;0.0013434533071367755,1.0548255373928178e-18;5.660213818899877e-08;0.0019680193139499746,proxy_dimensions,4,,,,,0,202,0.9673179308109155,,,
CDH2,2,18,STAT5A;MAP2K1,VHL;GAPDH;TFRC;SYK;ANXA1;GAB2;ATM;FASN;ASNS;ERBB2;RPS6;ACACA;DIABLO;NF2;PTEN;TP53;CHEK2;KIT,1,3,3,2,,0.04932636236669901,0.2,0.15,5.29064401484594e-23;3.944521148367401e-11;0.0002811407885321719,7.090084577018395e-21;3.7789460967953125e-09,proxy_dimensions,3,,,,,0,202,1.0094244267689763,,,
CLDN7,3,33,CDH1;MAP2K1;PRKCA,MYH11;VHL;GAPDH;ESR1;TUBA1B;TFRC;IGFBP2;CAV1;HSPA1A;SYK;ANXA1;AR;RAB25;CASP7;RICTOR;GAB2;FASN;ASNS;BCL2L11;SQSTM1;EEF2K;ERBB2;PDCD4;TP53BP1;TGM2;DIABLO;PTEN;CHEK2;COL6A1;EEF2;KIT;PREX1;LCK,1,4,4,3,,0.04932636236669901,0.2,0.15,1.7141858080551306e-88;5.241843247422328e-47;9.343552019781184e-17;9.174374187109395e-05,3.7875595085969474e-53;1.3976032067219385e-22;1.2315777860475446e-09,proxy_dimensions,4,,,,,0,203,1.0825122916550982,,,
CDH1,2,33,CLDN7;CTNNB1,MYH11;VHL;GAPDH;ESR1;TUBA1B;TFRC;IGFBP2;CAV1;HSPA1A;SYK;ANXA1;AR;RAB25;CASP7;RICTOR;GAB2;FASN;ASNS;BCL2L11;SQSTM1;EEF2K;ERBB2;PDCD4;TP53BP1;TGM2;DIABLO;PTEN;CHEK2;COL6A1;EEF2;KIT;PREX1;LCK,1,3,3,2,,0.04932636236669901,0.2,0.15,1.2658976567141454e-88;2.8681256907119452e-37;1.6895548769665618e-07,2.425770857497149e-59;3.310928501116381e-18,proxy_dimensions,3,,,,,0,203,1.013879383901525,,,
HSPA1A,3,25,BRAF;COL6A1;CDH2,VHL;GAPDH;ESR1;TUBA1B;TFRC;IGFBP2;SYK;ANXA1;RAB25;GAB2;ATM;FASN;ASNS;BCL2L11;ERBB2;RPS6;ACACA;TGM2;MAPK1;NF2;MAP2K1;PTEN;TP53;PEA15;KIT,1,4,4,3,,0.04932636236669901,0.4,0.25,8.505481793870151e-61;1.2002612352531475e-24;4.809529126060221e-14;3.5227012998083584e-07,3.5745546042862926e-43;2.601198775950524e-16;5.577114384607354e-07,proxy_dimensions,4,,,,,0,203,0.9887009049514627,,,
GAB2,1,58,VHL,MYH11;GAPDH;ESR1;TUBA1B;TFRC;IGFBP2;CLDN7;CCNB1;FN1;CAV1;CDH1;SERPINE1;HSPA1A;SYK;ANXA1;AR;RAB25;CASP7;RICTOR;CCNE1;ATM;INPP4B;FASN;CTNNB1;MSH6;STAT5A;MYC;ASNS;BCL2L11;SQSTM1;EEF2K;ERBB2;PDCD4;RPS6;ACACA;TP53BP1;TGM2;FOXM1;MSH2;MAPK1;DIABLO;BRAF;ERBB3;NF2;RBM15;MAP2K1;PTEN;TP53;ETS1;CHEK2;PEA15;COL6A1;EEF2;PRKCA;CDH2;KIT;PREX1;LCK,1,2,2,1,,0.04932636236669901,0.2,0.15,4.5755327338732914e-38;3.5620635200699255e-12,1.8386819770418724e-15,proxy_dimensions,2,,,,,0,203,1.0536016624493705,,,
ASNS,2,6,ACACA;ERBB3,TFRC;SYK;RAB25;ERBB2;PTEN;TP53,1,3,3,2,,0.04932636236669901,0.4,0.2,8.779640694834205e-27;1.6048193400691987e-08;0.0009429419820036032,3.5041448347805024e-19;0.0007804792057249254,proxy_dimensions,3,,,,,0,203,0.9436985713683438,,,
BCL2L11,1,6,FN1,TFRC;SYK;RAB25;ERBB2;PTEN;TP53,1,2,2,1,,0.04932636236669901,0.4,0.2,3.1271907157500227e-12;0.03947399465797062,1.4486607413870333e-06,proxy_dimensions,2,,,,,0,203,0.9700876127330242,,,
BRAF,3,25,CAV1;HSPA1A;ETS1,VHL;GAPDH;ESR1;TUBA1B;TFRC;IGFBP2;SYK;ANXA1;RAB25;GAB2;ATM;FASN;ASNS;BCL2L11;ERBB2;RPS6;ACACA;TGM2;MAPK1;NF2;MAP2K1;PTEN;TP53;PEA15;KIT,1,4,4,3,,0.04932636236669901,0.4,0.25,1.5249463356030187e-80;5.732163986190793e-41;2.9422534889500984e-24;1.8530663221852605e-12,4.0916876599168155e-54;8.056268826849704e-25;2.4020889867537996e-12,proxy_dimensions,4,,,,,0,203,1.0178584392266166,,,
CDH2,4,25,HSPA1A;AR;CCNE1;STAT5A,VHL;GAPDH;ESR1;TUBA1B;TFRC;IGFBP2;SYK;ANXA1;RAB25;GAB2;ATM;FASN;ASNS;BCL2L11;ERBB2;RPS6;ACACA;TGM2;MAPK1;NF2;MAP2K1;PTEN;TP53;PEA15;KIT,1,5,5,4,,0.04932636236669901,0.4,0.25,3.2754334084810945e-75;2.934090559611867e-37;1.4344332131876005e-20;8.512589529251196e-10;0.0007208892293675977,1.672873177655012e-66;1.4998307230548031e-30;8.028716444445541e-15;0.00011729777796255073,proxy_dimensions,5,,,,,0,203,0.9480410247233133,,,
CLDN7,2,19,CDH1;DIABLO,VHL;GAPDH;RAB25;CASP7;GAB2;FASN;STAT5A;SQSTM1;EEF2K;PDCD4;ACACA;TGM2;MAPK1;MAP2K1;PTEN;TP53;PEA15;EEF2;CDH2,1,3,3,2,,0.04932636236669901,0.4,0.25,1.7919351033181256e-44;1.422916002374318e-16;2.8647140129598413e-08,3.638621792494741e-17;4.199910115287847e-08,proxy_dimensions,3,,,,,0,204,0.9874338470449125,,,
CDH1,3,15,TFRC;CLDN7;CTNNB1,GAPDH;TUBA1B;IGFBP2;SYK;ANXA1;RAB25;CASP7;STAT5A;BCL2L11;SQSTM1;ERBB2;TP53BP1;DIABLO;TP53;CHEK2,1,3,3,3,0.08809742438696883,0.04932636236669901,0.2,0.15,2.656704404882127e-61;1.4647168773471987e-28;2.1340739127060033e-08;0.05181725756664309,1.1213742749735568e-48;5.389971616120886e-22;1.3849496724016588e-11,reported,3,0.3268172686854266,0.5470317825091199;0.3719490730216107;0.3268172686854266,0.052457421574306724,True,1,204,1.0128403128146006,5.809139759906775,0.2735019598023993,0.6208653622541911
HSPA1A,2,5,COL6A1;CDH2,RAB25;CASP7;SQSTM1;MAP2K1;PTEN,1,2,2,2,0.0519633567374826,0.04932636236669901,0.4,0.2,2.0071903638572052e-08;0.0009482094014531127;0.07831967168015355,3.112455752697913e-05;0.008799460373209543,reported,2,0.12954754168205937,0.21489774639078799;0.12954754168205937,0.046608425373346064,True,1,204,0.8881459352654694,0.2011802239264223,0.1451917426581775,0.5908116301264369
GAB2,2,5,VHL;BRAF,RAB25;CASP7;SQSTM1;MAP2K1;PTEN,1,2,2,2,0.10411188188624987,0.04932636236669901,0.4,0.2,1.5023331831614644e-11;0.00017109375695133214;0.25667095783453486,6.508632438925297e-11;3.3929468313022064e-06,reported,2,0.2276575816306721,0.275378087947976;0.2276575816306721,0.06445222515930425,True,1,204,0.9692311146356776,4.098045696375944,0.12262055140593531,0.6423752107553682
ASNS,2,19,CCNB1;CHEK2,VHL;GAPDH;RAB25;CASP7;GAB2;FASN;STAT5A;SQSTM1;EEF2K;PDCD4;ACACA;TGM2;MAPK1;MAP2K1;PTEN;TP53;PEA15;EEF2;CDH2,1,3,3,2,,0.04932636236669901,0.4,0.25,1.5482684208245723e-45;7.37354268181773e-14;0.009491741331218792,3.126856113526555e-32;3.613943981381409e-10,proxy_dimensions,3,,,,,0,204,0.9994893874576419,,,
BCL2L11,3,5,ANXA1;CCNE1;PREX1,RAB25;CASP7;SQSTM1;MAP2K1;PTEN,1,2,2,2,0.08857741216761916,0.04932636236669901,0.4,0.2,2.228763655017858e-16;0.0003588797498897614;0.1274425103933282;0.9391086661721639,1.7028432249697384e-20;7.006525992678932e-06,reported,2,0.23859206205438288,0.4277842465684598;0.23859206205438288,0.06051768798723197,True,1,204,1.0145915081671286,-0.9832935639472272,0.014784373384854225,0.37388441531540945
BRAF,3,15,GAB2;CTNNB1;ETS1,GAPDH;TUBA1B;IGFBP2;SYK;ANXA1;RAB25;CASP7;STAT5A;BCL2L11;SQSTM1;ERBB2;TP53BP1;DIABLO;TP53;CHEK2,1,4,4,3,,0.04932636236669901,0.2,0.15,9.770216443234152e-47;1.6892438027410482e-13;2.1905559815668627e-07;0.0004501648808499982,5.675561844529493e-22;1.5495268101314092e-09;3.560906911605902e-05,proxy_dimensions,4,,,,,0,204,1.0163636064385275,,,
CDH2,3,5,HSPA1A;STAT5A;COL6A1,RAB25;CASP7;SQSTM1;MAP2K1;PTEN,1,3,3,2,0.012772230580187735,0.04932636236669901,0.4,0.2,6.465596048413088e-11;1.4405091093969428e-05;0.0005968185003817286;0.05459584967580386,2.66659831101882e-10;0.0005894626408980358;0.3379437307486164,conditional_information_dimension,3,0.04761752707132497,0.3210156151442299;0.2126429434051318;0.04761752707132497,0.02366685718953442,False,0,204,0.9040667026055693,,,
CLDN7,1,24,MAP2K1,VHL;GAPDH;TUBA1B;TFRC;IGFBP2;SYK;ANXA1;RAB25;CCNE1;GAB2;ATM;FASN;STAT5A;ASNS;BCL2L11;SQSTM1;EEF2K;ERBB2;PDCD4;ACACA;TP53;CHEK2;PRKCA;CDH2,1,2,2,1,,0.04932636236669901,0.2,0.15,2.1912058710916127e-34;1.1412304024715622e-11,2.4713003050989343e-15,proxy_dimensions,2,,,,,0,205,1.0057871316225633,,,
CDH1,2,24,SERPINE1;CTNNB1,VHL;GAPDH;TUBA1B;TFRC;IGFBP2;SYK;ANXA1;RAB25;CCNE1;GAB2;ATM;FASN;STAT5A;ASNS;BCL2L11;SQSTM1;EEF2K;ERBB2;PDCD4;ACACA;TP53;CHEK2;PRKCA;CDH2,1,3,3,2,,0.04932636236669901,0.2,0.15,3.9182181771853545e-83;2.015474990770395e-46;4.2594111588173754e-18,2.5644144265839016e-59;6.390015881616644e-24,proxy_dimensions,3,,,,,0,205,1.0748281480204729,,,
HSPA1A,2,12,SQSTM1;COL6A1,GAPDH;TFRC;IGFBP2;ANXA1;RAB25;FASN;ERBB2;PDCD4;ACACA;DIABLO;MAP2K1;TP53,1,3,3,2,,0.04932636236669901,0.4,0.2,5.178776493225187e-19;5.397498900284766e-09;0.00022885070604027042,1.7435540665762273e-14;0.0004350662595705717,proxy_dimensions,3,,,,,0,205,1.0547727675470446,,,
GAB2,2,12,VHL;BRAF,GAPDH;TFRC;IGFBP2;ANXA1;RAB25;FASN;ERBB2;PDCD4;ACACA;DIABLO;MAP2K1;TP53,1,3,3,2,,0.04932636236669901,0.4,0.2,5.891237802191151e-13;1.5485801878824183e-06;0.025525063046069666,3.720392292219786e-11;2.2818170920215393e-06,proxy_dimensions,3,,,,,0,205,1.027160922739794,,,
ASNS,2,12,CHEK2;PRKCA,GAPDH;TFRC;IGFBP2;ANXA1;RAB25;FASN;ERBB2;PDCD4;ACACA;DIABLO;MAP2K1;TP53,1,3,3,2,,0.04932636236669901,0.4,0.2,1.0711610908938349e-29;4.886602977716458e-10;7.708989310533205e-06,1.9810079614620074e-17;2.3328244897511905e-06,proxy_dimensions,3,,,,,0,205,0.9595280355415199,,,
BCL2L11,1,56,PDCD4,MYH11;VHL;GAPDH;ESR1;TUBA1B;TFRC;IGFBP2;CLDN7;CCNB1;FN1;CAV1;CDH1;SERPINE1;HSPA1A;SYK;ANXA1;AR;RAB25;CASP7;RICTOR;CCNE1;GAB2;ATM;INPP4B;CTNNB1;MSH6;STAT5A;MYC;ASNS;SQSTM1;EEF2K;ERBB2;RPS6;TP53BP1;TGM2;FOXM1;MSH2;MAPK1;DIABLO;BRAF;ERBB3;NF2;RBM15;MAP2K1;PTEN;TP53;ETS1;CHEK2;PEA15;COL6A1;EEF2;PRKCA;CDH2;KIT;PREX1;LCK,1,2,2,1,,0.04932636236669901,0.2,0.15,6.739219031148947e-53;6.467922067963433e-23,8.503907868574839e-23,proxy_dimensions,2,,,,,0,205,1.035110271283922,,,
BRAF,3,12,GAB2;CTNNB1;ETS1,GAPDH;TFRC;IGFBP2;ANXA1;RAB25;FASN;ERBB2;PDCD4;ACACA;DIABLO;MAP2K1;TP53,1,3,3,3,0.04500634055174349,0.04932636236669901,0.4,0.2,1.4993219710307644e-18;3.6244799105634048e-06;0.004201712882610318;0.07198942963473363,1.7805943827924284e-19;2.925347036855095e-06;0.004975345694073607,reported,3,0.13896988157871923,0.41998401792137596;0.2361367580656576;0.13896988157871923,0.0376329984413131,True,1,205,0.9451191067855026,-0.32107151094135533,-0.052890079163888305,0.4182554121232137
CDH2,1,58,STAT5A,MYH11;VHL;GAPDH;ESR1;TUBA1B;TFRC;IGFBP2;CLDN7;CCNB1;FN1;CAV1;CDH1;SERPINE1;HSPA1A;SYK;ANXA1;AR;RAB25;CASP7;RICTOR;CCNE1;GAB2;ATM;INPP4B;FASN;CTNNB1;MSH6;MYC;ASNS;BCL2L11;SQSTM1;EEF2K;ERBB2;PDCD4;RPS6;ACACA;TP53BP1;TGM2;FOXM1;MSH2;MAPK1;DIABLO;BRAF;ERBB3;NF2;RBM15;MAP2K1;PTEN;TP53;ETS1;CHEK2;PEA15;COL6A1;EEF2;PRKCA;KIT;PREX1;LCK,1,2,2,1,,0.04932636236669901,0.2,0.15,2.5151813848553706e-62;3.7813641367230325e-26,1.4876669949372554e-36,proxy_dimensions,2,,,,,0,205,0.9627100605196973,,,
CLDN7,1,26,PRKCA,VHL;ESR1;TFRC;FN1;SERPINE1;SYK;RAB25;ATM;FASN;MSH6;ASNS;SQSTM1;PDCD4;RPS6;ACACA;TP53BP1;MSH2;MAPK1;DIABLO;NF2;RBM15;PTEN;TP53;ETS1;CHEK2;KIT,2,2,2,1,,0.04932636236669901,0.2,0.15,4.889436400902949e-47;3.55839559359094e-20,6.728372263855589e-29,proxy_dimensions,2,,,,,0,206,0.9583616440688558,,,
CDH1,2,10,SERPINE1;CTNNB1,GAPDH;TUBA1B;TFRC;CLDN7;RAB25;ATM;MAP2K1;PTEN;TP53;EEF2,2,3,3,2,,0.04932636236669901,0.4,0.2,1.3339012875731334e-53;7.002575073294904e-24;2.2247184910747368e-05,1.8509265034052748e-25;3.240421408646002e-06,proxy_dimensions,3,,,,,0,206,0.9265077667683949,,,
HSPA1A,5,10,MYC;BRAF;COL6A1;CDH2;PREX1,GAPDH;TUBA1B;TFRC;CLDN7;RAB25;ATM;MAP2K1;PTEN;TP53;EEF2,2,5,5,4,0.0044694613818211425,0.04932636236669901,0.4,0.2,2.990462809029739e-48;4.394285589097293e-24;7.630143424055937e-11;2.2343448620197668e-05;0.014386857918253372;0.08966449110367845,2.7369885561200126e-53;9.270702076964617e-29;8.088923064129566e-14;4.079142512543389e-06;0.6327128226392948,conditional_information_dimension,5,0.023817896724477,0.5527942867120542;0.4548271653293304;0.34536821861272693;0.2686884877583643;0.023817896724477,0.022165148833631767,False,0,206,0.9802072784812643,,,
GAB2,2,10,VHL;BRAF,GAPDH;TUBA1B;TFRC;CLDN7;RAB25;ATM;MAP2K1;PTEN;TP53;EEF2,2,2,2,2,0.1304459908376261,0.04932636236669901,0.4,0.2,6.210154157499278e-26;3.8773086411685016e-06;0.8263001904476915,2.7410255771105768e-17;3.432194344960593e-08,reported,2,0.26894994565156355,0.3510867861656341;0.26894994565156355,0.06887987742805818,True,1,206,0.9181102988911709,5.309634852386419,0.10846581117578609,0.5234294529218715
ASNS,2,10,CCNB1;ACACA,GAPDH;TUBA1B;TFRC;CLDN7;RAB25;ATM;MAP2K1;PTEN;TP53;EEF2,2,3,3,2,,0.04932636236669901,0.4,0.2,7.799962722364189e-19;1.1085320116604829e-06;0.0007921552399683161,1.403356076492884e-15;0.0003125426361969054,proxy_dimensions,3,,,,,0,206,0.9517024781780513,,,
BCL2L11,3,26,ANXA1;CCNE1;PRKCA,VHL;ESR1;TFRC;FN1;SERPINE1;SYK;RAB25;ATM;FASN;MSH6;ASNS;SQSTM1;PDCD4;RPS6;ACACA;TP53BP1;MSH2;MAPK1;DIABLO;NF2;RBM15;PTEN;TP53;ETS1;CHEK2;KIT,2,4,4,3,,0.04932636236669901,0.2,0.15,1.6375728250011704e-82;6.115571382380647e-44;3.1113902544691687e-22;0.0019805985024689277,7.101117604377067e-68;2.716872952878703e-31;7.515086684930274e-12,proxy_dimensions,4,,,,,0,206,1.0086190260872039,,,
BRAF,2,26,GAB2;CTNNB1,VHL;ESR1;TFRC;FN1;SERPINE1;SYK;RAB25;ATM;FASN;MSH6;ASNS;SQSTM1;PDCD4;RPS6;ACACA;TP53BP1;MSH2;MAPK1;DIABLO;NF2;RBM15;PTEN;TP53;ETS1;CHEK2;KIT,2,3,3,2,,0.04932636236669901,0.2,0.15,1.4443072351916084e-90;2.0725294212203617e-26;4.567817324786433e-12,2.5339259849964374e-65;1.0275961315410883e-11,proxy_dimensions,3,,,,,0,206,0.9557397214055192,,,
CDH2,2,10,HSPA1A;STAT5A,GAPDH;TUBA1B;TFRC;CLDN7;RAB25;ATM;MAP2K1;PTEN;TP53;EEF2,2,3,3,2,,0.04932636236669901,0.4,0.2,5.1605068913073165e-21;2.5267019034465622e-08;0.0077789595218651884,3.722986911463023e-16;0.004400169988882442,proxy_dimensions,3,,,,,0,206,1.009509327491666,,,
CLDN7,1,9,CAV1,GAPDH;TFRC;RAB25;CASP7;ASNS;MAP2K1;PTEN;TP53;EEF2,1,2,2,1,,0.04932636236669901,0.4,0.2,8.438346416830707e-25;0.00048815250736091315,7.691387529980577e-14,proxy_dimensions,2,,,,,0,207,0.9903174393639624,,,
CDH1,4,9,ESR1;SERPINE1;CTNNB1;RBM15,GAPDH;TFRC;RAB25;CASP7;ASNS;MAP2K1;PTEN;TP53;EEF2,1,5,5,4,,0.04932636236669901,0.4,0.2,1.1007842076421238e-54;4.1969487988128434e-27;3.2674484233061446e-12;0.000183150954225776;0.0031972346351089092,5.453610400822496e-38;1.1367317671961779e-11;0.00026075740294861563;0.0032971219269693156,proxy_dimensions,5,,,,,0,207,0.9651613456535787,,,
HSPA1A,2,9,BRAF;COL6A1,GAPDH;TFRC;RAB25;CASP7;ASNS;MAP2K1;PTEN;TP53;EEF2,1,3,3,2,,0.04932636236669901,0.4,0.2,3.404966042665825e-24;3.3768193690425694e-10;0.018712952252495797,2.3016221948785022e-18;1.6965535133827581e-06,proxy_dimensions,3,,,,,0,207,0.9332533744785318,,,
GAB2,3,9,VHL;SQSTM1;BRAF,GAPDH;TFRC;RAB25;CASP7;ASNS;MAP2K1;PTEN;TP53;EEF2,1,4,4,3,,0.04932636236669901,0.4,0.2,1.1601510286451943e-19;1.4534511762529436e-11;1.5435537015254141e-06;0.012776189312917331,4.257245946779764e-19;3.0028945110844396e-11;7.718612649898088e-06,proxy_dimensions,4,,,,,0,207,1.0487222692004268,,,
ASNS,0,0,,,1,0,0,0,,0.04932636236669901,0.2,0.15,,,no_shared_direction,0,,,,,0,207,0.9463922833307664,,,
BCL2L11,3,9,FN1;ANXA1;PDCD4,GAPDH;TFRC;RAB25;CASP7;ASNS;MAP2K1;PTEN;TP53;EEF2,1,3,3,2,0.010641460212488598,0.04932636236669901,0.4,0.2,5.1519803043845964e-14;1.82135032759224e-05;0.004445585286808343;0.21460393966924224,1.188287450522927e-16;4.576155937458169e-06;0.5224820402546894,conditional_information_dimension,3,0.031789806388167065,0.38667223502149406;0.2662185446715099;0.031789806388167065,0.027284270999868306,False,0,207,1.0032257697867613,,,
BRAF,3,32,ESR1;GAB2;ETS1,TUBA1B;IGFBP2;CLDN7;CDH1;SYK;ANXA1;RAB25;CASP7;FASN;CTNNB1;STAT5A;ASNS;BCL2L11;SQSTM1;EEF2K;ERBB2;PDCD4;ACACA;TP53BP1;TGM2;MAPK1;DIABLO;NF2;RBM15;MAP2K1;PTEN;TP53;PEA15;EEF2;CDH2;PREX1;LCK,1,4,4,3,,0.04932636236669901,0.2,0.15,1.251587489550965e-109;4.0883378359886504e-47;1.968963327989923e-26;6.9581877323709295e-09,4.224492061363015e-71;1.6501319137915006e-29;3.286924275806651e-09,proxy_dimensions,4,,,,,0,207,0.9382031693784525,,,
CDH2,2,9,STAT5A;SQSTM1,GAPDH;TFRC;RAB25;CASP7;ASNS;MAP2K1;PTEN;TP53;EEF2,1,3,3,2,,0.04932636236669901,0.4,0.2,1.2677310289178747e-13;4.402088249242415e-08;0.0011201058975451536,5.258468178959627e-12;1.2410676003849096e-06,proxy_dimensions,3,,,,,0,207,0.9972653437085709,,,
CLDN7,3,54,CDH1;MAPK1;MAP2K1,MYH11;VHL;GAPDH;ESR1;TUBA1B;TFRC;IGFBP2;CCNB1;FN1;CAV1;SERPINE1;HSPA1A;SYK;ANXA1;AR;RAB25;CASP7;RICTOR;CCNE1;GAB2;ATM;INPP4B;FASN;MSH6;STAT5A;MYC;ASNS;BCL2L11;SQSTM1;EEF2K;ERBB2;PDCD4;RPS6;ACACA;TP53BP1;TGM2;FOXM1;MSH2;DIABLO;BRAF;ERBB3;RBM15;PTEN;TP53;ETS1;CHEK2;PEA15;COL6A1;EEF2;PRKCA;CDH2;KIT;PREX1;LCK,1,4,4,3,,0.04932636236669901,0.2,0.15,2.988213342811364e-102;4.0802975138154416e-64;3.1749731075061096e-29;2.794601637474875e-10,1.4939830254824164e-77;4.878561248672749e-42;2.1934135377780216e-18,proxy_dimensions,4,,,,,0,208,1.0024979523451731,,,
CDH1,2,54,CLDN7;CTNNB1,MYH11;VHL;GAPDH;ESR1;TUBA1B;TFRC;IGFBP2;CCNB1;FN1;CAV1;SERPINE1;HSPA1A;SYK;ANXA1;AR;RAB25;CASP7;RICTOR;CCNE1;GAB2;ATM;INPP4B;FASN;MSH6;STAT5A;MYC;ASNS;BCL2L11;SQSTM1;EEF2K;ERBB2;PDCD4;RPS6;ACACA;TP53BP1;TGM2;FOXM1;MSH2;DIABLO;BRAF;ERBB3;RBM15;PTEN;TP53;ETS1;CHEK2;PEA15;COL6A1;EEF2;PRKCA;CDH2;KIT;PREX1;LCK,1,3,3,2,,0.04932636236669901,0.2,0.15,4.6547152909759985e-94;4.660985170336304e-40;1.0998437646188745e-12,9.396070466634592e-64;1.948946445572123e-15,proxy_dimensions,3,,,,,0,208,0.9594654541152671,,,
HSPA1A,2,26,COL6A1;CDH2,VHL;GAPDH;TUBA1B;TFRC;CLDN7;CDH1;SYK;ANXA1;RAB25;GAB2;FASN;CTNNB1;ASNS;BCL2L11;SQSTM1;PDCD4;ACACA;TP53BP1;MAPK1;DIABLO;NF2;RBM15;MAP2K1;TP53;EEF2;KIT,1,3,3,2,,0.04932636236669901,0.2,0.15,5.821003069527815e-38;5.650688183105614e-22;2.0396603685234964e-09,7.860756321408999e-25;2.390218614348239e-12,proxy_dimensions,3,,,,,0,208,1.0216529093298612,,,
GAB2,1,57,VHL,MYH11;GAPDH;ESR1;TUBA1B;TFRC;IGFBP2;CLDN7;CCNB1;FN1;CAV1;CDH1;SERPINE1;HSPA1A;SYK;ANXA1;AR;RAB25;CASP7;RICTOR;CCNE1;ATM;INPP4B;FASN;CTNNB1;MSH6;STAT5A;MYC;ASNS;BCL2L11;SQSTM1;EEF2K;ERBB2;PDCD4;RPS6;ACACA;TP53BP1;TGM2;FOXM1;MSH2;MAPK1;DIABLO;BRAF;ERBB3;NF2;RBM15;MAP2K1;PTEN;TP53;ETS1;CHEK2;PEA15;COL6A1;EEF2;PRKCA;CDH2;PREX1;LCK,1,2,2,1,,0.04932636236669901,0.2,0.15,1.2238829012041167e-32;1.7178386784460346e-12,1.9049347879173907e-21,proxy_dimensions,2,,,,,0,208,1.0088544262352368,,,
ASNS,2,57,FASN;ACACA,MYH11;VHL;GAPDH;ESR1;TUBA1B;TFRC;IGFBP2;CLDN7;CCNB1;FN1;CAV1;CDH1;SERPINE1;HSPA1A;SYK;ANXA1;AR;RAB25;CASP7;RICTOR;CCNE1;GAB2;ATM;INPP4B;CTNNB1;MSH6;STAT5A;MYC;BCL2L11;SQSTM1;EEF2K;ERBB2;PDCD4;RPS6;TP53BP1;TGM2;FOXM1;MSH2;MAPK1;DIABLO;BRAF;ERBB3;NF2;RBM15;MAP2K1;PTEN;TP53;ETS1;CHEK2;PEA15;COL6A1;EEF2;PRKCA;CDH2;KIT;PREX1;LCK,1,3,3,2,,0.04932636236669901,0.2,0.15,8.060972619874659e-36;1.2879694476103512e-15;3.445948240412547e-05,1.7655227579606354e-21;1.6397876601341693e-10,proxy_dimensions,3,,,,,0,208,1.00844566392508,,,
BCL2L11,4,4,ANXA1;CCNE1;TGM2;PRKCA,RAB25;GAB2;MAP2K1;TP53,1,3,3,3,0.03749783266613412,0.04932636236669901,0.4,0.2,2.8226576986256507e-16;9.334279751044547e-09;0.001961703176391965;0.2817873775009588,1.166953342774598e-10;0.00027340332409983293;0.037052266787617874,reported,3,0.1272070612861616,0.3307900782918411;0.21395044688451859;0.1272070612861616,0.03369523934677389,True,1,208,0.941978527423606,-4.047260835098684,0.04549178191242013,0.4888696253088473
BRAF,2,26,CAV1;ETS1,VHL;GAPDH;TUBA1B;TFRC;CLDN7;CDH1;SYK;ANXA1;RAB25;GAB2;FASN;CTNNB1;ASNS;BCL2L11;SQSTM1;PDCD4;ACACA;TP53BP1;MAPK1;DIABLO;NF2;RBM15;MAP2K1;TP53;EEF2;KIT,1,3,3,2,,0.04932636236669901,0.2,0.15,3.8370519248299946e-59;2.1188994939975044e-29;3.9040117189269924e-12,5.945464691898617e-29;4.412727701281774e-12,proxy_dimensions,3,,,,,0,208,1.0250575057121385,,,
CDH2,3,26,HSPA1A;CCNE1;STAT5A,VHL;GAPDH;TUBA1B;TFRC;CLDN7;CDH1;SYK;ANXA1;RAB25;GAB2;FASN;CTNNB1;ASNS;BCL2L11;SQSTM1;PDCD4;ACACA;TP53BP1;MAPK1;DIABLO;NF2;RBM15;MAP2K1;TP53;EEF2;KIT,1,4,4,3,,0.04932636236669901,0.2,0.15,3.1089380290893835e-73;8.938818368640893e-39;4.303017280457622e-20;8.941232532091535e-10,9.252842807542402e-61;6.788445638013967e-26;1.0275688967650952e-09,proxy_dimensions,4,,,,,0,208,0.9982979181293089,,,
CLDN7,2,32,CDH1;EEF2K,MYH11;VHL;GAPDH;TUBA1B;CCNB1;FN1;CAV1;SERPINE1;HSPA1A;SYK;RAB25;RICTOR;CCNE1;FASN;MSH6;STAT5A;ASNS;SQSTM1;RPS6;ACACA;FOXM1;MSH2;DIABLO;RBM15;MAP2K1;PTEN;TP53;CHEK2;COL6A1;EEF2;CDH2;KIT,1,3,3,2,,0.04932636236669901,0.2,0.15,9.428112700100825e-73;4.320878008594555e-24;3.3433061027598067e-09,1.1674535580730705e-42;2.233810056746874e-17,proxy_dimensions,3,,,,,0,209,1.00809128304752,,,
CDH1,3,32,CLDN7;CTNNB1;PRKCA,MYH11;VHL;GAPDH;TUBA1B;CCNB1;FN1;CAV1;SERPINE1;HSPA1A;SYK;RAB25;RICTOR;CCNE1;FASN;MSH6;STAT5A;ASNS;SQSTM1;RPS6;ACACA;FOXM1;MSH2;DIABLO;RBM15;MAP2K1;PTEN;TP53;CHEK2;COL6A1;EEF2;CDH2;KIT,1,4,4,3,,0.04932636236669901,0.2,0.15,2.913577652379248e-104;1.6770949940016978e-55;1.215518310462703e-26;1.8058660191231397e-09,6.44579769444545e-64;1.374713177475008e-29;8.799853428266808e-12,proxy_dimensions,4,,,,,0,209,0.9799300368183835,,,
HSPA1A,1,10,COL6A1,TFRC;ANXA1;RAB25;STAT5A;BCL2L11;DIABLO;MAP2K1;PTEN;TP53;CDH2,1,2,2,1,,0.04932636236669901,0.4,0.2,7.981212636021782e-13;1.6828773881224123e-06,2.0084353555351504e-08,proxy_dimensions,2,,,,,0,209,0.936273295460324,,,
GAB2,2,10,VHL;BRAF,TFRC;ANXA1;RAB25;STAT5A;BCL2L11;DIABLO;MAP2K1;PTEN;TP53;CDH2,1,3,3,2,,0.04932636236669901,0.4,0.2,4.401611940867003e-25;1.3632637313264126e-08;0.002837278688603766,2.823989152407197e-15;1.5332150103824303e-07,proxy_dimensions,3,,,,,0,209,1.0254624053530519,,,
ASNS,2,10,CCNB1;CAV1,TFRC;ANXA1;RAB25;STAT5A;BCL2L11;DIABLO;MAP2K1;PTEN;TP53;CDH2,1,3,3,2,,0.04932636236669901,0.4,0.2,1.5823470068633002e-24;8.756119030768514e-14;3.9029528028080346e-07,1.0944311049484827e-18;1.5447130218396058e-08,proxy_dimensions,3,,,,,0,209,0.9849440181191991,,,
BCL2L11,1,32,ANXA1,MYH11;VHL;GAPDH;TUBA1B;CCNB1;FN1;CAV1;SERPINE1;HSPA1A;SYK;RAB25;RICTOR;CCNE1;FASN;MSH6;STAT5A;ASNS;SQSTM1;RPS6;ACACA;FOXM1;MSH2;DIABLO;RBM15;MAP2K1;PTEN;TP53;CHEK2;COL6A1;EEF2;CDH2;KIT,1,2,2,1,,0.04932636236669901,0.2,0.15,5.0162367575543104e-30;3.6862400777403583e-09,1.3120906832841789e-15,proxy_dimensions,2,,,,,0,209,0.9879035353267147,,,
BRAF,4,10,RICTOR;GAB2;NF2;ETS1,TFRC;ANXA1;RAB25;STAT5A;BCL2L11;DIABLO;MAP2K1;PTEN;TP53;CDH2,1,4,4,3,0.018032121625022664,0.04932636236669901,0.4,0.2,9.27467961850289e-26;1.2828503363583285e-06;0.00012891865718617739;0.021131455968716125;0.2979247106398032,5.345564484180667e-18;9.658441577030202e-08;0.0004947166126428626;0.12185295271735934,conditional_information_dimension,4,0.07690186045239716,0.39858555884922303;0.26867222118299294;0.20675035106967343;0.07690186045239716,0.022140019641650695,False,0,209,0.9638706000360008,,,
CDH2,1,54,STAT5A,VHL;GAPDH;ESR1;TUBA1B;TFRC;IGFBP2;CLDN7;CCNB1;FN1;CDH1;SERPINE1;HSPA1A;SYK;ANXA1;AR;RAB25;CASP7;CCNE1;GAB2;ATM;INPP4B;FASN;CTNNB1;MSH6;MYC;ASNS;BCL2L11;SQSTM1;EEF2K;ERBB2;PDCD4;RPS6;ACACA;TP53BP1;TGM2;FOXM1;MSH2;MAPK1;DIABLO;BRAF;ERBB3;NF2;RBM15;MAP2K1;PTEN;TP53;ETS1;CHEK2;PEA15;EEF2;PRKCA;KIT;PREX1;LCK,1,2,2,1,,0.04932636236669901,0.2,0.15,1.7718685817357978e-78;5.24922761317598e-36,6.359205035688882e-41,proxy_dimensions,2,,,,,0,209,0.9898200351546407,,,
CLDN7,4,6,CAV1;CDH1;MAP2K1;PRKCA,GAPDH;TUBA1B;TFRC;RAB25;PTEN;TP53,1,3,3,3,0.04926214199566145,0.04932636236669901,0.4,0.2,2.7961413492453023e-36;3.082934375469935e-16;9.203678347005642e-06;0.09355369587918969;0.10741789960505685,1.399839819814417e-30;1.1571127056333515e-14;0.0003553297942107185,reported,3,0.19635723850210354,0.45792600140393025;0.3761780422378611;0.19635723850210354,0.039249315087319187,True,1,210,0.9865127886870348,-3.324757851105263,-0.12305190702269846,0.6054647086936109
CDH1,3,6,CLDN7;CTNNB1;ERBB3,GAPDH;TUBA1B;TFRC;RAB25;PTEN;TP53,1,3,3,3,0.038845889386188034,0.04932636236669901,0.4,0.2,1.158407725170137e-24;8.899428998332298e-11;0.01008378697459018;0.679347588650024,4.3805308837499093e-17;1.1418756029093403e-06;0.036570194627951545,reported,3,0.10366333866481638,0.38447764814657875;0.26182296299850133;0.10366333866481638,0.030972098874555463,True,1,210,0.9992856803804292,8.591690350171548,0.2937740963273602,0.659153742018661
HSPA1A,3,6,CASP7;COL6A1;CDH2,GAPDH;TUBA1B;TFRC;RAB25;PTEN;TP53,1,3,3,3,0.04500844146198283,0.04932636236669901,0.4,0.2,3.820456560149693e-17;0.0002908070819371975;0.007865224410633755;0.1789923049532679,1.6788060603182505e-19;9.282713296115932e-05;0.0052087502682618934,reported,3,0.1382449617746395,0.437736277926368;0.1961400550726592;0.1382449617746395,0.037491006431336835,True,1,210,0.982301610535316,2.3481307360037396,0.11782611932814277,0.7019290645947991
GAB2,2,8,VHL;BRAF,GAPDH;TUBA1B;TFRC;SYK;RAB25;BCL2L11;PTEN;EEF2,1,2,2,2,0.06771512810614357,0.04932636236669901,0.2,0.15,1.239081811348987e-16;0.011795782531865941;0.2810891843844485,4.4534467622382615e-15;0.00391254144453035,reported,2,0.14254262613136895,0.3849144519153794;0.14254262613136895,0.04280263702019756,True,1,210,1.0024995414291622,4.638085234910965,0.21015475477536916,0.554999196124465
ASNS,3,8,TGM2;TP53;CHEK2,GAPDH;TUBA1B;TFRC;SYK;RAB25;BCL2L11;PTEN;EEF2,1,3,3,3,0.04236367248684068,0.04932636236669901,0.2,0.15,3.8110442682368636e-29;3.11344973444739e-11;0.003942436471663671;0.24542010382519144,7.184349838680913e-29;1.952140925741161e-14;0.003272926769624245,reported,3,0.14544511775717697,0.4352143322270776;0.37601658370032753;0.14544511775717697,0.033463018726840155,True,1,210,0.9896087778665366,-0.3936636929283323,-0.06084297633870838,0.696106053504682
BCL2L11,1,6,PRKCA,GAPDH;TUBA1B;TFRC;RAB25;PTEN;TP53,1,2,2,1,,0.04932636236669901,0.4,0.2,9.601298962922603e-14;0.0019639698472919674,4.10980112256155e-12,proxy_dimensions,2,,,,,0,210,0.9854632078716705,,,
BRAF,3,17,GAB2;EEF2K;ETS1,VHL;GAPDH;TUBA1B;TFRC;ANXA1;RAB25;ATM;FASN;STAT5A;BCL2L11;ERBB2;ACACA;DIABLO;MAP2K1;PTEN;TP53;CDH2,1,3,3,3,0.09517326488114652,0.04932636236669901,0.4,0.25,3.473625832851438e-36;1.9391825567318872e-16;1.255522583540665e-07;0.08503459275788164,2.104139526531538e-33;5.607994529323001e-20;4.6241304612246945e-09,reported,3,0.28529744894502596,0.4250189870692032;0.3772693112185461;0.28529744894502596,0.046564122961293905,True,1,210,0.9797663488034061,1.5022584362963554,0.008995917689969057,0.3072610119953772
CDH2,2,8,CCNE1;STAT5A,GAPDH;TUBA1B;TFRC;SYK;RAB25;BCL2L11;PTEN;EEF2,1,3,3,2,,0.04932636236669901,0.2,0.15,1.139422370893988e-17;2.341038323247885e-09;0.04754606008566862,3.246894713064359e-16;1.2539973947040936e-08,proxy_dimensions,3,,,,,0,210,0.9921508900491959,,,
CLDN7,2,13,CAV1;CDH1,VHL;GAPDH;IGFBP2;CASP7;FASN;BCL2L11;ACACA;TGM2;MAPK1;NF2;MAP2K1;PTEN;PEA15,1,3,3,2,,0.04932636236669901,0.4,0.2,2.285859350739796e-30;1.0506376139745779e-14;0.0001054577011824233,2.827130371154333e-19;7.222173800275529e-05,proxy_dimensions,3,,,,,0,211,1.0358236186458223,,,
CDH1,2,22,CLDN7;CTNNB1,VHL;IGFBP2;ANXA1;CCNE1;GAB2;ATM;FASN;ASNS;EEF2K;PDCD4;ACACA;TP53BP1;TGM2;MAPK1;DIABLO;BRAF;NF2;MAP2K1;PTEN;ETS1;CHEK2;PEA15,1,3,3,2,,0.04932636236669901,0.2,0.15,4.1285428803380825e-82;3.3246405765874922e-28;5.100995468419688e-10,3.109694674329384e-58;9.288642547103099e-13,proxy_dimensions,3,,,,,0,211,0.9689618172719255,,,
HSPA1A,3,13,TFRC;SQSTM1;COL6A1,VHL;GAPDH;IGFBP2;CASP7;FASN;BCL2L11;ACACA;TGM2;MAPK1;NF2;MAP2K1;PTEN;PEA15,1,4,4,3,,0.04932636236669901,0.4,0.2,7.652122712769772e-19;2.7200507891717454e-10;8.058521487998947e-05;0.004847709711917432,5.735434308399548e-18;4.8013564021419765e-09;0.0011680940148687115,proxy_dimensions,4,,,,,0,211,1.025918102678181,,,
GAB2,2,56,VHL;BRAF,MYH11;GAPDH;ESR1;TUBA1B;TFRC;IGFBP2;CLDN7;CCNB1;FN1;CAV1;CDH1;SERPINE1;HSPA1A;SYK;ANXA1;AR;RAB25;CASP7;RICTOR;CCNE1;ATM;INPP4B;FASN;CTNNB1;MSH6;STAT5A;MYC;ASNS;BCL2L11;SQSTM1;EEF2K;ERBB2;PDCD4;RPS6;ACACA;TP53BP1;TGM2;FOXM1;MSH2;MAPK1;DIABLO;ERBB3;NF2;RBM15;MAP2K1;PTEN;TP53;CHEK2;PEA15;COL6A1;EEF2;PRKCA;CDH2;KIT;PREX1;LCK,1,3,3,2,,0.04932636236669901,0.2,0.15,1.633421130282457e-74;1.8002586016030486e-26;4.637689193315601e-12,6.259165028211525e-54;4.664728948019383e-14,proxy_dimensions,3,,,,,0,211,1.0423369773944642,,,
ASNS,2,56,ACACA;CHEK2,MYH11;VHL;GAPDH;ESR1;TUBA1B;TFRC;IGFBP2;CLDN7;CCNB1;FN1;CAV1;CDH1;SERPINE1;HSPA1A;SYK;ANXA1;AR;RAB25;CASP7;RICTOR;CCNE1;GAB2;ATM;INPP4B;CTNNB1;MSH6;STAT5A;MYC;BCL2L11;SQSTM1;EEF2K;ERBB2;PDCD4;RPS6;TP53BP1;TGM2;FOXM1;MSH2;MAPK1;DIABLO;BRAF;ERBB3;NF2;RBM15;MAP2K1;PTEN;TP53;ETS1;PEA15;COL6A1;EEF2;PRKCA;CDH2;KIT;PREX1;LCK,1,3,3,2,,0.04932636236669901,0.2,0.15,7.321546822939681e-77;5.750021160173489e-35;5.200130854354782e-10,2.729945171935254e-54;1.3122347036467206e-21,proxy_dimensions,3,,,,,0,211,0.9877887410153114,,,
BCL2L11,3,22,RAB25;INPP4B;PRKCA,VHL;IGFBP2;ANXA1;CCNE1;GAB2;ATM;FASN;ASNS;EEF2K;PDCD4;ACACA;TP53BP1;TGM2;MAPK1;DIABLO;BRAF;NF2;MAP2K1;PTEN;ETS1;CHEK2;PEA15,1,4,4,3,,0.04932636236669901,0.2,0.15,3.79642288425847e-59;4.946281156627986e-34;1.2991895584466352e-19;1.3418267054351884e-09,7.930621388387784e-41;2.3544415703975336e-21;5.872484999432873e-10,proxy_dimensions,4,,,,,0,211,1.0078220753323293,,,
BRAF,4,13,CAV1;GAB2;CTNNB1;ETS1,VHL;GAPDH;IGFBP2;CASP7;FASN;BCL2L11;ACACA;TGM2;MAPK1;NF2;MAP2K1;PTEN;PEA15,1,4,4,4,0.03251335007995363,0.04932636236669901,0.4,0.2,5.384450309382214e-46;4.8128300826232164e-21;5.373693821815802e-11;1.9308066558440375e-05;0.11895941293703234,2.884199871287509e-37;1.852922301941591e-24;2.92558977766467e-11;0.000908032217575034,reported,4,0.16403777384229573,0.43130376691457634;0.4209525321456185;0.3221482452771539;0.16403777384229573,0.028909506228642568,True,1,211,1.030683602832361,2.0964179210948486,0.20560351520482698,0.4804512134257607
CDH2,2,22,STAT5A;SQSTM1,VHL;IGFBP2;ANXA1;CCNE1;GAB2;ATM;FASN;ASNS;EEF2K;PDCD4;ACACA;TP53BP1;TGM2;MAPK1;DIABLO;BRAF;NF2;MAP2K1;PTEN;ETS1;CHEK2;PEA15,1,3,3,2,,0.04932636236669901,0.2,0.15,1.2373912143141093e-47;1.1406202036159272e-25;3.794613525201073e-13,1.3555457043602353e-27;1.180452262763445e-13,proxy_dimensions,3,,,,,0,211,0.9752304334739901,,,
CLDN7,3,2,FN1;MAP2K1;PRKCA,TFRC;RAB25,1,2,2,1,0.020777765135170177,0.04932636236669901,0.4,0.15,1.6550002409776313e-17;1.0964473502138745e-05,4.3240725243689807e-13;0.5400524414904875,conditional_information_dimension,2,0.05511616378058936,0.3948634820227796;0.05511616378058936,0.020777765135170146,False,0,212,1.025899604725844,,,
CDH1,2,8,CTNNB1;CDH2,VHL;TFRC;RAB25;GAB2;ASNS;DIABLO;MAP2K1;TP53,1,3,3,2,,0.04932636236669901,0.4,0.2,4.195145513015063e-31;7.543064126319043e-16;6.756483765987266e-07,4.811528602927072e-16;1.7401165658296655e-06,proxy_dimensions,3,,,,,0,212,1.0230290190310645,,,
HSPA1A,3,8,STAT5A;COL6A1;KIT,VHL;TFRC;RAB25;GAB2;ASNS;DIABLO;MAP2K1;TP53,1,4,4,3,,0.04932636236669901,0.4,0.2,1.6923234282298906e-27;1.4175973917741065e-12;0.0035752765287064463;0.023583103544808887,2.9491014487106763e-28;7.090854829272659e-13;0.012502683664061948,proxy_dimensions,4,,,,,0,212,0.9833103557735622,,,
GAB2,2,2,VHL;MYC,TFRC;RAB25,1,2,2,1,0.04865310951387515,0.04932636236669901,0.4,0.15,4.439265256479952e-05;0.013115549580413865,0.0006889292264703777;0.057701521699914826,conditional_information_dimension,2,0.09404322932690164,0.19481029299555552;0.09404322932690164,0.04865310951387521,False,0,212,1.006052909354976,,,
ASNS,2,2,CAV1;ACACA,TFRC;RAB25,1,1,1,1,0.1556359312178062,0.04932636236669901,0.4,0.15,0.00021483965071671782;0.10154121577429026,4.220365206823074e-05,reported,1,0.22002207549958877,0.22002207549958877,0.10859337467071953,True,1,212,0.9945272882552583,1.125637380013371,0.10904732769643626,0.556763876097288
BCL2L11,5,8,ANXA1;INPP4B;PDCD4;TGM2;PEA15,VHL;TFRC;RAB25;GAB2;ASNS;DIABLO;MAP2K1;TP53,1,4,4,4,0.02417009498534638,0.04932636236669901,0.4,0.2,8.52434370460876e-36;9.090606501252591e-15;8.200002020650734e-09;9.303503343494487e-05;0.06882851022108374;0.3695708115365014,1.79702856053379e-37;2.4032737681699486e-13;7.586232340316417e-07;0.027880582065738947,reported,4,0.1326988966076635,0.5460303061271884;0.3336754591271618;0.27508579392911986;0.1326988966076635,0.023379291500606587,True,1,212,1.0975586894690939,1.859149813731322,0.013430857848097916,0.5725644589498734
BRAF,3,8,RICTOR;CTNNB1;EEF2K,VHL;TFRC;RAB25;GAB2;ASNS;DIABLO;MAP2K1;TP53,1,3,3,3,0.07392061328343985,0.04932636236669901,0.4,0.2,4.210255637937061e-39;2.9559686066284245e-18;7.5107037301991e-09;0.15687674342441343,3.572766378828478e-29;9.55859131535236e-18;7.258333185433596e-06,reported,3,0.2203016953456176,0.4006318077982237;0.38752204286414355;0.2203016953456176,0.0529752406223175,True,1,212,1.073593048464717,-3.110626381212458,-0.13650123671779885,0.5793767398299576
CDH2,2,8,CDH1;SQSTM1,VHL;TFRC;RAB25;GAB2;ASNS;DIABLO;MAP2K1;TP53,1,3,3,2,,0.04932636236669901,0.4,0.2,2.5272570118960802e-27;2.9734381565202308e-09;0.0028552667990889963,3.25941305366402e-21;5.206564027921652e-05,proxy_dimensions,3,,,,,0,212,0.990309755674943,,,
CLDN7,2,14,CDH1;PRKCA,VHL;GAPDH;TUBA1B;RAB25;GAB2;ATM;SQSTM1;RPS6;MAPK1;NF2;MAP2K1;PTEN;TP53;PEA15,1,3,3,2,,0.04932636236669901,0.4,0.2,4.103444867489953e-46;6.5291096942004204e-18;2.0579679755676596e-05,7.454109840007136e-20;2.784906446468598e-05,proxy_dimensions,3,,,,,0,213,1.015635426424672,,,
CDH1,3,14,CLDN7;CTNNB1;CDH2,VHL;GAPDH;TUBA1B;RAB25;GAB2;ATM;SQSTM1;RPS6;MAPK1;NF2;MAP2K1;PTEN;TP53;PEA15,1,4,4,3,,0.04932636236669901,0.4,0.2,1.7989039653282257e-70;1.8420033164046925e-41;1.935276087441186e-18;4.3653528819791635e-06,1.5194484106198294e-53;1.5618963407014498e-29;3.2545082278042363e-10,proxy_dimensions,4,,,,,0,213,1.0047360008873298,,,
HSPA1A,4,14,TFRC;IGFBP2;COL6A1;CDH2,VHL;GAPDH;TUBA1B;RAB25;GAB2;ATM;SQSTM1;RPS6;MAPK1;NF2;MAP2K1;PTEN;TP53;PEA15,1,5,5,4,,0.04932636236669901,0.4,0.2,5.4586242949057126e-49;2.0351794435848172e-29;1.514976222213343e-11;1.144330308105113e-05;0.000886333916253066,1.9735135047890582e-41;3.0225048017349106e-23;3.690776567630424e-09;0.0014619605601818063,proxy_dimensions,5,,,,,0,213,1.058675925496241,,,
GAB2,2,2,VHL;BRAF,TUBA1B;TP53,1,2,2,2,0.0573291311954308,0.04932636236669901,0.4,0.15,1.9094432578168505e-07;0.012806552221389267,2.9195134233080127e-07;0.007702847510414136,reported,2,0.13175727224634712,0.2621899613521069;0.13175727224634712,0.057329131195430774,True,1,213,0.9490655146697344,2.7018274196317162,0.08243512700344133,0.5438964281828982
ASNS,3,2,ERBB2;ACACA;CHEK2,TUBA1B;TP53,1,2,2,2,0.07536933193644366,0.04932636236669901,0.4,0.15,7.115026554944153e-12;3.150151272520729e-06,2.6406083812349933e-07;0.004030091319648549,reported,2,0.16389656242492615,0.26795324711985063;0.16389656242492615,0.07536933193644371,True,1,213,0.9748390547857115,2.4632515286844265,0.06129347952906184,0.6331108190507528
BCL2L11,3,14,FN1;CCNE1;PDCD4,VHL;GAPDH;TUBA1B;RAB25;GAB2;ATM;SQSTM1;RPS6;MAPK1;NF2;MAP2K1;PTEN;TP53;PEA15,1,4,4,3,,0.04932636236669901,0.4,0.2,9.393828970768812e-33;1.2631984041027861e-17;2.237064030451891e-06;0.04278205520904941,2.1977164550857805e-25;2.0574455670104997e-10;0.02516081224856706,proxy_dimensions,4,,,,,0,213,0.9803153920889823,,,
BRAF,3,27,CAV1;ETS1;KIT,VHL;GAPDH;TUBA1B;IGFBP2;CLDN7;FN1;CDH1;SERPINE1;SYK;RAB25;GAB2;ATM;CTNNB1;MSH6;ASNS;BCL2L11;SQSTM1;PDCD4;RPS6;MSH2;MAPK1;NF2;RBM15;MAP2K1;PTEN;TP53;PEA15,1,4,4,3,,0.04932636236669901,0.2,0.15,1.4005059980182532e-71;7.8209276737718996e-31;2.433780905725921e-13;0.02574357839050958,9.3818426542e-44;5.8113764675046874e-24;1.5706367835011677e-08,proxy_dimensions,4,,,,,0,213,1.005191121669457,,,
CDH2,3,14,CDH1;HSPA1A;STAT5A,VHL;GAPDH;TUBA1B;RAB25;GAB2;ATM;SQSTM1;RPS6;MAPK1;NF2;MAP2K1;PTEN;TP53;PEA15,1,4,4,3,,0.04932636236669901,0.4,0.2,2.126277074721718e-55;1.3788113100030038e-29;1.4609704146715424e-13;0.016329801844572483,1.3264599333538003e-40;1.793062131235668e-17;0.0014288173579218681,proxy_dimensions,4,,,,,0,213,1.0048108607389092,,,
CLDN7,3,21,CDH1;MAP2K1;ETS1,TUBA1B;IGFBP2;CCNB1;FN1;SERPINE1;RAB25;CCNE1;FASN;MSH6;ASNS;SQSTM1;EEF2K;PDCD4;ACACA;FOXM1;MSH2;DIABLO;BRAF;PTEN;TP53;EEF2,1,4,4,3,,0.04932636236669901,0.2,0.15,4.315992271153055e-74;1.022294155419438e-25;2.0320381541667916e-11;0.00029006478075447006,3.8465990725843534e-51;7.178176026576609e-20;1.4077748985506116e-08,proxy_dimensions,4,,,,,0,214,1.0281834284800244,,,
CDH1,3,21,CLDN7;CTNNB1;CDH2,TUBA1B;IGFBP2;CCNB1;FN1;SERPINE1;RAB25;CCNE1;FASN;MSH6;ASNS;SQSTM1;EEF2K;PDCD4;ACACA;FOXM1;MSH2;DIABLO;BRAF;PTEN;TP53;EEF2,1,4,4,3,,0.04932636236669901,0.2,0.15,1.2110411494464365e-72;4.271143559384613e-32;5.815863915103652e-13;0.004479145929545698,3.603068074266515e-44;3.9825588416815785e-15;5.921785485615553e-05,proxy_dimensions,4,,,,,0,214,0.9525043100438538,,,
HSPA1A,2,21,COL6A1;KIT,TUBA1B;IGFBP2;CCNB1;FN1;SERPINE1;RAB25;CCNE1;FASN;MSH6;ASNS;SQSTM1;EEF2K;PDCD4;ACACA;FOXM1;MSH2;DIABLO;BRAF;PTEN;TP53;EEF2,1,3,3,2,,0.04932636236669901,0.2,0.15,1.2017085611263664e-37;6.787703210205401e-13;0.000141528184175784,3.5367184220459264e-26;9.575255568113235e-05,proxy_dimensions,3,,,,,0,214,1.0056163724632312,,,
GAB2,3,11,MYH11;VHL;ERBB2,GAPDH;TFRC;IGFBP2;ANXA1;RAB25;EEF2K;PDCD4;DIABLO;MAP2K1;PTEN;TP53,1,3,3,2,0.0256356859114962,0.04932636236669901,0.4,0.2,1.883308274517837e-14;6.484218966444782e-05;0.02031101475590617;0.7233151128391541,1.4401077562563048e-15;1.7178012761836173e-06;0.12904724960274602,conditional_information_dimension,3,0.07536281545773836,0.365595252747814;0.2670385257210749;0.07536281545773836,0.022870252529428117,False,0,214,0.9648888672381742,,,
ASNS,2,51,CCNB1;ACACA,MYH11;VHL;GAPDH;ESR1;TUBA1B;TFRC;IGFBP2;CLDN7;FN1;CAV1;CDH1;SERPINE1;HSPA1A;SYK;ANXA1;AR;RAB25;CASP7;RICTOR;GAB2;ATM;INPP4B;CTNNB1;STAT5A;MYC;BCL2L11;EEF2K;ERBB2;PDCD4;RPS6;TP53BP1;TGM2;MAPK1;DIABLO;BRAF;ERBB3;NF2;RBM15;MAP2K1;PTEN;TP53;ETS1;CHEK2;PEA15;COL6A1;EEF2;PRKCA;CDH2;KIT;PREX1;LCK,1,3,3,2,,0.04932636236669901,0.2,0.15,1.1888157846540363e-69;6.483233825333428e-21;9.46214747373483e-07,2.9820055179351837e-49;2.2411137843061113e-13,proxy_dimensions,3,,,,,0,214,0.969294419459482,,,
BCL2L11,2,21,ANXA1;INPP4B,TUBA1B;IGFBP2;CCNB1;FN1;SERPINE1;RAB25;CCNE1;FASN;MSH6;ASNS;SQSTM1;EEF2K;PDCD4;ACACA;FOXM1;MSH2;DIABLO;BRAF;PTEN;TP53;EEF2,1,3,3,2,,0.04932636236669901,0.2,0.15,2.72347835594762e-47;3.4495490314951375e-14;1.4873848936574997e-05,5.862423497972093e-29;5.466499330443355e-06,proxy_dimensions,3,,,,,0,214,1.0041780662229214,,,
BRAF,4,2,CAV1;RICTOR;ATM;ETS1,PTEN;TP53,1,2,2,2,0.06528758039235219,0.04932636236669901,0.4,0.15,8.756744318216466e-10;0.006571731794459232,3.3071297175510224e-10;0.002622381318239618,reported,2,0.1858496475982736,0.32967412255335055;0.1858496475982736,0.06528758039235232,True,1,214,1.0482220445313062,0.40051678335264573,0.029622874408665872,0.5167090111158621
CDH2,3,21,CDH1;STAT5A;PEA15,TUBA1B;IGFBP2;CCNB1;FN1;SERPINE1;RAB25;CCNE1;FASN;MSH6;ASNS;SQSTM1;EEF2K;PDCD4;ACACA;FOXM1;MSH2;DIABLO;BRAF;PTEN;TP53;EEF2,1,4,4,3,,0.04932636236669901,0.2,0.15,6.708921000956664e-76;3.31045483629532e-42;2.7032354635254447e-19;2.924115120302766e-09,5.58580875742953e-66;5.172057016913366e-32;4.3163523716029533e-10,proxy_dimensions,4,,,,,0,214,1.0430222715153918,,,
CLDN7,2,3,CDH1;PRKCA,GAPDH;PDCD4;PTEN,1,2,2,2,0.12346964716438319,0.04932636236669901,0.4,0.2,4.162175257511757e-18;0.00017948215295203492;0.7048327387295648,1.51226650358e-15;2.619414589345307e-06,reported,2,0.23019156100287205,0.35153931714166914;0.23019156100287205,0.10225412848306324,True,1,215,0.920036513019558,-1.0561709903185086,-0.02788847637351397,0.3408514329497799
CDH1,3,56,CLDN7;CTNNB1;CDH2,MYH11;VHL;GAPDH;ESR1;TUBA1B;TFRC;IGFBP2;CCNB1;FN1;CAV1;SERPINE1;HSPA1A;SYK;ANXA1;AR;RAB25;CASP7;RICTOR;CCNE1;GAB2;ATM;INPP4B;FASN;MSH6;STAT5A;MYC;ASNS;BCL2L11;SQSTM1;EEF2K;ERBB2;PDCD4;RPS6;ACACA;TP53BP1;TGM2;FOXM1;MSH2;MAPK1;DIABLO;BRAF;ERBB3;NF2;RBM15;MAP2K1;PTEN;TP53;ETS1;CHEK2;PEA15;COL6A1;EEF2;PRKCA;KIT;PREX1;LCK,1,4,4,3,,0.04932636236669901,0.2,0.15,1.0435503487284763e-127;5.9935515110067676e-64;2.0091156704122718e-36;3.2142917245020153e-12,1.9859093943411712e-94;1.368968936553849e-42;2.4667089569520004e-15,proxy_dimensions,4,,,,,0,215,0.9227975864157678,,,
HSPA1A,2,27,TGM2;COL6A1,VHL;GAPDH;TFRC;IGFBP2;CLDN7;FN1;CDH1;SERPINE1;RAB25;CASP7;GAB2;FASN;CTNNB1;STAT5A;ASNS;EEF2K;ERBB2;PDCD4;RPS6;ACACA;MAP2K1;TP53;CHEK2;EEF2;CDH2;PREX1;LCK,1,3,3,2,,0.04932636236669901,0.2,0.15,7.660505741016788e-53;1.2078795622169178e-21;2.3605107894985596e-08,3.0707292748857055e-38;1.1988097690248583e-12,proxy_dimensions,3,,,,,0,215,0.9981562151076228,,,
GAB2,1,57,VHL,MYH11;GAPDH;ESR1;TUBA1B;TFRC;IGFBP2;CLDN7;CCNB1;FN1;CAV1;CDH1;SERPINE1;HSPA1A;SYK;ANXA1;AR;RAB25;CASP7;RICTOR;CCNE1;ATM;INPP4B;FASN;CTNNB1;MSH6;STAT5A;MYC;ASNS;BCL2L11;SQSTM1;EEF2K;ERBB2;PDCD4;RPS6;ACACA;TP53BP1;TGM2;FOXM1;MSH2;MAPK1;DIABLO;BRAF;ERBB3;NF2;RBM15;MAP2K1;PTEN;ETS1;CHEK2;PEA15;COL6A1;EEF2;PRKCA;CDH2;KIT;PREX1;LCK,1,2,2,1,,0.04932636236669901,0.2,0.15,8.599179845491835e-34;2.5475545180980758e-06,1.0213485455536648e-11,proxy_dimensions,2,,,,,0,215,0.9946052904316367,,,
ASNS,3,3,CCNB1;TP53;CHEK2,GAPDH;PDCD4;PTEN,1,2,2,2,0.14270683794059857,0.04932636236669901,0.4,0.2,8.62848882413609e-23;1.474085603595536e-09;0.16628352681271602,1.0175053946688765e-24;3.5717767481212383e-11,reported,2,0.3346751928507186,0.41762142708876615;0.3346751928507186,0.11696025130728477,True,1,215,0.9896366477998522,0.07017658420400508,0.025642689778331708,0.6592330005030425
BCL2L11,1,27,INPP4B,VHL;GAPDH;TFRC;IGFBP2;CLDN7;FN1;CDH1;SERPINE1;RAB25;CASP7;GAB2;FASN;CTNNB1;STAT5A;ASNS;EEF2K;ERBB2;PDCD4;RPS6;ACACA;MAP2K1;TP53;CHEK2;EEF2;CDH2;PREX1;LCK,1,2,2,1,,0.04932636236669901,0.2,0.15,3.103488751405603e-36;1.1022889381958703e-13,3.2273017587131478e-24,proxy_dimensions,2,,,,,0,215,0.9963625974267226,,,
BRAF,2,27,PTEN;ETS1,VHL;GAPDH;TFRC;IGFBP2;CLDN7;FN1;CDH1;SERPINE1;RAB25;CASP7;GAB2;FASN;CTNNB1;STAT5A;ASNS;EEF2K;ERBB2;PDCD4;RPS6;ACACA;MAP2K1;TP53;CHEK2;EEF2;CDH2;PREX1;LCK,1,3,3,2,,0.04932636236669901,0.2,0.15,2.982692216018361e-59;1.333396642051023e-22;0.0006324153898897079,1.3867202298146634e-29;0.0001995404766474497,proxy_dimensions,3,,,,,0,215,0.9220725590223895,,,
CDH2,2,3,CCNE1;SQSTM1,GAPDH;PDCD4;PTEN,1,2,2,2,0.09406929274654922,0.04932636236669901,0.4,0.2,5.921179804806793e-09;6.536142342073084e-05;0.8727403651924069,2.463715668134749e-08;0.000146451913615165,reported,2,0.1868949126223519,0.25273401785473665;0.1868949126223519,0.07592033994276882,True,1,215,1.0201142927297433,1.2513833976710325,0.05983673803744739,0.6658115692118772
CLDN7,4,25,CDH1;NF2;MAP2K1;PRKCA,VHL;GAPDH;TUBA1B;IGFBP2;FN1;SERPINE1;SYK;RAB25;GAB2;FASN;MSH6;ASNS;BCL2L11;SQSTM1;ERBB2;RPS6;ACACA;MSH2;DIABLO;RBM15;PTEN;TP53;CHEK2;CDH2;KIT,1,5,5,4,,0.04932636236669901,0.2,0.15,1.9444118894795988e-100;2.6339987043776454e-60;1.0196592534606427e-37;1.4017821366378094e-17;3.7519563974199652e-06,2.5351813456365184e-72;3.455066326110107e-46;1.1736160627255649e-23;5.107577526223939e-11,proxy_dimensions,5,,,,,0,216,1.0337450285413214,,,
CDH1,4,8,CLDN7;CTNNB1;PRKCA;CDH2,VHL;GAPDH;RAB25;MAPK1;DIABLO;NF2;MAP2K1;TP53,1,4,4,4,0.048369210924457944,0.04932636236669901,0.4,0.2,1.0605683389522412e-71;2.7121552389731007e-44;5.496669858492092e-19;1.1262781822972606e-09;0.14468525961225773,7.1876001058080184e-62;4.928825611934885e-34;3.6564202176444106e-17;1.8512486595501673e-06,reported,4,0.23410799043632513,0.5667088998728447;0.4619618984044281;0.3730185093051799;0.23410799043632513,0.03947842572619001,True,1,216,1.0016458007095876,-2.8156298693450528,-0.0008896347129049805,0.5060388993085717
HSPA1A,2,8,COL6A1;CDH2,VHL;GAPDH;RAB25;MAPK1;DIABLO;NF2;MAP2K1;TP53,1,2,2,2,0.10822187499260101,0.04932636236669901,0.4,0.2,4.81633366887162e-13;0.02419528691914685;0.7423018130176253,3.312290178204103e-15;5.606872750925171e-06,reported,2,0.2226537040985227,0.3510746643466306;0.2226537040985227,0.059304875199772435,True,1,216,1.1010144214576922,1.4305129508774674,0.019564140796543034,0.5686606786561821
GAB2,1,58,RAB25,MYH11;VHL;GAPDH;ESR1;TUBA1B;TFRC;IGFBP2;CLDN7;CCNB1;FN1;CAV1;CDH1;SERPINE1;HSPA1A;SYK;ANXA1;AR;CASP7;RICTOR;CCNE1;ATM;INPP4B;FASN;CTNNB1;MSH6;STAT5A;MYC;ASNS;BCL2L11;SQSTM1;EEF2K;ERBB2;PDCD4;RPS6;ACACA;TP53BP1;TGM2;FOXM1;MSH2;MAPK1;DIABLO;BRAF;ERBB3;NF2;RBM15;MAP2K1;PTEN;TP53;ETS1;CHEK2;PEA15;COL6A1;EEF2;PRKCA;CDH2;KIT;PREX1;LCK,1,2,2,1,,0.04932636236669901,0.2,0.15,1.9076124115769094e-38;4.428425786619595e-15,3.5726241468998556e-25,proxy_dimensions,2,,,,,0,216,1.006704119426182,,,
ASNS,1,8,CHEK2,VHL;GAPDH;RAB25;MAPK1;DIABLO;NF2;MAP2K1;TP53,1,2,2,1,,0.04932636236669901,0.4,0.2,1.4260490718988527e-09;0.022251561649971895,4.940308023238889e-07,proxy_dimensions,2,,,,,0,216,0.9560477841141942,,,
BCL2L11,3,8,FN1;CCNE1;CHEK2,VHL;GAPDH;RAB25;MAPK1;DIABLO;NF2;MAP2K1;TP53,1,4,4,3,,0.04932636236669901,0.4,0.2,5.843626244349945e-15;1.542259705269021e-08;0.013715583487510332;0.04529673203034161,1.0607298906768374e-13;2.2345113503384462e-07;0.032176273450399286,proxy_dimensions,4,,,,,0,216,0.9970913862238183,,,
BRAF,4,8,CAV1;GAB2;EEF2K;ETS1,VHL;GAPDH;RAB25;MAPK1;DIABLO;NF2;MAP2K1;TP53,1,5,5,4,,0.04932636236669901,0.4,0.2,2.1671731457688868e-38;1.020592906097719e-14;3.149611655971588e-08;6.447206210442608e-05;0.042479561131676426,1.115230715010681e-24;4.638268748023369e-10;1.476725410804204e-05;0.047508500593664064,proxy_dimensions,5,,,,,0,216,1.03595736607206,,,
CDH2,4,8,CDH1;HSPA1A;STAT5A;SQSTM1,VHL;GAPDH;RAB25;MAPK1;DIABLO;NF2;MAP2K1;TP53,1,4,4,4,0.047573965900832606,0.04932636236669901,0.4,0.2,5.178516402032472e-41;7.463270645709111e-20;2.221190333242688e-08;0.008928262723809055;0.7338758269265865,3.7587976656200654e-45;1.2913026063528156e-22;2.5964382103541144e-10;7.3628378520769645e-06,reported,4,0.22042158890401128,0.5258380803711582;0.4100115908560966;0.2701989462745019;0.22042158890401128,0.03688835802776974,True,1,216,1.0349061015894736,1.35471917216881,0.007637331334446761,0.3475344600670657
CLDN7,2,19,CDH1;PRKCA,GAPDH;TFRC;IGFBP2;FN1;SERPINE1;ANXA1;RAB25;CASP7;FASN;ASNS;SQSTM1;EEF2K;PDCD4;ACACA;DIABLO;PTEN;ETS1;CHEK2;EEF2,1,3,3,2,,0.04932636236669901,0.2,0.15,2.1360197172270912e-50;3.761925170999964e-18;3.762555997551627e-05,1.1703277626294634e-32;1.0369138236148084e-10,proxy_dimensions,3,,,,,0,217,0.9951883717608114,,,
CDH1,4,9,CLDN7;CTNNB1;PDCD4;COL6A1,VHL;TFRC;RAB25;GAB2;ERBB2;MAP2K1;PTEN;CHEK2;EEF2,1,4,4,4,0.05131369320865941,0.04932636236669901,0.4,0.2,3.835577349646315e-42;1.0873223821559631e-22;2.8042830457799467e-13;0.0008207311550118375;0.1029953469136395,4.302074937379708e-40;4.230511125216185e-20;3.348652237362756e-08;4.5006589487270896e-05,reported,4,0.20104360209992828,0.5038915366278873;0.40455723006180616;0.23977280211882926;0.20104360209992828,0.04265612407116346,True,1,217,0.8861535283300368,0.11164451959258084,0.0694194034956556,0.5807647189224386
HSPA1A,3,19,BRAF;COL6A1;CDH2,GAPDH;TFRC;IGFBP2;FN1;SERPINE1;ANXA1;RAB25;CASP7;FASN;ASNS;SQSTM1;EEF2K;PDCD4;ACACA;DIABLO;PTEN;ETS1;CHEK2;EEF2,1,3,3,3,0.08863684002459418,0.04932636236669901,0.2,0.15,9.340098508525539e-67;5.676153618034221e-25;3.412084631397949e-08;0.06728884067925563,1.1601131619716688e-63;8.681649923544973e-35;8.463763076225022e-13,reported,3,0.3447184350670789,0.5638745020374557;0.49660235382847584;0.3447184350670789,0.04694016783862609,True,1,217,0.9669570015321931,-1.7093732112405962,0.024878523371764345,0.5890998878850182
GAB2,2,19,VHL;BRAF,GAPDH;TFRC;IGFBP2;FN1;SERPINE1;ANXA1;RAB25;CASP7;FASN;ASNS;SQSTM1;EEF2K;PDCD4;ACACA;DIABLO;PTEN;ETS1;CHEK2;EEF2,1,3,3,2,,0.04932636236669901,0.2,0.15,1.5004440086838443e-41;5.124395384372247e-10;0.002121602442368273,3.2516356688796964e-28;0.000498315055221468,proxy_dimensions,3,,,,,0,217,0.9775184137841435,,,
ASNS,4,2,CCNB1;ACACA;CHEK2;PRKCA,VHL;GAB2,1,2,2,2,0.036306994637560666,0.04932636236669901,0.4,0.15,3.76399662870608e-06;0.009389275843193847,5.89988611898423e-06;0.03919445839910612,reported,2,0.1429909340116474,0.2682866658934932;0.1429909340116474,0.03630699463756068,True,1,217,1.0238326086864753,1.279161746331815,0.1537264446857763,0.5913529330111443
BCL2L11,4,9,ANXA1;CCNE1;PDCD4;PRKCA,VHL;TFRC;RAB25;GAB2;ERBB2;MAP2K1;PTEN;CHEK2;EEF2,1,5,5,4,,0.04932636236669901,0.4,0.2,3.1374335205635548e-34;3.6664121866032677e-19;6.278159513014379e-12;2.225369967290005e-05;0.021956712856373076,1.5760880274031574e-26;6.029910507906423e-12;4.445704231632596e-05;0.02140470729370612,proxy_dimensions,5,,,,,0,217,1.0162402540260593,,,
BRAF,4,9,CAV1;ATM;NF2;ETS1,VHL;TFRC;RAB25;GAB2;ERBB2;MAP2K1;PTEN;CHEK2;EEF2,1,4,4,4,0.0233731131212357,0.04932636236669901,0.4,0.2,3.5063549875520825e-64;5.229172636457831e-27;7.185109400426722e-14;5.881480718129643e-06;0.07851552829943219,2.684227153615249e-48;4.560419873457041e-21;5.0237794259096834e-08;0.023765980484873637,reported,4,0.11219770051345125,0.5624462904101541;0.4185366333430939;0.2865662635738171;0.11219770051345125,0.029336817140946363,True,1,217,1.011903000793158,4.708135262647509,0.40882209393086977,0.40095933840733045
CDH2,4,9,HSPA1A;STAT5A;SQSTM1;KIT,VHL;TFRC;RAB25;GAB2;ERBB2;MAP2K1;PTEN;CHEK2;EEF2,1,4,4,3,0.007928745506197836,0.04932636236669901,0.4,0.2,2.0771477362945357e-34;1.272121899895102e-16;5.7179386445798465e-08;0.006761952912376685;0.07314402197378873,3.1690033833791983e-34;1.1619265178095597e-12;0.001098221404277478;0.5043943021848933,conditional_information_dimension,4,0.03322532220916866,0.5184088906239552;0.36419364373495466;0.20781434305636767;0.03322532220916866,0.02219088562478027,False,0,217,1.0169047277153096,,,
CLDN7,3,6,CDH1;MAPK1;PRKCA,GAPDH;IGFBP2;RAB25;DIABLO;MAP2K1;PTEN,1,4,4,3,,0.04932636236669901,0.4,0.2,3.2450994998284743e-35;9.648907738587511e-15;3.7683667349887286e-08;3.085736971251178e-05,8.581869286269547e-14;2.0951982530418418e-07;8.074263872877783e-05,proxy_dimensions,4,,,,,0,218,0.9651098100819155,,,
CDH1,3,23,CLDN7;FN1;CTNNB1,VHL;GAPDH;TUBA1B;IGFBP2;SYK;RAB25;GAB2;FASN;ASNS;BCL2L11;SQSTM1;EEF2K;ERBB2;ACACA;TGM2;DIABLO;BRAF;RBM15;MAP2K1;TP53;PEA15;EEF2;KIT,1,4,4,3,,0.04932636236669901,0.2,0.15,2.776864589407155e-98;7.981211603596027e-47;1.3737519009461998e-25;2.121883216725063e-06,5.355245897020295e-80;5.301078064901721e-42;3.0201525519688864e-22,proxy_dimensions,4,,,,,0,218,1.0401943688086022,,,
HSPA1A,3,6,TFRC;COL6A1;CDH2,GAPDH;IGFBP2;RAB25;DIABLO;MAP2K1;PTEN,1,2,2,2,0.0879621770593963,0.04932636236669901,0.4,0.2,3.29567669515612e-17;0.00828470287957741;0.35230113163336363;0.6499455735295605,1.9629024835076397e-22;4.1493633277974904e-05,reported,2,0.22046771404938229,0.4565558083688975;0.22046771404938229,0.05459352899799548,True,1,218,1.0109234212847908,0.8192558954841282,0.04127167675124479,0.5175271157012611
GAB2,2,57,VHL;KIT,MYH11;GAPDH;ESR1;TUBA1B;TFRC;IGFBP2;CLDN7;CCNB1;FN1;CAV1;CDH1;SERPINE1;HSPA1A;SYK;ANXA1;AR;RAB25;CASP7;RICTOR;CCNE1;ATM;INPP4B;FASN;CTNNB1;MSH6;STAT5A;MYC;ASNS;BCL2L11;SQSTM1;EEF2K;ERBB2;PDCD4;RPS6;ACACA;TP53BP1;TGM2;FOXM1;MSH2;MAPK1;DIABLO;BRAF;ERBB3;NF2;RBM15;MAP2K1;PTEN;TP53;ETS1;CHEK2;PEA15;COL6A1;EEF2;PRKCA;CDH2;PREX1;LCK,1,3,3,2,,0.04932636236669901,0.4,0.25,7.745934161509318e-68;5.198105485291049e-39;9.227904064697126e-16,1.153600098368621e-46;4.2540320903107652e-19,proxy_dimensions,3,,,,,0,218,0.9970128511244399,,,
ASNS,2,6,SQSTM1;ACACA,GAPDH;IGFBP2;RAB25;DIABLO;MAP2K1;PTEN,1,2,2,2,0.07642458372110586,0.04932636236669901,0.4,0.2,3.403320173591023e-05;0.010807709113726173;0.06307846224823806,1.2817602433531393e-07;0.001480232302756533,reported,2,0.15686698936016505,0.25657651450116364;0.15686698936016505,0.05317330200501403,True,1,218,1.0290339656789032,0.7042334002979037,0.01440124719167554,0.5188243917895193
BCL2L11,4,1,ANXA1;PDCD4;RBM15;PEA15,RAB25,1,1,1,1,0.08758087891845037,0.04932636236669901,0.4,0.15,0.003681129103017066,0.008469100116692805,reported,1,0.1821045501503437,0.1821045501503437,0.08758087891845037,True,1,218,1.0047832675407087,0.09439370001347677,0.07417366696256443,0.48533934509512017
BRAF,3,6,CAV1;CTNNB1;ETS1,GAPDH;IGFBP2;RAB25;DIABLO;MAP2K1;PTEN,1,4,4,3,,0.04932636236669901,0.4,0.2,2.5440729945965748e-15;2.3059950558203358e-08;0.0001563349346273474;0.007555079541829992,3.725809395087414e-10;4.754797037962397e-06;0.001966633376667945,proxy_dimensions,4,,,,,0,218,0.9926643113244586,,,
CDH2,2,6,HSPA1A;STAT5A,GAPDH;IGFBP2;RAB25;DIABLO;MAP2K1;PTEN,1,2,2,2,0.10330750194814724,0.04932636236669901,0.4,0.2,1.7251181277766896e-12;0.008708808344232278;0.586276931612476,3.784720818141799e-11;3.7878868331329975e-05,reported,2,0.20247805448173445,0.29799395342833146;0.20247805448173445,0.06452268271888985,True,1,218,0.9775530933048693,1.6065566308971706,0.0708799119227862,0.526943456208455
CLDN7,4,37,CDH1;RAB25;DIABLO;PRKCA,GAPDH;ESR1;TUBA1B;TFRC;IGFBP2;CCNB1;FN1;SERPINE1;SYK;ANXA1;AR;CASP7;CCNE1;GAB2;ATM;FASN;MSH6;STAT5A;ASNS;BCL2L11;SQSTM1;EEF2K;PDCD4;ACACA;TGM2;FOXM1;MSH2;BRAF;RBM15;MAP2K1;PTEN;TP53;PEA15;EEF2;CDH2;PREX1;LCK,1,5,5,4,,0.04932636236669901,0.2,0.15,1.1605614957369538e-110;2.8109402767877024e-65;2.1659801822816455e-32;3.929990847591307e-14;6.4704685291121995e-06,3.187118530627511e-84;1.0833859057743599e-49;8.89704285307191e-26;3.5473020075451335e-10,proxy_dimensions,5,,,,,0,219,0.9834353517394365,,,
CDH1,2,37,CLDN7;CTNNB1,GAPDH;ESR1;TUBA1B;TFRC;IGFBP2;CCNB1;FN1;SERPINE1;SYK;ANXA1;AR;CASP7;CCNE1;GAB2;ATM;FASN;MSH6;STAT5A;ASNS;BCL2L11;SQSTM1;EEF2K;PDCD4;ACACA;TGM2;FOXM1;MSH2;BRAF;RBM15;MAP2K1;PTEN;TP53;PEA15;EEF2;CDH2;PREX1;LCK,1,3,3,2,,0.04932636236669901,0.2,0.15,6.525518369878152e-101;4.090130256604321e-39;6.616363293957475e-07,5.519282474056e-57;9.880326495459696e-09,proxy_dimensions,3,,,,,0,219,0.9393410112513271,,,
HSPA1A,3,14,CASP7;COL6A1;CDH2,VHL;GAPDH;TUBA1B;IGFBP2;RAB25;FASN;EEF2K;ACACA;MAPK1;NF2;PTEN;TP53;PEA15;KIT,1,4,4,3,,0.04932636236669901,0.4,0.2,9.366395216114529e-29;1.2266248170066511e-09;3.619110201039563e-05;0.03921312629664558,3.058070779328423e-21;1.3623742521301342e-08;0.00012921956135639225,proxy_dimensions,4,,,,,0,219,1.0088026187215835,,,
GAB2,1,14,BRAF,VHL;GAPDH;TUBA1B;IGFBP2;RAB25;FASN;EEF2K;ACACA;MAPK1;NF2;PTEN;TP53;PEA15;KIT,1,2,2,1,,0.04932636236669901,0.4,0.2,5.883366451429962e-20;0.001886979555141257,4.960609232727472e-12,proxy_dimensions,2,,,,,0,219,0.931587419608986,,,
ASNS,1,14,SQSTM1,VHL;GAPDH;TUBA1B;IGFBP2;RAB25;FASN;EEF2K;ACACA;MAPK1;NF2;PTEN;TP53;PEA15;KIT,1,2,2,1,,0.04932636236669901,0.4,0.2,1.146191386898237e-20;4.31766107513933e-09,3.491083879747368e-10,proxy_dimensions,2,,,,,0,219,0.9738419849885769,,,
BCL2L11,3,14,ANXA1;PDCD4;PRKCA,VHL;GAPDH;TUBA1B;IGFBP2;RAB25;FASN;EEF2K;ACACA;MAPK1;NF2;PTEN;TP53;PEA15;KIT,1,4,4,3,,0.04932636236669901,0.4,0.2,2.8224930072450345e-46;2.922179529928375e-23;2.9845911626937737e-12;6.331714445856257e-07,5.5090316825762187e-42;2.125891222866499e-18;3.1774879478978396e-07,proxy_dimensions,4,,,,,0,219,0.9879515465917389,,,
BRAF,2,14,GAB2;ETS1,VHL;GAPDH;TUBA1B;IGFBP2;RAB25;FASN;EEF2K;ACACA;MAPK1;NF2;PTEN;TP53;PEA15;KIT,1,3,3,2,,0.04932636236669901,0.4,0.2,1.1199759404844229e-30;4.514211702855389e-07;0.002043884573748841,5.847342322009735e-16;0.0001271190667921571,proxy_dimensions,3,,,,,0,219,0.9633773061029105,,,
CDH2,3,26,HSPA1A;CCNE1;STAT5A,VHL;GAPDH;TUBA1B;TFRC;IGFBP2;RAB25;RICTOR;GAB2;FASN;ASNS;BCL2L11;SQSTM1;EEF2K;PDCD4;RPS6;ACACA;MAPK1;DIABLO;NF2;MAP2K1;PTEN;TP53;CHEK2;PEA15;EEF2;KIT,1,4,4,3,,0.04932636236669901,0.4,0.25,3.1776341894882643e-65;3.796084891015943e-40;7.216535182142715e-17;3.7392400970759495e-07,3.7030387981144097e-56;5.937231576039368e-32;5.992673451753644e-10,proxy_dimensions,4,,,,,0,219,0.94373522915158,,,
CLDN7,2,23,CDH1;MAPK1,VHL;GAPDH;TFRC;IGFBP2;FN1;SERPINE1;SYK;RAB25;CCNE1;GAB2;FASN;MSH6;STAT5A;BCL2L11;SQSTM1;PDCD4;ACACA;MSH2;MAP2K1;PTEN;TP53;CHEK2;CDH2,1,3,3,2,,0.04932636236669901,0.2,0.15,7.515329002614836e-72;2.4007814783748476e-33;6.7613595887809715e-09,2.1777686072903906e-41;5.604209270481723e-17,proxy_dimensions,3,,,,,0,220,0.9793158801275795,,,
CDH1,2,23,CLDN7;CTNNB1,VHL;GAPDH;TFRC;IGFBP2;FN1;SERPINE1;SYK;RAB25;CCNE1;GAB2;FASN;MSH6;STAT5A;BCL2L11;SQSTM1;PDCD4;ACACA;MSH2;MAP2K1;PTEN;TP53;CHEK2;CDH2,1,3,3,2,,0.04932636236669901,0.2,0.15,1.0994418155253362e-80;1.4727510288454365e-39;1.354606097387332e-09,2.645762993184816e-48;2.0201248617555197e-15,proxy_dimensions,3,,,,,0,220,1.0027835622078447,,,
HSPA1A,3,8,COL6A1;CDH2;KIT,VHL;GAPDH;TFRC;CASP7;GAB2;ERBB2;PDCD4;PTEN,1,3,3,2,0.005566502403987341,0.04932636236669901,0.4,0.2,1.1077310297824838e-27;4.814895734223878e-15;7.714827738655971e-07;0.09493441067613409,1.6948255547102492e-23;2.9375713433172446e-08;0.7218793118098014,conditional_information_dimension,3,0.017696753707248863,0.4431408185553763;0.30934185953200516;0.017696753707248863,0.02788963122761973,False,0,220,0.9539893707463437,,,
GAB2,1,58,VHL,MYH11;GAPDH;ESR1;TUBA1B;TFRC;IGFBP2;CLDN7;CCNB1;FN1;CAV1;CDH1;SERPINE1;HSPA1A;SYK;ANXA1;AR;RAB25;CASP7;RICTOR;CCNE1;ATM;INPP4B;FASN;CTNNB1;MSH6;STAT5A;MYC;ASNS;BCL2L11;SQSTM1;EEF2K;ERBB2;PDCD4;RPS6;ACACA;TP53BP1;TGM2;FOXM1;MSH2;MAPK1;DIABLO;BRAF;ERBB3;NF2;RBM15;MAP2K1;PTEN;TP53;ETS1;CHEK2;PEA15;COL6A1;EEF2;PRKCA;CDH2;KIT;PREX1;LCK,1,2,2,1,,0.04932636236669901,0.2,0.15,7.0718102170664e-45;4.478312137539054e-17,4.01577877269204e-21,proxy_dimensions,2,,,,,0,220,0.9784487751538788,,,
ASNS,1,23,TGM2,VHL;GAPDH;TFRC;IGFBP2;FN1;SERPINE1;SYK;RAB25;CCNE1;GAB2;FASN;MSH6;STAT5A;BCL2L11;SQSTM1;PDCD4;ACACA;MSH2;MAP2K1;PTEN;TP53;CHEK2;CDH2,1,2,2,1,,0.04932636236669901,0.2,0.15,1.5284689049723649e-33;6.558773630896337e-15,5.387019363130893e-16,proxy_dimensions,2,,,,,0,220,0.9886734593032707,,,
BCL2L11,3,8,CCNE1;INPP4B;BRAF,VHL;GAPDH;TFRC;CASP7;GAB2;ERBB2;PDCD4;PTEN,1,4,4,3,,0.04932636236669901,0.4,0.2,7.258093781688344e-31;1.0884320055043807e-12;1.0345792621962363e-06;0.012931576224899266,4.5829174553761815e-27;1.0198077088841864e-08;0.0007491517327380909,proxy_dimensions,4,,,,,0,220,0.9600215932332808,,,
BRAF,3,23,ATM;EEF2K;ETS1,VHL;GAPDH;TFRC;IGFBP2;FN1;SERPINE1;SYK;RAB25;CCNE1;GAB2;FASN;MSH6;STAT5A;BCL2L11;SQSTM1;PDCD4;ACACA;MSH2;MAP2K1;PTEN;TP53;CHEK2;CDH2,1,4,4,3,,0.04932636236669901,0.2,0.15,3.298396294174363e-81;2.797579633719741e-27;9.115046175116892e-16;1.8085415895858417e-08,7.909417302898039e-58;4.6917220746128544e-20;8.613332182496144e-09,proxy_dimensions,4,,,,,0,220,0.9310361295583589,,,
CDH2,2,57,STAT5A;SQSTM1,MYH11;VHL;GAPDH;ESR1;TUBA1B;TFRC;IGFBP2;CLDN7;CCNB1;FN1;CAV1;CDH1;SERPINE1;HSPA1A;SYK;ANXA1;AR;RAB25;CASP7;RICTOR;CCNE1;GAB2;ATM;INPP4B;FASN;CTNNB1;MSH6;MYC;ASNS;BCL2L11;EEF2K;ERBB2;PDCD4;RPS6;ACACA;TP53BP1;TGM2;FOXM1;MSH2;MAPK1;DIABLO;BRAF;ERBB3;NF2;RBM15;MAP2K1;PTEN;TP53;ETS1;CHEK2;PEA15;COL6A1;EEF2;PRKCA;KIT;PREX1;LCK,1,3,3,2,,0.04932636236669901,0.2,0.15,2.1307991367141217e-94;5.539375112781315e-42;2.912392642804089e-13,4.572456140632146e-70;4.773824367003458e-25,proxy_dimensions,3,,,,,0,220,0.9073298135686045,,,
CLDN7,2,50,CDH1;COL6A1,VHL;GAPDH;ESR1;TUBA1B;IGFBP2;CCNB1;FN1;SERPINE1;SYK;ANXA1;AR;RAB25;CASP7;CCNE1;GAB2;ATM;INPP4B;FASN;MSH6;STAT5A;MYC;ASNS;BCL2L11;SQSTM1;EEF2K;ERBB2;PDCD4;RPS6;ACACA;TP53BP1;TGM2;FOXM1;MSH2;MAPK1;DIABLO;BRAF;ERBB3;NF2;MAP2K1;PTEN;TP53;ETS1;CHEK2;PEA15;EEF2;PRKCA;CDH2;KIT;PREX1;LCK,1,3,3,2,,0.04932636236669901,0.2,0.15,6.545169844431115e-86;1.6400808429589774e-35;1.048697479243126e-09,1.8634983818967e-49;2.7342969250624762e-14,proxy_dimensions,3,,,,,0,221,1.0201960216495243,,,
CDH1,2,50,CLDN7;CTNNB1,VHL;GAPDH;ESR1;TUBA1B;IGFBP2;CCNB1;FN1;SERPINE1;SYK;ANXA1;AR;RAB25;CASP7;CCNE1;GAB2;ATM;INPP4B;FASN;MSH6;STAT5A;MYC;ASNS;BCL2L11;SQSTM1;EEF2K;ERBB2;PDCD4;RPS6;ACACA;TP53BP1;TGM2;FOXM1;MSH2;MAPK1;DIABLO;BRAF;ERBB3;NF2;MAP2K1;PTEN;TP53;ETS1;CHEK2;PEA15;EEF2;PRKCA;CDH2;KIT;PREX1;LCK,1,3,3,2,,0.04932636236669901,0.2,0.15,3.8896017136580285e-99;5.705119704215219e-49;1.3120915424181314e-09,5.166018376110284e-65;1.397890336370714e-17,proxy_dimensions,3,,,,,0,221,1.0952279321394338,,,
HSPA1A,3,8,TFRC;COL6A1;CDH2,GAPDH;FN1;SERPINE1;RAB25;EEF2K;MAP2K1;TP53;EEF2,1,3,3,3,0.06705586520541129,0.04932636236669901,0.4,0.2,2.6028724389753097e-26;1.1629466038810995e-09;0.00023884944702636418;0.08742996260013523,2.753650768013474e-28;1.0464422790086428e-14;5.163923511168735e-07,reported,3,0.24576807841677306,0.42563156649924333;0.32917253568872856;0.24576807841677306,0.0461863634599022,True,1,221,1.0305849265644842,1.326746861080491,0.013125914704226176,0.6118163446528406
GAB2,2,8,VHL;BRAF,GAPDH;FN1;SERPINE1;RAB25;EEF2K;MAP2K1;TP53;EEF2,1,2,2,2,0.09814456348094612,0.04932636236669901,0.4,0.2,1.5827627018138708e-17;3.7429011540361657e-06;0.17059531661954472,9.684468698664873e-15;9.920130549065674e-07,reported,2,0.2394526102423996,0.3334879330389045;0.2394526102423996,0.058378531232842444,True,1,221,1.0207490175967726,2.5043872091515884,0.06914911190253267,0.679266531353004
ASNS,2,8,ACACA;CHEK2,GAPDH;FN1;SERPINE1;RAB25;EEF2K;MAP2K1;TP53;EEF2,1,3,3,2,,0.04932636236669901,0.4,0.2,2.6106341146163563e-18;9.257158270663895e-08;6.25419586393371e-05,1.4244040874714647e-13;5.0260180955032266e-05,proxy_dimensions,3,,,,,0,221,0.9688075730754823,,,
BCL2L11,3,8,CCNE1;INPP4B;PDCD4,GAPDH;FN1;SERPINE1;RAB25;EEF2K;MAP2K1;TP53;EEF2,1,3,3,2,0.017112299234132704,0.04932636236669901,0.4,0.2,1.35572436145911e-30;7.55546111694581e-14;0.001425164265522173;0.05558035087582958,5.1576246420215e-28;6.257402870194466e-12;0.31970959679368505,conditional_information_dimension,3,0.049444960934056426,0.45258778736485855;0.363784097894529;0.049444960934056426,0.03041269509296974,False,0,221,1.0540410230470645,,,
BRAF,4,8,GAB2;CTNNB1;PTEN;ETS1,GAPDH;FN1;SERPINE1;RAB25;EEF2K;MAP2K1;TP53;EEF2,1,3,3,3,0.06992532426288535,0.04932636236669901,0.4,0.2,1.1471932239390164e-35;9.035491345722684e-16;1.055592229405925e-06;0.17076224063632428;0.45849707808822726,8.148890571368113e-31;9.292779887625245e-16;1.692945482776268e-07,reported,3,0.27254833005176954,0.4489187264400415;0.3464135990536415;0.27254833005176954,0.05086292798942437,True,1,221,0.9888878267212827,-2.457894346002672,-0.022573798867849205,0.5279030236727056
CDH2,3,8,HSPA1A;CCNE1;STAT5A,GAPDH;FN1;SERPINE1;RAB25;EEF2K;MAP2K1;TP53;EEF2,1,4,4,3,,0.04932636236669901,0.4,0.2,2.991985956006154e-23;3.780148804333203e-11;1.1061663500362404e-05;0.0245453729687071,4.130743081846205e-19;3.986869200680538e-08;0.023358379399440722,proxy_dimensions,4,,,,,0,221,1.0126029854295227,,,
CLDN7,2,29,CDH1;PRKCA,VHL;TUBA1B;TFRC;FN1;SERPINE1;SYK;ANXA1;RAB25;GAB2;ATM;MSH6;ASNS;BCL2L11;EEF2K;RPS6;TGM2;MSH2;DIABLO;BRAF;NF2;RBM15;MAP2K1;PTEN;TP53;ETS1;CHEK2;PEA15;EEF2;KIT,1,3,3,2,,0.04932636236669901,0.2,0.15,6.012419984224672e-107;2.4954476431929182e-45;6.064945052168127e-12,3.9910676649411505e-68;1.5298722410556177e-20,proxy_dimensions,3,,,,,0,222,1.0275541016220209,,,
CDH1,4,14,CLDN7;FN1;CAV1;CTNNB1,VHL;TUBA1B;TFRC;IGFBP2;RAB25;GAB2;RPS6;MAPK1;DIABLO;NF2;PTEN;TP53;PEA15;EEF2,1,5,5,4,,0.04932636236669901,0.4,0.25,2.5645593954651443e-77;2.274631892076155e-37;2.5393077821631538e-17;3.3775497768687336e-08;0.036500851075461846,1.49834560858217e-56;6.684963832789211e-33;2.4038154759534613e-12;1.4906552682017012e-05,proxy_dimensions,5,,,,,0,222,1.057121282807548,,,
HSPA1A,2,14,COL6A1;CDH2,VHL;TUBA1B;TFRC;IGFBP2;RAB25;GAB2;RPS6;MAPK1;DIABLO;NF2;PTEN;TP53;PEA15;EEF2,1,3,3,2,,0.04932636236669901,0.4,0.25,5.027600144622055e-38;5.371234329834887e-16;4.750783835525661e-06,1.202372390340019e-31;2.9822335991218132e-12,proxy_dimensions,3,,,,,0,222,1.0364651776552054,,,
GAB2,1,58,NF2,MYH11;VHL;GAPDH;ESR1;TUBA1B;TFRC;IGFBP2;CLDN7;CCNB1;FN1;CAV1;CDH1;SERPINE1;HSPA1A;SYK;ANXA1;AR;RAB25;CASP7;RICTOR;CCNE1;ATM;INPP4B;FASN;CTNNB1;MSH6;STAT5A;MYC;ASNS;BCL2L11;SQSTM1;EEF2K;ERBB2;PDCD4;RPS6;ACACA;TP53BP1;TGM2;FOXM1;MSH2;MAPK1;DIABLO;BRAF;ERBB3;RBM15;MAP2K1;PTEN;TP53;ETS1;CHEK2;PEA15;COL6A1;EEF2;PRKCA;CDH2;KIT;PREX1;LCK,1,2,2,1,,0.04932636236669901,0.2,0.15,1.5525753868143055e-59;9.300777533671476e-25,2.9062646807541253e-32,proxy_dimensions,2,,,,,0,222,1.007643401050351,,,
ASNS,2,7,CAV1;CHEK2,VHL;TFRC;RAB25;GAB2;DIABLO;PTEN;TP53,1,3,3,2,,0.04932636236669901,0.4,0.2,4.7041904125222384e-29;0.0016835996602580948;0.014502091593410225,4.527055229218791e-27;0.02770421448777447,proxy_dimensions,3,,,,,0,222,0.9635406216680596,,,
BCL2L11,1,7,INPP4B,VHL;TFRC;RAB25;GAB2;DIABLO;PTEN;TP53,1,2,2,1,,0.04932636236669901,0.4,0.2,3.1334733049995983e-22;2.6876326204237444e-10,1.3165040909938389e-12,proxy_dimensions,2,,,,,0,222,1.033258391128693,,,
BRAF,2,57,MAP2K1;ETS1,MYH11;VHL;GAPDH;ESR1;TUBA1B;TFRC;IGFBP2;CLDN7;CCNB1;FN1;CAV1;CDH1;SERPINE1;HSPA1A;SYK;ANXA1;AR;RAB25;CASP7;RICTOR;CCNE1;GAB2;ATM;INPP4B;FASN;CTNNB1;MSH6;STAT5A;MYC;ASNS;BCL2L11;SQSTM1;EEF2K;ERBB2;PDCD4;RPS6;ACACA;TP53BP1;TGM2;FOXM1;MSH2;MAPK1;DIABLO;ERBB3;NF2;RBM15;PTEN;TP53;CHEK2;PEA15;COL6A1;EEF2;PRKCA;CDH2;KIT;PREX1;LCK,1,3,3,2,,0.04932636236669901,0.2,0.15,4.77306404384333e-97;7.250355000878061e-38;1.1634719723730826e-12,8.185300289763746e-54;7.516758032110479e-20,proxy_dimensions,3,,,,,0,222,1.0303015221601375,,,
CDH2,2,14,HSPA1A;STAT5A,VHL;TUBA1B;TFRC;IGFBP2;RAB25;GAB2;RPS6;MAPK1;DIABLO;NF2;PTEN;TP53;PEA15;EEF2,1,3,3,2,,0.04932636236669901,0.4,0.25,4.2848641963796315e-38;1.9599457605091214e-16;6.976839028166869e-07,1.9313298230626357e-28;6.051247330671176e-08,proxy_dimensions,3,,,,,0,222,0.9584357144387251,,,
CLDN7,4,19,ERBB2;MAP2K1;TP53;PRKCA,VHL;GAPDH;TUBA1B;CDH1;SYK;RAB25;CASP7;ATM;CTNNB1;STAT5A;BCL2L11;SQSTM1;EEF2K;TP53BP1;DIABLO;RBM15;EEF2;CDH2;KIT,1,4,4,4,0.025979974774205578,0.04932636236669901,0.2,0.15,5.474740815192492e-56;4.95990662345349e-29;2.0701189187414617e-12;0.001407158651398678;0.211738727976999,9.971211831086372e-46;2.173992138475389e-23;5.288883520678602e-09;0.03429015903793835,reported,4,0.10508033125113941,0.5241927738297647;0.4342505303102168;0.3069298020478363;0.10508033125113941,0.028305631683391817,True,1,223,0.9268638390613244,1.3994779629136993,-0.22786020182498634,0.48349278220979686
CDH1,2,11,SERPINE1;CTNNB1,VHL;GAPDH;TUBA1B;SYK;ANXA1;RAB25;GAB2;EEF2K;MAP2K1;TP53;KIT,1,3,3,2,,0.04932636236669901,0.4,0.2,8.4733901211645e-31;4.519532451618278e-18;0.00012320381648240304,1.1112911160154434e-23;1.7212204198809015e-10,proxy_dimensions,3,,,,,0,223,0.8750712468947658,,,
HSPA1A,2,42,SQSTM1;COL6A1,VHL;GAPDH;TUBA1B;TFRC;IGFBP2;CLDN7;CCNB1;FN1;CDH1;SERPINE1;SYK;ANXA1;RAB25;CCNE1;GAB2;ATM;FASN;CTNNB1;MSH6;STAT5A;ASNS;BCL2L11;EEF2K;PDCD4;RPS6;ACACA;TP53BP1;TGM2;FOXM1;MSH2;MAPK1;DIABLO;NF2;RBM15;MAP2K1;PTEN;TP53;CHEK2;PEA15;EEF2;CDH2;KIT,1,3,3,2,,0.04932636236669901,0.4,0.25,2.4021152588643235e-58;5.607390909498314e-25;7.499799930779052e-11,1.0510905992343553e-45;2.0594293461321924e-16,proxy_dimensions,3,,,,,0,223,1.0108113359554278,,,
GAB2,2,19,BRAF;PREX1,VHL;GAPDH;TUBA1B;CDH1;SYK;RAB25;CASP7;ATM;CTNNB1;STAT5A;BCL2L11;SQSTM1;EEF2K;TP53BP1;DIABLO;RBM15;EEF2;CDH2;KIT,1,3,3,2,,0.04932636236669901,0.2,0.15,5.155679532861652e-61;7.132330598640184e-32;1.4038323907368653e-06,4.288117908853079e-42;1.2866735339118114e-13,proxy_dimensions,3,,,,,0,223,0.96865864000542,,,
ASNS,3,19,ACACA;TGM2;PRKCA,VHL;GAPDH;TUBA1B;CDH1;SYK;RAB25;CASP7;ATM;CTNNB1;STAT5A;BCL2L11;SQSTM1;EEF2K;TP53BP1;DIABLO;RBM15;EEF2;CDH2;KIT,1,4,4,3,,0.04932636236669901,0.2,0.15,1.573293302809348e-51;4.533888790774465e-27;1.6431725669848257e-14;0.0013757079308674524,9.661156562397158e-38;1.1180939898094984e-15;0.002276053173969709,proxy_dimensions,4,,,,,0,223,1.0508094287419432,,,
BCL2L11,2,11,PDCD4;PRKCA,VHL;GAPDH;TUBA1B;SYK;ANXA1;RAB25;GAB2;EEF2K;MAP2K1;TP53;KIT,1,3,3,2,,0.04932636236669901,0.4,0.2,9.727670681182356e-14;3.002959133187137e-07;0.005483469844448181,7.331652956420581e-09;8.927463986529107e-05,proxy_dimensions,3,,,,,0,223,1.0424411786800898,,,
BRAF,2,19,GAB2;ETS1,VHL;GAPDH;TUBA1B;CDH1;SYK;RAB25;CASP7;ATM;CTNNB1;STAT5A;BCL2L11;SQSTM1;EEF2K;TP53BP1;DIABLO;RBM15;EEF2;CDH2;KIT,1,3,3,2,,0.04932636236669901,0.2,0.15,9.784101934171088e-51;2.8062087164113344e-17;0.011287862102324311,8.135909752552366e-32;1.7702952890771515e-15,proxy_dimensions,3,,,,,0,223,0.9450830655189698,,,
CDH2,4,2,CDH1;STAT5A;SQSTM1;ACACA,GAPDH;TUBA1B,1,2,2,2,0.05155468337847453,0.04932636236669901,0.4,0.15,2.5730262973352995e-11;0.041936373381499574,1.0316996446893225e-07;0.019488682606587867,reported,2,0.1554451533737693,0.2994702112738435;0.1554451533737693,0.05155468337847451,True,1,223,1.0502571814182897,2.3617409755655427,0.03834589096317233,0.6592079628435572
CLDN7,3,3,CDH1;MAPK1;PRKCA,VHL;TFRC;GAB2,1,2,2,2,0.06351160011864539,0.04932636236669901,0.4,0.15,4.942691931180146e-22;0.00027916493821853654;0.49532310368679355,3.119868636604786e-17;0.0025213360359843165,reported,2,0.17062623230374094,0.41848170830970804;0.17062623230374094,0.05683878932180809,True,1,224,0.9682216798959176,0.6854724785395142,-0.04913065061096694,0.531768382416241
CDH1,2,18,CLDN7;CTNNB1,VHL;GAPDH;TFRC;FN1;SERPINE1;SYK;STAT5A;ASNS;BCL2L11;ERBB2;DIABLO;BRAF;MAP2K1;PTEN;TP53;CHEK2;CDH2;PREX1,1,3,3,2,,0.04932636236669901,0.2,0.15,3.605864787701437e-65;4.957084575098147e-29;1.3123140121831092e-08,5.411319861339246e-48;7.071473347395474e-13,proxy_dimensions,3,,,,,0,224,0.9830937838668377,,,
HSPA1A,4,3,CASP7;MYC;ERBB3;COL6A1,VHL;TFRC;GAB2,1,2,2,1,0.034616994195878874,0.04932636236669901,0.4,0.15,9.325066980459784e-10;0.0005210404299886714;0.7135182058380467,7.99330482521731e-07;0.13839532578318056,conditional_information_dimension,2,0.11625377288977777,0.29836287101340137;0.11625377288977777,0.0316543972671685,False,0,224,1.0214603997469092,,,
GAB2,2,18,RAB25;FASN,VHL;GAPDH;TFRC;FN1;SERPINE1;SYK;STAT5A;ASNS;BCL2L11;ERBB2;DIABLO;BRAF;MAP2K1;PTEN;TP53;CHEK2;CDH2;PREX1,1,3,3,2,,0.04932636236669901,0.2,0.15,1.8887406817944042e-30;3.731146816359282e-14;6.5678872203192705e-06,3.7991629824960286e-14;7.4949672410963e-06,proxy_dimensions,3,,,,,0,224,1.0631745374161212,,,
ASNS,3,13,CCNB1;CAV1;CHEK2,VHL;TUBA1B;TFRC;RAB25;GAB2;RPS6;TGM2;MAPK1;NF2;MAP2K1;PTEN;PEA15;EEF2,1,4,4,3,,0.04932636236669901,0.4,0.2,5.558424827416104e-31;1.137066741538373e-11;4.567142277424768e-06;0.024035922662355005,9.288160931667985e-27;9.680914373324727e-09;3.8914158780757755e-05,proxy_dimensions,4,,,,,0,224,1.018881043632374,,,
BCL2L11,3,24,ANXA1;INPP4B;PRKCA,VHL;GAPDH;TUBA1B;TFRC;IGFBP2;SYK;RAB25;GAB2;ATM;EEF2K;ERBB2;RPS6;TGM2;MAPK1;DIABLO;BRAF;NF2;MAP2K1;PTEN;TP53;CHEK2;PEA15;EEF2;PREX1,1,4,4,3,,0.04932636236669901,0.4,0.25,1.1147735219593828e-67;5.7528160579832596e-39;5.059860452693958e-18;2.1904372447974678e-06,2.814529489745031e-47;2.3630638609430614e-26;4.800763240123991e-07,proxy_dimensions,4,,,,,0,224,1.024245132467194,,,
BRAF,4,3,CAV1;RICTOR;EEF2K;PTEN,VHL;TFRC;GAB2,1,3,3,2,0.02423364305572776,0.04932636236669901,0.4,0.15,1.107374953225801e-19;4.402224669712379e-08;0.001442956713315056,1.6948744985509533e-07;0.0027482911768892644;0.19454604876799128,conditional_information_dimension,3,0.0898422843165556,0.28862720705058575;0.2014933933938202;0.0898422843165556,0.024233643055727755,False,0,224,0.9675236065843492,,,
CDH2,4,3,CDH1;CTNNB1;STAT5A;SQSTM1,VHL;TFRC;GAB2,1,3,3,3,0.0450436389345059,0.04932636236669901,0.4,0.15,2.3219459956221797e-31;4.089103533741361e-08;0.000509934591483532,5.748463170169397e-32;1.0265389358118062e-08;0.0003171949890094594,reported,3,0.19772802453307559,0.5263544924790549;0.2767582163429348;0.19772802453307559,0.04504363893450591,True,1,224,1.0487993557919069,1.286488465442865,0.07636743571259097,0.6284446694099729
CLDN7,4,31,CDH1;DIABLO;MAP2K1;PRKCA,VHL;ESR1;TUBA1B;IGFBP2;FN1;SERPINE1;SYK;ANXA1;AR;RAB25;CASP7;GAB2;FASN;ASNS;BCL2L11;SQSTM1;EEF2K;ERBB2;PDCD4;RPS6;ACACA;MAPK1;BRAF;NF2;PTEN;TP53;ETS1;EEF2;KIT;PREX1;LCK,2,5,5,4,,0.04932636236669901,0.2,0.15,2.0747568187655236e-82;5.658055216842905e-43;5.265609511386817e-22;1.8331763889234874e-12;1.2467636763742286e-05,4.599962374848032e-60;1.2169936160353234e-30;5.3756985369810706e-17;4.31791975320371e-07,proxy_dimensions,5,,,,,0,225,1.0252282201635752,,,
CDH1,2,31,CLDN7;CTNNB1,VHL;ESR1;TUBA1B;IGFBP2;FN1;SERPINE1;SYK;ANXA1;AR;RAB25;CASP7;GAB2;FASN;ASNS;BCL2L11;SQSTM1;EEF2K;ERBB2;PDCD4;RPS6;ACACA;MAPK1;BRAF;NF2;PTEN;TP53;ETS1;EEF2;KIT;PREX1;LCK,2,3,3,2,,0.04932636236669901,0.2,0.15,4.913997167379553e-81;1.776468153563251e-32;2.9738079313951374e-06,6.0344439483492904e-52;1.6999779584525359e-10,proxy_dimensions,3,,,,,0,225,1.007925025254907,,,
HSPA1A,4,7,CASP7;COL6A1;CDH2;KIT,VHL;GAPDH;RAB25;STAT5A;SQSTM1;MAP2K1;TP53,2,3,3,3,0.05489798522244039,0.04932636236669901,0.4,0.2,1.552254261678089e-36;1.159474990276718e-13;2.371694187651456e-05;0.1096528503320994;0.3297813309364762,3.7575404513991677e-35;4.5565318159428335e-15;2.5708004139227164e-05,reported,3,0.22577685900880098,0.49840204875741007;0.3667255735341452;0.22577685900880098,0.03777129864448353,True,1,225,0.985702169524458,1.724892759355181,0.08669772259183266,0.6503859758192279
GAB2,1,58,VHL,MYH11;GAPDH;ESR1;TUBA1B;TFRC;IGFBP2;CLDN7;CCNB1;FN1;CAV1;CDH1;SERPINE1;HSPA1A;SYK;ANXA1;AR;RAB25;CASP7;RICTOR;CCNE1;ATM;INPP4B;FASN;CTNNB1;MSH6;STAT5A;MYC;ASNS;BCL2L11;SQSTM1;EEF2K;ERBB2;PDCD4;RPS6;ACACA;TP53BP1;TGM2;FOXM1;MSH2;MAPK1;DIABLO;BRAF;ERBB3;NF2;RBM15;MAP2K1;PTEN;TP53;ETS1;CHEK2;PEA15;COL6A1;EEF2;PRKCA;CDH2;KIT;PREX1;LCK,2,2,2,1,,0.04932636236669901,0.2,0.15,2.7705942308634695e-34;2.9735691612506955e-09,1.1182618197482679e-18,proxy_dimensions,2,,,,,0,225,0.9840360452008353,,,
ASNS,2,7,CCNB1;ACACA,VHL;GAPDH;RAB25;STAT5A;SQSTM1;MAP2K1;TP53,2,3,3,2,,0.04932636236669901,0.4,0.2,1.128476019176278e-14;0.001043768779482655;0.01214136532378153,2.799209118926991e-06;0.022959409451656743,proxy_dimensions,3,,,,,0,225,1.005390814212264,,,
BCL2L11,1,58,ANXA1,MYH11;VHL;GAPDH;ESR1;TUBA1B;TFRC;IGFBP2;CLDN7;CCNB1;FN1;CAV1;CDH1;SERPINE1;HSPA1A;SYK;AR;RAB25;CASP7;RICTOR;CCNE1;GAB2;ATM;INPP4B;FASN;CTNNB1;MSH6;STAT5A;MYC;ASNS;SQSTM1;EEF2K;ERBB2;PDCD4;RPS6;ACACA;TP53BP1;TGM2;FOXM1;MSH2;MAPK1;DIABLO;BRAF;ERBB3;NF2;RBM15;MAP2K1;PTEN;TP53;ETS1;CHEK2;PEA15;COL6A1;EEF2;PRKCA;CDH2;KIT;PREX1;LCK,2,2,2,1,,0.04932636236669901,0.2,0.15,2.443182020352978e-52;8.336972586289569e-14,8.656825028316661e-24,proxy_dimensions,2,,,,,0,225,0.9725632672817325,,,
BRAF,2,54,EEF2K;NF2,MYH11;VHL;GAPDH;ESR1;TUBA1B;TFRC;IGFBP2;CLDN7;CCNB1;CAV1;CDH1;HSPA1A;SYK;ANXA1;AR;RAB25;CASP7;RICTOR;CCNE1;GAB2;ATM;INPP4B;FASN;CTNNB1;MSH6;STAT5A;MYC;ASNS;BCL2L11;SQSTM1;ERBB2;PDCD4;RPS6;ACACA;TP53BP1;TGM2;FOXM1;MSH2;DIABLO;ERBB3;RBM15;MAP2K1;PTEN;TP53;ETS1;CHEK2;PEA15;COL6A1;EEF2;PRKCA;CDH2;KIT;PREX1;LCK,2,3,3,2,,0.04932636236669901,0.2,0.15,2.16703652923638e-116;2.43940185853531e-56;1.2490049229196498e-22,8.002826492493959e-67;2.3500598430964365e-32,proxy_dimensions,3,,,,,0,225,0.9683989349166451,,,
CDH2,2,31,HSPA1A;STAT5A,VHL;ESR1;TUBA1B;IGFBP2;FN1;SERPINE1;SYK;ANXA1;AR;RAB25;CASP7;GAB2;FASN;ASNS;BCL2L11;SQSTM1;EEF2K;ERBB2;PDCD4;RPS6;ACACA;MAPK1;BRAF;NF2;PTEN;TP53;ETS1;EEF2;KIT;PREX1;LCK,2,3,3,2,,0.04932636236669901,0.2,0.15,3.674755624495406e-58;5.15125821640548e-27;1.261783810107159e-07,9.571376557358341e-48;1.7677768014897622e-18,proxy_dimensions,3,,,,,0,225,0.9458792879777738,,,
CLDN7,2,8,CAV1;CDH1,GAPDH;TFRC;ANXA1;RAB25;CASP7;MAP2K1;PTEN;TP53,1,3,3,2,,0.04932636236669901,0.4,0.2,2.340665973084574e-22;1.7335537950521122e-08;0.0006865661304478771,5.0063377632264307e-11;0.0014936143021810262,proxy_dimensions,3,,,,,0,226,0.9929833559050102,,,
CDH1,2,26,CTNNB1;PDCD4,VHL;GAPDH;TUBA1B;TFRC;CLDN7;FN1;SERPINE1;ANXA1;RAB25;GAB2;ATM;FASN;ASNS;BCL2L11;ERBB2;ACACA;TGM2;MAPK1;BRAF;NF2;PTEN;TP53;CHEK2;PEA15;PRKCA;KIT,1,3,3,2,,0.04932636236669901,0.2,0.15,6.212944624969923e-80;8.202847387658428e-34;2.2501175408025613e-13,1.7854326682691827e-45;3.123104346555021e-13,proxy_dimensions,3,,,,,0,226,1.0031780172926648,,,
HSPA1A,3,8,BRAF;COL6A1;CDH2,GAPDH;TFRC;ANXA1;RAB25;CASP7;MAP2K1;PTEN;TP53,1,4,4,3,,0.04932636236669901,0.4,0.2,4.12073482553381e-26;1.9861154894790703e-12;7.94463421642154e-05;0.02742865864943992,3.984521980341013e-24;7.035943906009922e-10;0.00038201464117419817,proxy_dimensions,4,,,,,0,226,1.031888367697983,,,
GAB2,3,8,VHL;ESR1;BRAF,GAPDH;TFRC;ANXA1;RAB25;CASP7;MAP2K1;PTEN;TP53,1,4,4,3,,0.04932636236669901,0.4,0.2,4.177633348006198e-21;3.890479754590306e-13;1.4130968967754578e-05;0.008678865090341511,4.869686938119192e-17;1.0877277713934816e-09;0.00451565307359046,proxy_dimensions,4,,,,,0,226,0.919875204963876,,,
ASNS,2,8,SQSTM1;CHEK2,GAPDH;TFRC;ANXA1;RAB25;CASP7;MAP2K1;PTEN;TP53,1,2,2,2,0.07462554282302745,0.04932636236669901,0.4,0.2,4.825493366910748e-11;0.0001722238645432544;0.7707320338692468,5.918704421828313e-14;0.0006212885356443747,reported,2,0.16872328744459553,0.3600958975161147;0.16872328744459553,0.04236896326223886,True,2,226,0.9716254289569943,3.255555425103591,0.056816252647673635,0.5288936526128925
BCL2L11,4,2,RAB25;CCNE1;INPP4B;PDCD4,ANXA1;TP53,1,2,2,2,0.06689073825246802,0.04932636236669901,0.4,0.15,3.2816512710267105e-10;6.200186036515713e-06,3.0650088039272724e-08;0.00035139705636640854,reported,2,0.211282715516571,0.27652553773151717;0.211282715516571,0.06689073825246802,True,1,226,0.9488351299957881,2.5311367753716265,0.1032218152740851,0.4797467380539082
BRAF,3,26,HSPA1A;GAB2;ETS1,GAPDH;TFRC;IGFBP2;FN1;SERPINE1;ANXA1;RAB25;CASP7;ATM;FASN;ASNS;BCL2L11;EEF2K;ERBB2;PDCD4;RPS6;ACACA;TGM2;MAPK1;NF2;MAP2K1;PTEN;TP53;CHEK2;PEA15;EEF2,1,4,4,3,,0.04932636236669901,0.4,0.25,5.55831851662551e-53;2.493426181615547e-19;4.6230614991361505e-07;0.0006392642930478832,5.1510664768114505e-27;3.648004201063672e-10;0.0010117021163027085,proxy_dimensions,4,,,,,0,226,1.0094750395240182,,,
CDH2,2,26,HSPA1A;STAT5A,GAPDH;TFRC;IGFBP2;FN1;SERPINE1;ANXA1;RAB25;CASP7;ATM;FASN;ASNS;BCL2L11;EEF2K;ERBB2;PDCD4;RPS6;ACACA;TGM2;MAPK1;NF2;MAP2K1;PTEN;TP53;CHEK2;PEA15;EEF2,1,3,3,2,,0.04932636236669901,0.4,0.25,5.821452589543168e-43;4.1893896252711883e-13;2.340921532470301e-06,1.574105506401357e-33;1.3503830283414744e-08,proxy_dimensions,3,,,,,0,226,1.056293718584275,,,
CLDN7,1,23,CDH1,VHL;GAPDH;TUBA1B;TFRC;IGFBP2;CCNB1;ANXA1;RAB25;CASP7;CCNE1;GAB2;FASN;ASNS;EEF2K;PDCD4;ACACA;FOXM1;DIABLO;BRAF;CHEK2;PRKCA;CDH2;KIT,1,2,2,1,,0.04932636236669901,0.2,0.15,6.758152447123826e-31;4.26696960465244e-05,2.1171329659712952e-11,proxy_dimensions,2,,,,,0,227,1.0095806941793493,,,
CDH1,4,11,CLDN7;FN1;CTNNB1;PRKCA,TUBA1B;TFRC;IGFBP2;ANXA1;RAB25;GAB2;BCL2L11;DIABLO;BRAF;PTEN;EEF2,1,4,4,4,0.04098221372471506,0.04932636236669901,0.4,0.2,3.328444307590072e-67;1.7249920765676597e-38;9.636026082820865e-18;4.3030240012732426e-05;0.1923388883619044,2.3417543607730712e-64;8.780766285395027e-32;3.772358599492664e-15;1.9292575499158188e-06,reported,4,0.23371081516951198,0.598619078480152;0.45924159124345565;0.3446546868994552;0.23371081516951198,0.03133432851794972,True,1,227,0.9258271899820861,1.1398488415964385,0.13392067772561822,0.5850051123724267
HSPA1A,3,11,ESR1;ETS1;COL6A1,TUBA1B;TFRC;IGFBP2;ANXA1;RAB25;GAB2;BCL2L11;DIABLO;BRAF;PTEN;EEF2,1,3,3,3,0.0573328363539699,0.04932636236669901,0.4,0.2,3.420638141321532e-25;2.2281483970272074e-07;0.028823875927039645;0.3426165094395064,4.556187079225816e-29;2.7991066380841853e-13;5.750006313780386e-06,reported,3,0.2226673548288608,0.4496757047346087;0.32192901501753934;0.2226673548288608,0.03493219872475403,True,1,227,0.9696503449612917,-0.9087096851718082,-0.046522971863367325,0.5725863682919717
GAB2,1,58,RAB25,MYH11;VHL;GAPDH;ESR1;TUBA1B;TFRC;IGFBP2;CLDN7;CCNB1;FN1;CAV1;CDH1;SERPINE1;HSPA1A;SYK;ANXA1;AR;CASP7;RICTOR;CCNE1;ATM;INPP4B;FASN;CTNNB1;MSH6;STAT5A;MYC;ASNS;BCL2L11;SQSTM1;EEF2K;ERBB2;PDCD4;RPS6;ACACA;TP53BP1;TGM2;FOXM1;MSH2;MAPK1;DIABLO;BRAF;ERBB3;NF2;RBM15;MAP2K1;PTEN;TP53;ETS1;CHEK2;PEA15;COL6A1;EEF2;PRKCA;CDH2;KIT;PREX1;LCK,1,2,2,1,,0.04932636236669901,0.2,0.15,1.6703928789459987e-40;2.9545284884289804e-18,6.207647340703357e-18,proxy_dimensions,2,,,,,0,227,0.9895575089017532,,,
ASNS,2,11,ACACA;PRKCA,TUBA1B;TFRC;IGFBP2;ANXA1;RAB25;GAB2;BCL2L11;DIABLO;BRAF;PTEN;EEF2,1,3,3,2,,0.04932636236669901,0.4,0.2,3.455146017703924e-31;1.582802251071661e-10;8.67220600514345e-05,5.678788449260202e-26;2.7332125946470086e-05,proxy_dimensions,3,,,,,0,227,0.9895956501669118,,,
BCL2L11,1,23,RBM15,VHL;GAPDH;TUBA1B;TFRC;IGFBP2;CCNB1;ANXA1;RAB25;CASP7;CCNE1;GAB2;FASN;ASNS;EEF2K;PDCD4;ACACA;FOXM1;DIABLO;BRAF;CHEK2;PRKCA;CDH2;KIT,1,2,2,1,,0.04932636236669901,0.2,0.15,1.137885842085172e-56;4.236728221003708e-14,1.7989976877234908e-44,proxy_dimensions,2,,,,,0,227,1.0020365250310583,,,
BRAF,1,1,ETS1,TUBA1B,1,1,1,1,0.1712968656043422,0.04932636236669901,0.4,0.15,1.864248341318738e-05,0.0005025256127051948,reported,1,0.17129686560434215,0.17129686560434215,0.1712968656043422,True,1,227,1.053772533232051,-0.23766905275223063,0.08508670695313626,0.5820025376135477
CDH2,1,11,STAT5A,TUBA1B;TFRC;IGFBP2;ANXA1;RAB25;GAB2;BCL2L11;DIABLO;BRAF;PTEN;EEF2,1,2,2,1,,0.04932636236669901,0.4,0.2,3.1576882786140257e-20;2.0518810109689418e-07,1.8355078703772795e-15,proxy_dimensions,2,,,,,0,227,1.0687203907858998,,,
CLDN7,1,18,CDH1,GAPDH;TUBA1B;TFRC;IGFBP2;SYK;CASP7;GAB2;ATM;FASN;ASNS;PDCD4;ACACA;BRAF;RBM15;MAP2K1;PTEN;ETS1;CHEK2,1,2,2,1,,0.04932636236669901,0.2,0.15,3.9019275069668773e-22;0.012457461787527869,8.239759003709552e-09,proxy_dimensions,2,,,,,0,228,0.9900271213410878,,,
CDH1,2,18,CLDN7;CTNNB1,GAPDH;TUBA1B;TFRC;IGFBP2;SYK;CASP7;GAB2;ATM;FASN;ASNS;PDCD4;ACACA;BRAF;RBM15;MAP2K1;PTEN;ETS1;CHEK2,1,3,3,2,,0.04932636236669901,0.2,0.15,7.92874151674933e-49;4.260507903688477e-13;0.022526280840409644,2.8256227538248267e-31;0.002997623642748763,proxy_dimensions,3,,,,,0,228,1.0138360224646419,,,
HSPA1A,4,9,TFRC;COL6A1;CDH2;KIT,VHL;GAPDH;RAB25;CASP7;GAB2;ATM;DIABLO;MAP2K1;TP53,1,4,4,4,0.04563723349763154,0.04932636236669901,0.4,0.2,3.8771038762206254e-35;3.0819780186000414e-20;8.116398254300704e-12;0.000994532828093045;0.07918922596438968,1.4196649553101726e-40;1.0115487896611756e-23;1.5392769813969511e-12;0.00023510182729890718,reported,4,0.18157501360364453,0.47437397193701397;0.3965316046048304;0.3341789098394786;0.18157501360364453,0.03507490677280655,True,1,228,1.0414126302093456,2.5150996088939475,0.10875671963571228,0.5516534554945106
GAB2,1,57,BRAF,MYH11;VHL;GAPDH;ESR1;TUBA1B;TFRC;IGFBP2;CLDN7;CCNB1;FN1;CAV1;CDH1;SERPINE1;HSPA1A;SYK;ANXA1;AR;RAB25;CASP7;RICTOR;CCNE1;ATM;INPP4B;FASN;CTNNB1;MSH6;STAT5A;MYC;ASNS;BCL2L11;SQSTM1;EEF2K;ERBB2;PDCD4;RPS6;ACACA;TP53BP1;TGM2;FOXM1;MSH2;MAPK1;DIABLO;ERBB3;NF2;RBM15;MAP2K1;PTEN;TP53;CHEK2;PEA15;COL6A1;EEF2;PRKCA;CDH2;KIT;PREX1;LCK,1,2,2,1,,0.04932636236669901,0.2,0.15,1.4687315515365077e-46;2.1344539525178098e-08,5.12730461892598e-27,proxy_dimensions,2,,,,,0,228,1.0066478903707827,,,
ASNS,2,9,ACACA;CHEK2,VHL;GAPDH;RAB25;CASP7;GAB2;ATM;DIABLO;MAP2K1;TP53,1,2,2,2,0.13559400137170452,0.04932636236669901,0.4,0.2,7.472124345286005e-15;5.385611157239593e-06;0.05891507413595519,1.513636213729278e-17;8.177244201504524e-08,reported,2,0.26167992058680317,0.35987024244848653;0.26167992058680317,0.07377337254484491,True,1,228,0.9718720204215631,2.542500859051529,0.08548049100196971,0.5918761667634528
BCL2L11,2,18,RAB25;INPP4B,GAPDH;TUBA1B;TFRC;IGFBP2;SYK;CASP7;GAB2;ATM;FASN;ASNS;PDCD4;ACACA;BRAF;RBM15;MAP2K1;PTEN;ETS1;CHEK2,1,3,3,2,,0.04932636236669901,0.2,0.15,3.345876003164616e-57;1.3723153906663358e-30;2.3527392209370145e-10,2.118065119512495e-36;6.190961673512565e-14,proxy_dimensions,3,,,,,0,228,1.0163662970893081,,,
BRAF,2,57,GAB2;ETS1,MYH11;VHL;GAPDH;ESR1;TUBA1B;TFRC;IGFBP2;CLDN7;CCNB1;FN1;CAV1;CDH1;SERPINE1;HSPA1A;SYK;ANXA1;AR;RAB25;CASP7;RICTOR;CCNE1;ATM;INPP4B;FASN;CTNNB1;MSH6;STAT5A;MYC;ASNS;BCL2L11;SQSTM1;EEF2K;ERBB2;PDCD4;RPS6;ACACA;TP53BP1;TGM2;FOXM1;MSH2;MAPK1;DIABLO;ERBB3;NF2;RBM15;MAP2K1;PTEN;TP53;CHEK2;PEA15;COL6A1;EEF2;PRKCA;CDH2;KIT;PREX1;LCK,1,3,3,2,,0.04932636236669901,0.2,0.15,1.2921325151425945e-82;4.751755854181772e-33;1.1628054978406694e-07,9.129707687808417e-49;1.4478885865681675e-13,proxy_dimensions,3,,,,,0,228,0.9403404926042372,,,
CDH2,3,18,CCNE1;STAT5A;SQSTM1,GAPDH;TUBA1B;TFRC;IGFBP2;SYK;CASP7;GAB2;ATM;FASN;ASNS;PDCD4;ACACA;BRAF;RBM15;MAP2K1;PTEN;ETS1;CHEK2,1,4,4,3,,0.04932636236669901,0.2,0.15,4.279946569615616e-55;4.816202109350719e-35;4.2608015182519663e-17;4.819240730482756e-08,5.119373145785045e-45;5.023458794198256e-26;1.7088778755331942e-09,proxy_dimensions,4,,,,,0,228,1.0529225686829218,,,
CLDN7,2,7,CDH1;MAPK1,GAPDH;TFRC;ANXA1;RAB25;ATM;DIABLO;MAP2K1,1,3,3,2,,0.04932636236669901,0.4,0.2,1.8951191014993804e-28;1.154488165204532e-15;2.2853075438361045e-07,6.309206359974627e-15;4.3095217965028307e-07,proxy_dimensions,3,,,,,0,229,0.9783768974760776,,,
CDH1,3,7,CLDN7;FN1;CTNNB1,GAPDH;TFRC;ANXA1;RAB25;ATM;DIABLO;MAP2K1,1,4,4,3,,0.04932636236669901,0.4,0.2,2.2745406161377527e-45;1.0416797787353885e-26;1.974982868532754e-13;2.2162521105812713e-06,9.183672750478965e-38;2.742697925405036e-19;2.4780811375506056e-09,proxy_dimensions,4,,,,,0,229,0.8674281514015391,,,
HSPA1A,3,17,SYK;SQSTM1;COL6A1,VHL;GAPDH;TUBA1B;TFRC;ANXA1;GAB2;ATM;FASN;ASNS;EEF2K;ERBB2;ACACA;NF2;PTEN;TP53;CHEK2;KIT,1,4,4,3,,0.04932636236669901,0.2,0.15,1.1555281282579911e-35;4.946677857455464e-17;6.694227250477774e-07;0.03289500778227716,5.3458359809222135e-30;6.313492596438111e-13;1.036258231058773e-05,proxy_dimensions,4,,,,,0,229,1.0043719973935779,,,
GAB2,1,7,VHL,GAPDH;TFRC;ANXA1;RAB25;ATM;DIABLO;MAP2K1,1,2,2,1,,0.04932636236669901,0.4,0.2,1.0057918641565634e-10;0.0006893248773570703,3.1188537924105627e-09,proxy_dimensions,2,,,,,0,229,1.0334723628235978,,,
ASNS,1,57,FASN,MYH11;VHL;GAPDH;ESR1;TUBA1B;TFRC;IGFBP2;CLDN7;CCNB1;FN1;CAV1;CDH1;SERPINE1;HSPA1A;SYK;ANXA1;AR;RAB25;CASP7;RICTOR;CCNE1;GAB2;ATM;INPP4B;CTNNB1;MSH6;STAT5A;MYC;BCL2L11;SQSTM1;EEF2K;ERBB2;PDCD4;RPS6;TP53BP1;TGM2;FOXM1;MSH2;MAPK1;DIABLO;BRAF;ERBB3;NF2;RBM15;MAP2K1;PTEN;TP53;ETS1;CHEK2;PEA15;COL6A1;EEF2;PRKCA;CDH2;KIT;PREX1;LCK,1,2,2,1,,0.04932636236669901,0.2,0.15,1.2260534219071452e-48;1.3813185697638954e-19,4.426025631005149e-24,proxy_dimensions,2,,,,,0,229,0.9737222596359636,,,
BCL2L11,2,17,RAB25;PDCD4,VHL;GAPDH;TUBA1B;TFRC;ANXA1;GAB2;ATM;FASN;ASNS;EEF2K;ERBB2;ACACA;NF2;PTEN;TP53;CHEK2;KIT,1,3,3,2,,0.04932636236669901,0.2,0.15,1.692114923437438e-28;2.5321614041751747e-14;1.1296376563356462e-07,4.316280450301702e-21;7.568705013671082e-09,proxy_dimensions,3,,,,,0,229,1.0069602211666135,,,
BRAF,5,7,CAV1;CASP7;EEF2K;PTEN;ETS1,GAPDH;TFRC;ANXA1;RAB25;ATM;DIABLO;MAP2K1,1,3,3,3,0.04184124880322277,0.04932636236669901,0.4,0.2,1.1703605636871854e-15;2.0122114281980516e-07;0.0004738054483490168;0.29982521635198506;0.8007742852882646;0.9885614518593082,9.63806148206495e-18;2.0215250259689032e-07;0.006705819456275614,reported,3,0.17262797402869215,0.3990321279890153;0.2849219955567597;0.17262797402869215,0.03153455281376572,True,1,229,1.0066158366485185,-1.332395876846993,-0.06627511235452524,0.4769446133285853
CDH2,3,7,CCNE1;STAT5A;SQSTM1,GAPDH;TFRC;ANXA1;RAB25;ATM;DIABLO;MAP2K1,1,4,4,3,,0.04932636236669901,0.4,0.2,1.5393055530279528e-25;4.178343609685568e-12;8.189587909063479e-07;0.011346358846586548,3.101360718727997e-23;2.8777334380626712e-09;3.456210178355953e-05,proxy_dimensions,4,,,,,0,229,1.0049005785467962,,,
CLDN7,2,54,CDH1;ACACA,MYH11;VHL;GAPDH;ESR1;TUBA1B;TFRC;IGFBP2;CCNB1;FN1;CAV1;SERPINE1;HSPA1A;SYK;ANXA1;AR;RAB25;CASP7;RICTOR;CCNE1;GAB2;ATM;INPP4B;MSH6;STAT5A;MYC;BCL2L11;SQSTM1;EEF2K;ERBB2;PDCD4;RPS6;TP53BP1;TGM2;FOXM1;MSH2;MAPK1;DIABLO;BRAF;ERBB3;NF2;RBM15;MAP2K1;PTEN;TP53;ETS1;CHEK2;PEA15;COL6A1;EEF2;PRKCA;CDH2;KIT;PREX1;LCK,2,3,3,2,,0.04932636236669901,0.2,0.15,1.315305851161112e-72;8.084139755708578e-35;2.694561073965252e-12,3.080853020660893e-45;9.759469661351031e-22,proxy_dimensions,3,,,,,0,230,0.9591369825631717,,,
CDH1,2,54,CLDN7;CTNNB1,MYH11;VHL;GAPDH;ESR1;TUBA1B;TFRC;IGFBP2;CCNB1;FN1;CAV1;SERPINE1;HSPA1A;SYK;ANXA1;AR;RAB25;CASP7;RICTOR;CCNE1;GAB2;ATM;INPP4B;MSH6;STAT5A;MYC;BCL2L11;SQSTM1;EEF2K;ERBB2;PDCD4;RPS6;TP53BP1;TGM2;FOXM1;MSH2;MAPK1;DIABLO;BRAF;ERBB3;NF2;RBM15;MAP2K1;PTEN;TP53;ETS1;CHEK2;PEA15;COL6A1;EEF2;PRKCA;CDH2;KIT;PREX1;LCK,2,3,3,2,,0.04932636236669901,0.2,0.15,6.32244721453185e-94;1.3641353962173165e-42;1.008496365177136e-11,7.506578246099506e-62;2.6856158144205975e-15,proxy_dimensions,3,,,,,0,230,0.9760131565124084,,,
HSPA1A,2,35,COL6A1;CDH2,VHL;GAPDH;TUBA1B;TFRC;IGFBP2;CLDN7;CCNB1;FN1;CDH1;SERPINE1;SYK;ANXA1;RAB25;CASP7;CCNE1;GAB2;FASN;CTNNB1;MSH6;ASNS;BCL2L11;SQSTM1;PDCD4;ACACA;TP53BP1;FOXM1;MSH2;DIABLO;BRAF;RBM15;MAP2K1;PTEN;TP53;CHEK2;EEF2,2,3,3,2,,0.04932636236669901,0.2,0.15,3.1299998776583377e-47;1.0856856063113383e-28;7.945730441199833e-11,3.3679554317427716e-35;1.7916535458298377e-17,proxy_dimensions,3,,,,,0,230,0.966974155582735,,,
GAB2,2,57,VHL;BRAF,MYH11;GAPDH;ESR1;TUBA1B;TFRC;IGFBP2;CLDN7;CCNB1;FN1;CAV1;CDH1;SERPINE1;HSPA1A;SYK;ANXA1;AR;RAB25;CASP7;RICTOR;CCNE1;ATM;INPP4B;FASN;CTNNB1;MSH6;STAT5A;MYC;ASNS;BCL2L11;SQSTM1;EEF2K;ERBB2;PDCD4;RPS6;ACACA;TP53BP1;TGM2;FOXM1;MSH2;MAPK1;DIABLO;ERBB3;NF2;RBM15;MAP2K1;PTEN;TP53;ETS1;CHEK2;PEA15;COL6A1;EEF2;PRKCA;CDH2;KIT;PREX1;LCK,2,3,3,2,,0.04932636236669901,0.2,0.15,5.630173740105796e-63;7.145512513220536e-23;4.109769095351217e-10,5.5690669003211185e-47;3.319576879305477e-11,proxy_dimensions,3,,,,,0,230,1.012627300508561,,,
ASNS,1,54,ACACA,MYH11;VHL;GAPDH;ESR1;TUBA1B;TFRC;IGFBP2;CCNB1;FN1;CAV1;SERPINE1;HSPA1A;SYK;ANXA1;AR;RAB25;CASP7;RICTOR;CCNE1;GAB2;ATM;INPP4B;MSH6;STAT5A;MYC;BCL2L11;SQSTM1;EEF2K;ERBB2;PDCD4;RPS6;TP53BP1;TGM2;FOXM1;MSH2;MAPK1;DIABLO;BRAF;ERBB3;NF2;RBM15;MAP2K1;PTEN;TP53;ETS1;CHEK2;PEA15;COL6A1;EEF2;PRKCA;CDH2;KIT;PREX1;LCK,2,2,2,1,,0.04932636236669901,0.2,0.15,4.447761681165685e-46;4.7186982752869254e-18,1.4780626637348185e-20,proxy_dimensions,2,,,,,0,230,1.0285667216718597,,,
BCL2L11,1,58,CCNE1,MYH11;VHL;GAPDH;ESR1;TUBA1B;TFRC;IGFBP2;CLDN7;CCNB1;FN1;CAV1;CDH1;SERPINE1;HSPA1A;SYK;ANXA1;AR;RAB25;CASP7;RICTOR;GAB2;ATM;INPP4B;FASN;CTNNB1;MSH6;STAT5A;MYC;ASNS;SQSTM1;EEF2K;ERBB2;PDCD4;RPS6;ACACA;TP53BP1;TGM2;FOXM1;MSH2;MAPK1;DIABLO;BRAF;ERBB3;NF2;RBM15;MAP2K1;PTEN;TP53;ETS1;CHEK2;PEA15;COL6A1;EEF2;PRKCA;CDH2;KIT;PREX1;LCK,2,2,2,1,,0.04932636236669901,0.2,0.15,5.104621480424372e-51;2.4196515209613122e-14,1.1718175727718593e-34,proxy_dimensions,2,,,,,0,230,0.9322985555405738,,,
BRAF,3,13,SYK;GAB2;ETS1,TUBA1B;IGFBP2;RAB25;CASP7;ATM;FASN;ASNS;ERBB2;PDCD4;ACACA;DIABLO;PTEN;EEF2,2,3,3,2,0.012432079097903798,0.04932636236669901,0.4,0.2,1.0089874210122792e-21;9.667751672613e-12;0.001711719574510113;0.05193691258764422,2.0785571456958859e-16;0.0001462482673576175;0.4081096584311711,conditional_information_dimension,3,0.04111313856196892,0.4031857854044311;0.23008917542249008;0.04111313856196892,0.037298074125462224,False,0,230,0.932220963896025,,,
CDH2,3,13,HSPA1A;STAT5A;SQSTM1,TUBA1B;IGFBP2;RAB25;CASP7;ATM;FASN;ASNS;ERBB2;PDCD4;ACACA;DIABLO;PTEN;EEF2,2,4,4,3,,0.04932636236669901,0.4,0.2,6.768059123411078e-45;3.02385959676393e-20;1.245923698708355e-10;0.0006606597393371756,5.309871716586777e-40;9.783038397421043e-15;0.00010437543162395091,proxy_dimensions,4,,,,,0,230,0.926966835363599,,,
CLDN7,4,23,CDH1;DIABLO;NF2;MAP2K1,VHL;GAPDH;TUBA1B;TFRC;IGFBP2;FN1;SERPINE1;ANXA1;RAB25;CASP7;GAB2;MSH6;ASNS;SQSTM1;ERBB2;PDCD4;TP53BP1;MSH2;RBM15;TP53;ETS1;PEA15;KIT,1,5,5,4,,0.04932636236669901,0.2,0.15,9.262920482665078e-88;2.574083624348017e-47;8.642458192910579e-28;1.1021522213961398e-12;0.0075590965786224255,2.06898278025534e-62;4.2427948049292155e-42;3.455845412178713e-23;3.709190160249915e-11,proxy_dimensions,5,,,,,0,231,1.0006641439169977,,,
CDH1,3,12,CLDN7;CTNNB1;CDH2,TUBA1B;TFRC;FN1;SERPINE1;SYK;RAB25;STAT5A;EEF2K;ERBB2;MAP2K1;PTEN;EEF2,1,4,4,3,,0.04932636236669901,0.4,0.2,1.82133171292116e-54;4.99266605908958e-25;4.348671752800561e-13;0.0013847280510393728,1.524071566611789e-36;6.434100647726461e-17;4.941325364928031e-05,proxy_dimensions,4,,,,,0,231,1.0506304363672243,,,
HSPA1A,4,3,TFRC;CASP7;BRAF;COL6A1,SYK;ERBB2;PTEN,1,3,3,3,0.051760994915706064,0.04932636236669901,0.4,0.15,2.3937170324299747e-29;4.7519323701294547e-07;0.0003760062916410225,3.758184749839592e-26;6.717246436179898e-07;0.0005134811138180816,reported,3,0.19183907745167925,0.4915579856256821;0.24011940645537969;0.19183907745167925,0.05176099491570608,True,1,231,1.0306644424448457,0.9866794158553661,0.08915402968838014,0.48263520557719114
GAB2,2,3,VHL;KIT,SYK;ERBB2;PTEN,1,2,2,2,0.06207504818759568,0.04932636236669901,0.4,0.15,1.877965917020433e-11;0.001260685283371651;0.16715044004556656,1.196328619834619e-11;0.010942410527396822,reported,2,0.12585813441346003,0.34249296336923035;0.12585813441346003,0.05508443268403136,True,1,231,1.01106404798783,1.9064781132881163,0.03795289403198076,0.4746837637666722
ASNS,4,3,CAV1;SQSTM1;BRAF;CHEK2,SYK;ERBB2;PTEN,1,3,3,3,0.03693430992031764,0.04932636236669901,0.4,0.15,8.162692209571986e-22;1.871157987614048e-06;0.0016262472297535126,2.3050400073463635e-21;8.17170539970876e-06;0.02252947186404005,reported,3,0.13638804366150206,0.45472120313457665;0.24954847605526873;0.13638804366150206,0.03693430992031763,True,1,231,1.0283704167991286,1.3483003742931607,0.05583752646962017,0.4841943522289468
BCL2L11,3,12,CCNE1;PDCD4;TGM2,TUBA1B;TFRC;FN1;SERPINE1;SYK;RAB25;STAT5A;EEF2K;ERBB2;MAP2K1;PTEN;EEF2,1,4,4,3,,0.04932636236669901,0.4,0.2,1.1909990140631465e-38;4.051470702698393e-21;4.618079387431899e-12;2.091498562692543e-05,1.571694899400238e-31;5.81831289338539e-14;1.6728583862604136e-06,proxy_dimensions,4,,,,,0,231,0.9891276744994869,,,
BRAF,4,3,CAV1;HSPA1A;ASNS;EEF2K,SYK;ERBB2;PTEN,1,3,3,3,0.03994819744276,0.04932636236669901,0.4,0.15,1.708573591964188e-21;9.732530561468528e-06;0.0012223533349568776,1.3038309465111295e-06;7.454873899672959e-05;0.015500152756984227,reported,3,0.14288785033633886,0.22836322841219886;0.22083645398891522;0.14288785033633886,0.03994819744276001,True,1,231,1.1141346517407829,2.0772773261841175,0.3097182695400271,0.467131017310478
CDH2,5,3,CDH1;CCNE1;STAT5A;SQSTM1;PREX1,SYK;ERBB2;PTEN,1,3,3,3,0.050353711591733484,0.04932636236669901,0.4,0.15,1.6830122161514569e-22;1.9016889379403924e-10;0.00020607014530406233,1.1489811127213881e-20;6.736729119720921e-10;0.001989905674624531,reported,3,0.18981448360707795,0.4047206995043094;0.3227223437096113;0.18981448360707795,0.05035371159173349,True,1,231,1.10139726661918,0.7336149369056637,0.023211671152282266,0.4731360244055667
CLDN7,3,8,CDH1;MAPK1;PRKCA,VHL;GAPDH;RAB25;GAB2;PDCD4;MAP2K1;PTEN;KIT,1,4,4,3,,0.04932636236669901,0.4,0.2,2.8335148462271535e-46;2.2442319307107806e-22;9.155540461435084e-07;0.0048671737861789455,2.0223697239453964e-30;7.832492707707093e-09;2.90147591382867e-05,proxy_dimensions,4,,,,,0,232,1.0550428196409376,,,
CDH1,3,12,CLDN7;CTNNB1;CDH2,GAPDH;TUBA1B;TFRC;IGFBP2;ANXA1;RAB25;CASP7;GAB2;ATM;DIABLO;TP53;KIT,1,4,4,3,,0.04932636236669901,0.2,0.15,5.194691084932166e-69;9.332947594058443e-30;4.12379746032431e-06;0.015274877389920049,4.673907352559493e-56;1.591288347960637e-16;0.0015253377821343244,proxy_dimensions,4,,,,,0,232,0.9409569084693035,,,
HSPA1A,3,12,STAT5A;ETS1;COL6A1,GAPDH;TUBA1B;TFRC;IGFBP2;ANXA1;RAB25;CASP7;GAB2;ATM;DIABLO;TP53;KIT,1,4,4,3,,0.04932636236669901,0.2,0.15,1.1237793673870935e-37;2.1439514417701216e-16;1.753245180253339e-07;0.0020331156381386334,1.348482998250819e-36;1.3592680641186465e-14;6.380278072439134e-06,proxy_dimensions,4,,,,,0,232,0.9503708459783898,,,
GAB2,1,58,VHL,MYH11;GAPDH;ESR1;TUBA1B;TFRC;IGFBP2;CLDN7;CCNB1;FN1;CAV1;CDH1;SERPINE1;HSPA1A;SYK;ANXA1;AR;RAB25;CASP7;RICTOR;CCNE1;ATM;INPP4B;FASN;CTNNB1;MSH6;STAT5A;MYC;ASNS;BCL2L11;SQSTM1;EEF2K;ERBB2;PDCD4;RPS6;ACACA;TP53BP1;TGM2;FOXM1;MSH2;MAPK1;DIABLO;BRAF;ERBB3;NF2;RBM15;MAP2K1;PTEN;TP53;ETS1;CHEK2;PEA15;COL6A1;EEF2;PRKCA;CDH2;KIT;PREX1;LCK,1,2,2,1,,0.04932636236669901,0.4,0.2,6.206946907065204e-41;5.142054260075745e-15,5.504632181437107e-20,proxy_dimensions,2,,,,,0,232,1.0159770211702839,,,
ASNS,4,3,CCNB1;ANXA1;ACACA;TP53BP1,RAB25;PTEN;KIT,1,3,3,3,0.037245306953142994,0.04932636236669901,0.4,0.15,3.863228893382729e-14;0.00024345403755730624;0.025104418410134964,7.90255144873162e-14;0.000158743120543989;0.03491799546798049,reported,3,0.12833760369369285,0.3776284668558264;0.22018579949944744;0.12833760369369285,0.03724530695314303,True,1,232,0.977450479114782,1.9252027443529416,0.09252398013837272,0.5645973055512021
BCL2L11,6,3,IGFBP2;FN1;ANXA1;CCNE1;PDCD4;PRKCA,RAB25;PTEN;KIT,1,3,3,3,0.05030514261258384,0.04932636236669901,0.4,0.15,3.7039084991224544e-24;3.2762777609999894e-08;0.009221328089139596,3.119200632379872e-22;7.373143992492076e-06;0.00419593336432793,reported,3,0.19274859253470653,0.4784237823868944;0.25357536094044664;0.19274859253470653,0.05030514261258384,True,1,232,0.948819658368284,-1.110591976698115,-0.01885559180040715,0.5079730940207697
BRAF,2,12,CAV1;ETS1,GAPDH;TUBA1B;TFRC;IGFBP2;ANXA1;RAB25;CASP7;GAB2;ATM;DIABLO;TP53;KIT,1,3,3,2,,0.04932636236669901,0.2,0.15,1.089563788111713e-46;4.305146099147339e-15;8.417743970446907e-05,1.0249063886305351e-14;0.00013031677611895383,proxy_dimensions,3,,,,,0,232,1.0656559974411426,,,
CDH2,2,12,CDH1;STAT5A,GAPDH;TUBA1B;TFRC;IGFBP2;ANXA1;RAB25;CASP7;GAB2;ATM;DIABLO;TP53;KIT,1,3,3,2,,0.04932636236669901,0.2,0.15,1.2490169551389847e-39;5.512575280267874e-16;0.033459228253443066,2.5913196633259775e-40;7.726954357338231e-16,proxy_dimensions,3,,,,,0,232,0.9508904610001758,,,
CLDN7,3,24,CDH1;DIABLO;PRKCA,VHL;GAPDH;TUBA1B;TFRC;FN1;SERPINE1;SYK;ANXA1;ATM;STAT5A;ASNS;SQSTM1;ERBB2;TGM2;MAPK1;BRAF;RBM15;MAP2K1;PTEN;TP53;CHEK2;PEA15;EEF2;CDH2,1,4,4,3,,0.04932636236669901,0.2,0.15,2.53515250602333e-78;3.805846739762041e-48;4.4998253257965475e-26;5.1410853471834156e-11,2.0408573825075843e-64;4.4391069571422896e-38;1.9102437199892392e-17,proxy_dimensions,4,,,,,0,233,1.05289323753013,,,
CDH1,4,8,CLDN7;FN1;CTNNB1;CDH2,VHL;TUBA1B;TFRC;SYK;GAB2;NF2;TP53;EEF2,1,5,5,4,,0.04932636236669901,0.4,0.2,5.783527725784591e-19;4.4275710498513624e-10;7.325900644009882e-06;0.000358687095612725;0.017120586476668215,4.824172374203789e-15;2.624934404293838e-07;6.000037733767315e-05;0.005497832050724173,proxy_dimensions,5,,,,,0,233,1.0176512941571554,,,
HSPA1A,2,8,ETS1;COL6A1,VHL;TUBA1B;TFRC;SYK;GAB2;NF2;TP53;EEF2,1,3,3,2,,0.04932636236669901,0.4,0.2,2.9868849075771725e-22;2.0341225531556395e-08;0.0003265819507692289,1.3938230271832445e-18;6.196551342680549e-05,proxy_dimensions,3,,,,,0,233,1.0741856029361223,,,
GAB2,1,24,KIT,VHL;GAPDH;TUBA1B;TFRC;FN1;SERPINE1;SYK;ANXA1;ATM;STAT5A;ASNS;SQSTM1;ERBB2;TGM2;MAPK1;BRAF;RBM15;MAP2K1;PTEN;TP53;CHEK2;PEA15;EEF2;CDH2,1,2,2,1,,0.04932636236669901,0.2,0.15,1.592467425559585e-29;5.816999574727206e-11,2.7344615493200202e-11,proxy_dimensions,2,,,,,0,233,1.0047760201379015,,,
ASNS,1,58,CHEK2,MYH11;VHL;GAPDH;ESR1;TUBA1B;TFRC;IGFBP2;CLDN7;CCNB1;FN1;CAV1;CDH1;SERPINE1;HSPA1A;SYK;ANXA1;AR;RAB25;CASP7;RICTOR;CCNE1;GAB2;ATM;INPP4B;FASN;CTNNB1;MSH6;STAT5A;MYC;BCL2L11;SQSTM1;EEF2K;ERBB2;PDCD4;RPS6;ACACA;TP53BP1;TGM2;FOXM1;MSH2;MAPK1;DIABLO;BRAF;ERBB3;NF2;RBM15;MAP2K1;PTEN;TP53;ETS1;PEA15;COL6A1;EEF2;PRKCA;CDH2;KIT;PREX1;LCK,1,2,2,1,,0.04932636236669901,0.2,0.15,6.139598199301728e-51;1.3849723347115438e-15,4.6163017212575754e-29,proxy_dimensions,2,,,,,0,233,0.9914165596577927,,,
BCL2L11,2,8,CCNE1;INPP4B,VHL;TUBA1B;TFRC;SYK;GAB2;NF2;TP53;EEF2,1,3,3,2,,0.04932636236669901,0.4,0.2,1.1158085215552327e-18;3.913978608287531e-09;0.008425225052234139,5.500963214570712e-16;3.0054418032648225e-06,proxy_dimensions,3,,,,,0,233,0.9773282229256552,,,
BRAF,2,8,CAV1;ETS1,VHL;TUBA1B;TFRC;SYK;GAB2;NF2;TP53;EEF2,1,3,3,2,,0.04932636236669901,0.4,0.2,2.8397869107617815e-32;4.329988313271621e-14;3.353037327823422e-06,3.894676344013529e-17;3.5766768743257424e-06,proxy_dimensions,3,,,,,0,233,1.0214733066851183,,,
CDH2,1,58,STAT5A,MYH11;VHL;GAPDH;ESR1;TUBA1B;TFRC;IGFBP2;CLDN7;CCNB1;FN1;CAV1;CDH1;SERPINE1;HSPA1A;SYK;ANXA1;AR;RAB25;CASP7;RICTOR;CCNE1;GAB2;ATM;INPP4B;FASN;CTNNB1;MSH6;MYC;ASNS;BCL2L11;SQSTM1;EEF2K;ERBB2;PDCD4;RPS6;ACACA;TP53BP1;TGM2;FOXM1;MSH2;MAPK1;DIABLO;BRAF;ERBB3;NF2;RBM15;MAP2K1;PTEN;TP53;ETS1;CHEK2;PEA15;COL6A1;EEF2;PRKCA;KIT;PREX1;LCK,1,2,2,1,,0.04932636236669901,0.2,0.15,1.3213448523182366e-57;5.6727910095308475e-21,3.0466388509222627e-37,proxy_dimensions,2,,,,,0,233,1.01176150588087,,,
CLDN7,3,20,CDH1;MAP2K1;PRKCA,VHL;TUBA1B;TFRC;SYK;RAB25;GAB2;ATM;FASN;STAT5A;ASNS;ACACA;MAPK1;DIABLO;NF2;RBM15;PTEN;TP53;CHEK2;PEA15;CDH2,1,4,4,3,,0.04932636236669901,0.2,0.15,2.4108939992717026e-74;8.95825263536925e-47;3.3952659467471647e-23;3.2891800407347425e-07,6.560969432711387e-52;5.2794841901764445e-27;6.632631673431063e-07,proxy_dimensions,4,,,,,0,234,0.9792771170349974,,,
CDH1,4,11,CLDN7;CTNNB1;PRKCA;CDH2,VHL;ANXA1;GAB2;FASN;RPS6;ACACA;DIABLO;MAP2K1;PTEN;TP53;EEF2,1,5,5,4,,0.04932636236669901,0.4,0.2,5.001246562842206e-54;2.902105202609051e-24;1.051729979115078e-14;1.2651897935465844e-07;0.012587438048120946,4.1527008186980113e-51;4.86685999835122e-23;1.3148460298815e-13;3.891432889877758e-06,proxy_dimensions,5,,,,,0,234,0.9624087891793671,,,
HSPA1A,4,11,GAPDH;SQSTM1;COL6A1;KIT,VHL;ANXA1;GAB2;FASN;RPS6;ACACA;DIABLO;MAP2K1;PTEN;TP53;EEF2,1,4,4,4,0.04740416714995576,0.04932636236669901,0.4,0.2,1.6887276837431263e-38;8.797566917409594e-18;1.934312493691027e-09;0.0008498380677853717;0.07422539315000382,5.508644644123284e-42;2.975372547188456e-25;2.193738882000917e-15;2.8075817065511384e-06,reported,4,0.23006783267184605,0.47329584407446806;0.38011600797050865;0.3504037472246591;0.23006783267184605,0.03205990815031247,True,1,234,0.983143554246855,1.0085998618956133,0.044532132094985175,0.6548789555147754
GAB2,1,58,VHL,MYH11;GAPDH;ESR1;TUBA1B;TFRC;IGFBP2;CLDN7;CCNB1;FN1;CAV1;CDH1;SERPINE1;HSPA1A;SYK;ANXA1;AR;RAB25;CASP7;RICTOR;CCNE1;ATM;INPP4B;FASN;CTNNB1;MSH6;STAT5A;MYC;ASNS;BCL2L11;SQSTM1;EEF2K;ERBB2;PDCD4;RPS6;ACACA;TP53BP1;TGM2;FOXM1;MSH2;MAPK1;DIABLO;BRAF;ERBB3;NF2;RBM15;MAP2K1;PTEN;TP53;ETS1;CHEK2;PEA15;COL6A1;EEF2;PRKCA;CDH2;KIT;PREX1;LCK,1,2,2,1,,0.04932636236669901,0.2,0.15,6.302969600517924e-35;1.1756704582916547e-11,6.55464600516943e-14,proxy_dimensions,2,,,,,0,234,0.9476477635348791,,,
ASNS,1,11,CCNE1,VHL;ANXA1;GAB2;FASN;RPS6;ACACA;DIABLO;MAP2K1;PTEN;TP53;EEF2,1,2,2,1,,0.04932636236669901,0.4,0.2,2.3426405632298476e-26;0.010002664845037743,0.01510866288921532,proxy_dimensions,2,,,,,0,234,1.0656192121101238,,,
BCL2L11,2,20,ANXA1;PRKCA,VHL;TUBA1B;TFRC;SYK;RAB25;GAB2;ATM;FASN;STAT5A;ASNS;ACACA;MAPK1;DIABLO;NF2;RBM15;PTEN;TP53;CHEK2;PEA15;CDH2,1,3,3,2,,0.04932636236669901,0.2,0.15,1.0004282405104102e-53;1.7517341873253014e-26;9.526163475697788e-12,1.04662180353727e-37;1.538584850920129e-13,proxy_dimensions,3,,,,,0,234,0.9783445661469468,,,
BRAF,2,11,CAV1;ETS1,VHL;ANXA1;GAB2;FASN;RPS6;ACACA;DIABLO;MAP2K1;PTEN;TP53;EEF2,1,3,3,2,,0.04932636236669901,0.4,0.2,2.043969900547662e-34;7.531594279200796e-22;6.553701262520746e-09,5.565169071500707e-22;1.7847170609977247e-09,proxy_dimensions,3,,,,,0,234,0.9357319578394473,,,
CDH2,3,11,CDH1;CTNNB1;STAT5A,VHL;ANXA1;GAB2;FASN;RPS6;ACACA;DIABLO;MAP2K1;PTEN;TP53;EEF2,1,4,4,3,,0.04932636236669901,0.4,0.2,2.0725860577032666e-35;1.2612859699877036e-12;1.548337960321051e-05;0.024871495851249325,7.405781267195829e-27;3.8947737494603186e-05;0.03216787631330453,proxy_dimensions,4,,,,,0,234,0.9789860187074494,,,
CLDN7,5,14,CDH1;RAB25;TP53BP1;MAPK1;PEA15,VHL;GAPDH;TFRC;FN1;SERPINE1;GAB2;ATM;FASN;ASNS;ERBB2;PDCD4;ACACA;TP53;PRKCA,1,5,5,5,0.03769580398459104,0.04932636236669901,0.4,0.2,9.346721499057213e-73;3.1718709407415437e-27;2.375778311580724e-12;7.625422803041795e-08;0.0007741031459661578;0.49215744737427813,6.259665781891989e-66;3.037138439811294e-31;1.1890119433761596e-17;9.607122496844577e-12;5.065235596331881e-07,reported,5,0.24653524947690336,0.6216928197366468;0.4399491183083676;0.3185872098005179;0.2776288880374483;0.24653524947690336,0.02522829077003275,True,1,235,0.9855528687376955,2.8858976672179972,0.023236474474378193,0.5154636313264752
CDH1,2,37,CLDN7;CTNNB1,GAPDH;TUBA1B;TFRC;IGFBP2;CCNB1;FN1;SERPINE1;HSPA1A;SYK;ANXA1;RAB25;CASP7;CCNE1;GAB2;ATM;INPP4B;FASN;MSH6;STAT5A;ASNS;BCL2L11;SQSTM1;ERBB2;PDCD4;ACACA;FOXM1;MSH2;DIABLO;NF2;RBM15;MAP2K1;PTEN;TP53;CHEK2;PRKCA;CDH2;KIT,1,3,3,2,,0.04932636236669901,0.2,0.15,1.1471570648601408e-106;2.3349118304973745e-46;1.2052000441175083e-12,5.998941720606985e-66;1.2411021995263186e-20,proxy_dimensions,3,,,,,0,235,0.9238639000685867,,,
HSPA1A,2,4,SQSTM1;COL6A1,GAPDH;TFRC;ERBB2;TP53,1,3,3,2,,0.04932636236669901,0.4,0.15,1.3883525594869009e-16;1.0709878031856877e-05;0.029714678460142377,6.116332839501516e-15;0.0019588896960720395,proxy_dimensions,3,,,,,0,235,0.9711007048064271,,,
GAB2,2,4,VHL;RAB25,GAPDH;TFRC;ERBB2;TP53,1,2,2,2,0.05392808829888491,0.04932636236669901,0.4,0.15,2.0368256164446994e-06;0.004046131165274361;0.44819117905072836,1.0071471756167325e-06;0.038946279273279955,reported,2,0.10226626833841723,0.26314524037918413;0.10226626833841723,0.04328450488833025,True,1,235,0.990840352348263,-2.306000904942998,-0.02710203859042941,0.3853564593232713
ASNS,3,4,ACACA;BRAF;PRKCA,GAPDH;TFRC;ERBB2;TP53,1,4,4,3,,0.04932636236669901,0.4,0.15,3.943904577769632e-23;2.1956896325745677e-12;9.054801557392141e-07;0.012947241076574667,3.190918668590738e-17;4.804993690466834e-06;0.0327069859938852,proxy_dimensions,4,,,,,0,235,1.02772665162319,,,
BCL2L11,4,4,FN1;ANXA1;RAB25;PDCD4,GAPDH;TFRC;ERBB2;TP53,1,2,2,2,0.08647732782012349,0.04932636236669901,0.4,0.15,5.93926146772378e-14;0.00015693376163390102;0.40480840654623795;0.33875427254054385,1.1161037303506876e-14;3.9610103912687606e-05,reported,2,0.2353040923074415,0.3716954041564542;0.2353040923074415,0.06175324787175467,True,1,235,1.0122952380796948,0.05281880444525207,0.012882542590737922,0.41555115548363936
BRAF,3,37,CAV1;EEF2K;ETS1,GAPDH;TUBA1B;TFRC;IGFBP2;CCNB1;FN1;SERPINE1;HSPA1A;SYK;ANXA1;RAB25;CASP7;CCNE1;GAB2;ATM;INPP4B;FASN;MSH6;STAT5A;ASNS;BCL2L11;SQSTM1;ERBB2;PDCD4;ACACA;FOXM1;MSH2;DIABLO;NF2;RBM15;MAP2K1;PTEN;TP53;CHEK2;PRKCA;CDH2;KIT,1,4,4,3,,0.04932636236669901,0.2,0.15,1.581456157644669e-109;6.095753072066031e-64;1.0011209214243786e-35;1.1114949056699874e-12,6.163076682372854e-81;5.0048851438491996e-42;1.0044258187350402e-13,proxy_dimensions,4,,,,,0,235,1.0040900455691282,,,
CDH2,1,58,STAT5A,MYH11;VHL;GAPDH;ESR1;TUBA1B;TFRC;IGFBP2;CLDN7;CCNB1;FN1;CAV1;CDH1;SERPINE1;HSPA1A;SYK;ANXA1;AR;RAB25;CASP7;RICTOR;CCNE1;GAB2;ATM;INPP4B;FASN;CTNNB1;MSH6;MYC;ASNS;BCL2L11;SQSTM1;EEF2K;ERBB2;PDCD4;RPS6;ACACA;TP53BP1;TGM2;FOXM1;MSH2;MAPK1;DIABLO;BRAF;ERBB3;NF2;RBM15;MAP2K1;PTEN;TP53;ETS1;CHEK2;PEA15;COL6A1;EEF2;PRKCA;KIT;PREX1;LCK,1,2,2,1,,0.04932636236669901,0.2,0.15,6.922282295553542e-84;4.0257718411779238e-28,2.2973209906427825e-56,proxy_dimensions,2,,,,,0,235,1.0567110063687746,,,
CLDN7,3,6,CAV1;RAB25;PRKCA,TUBA1B;ANXA1;ASNS;ERBB2;PTEN;TP53,2,3,3,3,0.05363767328673513,0.04932636236669901,0.4,0.2,2.3301929029674736e-24;3.3959065574422944e-07;0.012926532577754578;0.07840476675888541,6.680786039501166e-25;1.1706049757800552e-05;0.000649530642363399,reported,3,0.1683397263604827,0.4839361387811959;0.19997077748096148;0.1683397263604827,0.04171152160524389,True,1,236,0.9971880923300758,-3.5965195574887976,-0.09442740518726886,0.7012737061125568
CDH1,1,55,CTNNB1,MYH11;VHL;GAPDH;ESR1;TUBA1B;TFRC;IGFBP2;CLDN7;CCNB1;FN1;CAV1;SERPINE1;HSPA1A;SYK;ANXA1;AR;RAB25;CASP7;RICTOR;CCNE1;GAB2;ATM;INPP4B;FASN;MSH6;STAT5A;MYC;ASNS;BCL2L11;SQSTM1;EEF2K;ERBB2;PDCD4;RPS6;ACACA;TGM2;FOXM1;MSH2;MAPK1;DIABLO;BRAF;ERBB3;NF2;MAP2K1;PTEN;TP53;CHEK2;PEA15;COL6A1;EEF2;PRKCA;CDH2;KIT;PREX1;LCK,2,2,2,1,,0.04932636236669901,0.2,0.15,1.5718386264394718e-88;2.6987556000874683e-40,2.6275716430574743e-46,proxy_dimensions,2,,,,,0,236,0.9663813068169765,,,
HSPA1A,1,33,COL6A1,VHL;GAPDH;TUBA1B;FN1;CDH1;SERPINE1;ANXA1;CASP7;CCNE1;GAB2;FASN;CTNNB1;STAT5A;ASNS;BCL2L11;EEF2K;ERBB2;PDCD4;ACACA;TP53BP1;TGM2;MAPK1;DIABLO;BRAF;NF2;RBM15;PTEN;ETS1;PEA15;EEF2;CDH2;PREX1;LCK,2,2,2,1,,0.04932636236669901,0.2,0.15,4.281991457562989e-58;1.8752832240940493e-17,2.4247549857247945e-37,proxy_dimensions,2,,,,,0,236,1.051615887826475,,,
GAB2,1,19,BRAF,GAPDH;TUBA1B;IGFBP2;SYK;ANXA1;FASN;ASNS;BCL2L11;ERBB2;PDCD4;ACACA;MAPK1;DIABLO;NF2;MAP2K1;PTEN;TP53;EEF2;CDH2,2,2,2,1,,0.04932636236669901,0.4,0.25,2.4909021165874995e-22;0.007626328354074506,1.8331710708689556e-14,proxy_dimensions,2,,,,,0,236,0.9910093402225142,,,
ASNS,2,1,FASN;CHEK2,ANXA1,2,1,1,1,0.09286183786036023,0.04932636236669901,0.4,0.15,0.0005320457525861215,0.028411834367360667,reported,1,0.13186608605956146,0.13186608605956146,0.09286183786036023,True,1,236,1.014422934503779,-2.54725407849017,-0.15301302080995605,0.6282476273423976
BCL2L11,1,6,CCNE1,TUBA1B;ANXA1;ASNS;ERBB2;PTEN;TP53,2,2,2,1,,0.04932636236669901,0.4,0.2,1.1718024626307504e-09;0.031730381402734244,1.0847680590827145e-06,proxy_dimensions,2,,,,,0,236,1.026188087412336,,,
BRAF,3,19,CAV1;GAB2;ETS1,GAPDH;TUBA1B;IGFBP2;SYK;ANXA1;FASN;ASNS;BCL2L11;ERBB2;PDCD4;ACACA;MAPK1;DIABLO;NF2;MAP2K1;PTEN;TP53;EEF2;CDH2,2,4,4,3,,0.04932636236669901,0.4,0.25,3.769650937134534e-41;6.53507956676269e-14;1.262351692521853e-07;0.00630493275207014,5.005049508883797e-22;7.838574059576846e-10;0.0014018511783564875,proxy_dimensions,4,,,,,0,236,0.9259514950765213,,,
CDH2,1,6,SQSTM1,TUBA1B;ANXA1;ASNS;ERBB2;PTEN;TP53,2,2,2,1,,0.04932636236669901,0.4,0.2,1.213450485555029e-09;0.015193495800266564,8.774157427955648e-09,proxy_dimensions,2,,,,,0,236,0.9498412396761224,,,
CLDN7,3,18,CDH1;RAB25;PDCD4,GAPDH;TUBA1B;TFRC;ANXA1;CASP7;ATM;ASNS;BCL2L11;SQSTM1;ERBB2;TGM2;MAPK1;DIABLO;NF2;PTEN;TP53;PEA15;KIT,1,4,4,3,,0.04932636236669901,0.2,0.15,1.5403909277297023e-39;1.0496024155989411e-20;6.242855982466961e-09;0.0006720613103164964,1.0463981162059575e-23;5.23867117619296e-12;1.4954065842472287e-05,proxy_dimensions,4,,,,,0,237,0.9784483013252656,,,
CDH1,2,18,CLDN7;CTNNB1,GAPDH;TUBA1B;TFRC;ANXA1;CASP7;ATM;ASNS;BCL2L11;SQSTM1;ERBB2;TGM2;MAPK1;DIABLO;NF2;PTEN;TP53;PEA15;KIT,1,3,3,2,,0.04932636236669901,0.2,0.15,3.3423155243156877e-44;3.7818735768032546e-22;0.00027154989893797863,9.280250281664067e-28;2.536184533774303e-07,proxy_dimensions,3,,,,,0,237,0.98626134196994,,,
HSPA1A,2,23,COL6A1;CDH2,VHL;GAPDH;TUBA1B;TFRC;IGFBP2;ANXA1;RAB25;GAB2;ATM;FASN;ASNS;BCL2L11;EEF2K;ERBB2;PDCD4;ACACA;MAPK1;DIABLO;NF2;MAP2K1;PTEN;TP53;EEF2,1,3,3,2,,0.04932636236669901,0.4,0.25,2.8958527580328382e-21;3.891294090290532e-08;0.004363821312252509,1.2788085629560737e-16;0.00013041190428133057,proxy_dimensions,3,,,,,0,237,1.049587430717928,,,
GAB2,2,18,VHL;RAB25,GAPDH;TUBA1B;TFRC;ANXA1;CASP7;ATM;ASNS;BCL2L11;SQSTM1;ERBB2;TGM2;MAPK1;DIABLO;NF2;PTEN;TP53;PEA15;KIT,1,3,3,2,,0.04932636236669901,0.2,0.15,3.4980351202026595e-37;2.0567699552569535e-13;4.274571830945811e-06,3.967209880716238e-16;7.4577999086062055e-06,proxy_dimensions,3,,,,,0,237,0.9599893218832503,,,
ASNS,1,58,ERBB2,MYH11;VHL;GAPDH;ESR1;TUBA1B;TFRC;IGFBP2;CLDN7;CCNB1;FN1;CAV1;CDH1;SERPINE1;HSPA1A;SYK;ANXA1;AR;RAB25;CASP7;RICTOR;CCNE1;GAB2;ATM;INPP4B;FASN;CTNNB1;MSH6;STAT5A;MYC;BCL2L11;SQSTM1;EEF2K;PDCD4;RPS6;ACACA;TP53BP1;TGM2;FOXM1;MSH2;MAPK1;DIABLO;BRAF;ERBB3;NF2;RBM15;MAP2K1;PTEN;TP53;ETS1;CHEK2;PEA15;COL6A1;EEF2;PRKCA;CDH2;KIT;PREX1;LCK,1,2,2,1,,0.04932636236669901,0.2,0.15,2.4779490393583903e-55;7.005469651448543e-21,6.441156137518458e-26,proxy_dimensions,2,,,,,0,237,0.9681839595430562,,,
BCL2L11,0,0,,,1,0,0,0,,0.04932636236669901,0.2,0.15,,,no_shared_direction,0,,,,,0,237,1.0012310960203965,,,
BRAF,1,18,ETS1,GAPDH;TUBA1B;TFRC;ANXA1;CASP7;ATM;ASNS;BCL2L11;SQSTM1;ERBB2;TGM2;MAPK1;DIABLO;NF2;PTEN;TP53;PEA15;KIT,1,2,2,1,,0.04932636236669901,0.2,0.15,3.920524943051846e-43;2.3118170341858276e-15,4.961130257078477e-15,proxy_dimensions,2,,,,,0,237,0.9619101809070737,,,
CDH2,3,23,HSPA1A;STAT5A;KIT,VHL;GAPDH;TUBA1B;TFRC;IGFBP2;ANXA1;RAB25;GAB2;ATM;FASN;ASNS;BCL2L11;EEF2K;ERBB2;PDCD4;ACACA;MAPK1;DIABLO;NF2;MAP2K1;PTEN;TP53;EEF2,1,4,4,3,,0.04932636236669901,0.4,0.25,1.7167180554042402e-39;3.0455940313005763e-18;3.9326226335225333e-10;1.99553369262414e-05,6.275729963167445e-35;1.3922286929711364e-13;3.0044273943689607e-05,proxy_dimensions,4,,,,,0,237,0.8753633426454985,,,
CLDN7,2,15,CDH1;RAB25,GAPDH;ESR1;TFRC;SYK;FASN;ASNS;BCL2L11;ERBB2;PDCD4;ACACA;NF2;PTEN;TP53;CHEK2;EEF2,1,3,3,2,,0.04932636236669901,0.4,0.2,6.477715220525797e-25;1.6723986512361564e-07;0.0001468235496700955,8.845690133026601e-09;8.629036309545441e-05,proxy_dimensions,3,,,,,0,238,1.0546171814039338,,,
CDH1,4,29,CLDN7;CTNNB1;PRKCA;CDH2,VHL;GAPDH;TUBA1B;TFRC;IGFBP2;ANXA1;RAB25;CASP7;ATM;FASN;ASNS;BCL2L11;EEF2K;ERBB2;PDCD4;RPS6;ACACA;TP53BP1;TGM2;MAPK1;DIABLO;BRAF;MAP2K1;PTEN;TP53;CHEK2;PEA15;PREX1;LCK,1,5,5,4,,0.04932636236669901,0.2,0.15,5.867285181014521e-116;4.371915250412316e-67;4.8398871362585726e-36;5.729845175045192e-14;3.4399124719377005e-06,4.046575680605239e-100;1.5373049371864547e-51;1.1515998820387024e-26;8.74452641711473e-07,proxy_dimensions,5,,,,,0,238,1.013933258928503,,,
HSPA1A,3,29,SYK;SQSTM1;COL6A1,VHL;GAPDH;TUBA1B;TFRC;IGFBP2;ANXA1;RAB25;CASP7;ATM;FASN;ASNS;BCL2L11;EEF2K;ERBB2;PDCD4;RPS6;ACACA;TP53BP1;TGM2;MAPK1;DIABLO;BRAF;MAP2K1;PTEN;TP53;CHEK2;PEA15;PREX1;LCK,1,4,4,3,,0.04932636236669901,0.2,0.15,5.792902409818571e-69;1.2775251916329361e-39;6.674086625115468e-19;5.835834528412448e-09,1.9094650337671752e-52;1.6876425922852893e-26;1.9364492686953973e-11,proxy_dimensions,4,,,,,0,238,0.9772971156949248,,,
GAB2,2,15,VHL;BRAF,GAPDH;ESR1;TFRC;SYK;FASN;ASNS;BCL2L11;ERBB2;PDCD4;ACACA;NF2;PTEN;TP53;CHEK2;EEF2,1,3,3,2,,0.04932636236669901,0.4,0.2,6.176025997835311e-38;9.674371574749537e-18;2.588106593432429e-08,3.979261821646493e-25;5.568227797954104e-08,proxy_dimensions,3,,,,,0,238,1.0068269818509115,,,
ASNS,5,2,RICTOR;SQSTM1;ERBB2;ACACA;CHEK2,SYK;PTEN,1,2,2,1,0.04439223836141764,0.04932636236669901,0.4,0.15,6.36972103289496e-08;0.004604885599890866,9.119036399618892e-05;0.06445528907488704,conditional_information_dimension,2,0.14735691452610253,0.2539325398152755;0.14735691452610253,0.04439223836141766,False,0,238,1.0532778315385238,,,
BCL2L11,2,57,RAB25;PDCD4,MYH11;VHL;GAPDH;ESR1;TUBA1B;TFRC;IGFBP2;CLDN7;CCNB1;FN1;CAV1;CDH1;SERPINE1;HSPA1A;SYK;ANXA1;AR;CASP7;RICTOR;CCNE1;GAB2;ATM;INPP4B;FASN;CTNNB1;MSH6;STAT5A;MYC;ASNS;SQSTM1;EEF2K;ERBB2;RPS6;ACACA;TP53BP1;TGM2;FOXM1;MSH2;MAPK1;DIABLO;BRAF;ERBB3;NF2;RBM15;MAP2K1;PTEN;TP53;ETS1;CHEK2;PEA15;COL6A1;EEF2;PRKCA;CDH2;KIT;PREX1;LCK,1,3,3,2,,0.04932636236669901,0.2,0.15,5.361109482050356e-99;2.8619278414040564e-59;6.761281119909394e-29,2.1030969703708227e-70;2.7629326771940784e-30,proxy_dimensions,3,,,,,0,238,1.0107297182264123,,,
BRAF,3,15,GAB2;ATM;CTNNB1,GAPDH;ESR1;TFRC;SYK;FASN;ASNS;BCL2L11;ERBB2;PDCD4;ACACA;NF2;PTEN;TP53;CHEK2;EEF2,1,4,4,3,,0.04932636236669901,0.4,0.2,1.7791163238580987e-54;7.053199445717428e-26;5.532885419269036e-17;1.74752096234851e-07,1.3929628981532515e-37;4.691184424861614e-17;9.506589383341188e-08,proxy_dimensions,4,,,,,0,238,1.0143976085600113,,,
CDH2,3,15,ANXA1;STAT5A;SQSTM1,GAPDH;ESR1;TFRC;SYK;FASN;ASNS;BCL2L11;ERBB2;PDCD4;ACACA;NF2;PTEN;TP53;CHEK2;EEF2,1,4,4,3,,0.04932636236669901,0.4,0.2,3.6032514896141595e-39;7.879056796015605e-24;2.01937206763696e-09;0.002804109379886415,1.6497687740404623e-33;9.56289645936212e-18;0.0026314856541752234,proxy_dimensions,4,,,,,0,238,0.9523293388772535,,,
CLDN7,4,6,CAV1;CDH1;MAP2K1;PRKCA,IGFBP2;RAB25;ERBB2;RPS6;TP53;PEA15,1,4,4,2,0.007868151312986736,0.04932636236669901,0.4,0.2,3.8084063266510433e-26;2.016797455200018e-06;0.011207499492009637;0.04168233641269458;0.0825055668089634,5.527690814831283e-18;0.00147092777603969;0.06588115745614653;0.4428324800972515,conditional_information_dimension,4,0.03819023098482178,0.45396282637829954;0.20917315113405607;0.14206164448054928;0.03819023098482178,0.01846526748559696,False,0,239,0.9862537766384335,,,
CDH1,3,6,CLDN7;CTNNB1;CDH2,IGFBP2;RAB25;ERBB2;RPS6;TP53;PEA15,1,4,4,3,,0.04932636236669901,0.4,0.2,8.702460269503108e-25;1.1177239222153157e-14;1.8266156809334724e-05;0.029552526162069877,3.2385921308137836e-18;1.8971283928786035e-09;0.0004994078795249938,proxy_dimensions,4,,,,,0,239,0.9274312095170025,,,
HSPA1A,5,6,TFRC;CASP7;COL6A1;CDH2;KIT,IGFBP2;RAB25;ERBB2;RPS6;TP53;PEA15,1,3,3,3,0.06732296789064592,0.04932636236669901,0.4,0.2,4.553541736532247e-25;1.0611896590017746e-10;0.00017999611300001237;0.13631522936723772;0.2185453791950926;0.6514647036883527,1.855641617159293e-24;2.6123316747648104e-14;1.976145371515665e-06,reported,3,0.26447139686920224,0.3970465775860942;0.34801763833013505;0.26447139686920224,0.04930870462144425,True,1,239,0.9867638282381991,0.07312946126202198,0.08011354970979759,0.6859968223653511
GAB2,2,6,VHL;KIT,IGFBP2;RAB25;ERBB2;RPS6;TP53;PEA15,1,2,2,2,0.08643756276843229,0.04932636236669901,0.4,0.2,4.037613221606225e-09;0.022261393660007;0.8772295459084144,5.165018452051826e-06;0.0009512506756814048,reported,2,0.16300506299558531,0.21375859768869362;0.16300506299558531,0.05277013980681537,True,1,239,1.0236546010926073,1.6182357807808543,0.08659688272657344,0.6108218840989712
ASNS,4,14,CCNE1;ERBB2;TGM2;CHEK2,IGFBP2;SYK;RAB25;CASP7;GAB2;ATM;SQSTM1;EEF2K;RPS6;MAPK1;RBM15;PTEN;TP53;KIT,1,4,4,3,0.01707846202700725,0.04932636236669901,0.2,0.15,9.113377849780699e-45;1.279922797445773e-14;1.078094761482569e-05;0.0028662843950416363;0.24529385187302988,5.79718140265696e-48;1.4139402366813534e-21;5.70369843778481e-08;0.09370613747716733,conditional_information_dimension,4,0.08329886953757894,0.5561898153399721;0.4251838007132433;0.29451433349099515;0.08329886953757894,0.02300083154666821,False,0,239,1.0293600176303337,,,
BCL2L11,2,14,CCNE1;PDCD4,IGFBP2;SYK;RAB25;CASP7;GAB2;ATM;SQSTM1;EEF2K;RPS6;MAPK1;RBM15;PTEN;TP53;KIT,1,3,3,2,,0.04932636236669901,0.2,0.15,1.978127177013149e-27;8.504759070991728e-07;0.003376735030491217,6.334548953651199e-22;0.003655944006555898,proxy_dimensions,3,,,,,0,239,1.0205916975873077,,,
BRAF,1,6,EEF2K,IGFBP2;RAB25;ERBB2;RPS6;TP53;PEA15,1,2,2,1,,0.04932636236669901,0.4,0.2,4.9364700839712365e-12;0.003161685854833639,0.005577996696145222,proxy_dimensions,2,,,,,0,239,0.9848595728671269,,,
CDH2,4,6,CDH1;HSPA1A;CCNE1;STAT5A,IGFBP2;RAB25;ERBB2;RPS6;TP53;PEA15,1,3,3,3,0.04177653202193786,0.04932636236669901,0.4,0.2,9.291697644320541e-29;1.164234618199699e-12;0.01884495429608717;0.7277950450955295;0.8862597346359037,9.329527688848626e-27;1.971650269964265e-12;0.006513500640822,reported,3,0.1568829011666885,0.44060011749603967;0.36155191030944295;0.1568829011666885,0.030421593055384624,True,1,239,1.0094356165490876,0.5057073694707955,0.02733995081025909,0.48711676167172835
CLDN7,2,53,MAPK1;MAP2K1,MYH11;VHL;GAPDH;ESR1;TUBA1B;TFRC;IGFBP2;CCNB1;FN1;CAV1;CDH1;SERPINE1;HSPA1A;SYK;ANXA1;AR;RAB25;CASP7;RICTOR;CCNE1;GAB2;ATM;INPP4B;FASN;CTNNB1;STAT5A;MYC;ASNS;BCL2L11;SQSTM1;EEF2K;ERBB2;PDCD4;RPS6;ACACA;TP53BP1;TGM2;FOXM1;DIABLO;ERBB3;RBM15;PTEN;TP53;ETS1;CHEK2;PEA15;COL6A1;EEF2;PRKCA;CDH2;KIT;PREX1;LCK,1,3,3,2,,0.04932636236669901,0.2,0.15,4.176659281573946e-100;2.266417256437639e-49;2.3262675600211254e-18,1.4819734604630749e-62;2.8189121362423646e-21,proxy_dimensions,3,,,,,0,240,0.9584482763914127,,,
CDH1,2,8,CLDN7;CTNNB1,TUBA1B;IGFBP2;RAB25;GAB2;ATM;FASN;ACACA;MAP2K1,1,3,3,2,,0.04932636236669901,0.4,0.2,2.2722714710215153e-33;1.441898096788777e-15;0.000727520436336765,9.527366184079221e-26;3.939227243483305e-09,proxy_dimensions,3,,,,,0,240,0.9650117397236131,,,
HSPA1A,2,24,ATM;COL6A1,VHL;GAPDH;TUBA1B;TFRC;IGFBP2;CLDN7;CCNE1;GAB2;FASN;MSH6;EEF2K;PDCD4;ACACA;MSH2;MAPK1;DIABLO;BRAF;NF2;MAP2K1;PTEN;TP53;PEA15;CDH2;KIT,1,3,3,2,,0.04932636236669901,0.2,0.15,5.749348853912276e-66;3.801608865072926e-33;5.764674901293362e-11,9.756802828000144e-47;7.032974745442748e-23,proxy_dimensions,3,,,,,0,240,0.9962561122339245,,,
GAB2,1,1,PEA15,TUBA1B,1,1,1,1,0.2088670236693111,0.04932636236669901,0.4,0.15,4.2313457358741965e-06,2.060877524516328e-05,reported,1,0.20886702366931115,0.20886702366931115,0.2088670236693111,True,1,240,0.9675947395924173,0.5918204982797475,0.009107957535535978,0.4928097344437102
ASNS,2,8,CAV1;CHEK2,TUBA1B;IGFBP2;RAB25;GAB2;ATM;FASN;ACACA;MAP2K1,1,3,3,2,,0.04932636236669901,0.4,0.2,1.456544051365551e-10;4.2097756321042904e-05;0.01367858730215259,1.2735404123878075e-05;0.002296405958771036,proxy_dimensions,3,,,,,0,240,0.9668065311481384,,,
BCL2L11,3,24,ANXA1;INPP4B;PRKCA,VHL;GAPDH;TUBA1B;TFRC;IGFBP2;CLDN7;CCNE1;GAB2;FASN;MSH6;EEF2K;PDCD4;ACACA;MSH2;MAPK1;DIABLO;BRAF;NF2;MAP2K1;PTEN;TP53;PEA15;CDH2;KIT,1,4,4,3,,0.04932636236669901,0.2,0.15,3.57278490495321e-68;2.0520291509875003e-40;1.0125054673798936e-18;7.395763244325623e-09,1.0104146549259826e-45;5.550258420536924e-23;1.4929649457042424e-08,proxy_dimensions,4,,,,,0,240,0.9504834432708673,,,
BRAF,1,53,NF2,MYH11;VHL;GAPDH;ESR1;TUBA1B;TFRC;IGFBP2;CCNB1;FN1;CAV1;CDH1;SERPINE1;HSPA1A;SYK;ANXA1;AR;RAB25;CASP7;RICTOR;CCNE1;GAB2;ATM;INPP4B;FASN;CTNNB1;STAT5A;MYC;ASNS;BCL2L11;SQSTM1;EEF2K;ERBB2;PDCD4;RPS6;ACACA;TP53BP1;TGM2;FOXM1;DIABLO;ERBB3;RBM15;PTEN;TP53;ETS1;CHEK2;PEA15;COL6A1;EEF2;PRKCA;CDH2;KIT;PREX1;LCK,1,2,2,1,,0.04932636236669901,0.2,0.15,8.433918351129617e-66;1.6742716821264106e-25,1.0028067353023336e-28,proxy_dimensions,2,,,,,0,240,0.912900917151243,,,
CDH2,2,57,SQSTM1;KIT,MYH11;VHL;GAPDH;ESR1;TUBA1B;TFRC;IGFBP2;CLDN7;CCNB1;FN1;CAV1;CDH1;SERPINE1;HSPA1A;SYK;ANXA1;AR;RAB25;CASP7;RICTOR;CCNE1;GAB2;ATM;INPP4B;FASN;CTNNB1;MSH6;STAT5A;MYC;ASNS;BCL2L11;EEF2K;ERBB2;PDCD4;RPS6;ACACA;TP53BP1;TGM2;FOXM1;MSH2;MAPK1;DIABLO;BRAF;ERBB3;NF2;RBM15;MAP2K1;PTEN;TP53;ETS1;CHEK2;PEA15;COL6A1;EEF2;PRKCA;PREX1;LCK,1,3,3,2,,0.04932636236669901,0.4,0.25,2.1423275628206833e-96;1.4171887637108728e-48;2.9731330559367753e-16,2.452216089333043e-66;2.692545807824725e-31,proxy_dimensions,3,,,,,0,240,1.0448837544800602,,,
CLDN7,1,22,CDH1,VHL;GAPDH;TUBA1B;IGFBP2;FN1;SERPINE1;SYK;ANXA1;RAB25;GAB2;FASN;SQSTM1;ACACA;TGM2;MAPK1;BRAF;NF2;MAP2K1;TP53;ETS1;PEA15;KIT,1,2,2,1,,0.04932636236669901,0.2,0.15,1.1666104266189232e-45;9.717847924365832e-09,2.8363641998443853e-12,proxy_dimensions,2,,,,,0,241,0.9755714844420854,,,
CDH1,4,19,CLDN7;CTNNB1;ETS1;CDH2,VHL;GAPDH;TFRC;FN1;SERPINE1;ANXA1;FASN;SQSTM1;PDCD4;ACACA;TGM2;MAPK1;NF2;MAP2K1;PTEN;TP53;CHEK2;PEA15;EEF2,1,5,5,4,,0.04932636236669901,0.4,0.2,9.69107726790383e-91;3.0872957374407636e-48;9.827152654372175e-26;3.703410323392289e-15;1.4985465195567905e-07,1.4891623799378042e-68;4.40185573082554e-38;9.432455731189589e-21;7.120309838532608e-10,proxy_dimensions,5,,,,,0,241,1.0295015159268637,,,
HSPA1A,2,22,ESR1;COL6A1,VHL;GAPDH;TUBA1B;IGFBP2;FN1;SERPINE1;SYK;ANXA1;RAB25;GAB2;FASN;SQSTM1;ACACA;TGM2;MAPK1;BRAF;NF2;MAP2K1;TP53;ETS1;PEA15;KIT,1,3,3,2,,0.04932636236669901,0.2,0.15,1.6574294105318146e-48;1.1164430896993186e-09;0.00022239877295992248,2.8710402918637695e-36;1.0935886691126567e-06,proxy_dimensions,3,,,,,0,241,1.0094779431881502,,,
GAB2,1,19,RAB25,VHL;GAPDH;TFRC;FN1;SERPINE1;ANXA1;FASN;SQSTM1;PDCD4;ACACA;TGM2;MAPK1;NF2;MAP2K1;PTEN;TP53;CHEK2;PEA15;EEF2,1,2,2,1,,0.04932636236669901,0.4,0.2,2.8653448683769208e-30;1.0465650569691723e-07,7.494431418165052e-13,proxy_dimensions,2,,,,,0,241,1.0025812988627276,,,
ASNS,2,19,CCNB1;CAV1,VHL;GAPDH;TFRC;FN1;SERPINE1;ANXA1;FASN;SQSTM1;PDCD4;ACACA;TGM2;MAPK1;NF2;MAP2K1;PTEN;TP53;CHEK2;PEA15;EEF2,1,3,3,2,,0.04932636236669901,0.4,0.2,3.496813933451059e-53;5.623897942825735e-13;0.01231223035384173,8.013598928560154e-34;7.232630530099759e-13,proxy_dimensions,3,,,,,0,241,0.90342754950455,,,
BCL2L11,2,22,PDCD4;PRKCA,VHL;GAPDH;TUBA1B;IGFBP2;FN1;SERPINE1;SYK;ANXA1;RAB25;GAB2;FASN;SQSTM1;ACACA;TGM2;MAPK1;BRAF;NF2;MAP2K1;TP53;ETS1;PEA15;KIT,1,3,3,2,,0.04932636236669901,0.2,0.15,5.416001764683643e-51;3.7084659815078496e-31;6.413950610261892e-15,8.035759702607636e-37;8.286422495297313e-19,proxy_dimensions,3,,,,,0,241,1.0008416617659688,,,
BRAF,2,19,EEF2K;ETS1,VHL;GAPDH;TFRC;FN1;SERPINE1;ANXA1;FASN;SQSTM1;PDCD4;ACACA;TGM2;MAPK1;NF2;MAP2K1;PTEN;TP53;CHEK2;PEA15;EEF2,1,3,3,2,,0.04932636236669901,0.4,0.2,1.7019434433802244e-62;8.295963490807691e-31;2.469038411755377e-08,1.2021232194521992e-36;1.627359301469199e-13,proxy_dimensions,3,,,,,0,241,0.9622883707656463,,,
CDH2,2,22,CDH1;STAT5A,VHL;GAPDH;TUBA1B;IGFBP2;FN1;SERPINE1;SYK;ANXA1;RAB25;GAB2;FASN;SQSTM1;ACACA;TGM2;MAPK1;BRAF;NF2;MAP2K1;TP53;ETS1;PEA15;KIT,1,3,3,2,,0.04932636236669901,0.2,0.15,4.740338435022658e-53;7.072029342160853e-18;2.7982266842420252e-09,1.334738492349378e-38;1.5458401309575358e-10,proxy_dimensions,3,,,,,0,241,0.9989331380741641,,,
CLDN7,3,27,CDH1;DIABLO;PRKCA,VHL;GAPDH;ESR1;TUBA1B;FN1;SERPINE1;SYK;ANXA1;AR;RAB25;CASP7;GAB2;ATM;MSH6;ERBB2;TP53BP1;TGM2;MSH2;MAPK1;NF2;RBM15;MAP2K1;PTEN;TP53;CHEK2;PEA15;EEF2,1,4,4,3,,0.04932636236669901,0.2,0.15,1.1021400994653187e-77;3.4600540642056886e-46;4.255167299840067e-21;5.934544627788566e-07,1.948366465026032e-53;2.8810273467568122e-27;5.128163386736953e-07,proxy_dimensions,4,,,,,0,242,1.0348674628984007,,,
CDH1,3,27,TFRC;CLDN7;CTNNB1,VHL;GAPDH;ESR1;TUBA1B;FN1;SERPINE1;SYK;ANXA1;AR;RAB25;CASP7;GAB2;ATM;MSH6;ERBB2;TP53BP1;TGM2;MSH2;MAPK1;NF2;RBM15;MAP2K1;PTEN;TP53;CHEK2;PEA15;EEF2,1,4,4,3,,0.04932636236669901,0.2,0.15,1.5438072886372264e-108;1.8226778257298733e-48;2.094544408274729e-25;9.385883255615881e-08,5.065291675079947e-80;3.928462723661169e-30;4.799389031011042e-10,proxy_dimensions,4,,,,,0,242,1.038842354237168,,,
HSPA1A,3,8,CASP7;COL6A1;CDH2,GAPDH;TFRC;IGFBP2;SYK;RAB25;PTEN;TP53;EEF2,1,3,3,3,0.08211738575224706,0.04932636236669901,0.4,0.2,1.370828823782822e-25;1.8329124363806875e-11;4.040663901496451e-05;0.05297166418674838,1.3508434059155576e-28;1.1406617396157902e-15;2.204139819148016e-07,reported,3,0.25340125486832815,0.4182606637963488;0.3387391550895343;0.25340125486832815,0.05519187424161993,True,1,242,0.997799823165608,1.0214660027384876,0.073452862953684,0.6106925733658028
GAB2,2,57,VHL;TP53BP1,MYH11;GAPDH;ESR1;TUBA1B;TFRC;IGFBP2;CLDN7;CCNB1;FN1;CAV1;CDH1;SERPINE1;HSPA1A;SYK;ANXA1;AR;RAB25;CASP7;RICTOR;CCNE1;ATM;INPP4B;FASN;CTNNB1;MSH6;STAT5A;MYC;ASNS;BCL2L11;SQSTM1;EEF2K;ERBB2;PDCD4;RPS6;ACACA;TGM2;FOXM1;MSH2;MAPK1;DIABLO;BRAF;ERBB3;NF2;RBM15;MAP2K1;PTEN;TP53;ETS1;CHEK2;PEA15;COL6A1;EEF2;PRKCA;CDH2;KIT;PREX1;LCK,1,3,3,2,,0.04932636236669901,0.2,0.15,1.1928253214300846e-68;1.778706150953417e-20;3.6677414414800978e-06,4.962574206494636e-47;2.481903476630036e-08,proxy_dimensions,3,,,,,0,242,1.0322562840227325,,,
ASNS,1,27,SQSTM1,VHL;GAPDH;ESR1;TUBA1B;FN1;SERPINE1;SYK;ANXA1;AR;RAB25;CASP7;GAB2;ATM;MSH6;ERBB2;TP53BP1;TGM2;MSH2;MAPK1;NF2;RBM15;MAP2K1;PTEN;TP53;CHEK2;PEA15;EEF2,1,2,2,1,,0.04932636236669901,0.2,0.15,7.507683172654211e-37;8.845801054913869e-14,6.710178441790383e-18,proxy_dimensions,2,,,,,0,242,1.0158832550940133,,,
BCL2L11,2,27,TFRC;PDCD4,VHL;GAPDH;ESR1;TUBA1B;FN1;SERPINE1;SYK;ANXA1;AR;RAB25;CASP7;GAB2;ATM;MSH6;ERBB2;TP53BP1;TGM2;MSH2;MAPK1;NF2;RBM15;MAP2K1;PTEN;TP53;CHEK2;PEA15;EEF2,1,3,3,2,,0.04932636236669901,0.2,0.15,5.228247551287857e-63;6.580267804867932e-36;1.3370062604677493e-12,8.571853934723595e-49;1.9051281950550223e-22,proxy_dimensions,3,,,,,0,242,0.9726615732286026,,,
BRAF,3,27,CAV1;EEF2K;ETS1,VHL;GAPDH;ESR1;TUBA1B;FN1;SERPINE1;SYK;ANXA1;AR;RAB25;CASP7;GAB2;ATM;MSH6;ERBB2;TP53BP1;TGM2;MSH2;MAPK1;NF2;RBM15;MAP2K1;PTEN;TP53;CHEK2;PEA15;EEF2,1,4,4,3,,0.04932636236669901,0.2,0.15,3.873679286695964e-77;7.168805125594098e-41;3.6811671039565015e-18;8.366253932069367e-09,5.682690082300321e-49;2.928085973604203e-26;1.5373458931705808e-11,proxy_dimensions,4,,,,,0,242,1.0619910831877817,,,
CDH2,3,8,HSPA1A;STAT5A;SQSTM1,GAPDH;TFRC;IGFBP2;SYK;RAB25;PTEN;TP53;EEF2,1,3,3,2,0.0017080291712985155,0.04932636236669901,0.4,0.2,2.2529115866954574e-19;8.469252307997402e-10;0.00014180014683307795;0.1488886400305058,2.287734361519064e-20;3.880786939261207e-08;0.9122129527296059,conditional_information_dimension,3,0.0054815946556931484,0.40821326718929335;0.3076383667758006;0.0054815946556931484,0.023741378690966406,False,0,242,0.9580113785402083,,,
CLDN7,1,9,PRKCA,VHL;GAPDH;TFRC;IGFBP2;SYK;RAB25;ERBB2;DIABLO;PTEN,1,2,2,1,,0.04932636236669901,0.4,0.2,2.033226196789716e-20;5.721545484349895e-11,8.402435466674892e-11,proxy_dimensions,2,,,,,0,243,0.9846512990784709,,,
CDH1,1,28,CTNNB1,VHL;TUBA1B;TFRC;IGFBP2;CLDN7;FN1;SERPINE1;SYK;RAB25;GAB2;ATM;FASN;STAT5A;ASNS;EEF2K;PDCD4;ACACA;MAPK1;DIABLO;BRAF;NF2;MAP2K1;PTEN;TP53;ETS1;CHEK2;PEA15;KIT,1,2,2,1,,0.04932636236669901,0.2,0.15,2.768491912869939e-65;4.440819113486156e-23,4.0031180614980453e-29,proxy_dimensions,2,,,,,0,243,0.9719596913575388,,,
HSPA1A,4,28,GAPDH;MYC;COL6A1;CDH2,VHL;TUBA1B;TFRC;IGFBP2;CLDN7;FN1;SERPINE1;SYK;RAB25;GAB2;ATM;FASN;STAT5A;ASNS;EEF2K;PDCD4;ACACA;MAPK1;DIABLO;BRAF;NF2;MAP2K1;PTEN;TP53;ETS1;CHEK2;PEA15;KIT,1,5,5,4,,0.04932636236669901,0.2,0.15,3.085766820265848e-98;2.4343393777121782e-59;9.405909455697516e-38;2.955509741533454e-21;2.7658423458619684e-07,8.170822735287608e-77;7.358376481282168e-46;8.87917164779524e-25;5.008502423396845e-10,proxy_dimensions,5,,,,,0,243,1.0619403798518021,,,
GAB2,1,28,BRAF,MYH11;VHL;GAPDH;ESR1;TFRC;IGFBP2;CCNB1;FN1;CAV1;SERPINE1;SYK;ANXA1;RAB25;RICTOR;CCNE1;ASNS;BCL2L11;ERBB2;PDCD4;FOXM1;MAPK1;DIABLO;NF2;PTEN;TP53;CHEK2;PEA15;EEF2,1,2,2,1,,0.04932636236669901,0.4,0.25,1.8403068163851454e-42;0.0001817689892207162,2.4818739137977893e-27,proxy_dimensions,2,,,,,0,243,1.0002115045128543,,,
ASNS,1,58,TP53,MYH11;VHL;GAPDH;ESR1;TUBA1B;TFRC;IGFBP2;CLDN7;CCNB1;FN1;CAV1;CDH1;SERPINE1;HSPA1A;SYK;ANXA1;AR;RAB25;CASP7;RICTOR;CCNE1;GAB2;ATM;INPP4B;FASN;CTNNB1;MSH6;STAT5A;MYC;BCL2L11;SQSTM1;EEF2K;ERBB2;PDCD4;RPS6;ACACA;TP53BP1;TGM2;FOXM1;MSH2;MAPK1;DIABLO;BRAF;ERBB3;NF2;RBM15;MAP2K1;PTEN;ETS1;CHEK2;PEA15;COL6A1;EEF2;PRKCA;CDH2;KIT;PREX1;LCK,1,2,2,1,,0.04932636236669901,0.2,0.15,6.869473950592779e-44;2.4886372155737747e-15,1.0688375389984313e-17,proxy_dimensions,2,,,,,0,243,1.0184120333369122,,,
BCL2L11,2,28,ANXA1;CCNE1,VHL;TUBA1B;TFRC;IGFBP2;CLDN7;FN1;SERPINE1;SYK;RAB25;GAB2;ATM;FASN;STAT5A;ASNS;EEF2K;PDCD4;ACACA;MAPK1;DIABLO;BRAF;NF2;MAP2K1;PTEN;TP53;ETS1;CHEK2;PEA15;KIT,1,3,3,2,,0.04932636236669901,0.2,0.15,1.5627227872024437e-52;5.296569440087096e-28;1.984948246643625e-13,1.9295317590968886e-32;4.851740274127009e-17,proxy_dimensions,3,,,,,0,243,0.9777597087382877,,,
BRAF,4,9,CAV1;GAB2;EEF2K;ETS1,VHL;GAPDH;TFRC;IGFBP2;SYK;RAB25;ERBB2;DIABLO;PTEN,1,4,4,4,0.06018700430285407,0.04932636236669901,0.4,0.2,6.456118846685346e-41;2.5646001805877616e-17;5.762844017015005e-08;0.0005053862478941837;0.10911932948444221,1.8963589459903712e-32;3.433906246564374e-19;2.112701981797222e-12;8.595291283976202e-07,reported,4,0.2413666959642753,0.4357846843545648;0.33336350831158734;0.29383958992005055;0.2413666959642753,0.04175341534819352,True,1,243,1.017425599946048,0.3940081398029125,0.02078553663632981,0.4931587746644791
CDH2,3,9,HSPA1A;STAT5A;SQSTM1,VHL;GAPDH;TFRC;IGFBP2;SYK;RAB25;ERBB2;DIABLO;PTEN,1,4,4,3,,0.04932636236669901,0.4,0.2,1.391102747783601e-26;4.9176118189315135e-15;1.561307827211535e-05;0.005304895652635572,5.270706498800619e-22;3.5008797159088016e-10;0.0009745199793318943,proxy_dimensions,4,,,,,0,243,1.0519255243261614,,,
CLDN7,2,53,CDH1;MAP2K1,MYH11;VHL;GAPDH;ESR1;TUBA1B;TFRC;IGFBP2;CCNB1;FN1;CAV1;SERPINE1;HSPA1A;SYK;ANXA1;AR;RAB25;CASP7;RICTOR;CCNE1;GAB2;ATM;INPP4B;FASN;MSH6;STAT5A;MYC;ASNS;BCL2L11;SQSTM1;EEF2K;ERBB2;PDCD4;ACACA;TGM2;FOXM1;MSH2;MAPK1;DIABLO;BRAF;ERBB3;NF2;RBM15;PTEN;TP53;ETS1;CHEK2;PEA15;COL6A1;PRKCA;CDH2;KIT;PREX1;LCK,1,3,3,2,,0.04932636236669901,0.2,0.15,2.6043658362291988e-76;8.944246739336163e-33;7.951720574375885e-13,1.0847133273070667e-42;5.37884454126101e-18,proxy_dimensions,3,,,,,0,244,1.0105861454926903,,,
CDH1,2,53,CLDN7;CTNNB1,MYH11;VHL;GAPDH;ESR1;TUBA1B;TFRC;IGFBP2;CCNB1;FN1;CAV1;SERPINE1;HSPA1A;SYK;ANXA1;AR;RAB25;CASP7;RICTOR;CCNE1;GAB2;ATM;INPP4B;FASN;MSH6;STAT5A;MYC;ASNS;BCL2L11;SQSTM1;EEF2K;ERBB2;PDCD4;ACACA;TGM2;FOXM1;MSH2;MAPK1;DIABLO;BRAF;ERBB3;NF2;RBM15;PTEN;TP53;ETS1;CHEK2;PEA15;COL6A1;PRKCA;CDH2;KIT;PREX1;LCK,1,3,3,2,,0.04932636236669901,0.2,0.15,2.8615771988451476e-113;1.6443038639051211e-52;1.2686507055172117e-17,1.1531524190430684e-74;8.238579902860043e-22,proxy_dimensions,3,,,,,0,244,1.0334868363307153,,,
HSPA1A,1,20,COL6A1,TUBA1B;TFRC;CLDN7;FN1;CDH1;SERPINE1;SYK;ANXA1;RAB25;CCNE1;GAB2;CTNNB1;BCL2L11;SQSTM1;RPS6;TP53BP1;RBM15;MAP2K1;TP53;EEF2,1,2,2,1,,0.04932636236669901,0.2,0.15,2.507360696354591e-31;5.9689711234980894e-05,1.700586558430453e-20,proxy_dimensions,2,,,,,0,244,0.9619236185731862,,,
GAB2,1,5,VHL,TFRC;CCNB1;FOXM1;PTEN;CDH2,1,1,1,0,0.010447455233703112,0.04932636236669901,0.4,0.2,7.868014629420615e-07;0.09061120141006636,0.8331637310719209,conditional_information_dimension,1,0.01044745523370311,0.01044745523370311,0.03268337950362581,False,0,244,0.9328334178052411,,,
ASNS,2,20,TGM2;CHEK2,TUBA1B;TFRC;CLDN7;FN1;CDH1;SERPINE1;SYK;ANXA1;RAB25;CCNE1;GAB2;CTNNB1;BCL2L11;SQSTM1;RPS6;TP53BP1;RBM15;MAP2K1;TP53;EEF2,1,3,3,2,,0.04932636236669901,0.2,0.15,1.1507870865923739e-52;1.705108267174266e-17;0.00046690113078791113,6.915002120752285e-40;4.684584587608744e-13,proxy_dimensions,3,,,,,0,244,0.9675426794343477,,,
BCL2L11,3,29,FN1;CCNE1;INPP4B,GAPDH;TUBA1B;TFRC;IGFBP2;CCNB1;ANXA1;RAB25;GAB2;ATM;FASN;MSH6;STAT5A;ERBB2;PDCD4;RPS6;ACACA;TGM2;FOXM1;MSH2;MAPK1;DIABLO;NF2;RBM15;MAP2K1;PTEN;TP53;PEA15;EEF2;CDH2,1,4,4,3,,0.04932636236669901,0.4,0.25,6.622642344971035e-90;1.5607243383974229e-46;1.7116361519282193e-23;6.327066470024752e-07,2.297574003254337e-74;4.209246606258225e-42;1.9064217299372036e-19,proxy_dimensions,4,,,,,0,244,1.001302571700233,,,
BRAF,4,20,CAV1;RICTOR;ATM;EEF2K,TUBA1B;TFRC;CLDN7;FN1;CDH1;SERPINE1;SYK;ANXA1;RAB25;CCNE1;GAB2;CTNNB1;BCL2L11;SQSTM1;RPS6;TP53BP1;RBM15;MAP2K1;TP53;EEF2,1,5,5,4,,0.04932636236669901,0.2,0.15,1.3297551313300533e-86;4.711359063404363e-47;5.0204406232320065e-23;3.715895717064439e-12;0.0010244058626070673,1.760849048994954e-60;2.335944600018438e-34;2.0258504872786493e-14;0.001711832277067443,proxy_dimensions,5,,,,,0,244,0.9749402910341843,,,
CDH2,1,20,STAT5A,TUBA1B;TFRC;CLDN7;FN1;CDH1;SERPINE1;SYK;ANXA1;RAB25;CCNE1;GAB2;CTNNB1;BCL2L11;SQSTM1;RPS6;TP53BP1;RBM15;MAP2K1;TP53;EEF2,1,2,2,1,,0.04932636236669901,0.2,0.15,1.5907020233949586e-30;1.527435759531434e-11,2.780348835123736e-11,proxy_dimensions,2,,,,,0,244,0.9290880831065372,,,
CLDN7,1,58,CDH1,MYH11;VHL;GAPDH;ESR1;TUBA1B;TFRC;IGFBP2;CCNB1;FN1;CAV1;SERPINE1;HSPA1A;SYK;ANXA1;AR;RAB25;CASP7;RICTOR;CCNE1;GAB2;ATM;INPP4B;FASN;CTNNB1;MSH6;STAT5A;MYC;ASNS;BCL2L11;SQSTM1;EEF2K;ERBB2;PDCD4;RPS6;ACACA;TP53BP1;TGM2;FOXM1;MSH2;MAPK1;DIABLO;BRAF;ERBB3;NF2;RBM15;MAP2K1;PTEN;TP53;ETS1;CHEK2;PEA15;COL6A1;EEF2;PRKCA;CDH2;KIT;PREX1;LCK,1,2,2,1,,0.04932636236669901,0.2,0.15,7.394472779766798e-89;1.1556346828902668e-17,2.481558407690943e-50,proxy_dimensions,2,,,,,0,245,1.0380757310226705,,,
CDH1,4,7,CLDN7;FN1;CTNNB1;CDH2,GAPDH;IGFBP2;RAB25;ERBB2;MAP2K1;PTEN;TP53,1,5,5,4,,0.04932636236669901,0.4,0.2,7.020146878898401e-32;2.2953992977812742e-20;4.2206303988530183e-10;1.1060520664723798e-05;0.007333180081368307,6.785476618598397e-22;5.678040382270683e-12;5.5463962363935905e-08;0.0003437736737134078,proxy_dimensions,5,,,,,0,245,1.0390493749492695,,,
HSPA1A,1,27,COL6A1,GAPDH;ESR1;TUBA1B;TFRC;IGFBP2;CLDN7;CCNB1;FN1;CDH1;SERPINE1;SYK;ANXA1;AR;RAB25;ATM;CTNNB1;MSH6;SQSTM1;EEF2K;PDCD4;TGM2;FOXM1;MSH2;RBM15;PTEN;TP53;EEF2,1,2,2,1,,0.04932636236669901,0.2,0.15,3.7164172579166264e-33;6.760713407766194e-09,2.80345598804434e-24,proxy_dimensions,2,,,,,0,245,0.9516133466245745,,,
GAB2,4,27,VHL;BCL2L11;BRAF;KIT,GAPDH;ESR1;TUBA1B;TFRC;IGFBP2;CLDN7;CCNB1;FN1;CDH1;SERPINE1;SYK;ANXA1;AR;RAB25;ATM;CTNNB1;MSH6;SQSTM1;EEF2K;PDCD4;TGM2;FOXM1;MSH2;RBM15;PTEN;TP53;EEF2,1,5,5,4,,0.04932636236669901,0.2,0.15,2.4264809444582257e-62;1.822061012668562e-25;4.328060583316971e-15;2.711934676218898e-07;0.0004775265644094806,8.31978788085465e-45;1.280387750145849e-22;7.592171769132316e-12;7.003968959249851e-05,proxy_dimensions,5,,,,,0,245,1.0129104190091787,,,
ASNS,3,30,FN1;CAV1;ACACA,GAPDH;ESR1;TUBA1B;IGFBP2;CLDN7;CCNB1;CDH1;ANXA1;RAB25;CASP7;GAB2;ATM;CTNNB1;STAT5A;SQSTM1;ERBB2;PDCD4;RPS6;TP53BP1;FOXM1;DIABLO;BRAF;RBM15;MAP2K1;PTEN;TP53;ETS1;EEF2;PREX1;LCK,1,4,4,3,,0.04932636236669901,0.4,0.25,2.1213861828677976e-96;8.406436313602345e-40;5.973641100185461e-15;0.00014843949495328354,3.3686622768558086e-78;2.374772967039883e-26;3.2244517113555127e-10,proxy_dimensions,4,,,,,0,245,0.9580690178605019,,,
BCL2L11,3,27,CCNE1;GAB2;PRKCA,GAPDH;ESR1;TUBA1B;TFRC;IGFBP2;CLDN7;CCNB1;FN1;CDH1;SERPINE1;SYK;ANXA1;AR;RAB25;ATM;CTNNB1;MSH6;SQSTM1;EEF2K;PDCD4;TGM2;FOXM1;MSH2;RBM15;PTEN;TP53;EEF2,1,4,4,3,,0.04932636236669901,0.2,0.15,6.028685889559023e-72;1.7760790601017277e-37;1.0158296461358424e-15;9.900892526340074e-07,5.461492657141533e-63;1.0834661154236383e-29;2.7625650094908266e-11,proxy_dimensions,4,,,,,0,245,1.0215550256693944,,,
BRAF,3,27,CASP7;GAB2;ETS1,GAPDH;ESR1;TUBA1B;TFRC;IGFBP2;CLDN7;CCNB1;FN1;CDH1;SERPINE1;SYK;ANXA1;AR;RAB25;ATM;CTNNB1;MSH6;SQSTM1;EEF2K;PDCD4;TGM2;FOXM1;MSH2;RBM15;PTEN;TP53;EEF2,1,4,4,3,,0.04932636236669901,0.2,0.15,1.6354697156245017e-80;1.4589453217736582e-33;7.772426886396658e-18;1.5868976663686813e-06,3.6511914730724737e-51;4.2646896549280184e-20;4.310805494922119e-08,proxy_dimensions,4,,,,,0,245,1.0891772512642033,,,
CDH2,3,7,CDH1;CCNE1;STAT5A,GAPDH;IGFBP2;RAB25;ERBB2;MAP2K1;PTEN;TP53,1,4,4,3,,0.04932636236669901,0.4,0.2,8.576854375871191e-34;6.57886442619463e-16;6.298650764014894e-08;0.0005083075984156571,9.252525193317671e-28;2.16048481496281e-11;4.494194979249265e-06,proxy_dimensions,4,,,,,0,245,0.9864117804147299,,,
CLDN7,4,36,CAV1;CDH1;RAB25;MAP2K1,VHL;GAPDH;TUBA1B;TFRC;IGFBP2;CCNB1;FN1;SERPINE1;SYK;ANXA1;CCNE1;GAB2;ATM;FASN;MSH6;ASNS;BCL2L11;SQSTM1;EEF2K;ERBB2;PDCD4;RPS6;ACACA;TP53BP1;FOXM1;MSH2;DIABLO;BRAF;RBM15;PTEN;TP53;ETS1;CHEK2;EEF2;CDH2;KIT,1,5,5,4,,0.04932636236669901,0.2,0.2,2.7253086423201484e-95;2.512812397678957e-56;4.753921932223402e-31;2.1001942722710856e-10;0.0003399127397669557,3.4884415303025195e-79;7.051411421462767e-47;1.3692257432600073e-22;6.322993914337503e-06,proxy_dimensions,5,,,,,0,246,0.9565258318356266,,,
CDH1,4,17,TFRC;CLDN7;CTNNB1;CHEK2,VHL;TUBA1B;GAB2;FASN;ASNS;BCL2L11;EEF2K;ERBB2;PDCD4;ACACA;TP53BP1;DIABLO;BRAF;RBM15;PTEN;TP53;ETS1,1,4,4,4,0.0500319632196114,0.04932636236669901,0.2,0.15,1.5687751333227059e-59;3.205850587827154e-18;3.0455816209146206e-07;0.014010801873851949;0.4170664265009724,3.558127518894443e-68;3.5921666206296696e-30;6.11958126395765e-16;1.748868995535481e-06,reported,4,0.2346542886856868,0.6312299144079685;0.4337381183087477;0.3556620272919418;0.2346542886856868,0.03231939806478619,True,1,246,0.9206609783670902,0.4250123819984709,0.059892980473092314,0.5419340979055708
HSPA1A,2,17,COL6A1;KIT,VHL;TUBA1B;GAB2;FASN;ASNS;BCL2L11;EEF2K;ERBB2;PDCD4;ACACA;TP53BP1;DIABLO;BRAF;RBM15;PTEN;TP53;ETS1,1,3,3,2,,0.04932636236669901,0.2,0.15,7.399122116243358e-24;8.215568044230984e-09;0.000396375808457465,1.3441649557429526e-16;8.572024715265462e-07,proxy_dimensions,3,,,,,0,246,0.9700194400288936,,,
GAB2,2,54,VHL;BRAF,MYH11;GAPDH;ESR1;TUBA1B;TFRC;IGFBP2;CLDN7;CCNB1;FN1;CAV1;CDH1;SERPINE1;HSPA1A;SYK;ANXA1;AR;RAB25;CASP7;RICTOR;CCNE1;ATM;INPP4B;FASN;CTNNB1;MSH6;STAT5A;MYC;ASNS;BCL2L11;SQSTM1;ERBB2;PDCD4;RPS6;ACACA;TGM2;FOXM1;MSH2;MAPK1;DIABLO;ERBB3;NF2;RBM15;MAP2K1;PTEN;TP53;CHEK2;PEA15;COL6A1;EEF2;PRKCA;CDH2;KIT;PREX1;LCK,1,3,3,2,,0.04932636236669901,0.2,0.15,4.2790702021341974e-54;3.9419265521387315e-18;1.8415182990113126e-08,9.431572187055247e-38;3.0791667809416246e-08,proxy_dimensions,3,,,,,0,246,0.9625433166777625,,,
ASNS,1,9,CHEK2,TFRC;FASN;BCL2L11;PDCD4;ACACA;MAP2K1;PTEN;TP53;EEF2,1,2,2,1,,0.04932636236669901,0.4,0.2,1.1643653106309951e-15;3.75754535978754e-05,1.022021893717863e-06,proxy_dimensions,2,,,,,0,246,0.9428178096347296,,,
BCL2L11,4,1,ANXA1;CCNE1;PDCD4;PEA15,PTEN,1,1,1,1,0.13526883228030312,0.04932636236669901,0.4,0.15,6.505854048887309e-05,3.4490121419469514e-05,reported,1,0.24849670748885283,0.24849670748885283,0.13526883228030312,True,1,246,1.0229471188078025,0.4825526573753502,0.022017294956049975,0.5502859154030827
BRAF,3,54,GAB2;EEF2K;ETS1,MYH11;GAPDH;ESR1;TUBA1B;TFRC;IGFBP2;CLDN7;CCNB1;FN1;CAV1;CDH1;SERPINE1;HSPA1A;SYK;ANXA1;AR;RAB25;CASP7;RICTOR;CCNE1;ATM;INPP4B;FASN;CTNNB1;MSH6;STAT5A;MYC;ASNS;BCL2L11;SQSTM1;ERBB2;PDCD4;RPS6;ACACA;TGM2;FOXM1;MSH2;MAPK1;DIABLO;ERBB3;NF2;RBM15;MAP2K1;PTEN;TP53;CHEK2;PEA15;COL6A1;EEF2;PRKCA;CDH2;KIT;PREX1;LCK,1,4,4,3,,0.04932636236669901,0.2,0.15,1.4386932987774458e-102;6.151249065990312e-60;2.342180025847961e-30;4.462962089933224e-12,1.8764678570638022e-70;7.968187560422931e-40;1.9007413107621604e-12,proxy_dimensions,4,,,,,0,246,0.9195982722898005,,,
CDH2,2,9,STAT5A;SQSTM1,TFRC;FASN;BCL2L11;PDCD4;ACACA;MAP2K1;PTEN;TP53;EEF2,1,2,2,1,0.028151055242515856,0.04932636236669901,0.4,0.2,3.145662191014977e-13;0.013626825924532699;0.20329901164137898,6.690889813369279e-17;0.23896808629328747,conditional_information_dimension,2,0.058427878179843115,0.42450771611244426;0.058427878179843115,0.03556188513748617,False,0,246,1.000559591022673,,,
CLDN7,3,28,CDH1;MAPK1;PRKCA,VHL;ESR1;TUBA1B;IGFBP2;FN1;SERPINE1;SYK;ANXA1;AR;RAB25;CASP7;GAB2;ATM;FASN;MYC;ASNS;ERBB2;ACACA;TP53BP1;TGM2;DIABLO;BRAF;RBM15;PTEN;CHEK2;PEA15;PREX1;LCK,2,4,4,3,,0.04932636236669901,0.2,0.15,3.915084636312872e-77;6.253573146190355e-42;7.550992444962427e-16;0.017234773713892617,1.3512678320175851e-52;4.027775990731019e-22;2.395116568119465e-07,proxy_dimensions,4,,,,,0,247,1.0136881844081644,,,
CDH1,4,11,ESR1;RAB25;CTNNB1;CDH2,VHL;TUBA1B;TFRC;SYK;GAB2;ERBB2;RPS6;DIABLO;MAP2K1;PTEN;EEF2,2,5,5,4,,0.04932636236669901,0.4,0.2,7.634103799222573e-42;6.475500601196862e-28;1.6783292599524875e-14;4.297709039071797e-05;0.002576039682647467,3.752246658303765e-34;5.891850557514712e-20;8.275482504287136e-09;0.0012968523954826508,proxy_dimensions,5,,,,,0,247,0.9805760200431027,,,
HSPA1A,3,28,RICTOR;SQSTM1;COL6A1,VHL;ESR1;TUBA1B;IGFBP2;FN1;SERPINE1;SYK;ANXA1;AR;RAB25;CASP7;GAB2;ATM;FASN;MYC;ASNS;ERBB2;ACACA;TP53BP1;TGM2;DIABLO;BRAF;RBM15;PTEN;CHEK2;PEA15;PREX1;LCK,2,4,4,3,,0.04932636236669901,0.2,0.15,1.1921857400963243e-56;8.726595514317943e-21;4.875474537302419e-07;0.0017207253615874071,2.54140391007308e-37;4.091587783898712e-11;0.00012223140557547407,proxy_dimensions,4,,,,,0,247,1.10114529810876,,,
GAB2,1,58,VHL,MYH11;GAPDH;ESR1;TUBA1B;TFRC;IGFBP2;CLDN7;CCNB1;FN1;CAV1;CDH1;SERPINE1;HSPA1A;SYK;ANXA1;AR;RAB25;CASP7;RICTOR;CCNE1;ATM;INPP4B;FASN;CTNNB1;MSH6;STAT5A;MYC;ASNS;BCL2L11;SQSTM1;EEF2K;ERBB2;PDCD4;RPS6;ACACA;TP53BP1;TGM2;FOXM1;MSH2;MAPK1;DIABLO;BRAF;ERBB3;NF2;RBM15;MAP2K1;PTEN;TP53;ETS1;CHEK2;PEA15;COL6A1;EEF2;PRKCA;CDH2;KIT;PREX1;LCK,2,2,2,1,,0.04932636236669901,0.2,0.15,1.21436149102604e-40;5.87627536997438e-15,1.340219958737237e-16,proxy_dimensions,2,,,,,0,247,1.045767145723286,,,
ASNS,3,11,CAV1;SQSTM1;CHEK2,VHL;TUBA1B;TFRC;SYK;GAB2;ERBB2;RPS6;DIABLO;MAP2K1;PTEN;EEF2,2,3,3,3,0.0313815299595513,0.04932636236669901,0.4,0.2,2.9292227396988504e-27;3.544769925317103e-08;0.03402105616949272;0.2664357252245048,9.785220686646825e-31;5.257056039116444e-09;0.02797709443780996,reported,3,0.1089421236482828,0.5063300429209512;0.30533568099438274;0.1089421236482828,0.029059938364470246,True,1,247,0.9799410892808121,3.2283736142111206,0.050409200585502204,0.6725274111007506
BCL2L11,2,28,PDCD4;PRKCA,VHL;ESR1;TUBA1B;IGFBP2;FN1;SERPINE1;SYK;ANXA1;AR;RAB25;CASP7;GAB2;ATM;FASN;MYC;ASNS;ERBB2;ACACA;TP53BP1;TGM2;DIABLO;BRAF;RBM15;PTEN;CHEK2;PEA15;PREX1;LCK,2,3,3,2,,0.04932636236669901,0.2,0.15,7.555365874736097e-55;5.801031774659485e-28;4.9999109594588645e-14,3.1656038041818686e-39;4.845206850675368e-15,proxy_dimensions,3,,,,,0,247,1.0337759100016568,,,
BRAF,1,11,CTNNB1,VHL;TUBA1B;TFRC;SYK;GAB2;ERBB2;RPS6;DIABLO;MAP2K1;PTEN;EEF2,2,2,2,1,,0.04932636236669901,0.4,0.2,5.109826081916983e-21;0.024312453241890773,0.0013178773478540542,proxy_dimensions,2,,,,,0,247,1.0756629810995628,,,
CDH2,5,11,CDH1;HSPA1A;CTNNB1;STAT5A;SQSTM1,VHL;TUBA1B;TFRC;SYK;GAB2;ERBB2;RPS6;DIABLO;MAP2K1;PTEN;EEF2,2,6,6,5,,0.04932636236669901,0.4,0.2,2.351349501191308e-50;1.742349652650522e-30;6.143145288820001e-15;1.0216231408655068e-08;6.131700203829584e-05;0.0018777524519923265,1.2670169686871086e-43;2.1425088448758094e-23;1.4957176054385036e-11;2.7541502579372168e-05;0.00266970402349955,proxy_dimensions,6,,,,,0,247,1.0323007918580356,,,
CLDN7,2,22,CDH1;PRKCA,VHL;GAPDH;ESR1;TUBA1B;TFRC;ANXA1;RAB25;ATM;STAT5A;BCL2L11;EEF2K;ERBB2;RPS6;MAPK1;DIABLO;NF2;MAP2K1;PTEN;TP53;PEA15;EEF2;CDH2,1,3,3,2,,0.04932636236669901,0.4,0.25,5.0174281948570866e-61;4.685476607115012e-34;3.8193723777902765e-11,5.222137001860861e-39;2.788649894178205e-15,proxy_dimensions,3,,,,,0,248,0.938380344323133,,,
CDH1,2,54,CLDN7;CTNNB1,MYH11;VHL;GAPDH;ESR1;TUBA1B;TFRC;IGFBP2;CCNB1;FN1;CAV1;SERPINE1;HSPA1A;SYK;ANXA1;AR;RAB25;CASP7;RICTOR;CCNE1;GAB2;ATM;INPP4B;FASN;MSH6;STAT5A;MYC;ASNS;BCL2L11;SQSTM1;EEF2K;ERBB2;PDCD4;RPS6;ACACA;TGM2;FOXM1;MSH2;MAPK1;DIABLO;BRAF;ERBB3;NF2;MAP2K1;PTEN;TP53;CHEK2;PEA15;COL6A1;EEF2;PRKCA;CDH2;KIT;PREX1;LCK,1,3,3,2,,0.04932636236669901,0.2,0.15,1.747296404139332e-104;3.7220296610725666e-51;1.2816607093479466e-13,7.823855432704509e-69;8.704641060192961e-22,proxy_dimensions,3,,,,,0,248,0.9775423351576088,,,
HSPA1A,5,2,TFRC;MYC;BRAF;COL6A1;CDH2,PTEN;TP53,1,2,2,2,0.06598224768883386,0.04932636236669901,0.4,0.15,1.2539891420238868e-07;0.00402245772699582,2.2801737988066167e-08;0.0017749351264563168,reported,2,0.20410344248221454,0.301737549626838;0.20410344248221454,0.06598224768883393,True,2,248,0.9426353979437915,0.5406800076738679,0.024335657347017058,0.6368752440384968
GAB2,1,22,BRAF,VHL;GAPDH;ESR1;TUBA1B;TFRC;ANXA1;RAB25;ATM;STAT5A;BCL2L11;EEF2K;ERBB2;RPS6;MAPK1;DIABLO;NF2;MAP2K1;PTEN;TP53;PEA15;EEF2;CDH2,1,2,2,1,,0.04932636236669901,0.4,0.25,7.472359210308123e-40;4.40395071150531e-05,1.1642557151786031e-21,proxy_dimensions,2,,,,,0,248,1.0128982292064677,,,
ASNS,2,22,CHEK2;PRKCA,VHL;GAPDH;ESR1;TUBA1B;TFRC;ANXA1;RAB25;ATM;STAT5A;BCL2L11;EEF2K;ERBB2;RPS6;MAPK1;DIABLO;NF2;MAP2K1;PTEN;TP53;PEA15;EEF2;CDH2,1,3,3,2,,0.04932636236669901,0.4,0.25,9.508541120023661e-61;1.8537677681891087e-25;6.163814250270688e-08,4.420186450871988e-51;8.586681727702805e-19,proxy_dimensions,3,,,,,0,248,0.9464484065920442,,,
BCL2L11,3,3,ANXA1;CCNE1;PEA15,RAB25;PTEN;TP53,1,2,2,2,0.09322240716262085,0.04932636236669901,0.4,0.2,9.116077773540855e-09;0.0006273671654753972;0.4691964237057179,1.8759404723615873e-10;3.614230424918422e-05,reported,2,0.22193356230634004,0.29351752885621185;0.22193356230634004,0.0756204534005622,True,2,248,1.0645223344129977,0.6430730867143226,0.026089271881099125,0.6099863323960276
BRAF,3,22,CAV1;GAB2;ETS1,VHL;GAPDH;ESR1;TUBA1B;TFRC;ANXA1;RAB25;ATM;STAT5A;BCL2L11;EEF2K;ERBB2;RPS6;MAPK1;DIABLO;NF2;MAP2K1;PTEN;TP53;PEA15;EEF2;CDH2,1,4,4,3,,0.04932636236669901,0.4,0.25,1.6890087989196628e-69;8.036017844835051e-31;7.84631620119087e-17;2.2956923889837523e-05,5.196689317014536e-41;6.750343653639611e-23;2.997185098081232e-10,proxy_dimensions,4,,,,,0,248,1.018265932932493,,,
CDH2,5,2,CDH1;HSPA1A;STAT5A;SQSTM1;RPS6,PTEN;TP53,1,2,2,1,0.05015880745878485,0.04932636236669901,0.4,0.15,0.0006982865848021606;0.04395046169670036,0.0011574292347319756;0.07026224324447854,conditional_information_dimension,2,0.14560495998491782,0.22264749757221872;0.14560495998491782,0.050158807458784795,False,0,248,1.0442339484375427,,,
CLDN7,2,25,CDH1;MAP2K1,VHL;GAPDH;TUBA1B;TFRC;IGFBP2;SYK;ANXA1;RAB25;CCNE1;GAB2;ATM;FASN;ASNS;BCL2L11;PDCD4;ACACA;TGM2;MAPK1;NF2;RBM15;PTEN;TP53;CHEK2;PEA15;EEF2,1,3,3,2,,0.04932636236669901,0.2,0.15,1.5179856316544412e-52;2.369224475802568e-21;1.905954461439269e-10,2.503142405550853e-23;1.0008756673255988e-10,proxy_dimensions,3,,,,,0,249,1.0071999569024401,,,
CDH1,2,25,CLDN7;CTNNB1,VHL;GAPDH;TUBA1B;TFRC;IGFBP2;SYK;ANXA1;RAB25;CCNE1;GAB2;ATM;FASN;ASNS;BCL2L11;PDCD4;ACACA;TGM2;MAPK1;NF2;RBM15;PTEN;TP53;CHEK2;PEA15;EEF2,1,3,3,2,,0.04932636236669901,0.2,0.15,5.864385116149031e-71;4.361493466306553e-36;1.717553960738109e-11,4.336381407382834e-47;3.96256480879488e-18,proxy_dimensions,3,,,,,0,249,0.9921501854545384,,,
HSPA1A,1,25,COL6A1,VHL;GAPDH;TUBA1B;TFRC;IGFBP2;SYK;ANXA1;RAB25;CCNE1;GAB2;ATM;FASN;ASNS;BCL2L11;PDCD4;ACACA;TGM2;MAPK1;NF2;RBM15;PTEN;TP53;CHEK2;PEA15;EEF2,1,2,2,1,,0.04932636236669901,0.2,0.15,3.7244648629793507e-28;0.0009243346784126207,9.008296517703586e-25,proxy_dimensions,2,,,,,0,249,0.9937572584278541,,,
GAB2,1,58,ERBB2,MYH11;VHL;GAPDH;ESR1;TUBA1B;TFRC;IGFBP2;CLDN7;CCNB1;FN1;CAV1;CDH1;SERPINE1;HSPA1A;SYK;ANXA1;AR;RAB25;CASP7;RICTOR;CCNE1;ATM;INPP4B;FASN;CTNNB1;MSH6;STAT5A;MYC;ASNS;BCL2L11;SQSTM1;EEF2K;PDCD4;RPS6;ACACA;TP53BP1;TGM2;FOXM1;MSH2;MAPK1;DIABLO;BRAF;ERBB3;NF2;RBM15;MAP2K1;PTEN;TP53;ETS1;CHEK2;PEA15;COL6A1;EEF2;PRKCA;CDH2;KIT;PREX1;LCK,1,2,2,1,,0.04932636236669901,0.4,0.2,3.616356421198413e-40;9.059208777553684e-15,2.329478373342344e-16,proxy_dimensions,2,,,,,0,249,1.0095997369034928,,,
ASNS,1,15,CHEK2,VHL;GAPDH;TUBA1B;IGFBP2;RAB25;GAB2;ATM;ERBB2;TGM2;MAPK1;NF2;MAP2K1;PTEN;TP53;PEA15,1,2,2,1,,0.04932636236669901,0.4,0.2,6.396182057521889e-27;9.08432108390738e-06,1.190706774670167e-17,proxy_dimensions,2,,,,,0,249,0.9915654528825293,,,
BCL2L11,2,15,FN1;ANXA1,VHL;GAPDH;TUBA1B;IGFBP2;RAB25;GAB2;ATM;ERBB2;TGM2;MAPK1;NF2;MAP2K1;PTEN;TP53;PEA15,1,3,3,2,,0.04932636236669901,0.4,0.2,4.2170647406883074e-39;1.4582217249378166e-17;9.693163208399976e-06,7.590859589335367e-21;1.6214747809198192e-05,proxy_dimensions,3,,,,,0,249,1.0205021362725877,,,
BRAF,4,24,CAV1;CTNNB1;EEF2K;ETS1,VHL;GAPDH;ESR1;TUBA1B;TFRC;IGFBP2;RAB25;GAB2;ATM;FASN;STAT5A;BCL2L11;ERBB2;PDCD4;ACACA;TGM2;MAPK1;NF2;MAP2K1;PTEN;TP53;PEA15;EEF2;CDH2,1,5,5,4,,0.04932636236669901,0.4,0.25,7.062107143306666e-99;3.40720598063871e-61;7.179017212373188e-37;5.589849145467692e-20;3.5314118966640378e-09,1.0436165657622515e-67;2.4968098903131293e-42;1.4362887209702144e-23;1.218414470543539e-10,proxy_dimensions,5,,,,,0,249,1.0143000078377356,,,
CDH2,1,25,STAT5A,VHL;GAPDH;TUBA1B;TFRC;IGFBP2;SYK;ANXA1;RAB25;CCNE1;GAB2;ATM;FASN;ASNS;BCL2L11;PDCD4;ACACA;TGM2;MAPK1;NF2;RBM15;PTEN;TP53;CHEK2;PEA15;EEF2,1,2,2,1,,0.04932636236669901,0.2,0.15,1.7856142321326269e-43;6.290000342054758e-21,5.948334811944138e-21,proxy_dimensions,2,,,,,0,249,0.9758545422382642,,,
CLDN7,2,48,CDH1;PRKCA,MYH11;VHL;GAPDH;ESR1;TUBA1B;TFRC;CCNB1;CAV1;HSPA1A;SYK;ANXA1;AR;RAB25;RICTOR;CCNE1;GAB2;ATM;INPP4B;FASN;MSH6;STAT5A;MYC;ASNS;BCL2L11;SQSTM1;EEF2K;PDCD4;RPS6;ACACA;TGM2;FOXM1;MSH2;MAPK1;DIABLO;BRAF;ERBB3;NF2;RBM15;MAP2K1;PTEN;TP53;ETS1;CHEK2;PEA15;COL6A1;EEF2;CDH2;KIT,1,3,3,2,,0.04932636236669901,0.2,0.2,4.344670822296462e-88;1.5184693200293456e-39;1.5428647425374625e-07,2.9613245563650873e-66;2.992462725508817e-17,proxy_dimensions,3,,,,,0,250,0.9731612016374448,,,
CDH1,3,48,CLDN7;SERPINE1;CTNNB1,MYH11;VHL;GAPDH;ESR1;TUBA1B;TFRC;CCNB1;CAV1;HSPA1A;SYK;ANXA1;AR;RAB25;RICTOR;CCNE1;GAB2;ATM;INPP4B;FASN;MSH6;STAT5A;MYC;ASNS;BCL2L11;SQSTM1;EEF2K;PDCD4;RPS6;ACACA;TGM2;FOXM1;MSH2;MAPK1;DIABLO;BRAF;ERBB3;NF2;RBM15;MAP2K1;PTEN;TP53;ETS1;CHEK2;PEA15;COL6A1;EEF2;CDH2;KIT,1,4,4,3,,0.04932636236669901,0.2,0.2,1.303544971641695e-101;1.9438079761281144e-47;3.0400670744193675e-18;1.8932604607387056e-07,5.836270287321117e-73;6.357730593001687e-28;1.4005467902828053e-08,proxy_dimensions,4,,,,,0,250,1.0285412514157355,,,
HSPA1A,1,27,COL6A1,VHL;TUBA1B;TFRC;FN1;SERPINE1;SYK;RAB25;ATM;FASN;MSH6;STAT5A;ASNS;SQSTM1;RPS6;ACACA;MSH2;MAPK1;DIABLO;NF2;MAP2K1;PTEN;TP53;ETS1;CHEK2;PEA15;PRKCA;CDH2,1,2,2,1,,0.04932636236669901,0.2,0.15,1.92948230500203e-30;2.6360482219851596e-06,5.002282376481246e-18,proxy_dimensions,2,,,,,0,250,0.9924097164096534,,,
GAB2,2,27,GAPDH;BRAF,VHL;TUBA1B;TFRC;FN1;SERPINE1;SYK;RAB25;ATM;FASN;MSH6;STAT5A;ASNS;SQSTM1;RPS6;ACACA;MSH2;MAPK1;DIABLO;NF2;MAP2K1;PTEN;TP53;ETS1;CHEK2;PEA15;PRKCA;CDH2,1,3,3,2,,0.04932636236669901,0.2,0.15,3.0333345060179213e-54;2.3646097504397085e-24;1.8009659144397506e-08,5.171584625907621e-39;2.0618403627146097e-14,proxy_dimensions,3,,,,,0,250,1.0154305119276084,,,
ASNS,2,3,CHEK2;PRKCA,TUBA1B;TFRC;PTEN,1,2,2,2,0.07286534353347161,0.04932636236669901,0.4,0.15,3.690618178327425e-11;0.004036274317225947;0.13071888649867208,7.570478186223101e-13;0.000846553707741429,reported,2,0.1645885999385809,0.3457876965700458;0.1645885999385809,0.0639083712854622,True,1,250,0.9785536971859595,0.3725407926674455,0.06615880837029178,0.6611505557635938
BCL2L11,2,27,CCNE1;PDCD4,VHL;TUBA1B;TFRC;FN1;SERPINE1;SYK;RAB25;ATM;FASN;MSH6;STAT5A;ASNS;SQSTM1;RPS6;ACACA;MSH2;MAPK1;DIABLO;NF2;MAP2K1;PTEN;TP53;ETS1;CHEK2;PEA15;PRKCA;CDH2,1,3,3,2,,0.04932636236669901,0.2,0.15,1.407050300693693e-53;4.968575605923537e-22;3.5737853489747166e-08,1.6165461005772957e-45;7.049277075426122e-16,proxy_dimensions,3,,,,,0,250,0.9900225327726356,,,
BRAF,3,11,GAB2;EEF2K;ETS1,TUBA1B;TFRC;RAB25;FASN;ACACA;TP53BP1;DIABLO;MAP2K1;PTEN;TP53;EEF2,1,4,4,3,,0.04932636236669901,0.4,0.2,1.1321574110426828e-30;2.423784158958189e-10;0.00041169360758638033;0.00771124154689549,9.383636239046314e-21;0.000761671475745383;0.009816440784755263,proxy_dimensions,4,,,,,0,250,0.9601375709171874,,,
CDH2,3,3,CDH1;CCNE1;STAT5A,TUBA1B;TFRC;PTEN,1,3,3,2,0.008928690003547327,0.04932636236669901,0.4,0.15,1.7162373830252367e-05;0.0005213680239488574;0.031427730090824155,0.00015172241575389566;0.009102694647977468;0.5219645215701754,conditional_information_dimension,3,0.03182935386841295,0.21524464416197767;0.17839770731009644;0.03182935386841295,0.008928690003547337,False,0,250,1.0505329453905623,,,
CLDN7,4,14,CAV1;CDH1;MAP2K1;PRKCA,VHL;TUBA1B;FN1;SERPINE1;RAB25;CASP7;BCL2L11;ERBB2;TGM2;MAPK1;DIABLO;NF2;PTEN;PEA15,1,4,4,3,0.0013991859705725239,0.04932636236669901,0.4,0.2,4.1070352343386615e-46;2.0486943487283553e-24;5.786275104660551e-11;3.690463397127811e-05;0.09581909712849279,6.494485328425734e-43;3.922818230897648e-20;9.481153557021897e-07;0.8723202620496373,conditional_information_dimension,4,0.00800054371828286,0.5279205401245928;0.4224661519018303;0.2821139536522706;0.00800054371828286,0.018381821173876368,False,0,251,0.9832279018064356,,,
CDH1,2,26,CLDN7;CTNNB1,GAPDH;TUBA1B;TFRC;CCNB1;FN1;SERPINE1;ANXA1;RAB25;CCNE1;GAB2;FASN;BCL2L11;SQSTM1;ERBB2;PDCD4;ACACA;TGM2;FOXM1;MAPK1;DIABLO;NF2;MAP2K1;PTEN;CHEK2;PEA15;KIT,1,3,3,2,,0.04932636236669901,0.2,0.15,2.0666442529101762e-63;6.344455376533768e-28;4.7315888586094086e-09,7.754463775799364e-47;2.895019928138079e-17,proxy_dimensions,3,,,,,0,251,0.9885039829929442,,,
HSPA1A,4,3,SYK;CASP7;SQSTM1;COL6A1,VHL;TUBA1B;PTEN,1,2,2,1,0.0398726045307627,0.04932636236669901,0.4,0.15,0.0004301463292245742;0.028918634619766345;0.06809542517470439,0.0009234516642544875;0.075800751443757,conditional_information_dimension,2,0.12987070817246904,0.21664668555287825;0.12987070817246904,0.03943184667301342,False,0,251,1.0146617214605704,,,
GAB2,1,14,BRAF,VHL;TUBA1B;FN1;SERPINE1;RAB25;CASP7;BCL2L11;ERBB2;TGM2;MAPK1;DIABLO;NF2;PTEN;PEA15,1,2,2,1,,0.04932636236669901,0.4,0.2,8.857479472826942e-19;0.00018920183177690916,2.264806203421197e-07,proxy_dimensions,2,,,,,0,251,0.9425315900723689,,,
ASNS,2,26,TP53;PRKCA,GAPDH;TUBA1B;TFRC;CCNB1;FN1;SERPINE1;ANXA1;RAB25;CCNE1;GAB2;FASN;BCL2L11;SQSTM1;ERBB2;PDCD4;ACACA;TGM2;FOXM1;MAPK1;DIABLO;NF2;MAP2K1;PTEN;CHEK2;PEA15;KIT,1,3,3,2,,0.04932636236669901,0.2,0.15,2.3127656396162555e-59;6.137090727628337e-27;2.166566153208705e-11,8.000740911336679e-37;8.493794458899412e-13,proxy_dimensions,3,,,,,0,251,0.9816479680041066,,,
BCL2L11,3,47,RAB25;CCNE1;PEA15,MYH11;VHL;ESR1;TUBA1B;TFRC;IGFBP2;CLDN7;CAV1;CDH1;HSPA1A;SYK;ANXA1;AR;CASP7;RICTOR;GAB2;ATM;INPP4B;FASN;CTNNB1;MSH6;STAT5A;MYC;ASNS;EEF2K;ERBB2;PDCD4;RPS6;ACACA;TP53BP1;MSH2;DIABLO;BRAF;ERBB3;RBM15;MAP2K1;PTEN;TP53;ETS1;CHEK2;COL6A1;EEF2;PRKCA;CDH2;KIT;PREX1;LCK,1,4,4,3,,0.04932636236669901,0.2,0.15,2.2808479159158363e-89;1.4326013482445826e-51;1.8104108852315746e-32;6.302237262286842e-14,1.0398458433971416e-70;6.78883211687058e-35;8.110196879774143e-16,proxy_dimensions,4,,,,,0,251,0.9842799757598103,,,
BRAF,4,14,CAV1;GAB2;EEF2K;ETS1,VHL;TUBA1B;FN1;SERPINE1;RAB25;CASP7;BCL2L11;ERBB2;TGM2;MAPK1;DIABLO;NF2;PTEN;PEA15,1,5,5,4,,0.04932636236669901,0.4,0.2,3.1578027164291214e-44;5.8071200008360696e-27;1.6818654591042258e-16;1.3371532274385486e-07;0.02348809551264253,8.106077631254411e-35;1.3697580823396946e-24;6.758034760521126e-16;1.9823075578118117e-07,proxy_dimensions,5,,,,,0,251,1.02608599148378,,,
CDH2,2,26,CTNNB1;STAT5A,GAPDH;TUBA1B;TFRC;CCNB1;FN1;SERPINE1;ANXA1;RAB25;CCNE1;GAB2;FASN;BCL2L11;SQSTM1;ERBB2;PDCD4;ACACA;TGM2;FOXM1;MAPK1;DIABLO;NF2;MAP2K1;PTEN;CHEK2;PEA15;KIT,1,3,3,2,,0.04932636236669901,0.2,0.15,4.055271215406829e-57;1.668627290562473e-22;1.749397577089207e-05,5.788241067826236e-42;3.387961393372774e-07,proxy_dimensions,3,,,,,0,251,1.0269697533982418,,,
CLDN7,3,11,CDH1;MAPK1;PRKCA,VHL;TUBA1B;TFRC;IGFBP2;RAB25;GAB2;DIABLO;MAP2K1;PTEN;TP53;EEF2,1,3,3,2,0.021845012825553473,0.04932636236669901,0.4,0.2,3.4208460449597165e-58;2.128734161206482e-30;1.1115747127377621e-07;0.09645146551024394,3.935777205044501e-44;3.7018553965168465e-13;0.06565565688531548,conditional_information_dimension,3,0.09133364216971028,0.5772651122876865;0.37375018124505754;0.09133364216971028,0.029069980232796448,False,0,252,0.9921701382013578,,,
CDH1,2,51,CLDN7;CTNNB1,MYH11;VHL;GAPDH;ESR1;TUBA1B;TFRC;IGFBP2;CCNB1;CAV1;HSPA1A;SYK;AR;RAB25;CASP7;RICTOR;CCNE1;GAB2;INPP4B;FASN;MSH6;STAT5A;MYC;ASNS;BCL2L11;SQSTM1;EEF2K;ERBB2;PDCD4;RPS6;ACACA;TP53BP1;FOXM1;MSH2;MAPK1;DIABLO;BRAF;ERBB3;NF2;MAP2K1;PTEN;TP53;ETS1;CHEK2;PEA15;COL6A1;EEF2;PRKCA;CDH2;KIT;PREX1;LCK,1,3,3,2,,0.04932636236669901,0.2,0.15,2.346168162258649e-97;8.456406065740307e-52;4.018199796143896e-13,1.0055076229272744e-55;4.639488324729504e-17,proxy_dimensions,3,,,,,0,252,1.0831129926788432,,,
HSPA1A,3,2,GAPDH;COL6A1;CDH2,DIABLO;PTEN,1,2,2,2,0.04225909151420213,0.04932636236669901,0.4,0.15,1.435313685721356e-12;0.008385220498403977,1.590593588545853e-12;0.04178829106683954,reported,2,0.12472935793814054,0.37327459585301104;0.12472935793814054,0.04225909151420211,True,1,252,0.9643176666114052,1.042009299526986,0.10800117828120183,0.6007580024081615
GAB2,1,23,BRAF,VHL;GAPDH;IGFBP2;CLDN7;FN1;CDH1;SERPINE1;SYK;ANXA1;RAB25;ATM;CTNNB1;MSH6;STAT5A;PDCD4;TGM2;MSH2;DIABLO;RBM15;MAP2K1;PTEN;TP53;CDH2,1,2,2,1,,0.04932636236669901,0.2,0.15,1.6113514772518405e-32;2.290650827918324e-09,9.219787056396806e-19,proxy_dimensions,2,,,,,0,252,0.9942317248327324,,,
ASNS,2,23,TFRC;CHEK2,VHL;GAPDH;IGFBP2;CLDN7;FN1;CDH1;SERPINE1;SYK;ANXA1;RAB25;ATM;CTNNB1;MSH6;STAT5A;PDCD4;TGM2;MSH2;DIABLO;RBM15;MAP2K1;PTEN;TP53;CDH2,1,3,3,2,,0.04932636236669901,0.2,0.15,2.7885728682827553e-64;1.8909630573879405e-32;1.8149334971384593e-08,2.3836712394325233e-43;2.4545598012907126e-18,proxy_dimensions,3,,,,,0,252,0.9208359982824733,,,
BCL2L11,3,23,CCNE1;INPP4B;PEA15,VHL;GAPDH;IGFBP2;CLDN7;FN1;CDH1;SERPINE1;SYK;ANXA1;RAB25;ATM;CTNNB1;MSH6;STAT5A;PDCD4;TGM2;MSH2;DIABLO;RBM15;MAP2K1;PTEN;TP53;CDH2,1,4,4,3,,0.04932636236669901,0.2,0.15,5.99801946752708e-100;5.801280057818893e-46;3.7428443407480157e-19;5.38677195201361e-10,7.661801419519129e-82;2.9821705752298447e-35;6.811142470518123e-10,proxy_dimensions,4,,,,,0,252,1.0015032626463034,,,
BRAF,2,23,GAB2;ETS1,VHL;GAPDH;IGFBP2;CLDN7;FN1;CDH1;SERPINE1;SYK;ANXA1;RAB25;ATM;CTNNB1;MSH6;STAT5A;PDCD4;TGM2;MSH2;DIABLO;RBM15;MAP2K1;PTEN;TP53;CDH2,1,3,3,2,,0.04932636236669901,0.2,0.15,2.691233112946861e-43;5.4767263740091413e-14;2.152685220184191e-06,2.978904416588367e-22;1.5266834823869005e-09,proxy_dimensions,3,,,,,0,252,0.9703795939269356,,,
CDH2,2,11,STAT5A;SQSTM1,VHL;TUBA1B;TFRC;IGFBP2;RAB25;GAB2;DIABLO;MAP2K1;PTEN;TP53;EEF2,1,3,3,2,,0.04932636236669901,0.4,0.2,6.738448424930799e-24;1.1540238285661212e-08;0.00014868775555752214,3.0305936100447753e-21;2.713171282771036e-05,proxy_dimensions,3,,,,,0,252,0.9366212076065276,,,
CLDN7,2,41,CDH1;PRKCA,VHL;GAPDH;ESR1;TUBA1B;TFRC;IGFBP2;CCNB1;FN1;SERPINE1;SYK;ANXA1;RAB25;CCNE1;GAB2;ATM;FASN;MSH6;STAT5A;ASNS;SQSTM1;EEF2K;ERBB2;ACACA;TP53BP1;TGM2;FOXM1;MSH2;MAPK1;DIABLO;BRAF;NF2;RBM15;MAP2K1;PTEN;TP53;ETS1;CHEK2;PEA15;EEF2;CDH2;KIT,1,3,3,2,,0.04932636236669901,0.2,0.15,1.4810208237617993e-102;4.89990879587625e-43;2.2778678328805152e-08,4.994952447476165e-65;6.174268193921836e-18,proxy_dimensions,3,,,,,0,253,1.05209779635063,,,
CDH1,3,41,CLDN7;CTNNB1;PRKCA,VHL;GAPDH;ESR1;TUBA1B;TFRC;IGFBP2;CCNB1;FN1;SERPINE1;SYK;ANXA1;RAB25;CCNE1;GAB2;ATM;FASN;MSH6;STAT5A;ASNS;SQSTM1;EEF2K;ERBB2;ACACA;TP53BP1;TGM2;FOXM1;MSH2;MAPK1;DIABLO;BRAF;NF2;RBM15;MAP2K1;PTEN;TP53;ETS1;CHEK2;PEA15;EEF2;CDH2;KIT,1,4,4,3,,0.04932636236669901,0.2,0.15,1.717670947964067e-154;1.573630936936229e-89;2.192099893853955e-31;6.068197512393056e-08,4.878940646637607e-115;5.06892458948943e-50;4.343878785310173e-14,proxy_dimensions,4,,,,,0,253,1.0499058693825667,,,
HSPA1A,4,2,STAT5A;SQSTM1;COL6A1;KIT,PTEN;CHEK2,1,2,2,2,0.06825889216867684,0.04932636236669901,0.4,0.15,2.1539713712017274e-11;0.009870171498827114,4.0045743414732347e-07;0.00755067716785142,reported,2,0.17062959601358524,0.2793057944287222;0.17062959601358524,0.06825889216867685,True,1,253,0.981675485719367,1.5828932799698656,0.057525695426762946,0.6811486432203234
GAB2,1,2,PREX1,PTEN;CHEK2,1,1,1,0,3.5879537272147785e-05,0.04932636236669901,0.4,0.15,0.004265687184769705;0.15253025519107874,0.9994228122142185,conditional_information_dimension,1,3.587953727214778e-05,3.587953727214778e-05,0.050618712962047174,False,0,253,1.0034788442591793,,,
ASNS,2,2,CCNB1;ACACA,PTEN;CHEK2,1,2,2,2,0.06352957948856908,0.04932636236669901,0.4,0.15,5.333761310544646e-15;0.00014821520379475707,4.909952926479538e-08;0.0069585892596088425,reported,2,0.13342313201972522,0.27732664200518975;0.13342313201972522,0.063529579488569,True,1,253,0.9993622162823935,4.781468350400614,0.14252739678805096,0.6580544094927318
BCL2L11,2,10,CCNE1;TGM2,VHL;GAPDH;TUBA1B;RAB25;GAB2;ATM;DIABLO;MAP2K1;PTEN;CHEK2,1,3,3,2,,0.04932636236669901,0.4,0.2,1.4415420112342972e-22;2.2570190835843018e-11;0.0016433312361972922,1.5465500040055849e-12;4.927275506133937e-05,proxy_dimensions,3,,,,,0,253,1.0008725839382397,,,
BRAF,2,10,EEF2K;ETS1,VHL;GAPDH;TUBA1B;RAB25;GAB2;ATM;DIABLO;MAP2K1;PTEN;CHEK2,1,2,2,2,0.08830491292680898,0.04932636236669901,0.4,0.2,2.167580949689311e-27;1.3245009371410764e-09;0.10316333777241266,7.007503928649516e-15;0.0012908920027105075,reported,2,0.15879008637255032,0.3767119089202553;0.15879008637255032,0.05962686212192384,True,1,253,0.8883990470067965,2.1881852234038903,0.29471162559319936,0.5124399465911309
CDH2,1,58,STAT5A,MYH11;VHL;GAPDH;ESR1;TUBA1B;TFRC;IGFBP2;CLDN7;CCNB1;FN1;CAV1;CDH1;SERPINE1;HSPA1A;SYK;ANXA1;AR;RAB25;CASP7;RICTOR;CCNE1;GAB2;ATM;INPP4B;FASN;CTNNB1;MSH6;MYC;ASNS;BCL2L11;SQSTM1;EEF2K;ERBB2;PDCD4;RPS6;ACACA;TP53BP1;TGM2;FOXM1;MSH2;MAPK1;DIABLO;BRAF;ERBB3;NF2;RBM15;MAP2K1;PTEN;TP53;ETS1;CHEK2;PEA15;COL6A1;EEF2;PRKCA;KIT;PREX1;LCK,1,2,2,1,,0.04932636236669901,0.2,0.15,2.720866532997231e-70;2.602077464774068e-28,3.6796178274497725e-39,proxy_dimensions,2,,,,,0,253,0.8855712175451614,,,
CLDN7,3,20,FN1;CDH1;PRKCA,VHL;GAPDH;TFRC;IGFBP2;ANXA1;RAB25;GAB2;ATM;STAT5A;EEF2K;ERBB2;PDCD4;TGM2;MAPK1;DIABLO;NF2;MAP2K1;PTEN;TP53;PEA15,1,4,4,3,,0.04932636236669901,0.4,0.25,5.757620024336965e-84;1.2566436159515283e-40;1.4848930537220263e-20;2.2327084637380168e-05,3.067539924273113e-52;1.771877269987674e-24;5.223668729935445e-07,proxy_dimensions,4,,,,,0,254,0.9703141081914559,,,
CDH1,3,20,CLDN7;FN1;CTNNB1,VHL;GAPDH;TFRC;IGFBP2;ANXA1;RAB25;GAB2;ATM;STAT5A;EEF2K;ERBB2;PDCD4;TGM2;MAPK1;DIABLO;NF2;MAP2K1;PTEN;TP53;PEA15,1,4,4,3,,0.04932636236669901,0.4,0.25,1.0664099141963918e-90;4.785750670356789e-47;1.232596478078321e-20;1.5138464826623933e-05,4.11360115976909e-63;8.725874001189203e-37;1.2049444282850292e-17,proxy_dimensions,4,,,,,0,254,0.9666072761238338,,,
HSPA1A,4,6,SQSTM1;RBM15;COL6A1;CDH2,VHL;GAPDH;TFRC;GAB2;PTEN;TP53,1,5,5,4,,0.04932636236669901,0.4,0.2,8.818095261665663e-35;7.294532638321012e-12;1.4529664721979396e-07;0.004369171202047999;0.04567206339334584,1.742751493989095e-32;1.300686030824754e-10;5.43907605810923e-06;0.0055477661363762245,proxy_dimensions,5,,,,,0,254,1.0093834235952763,,,
GAB2,1,2,KIT,VHL;TP53,1,1,1,1,0.14808239459429456,0.04932636236669901,0.4,0.15,1.3886567153163627e-10;0.07712573883259995,0.0026805444542023498,reported,1,0.14808239459429462,0.14808239459429462,0.12010122869449659,True,1,254,0.9601525602525248,1.3083562356741596,0.03582212894394629,0.5351950924392967
ASNS,4,2,FASN;ACACA;BRAF;CHEK2,VHL;TP53,1,2,2,1,0.02241962576027271,0.04932636236669901,0.4,0.15,9.835252184056286e-14;0.001507018096894476,2.0777897893302258e-10;0.5685811362167781,conditional_information_dimension,2,0.07055223894877871,0.37061932117735213;0.07055223894877871,0.02241962576027271,False,0,254,1.0788291590524575,,,
BCL2L11,2,50,CDH1;ANXA1,MYH11;VHL;GAPDH;ESR1;TUBA1B;TFRC;IGFBP2;CLDN7;CCNB1;FN1;CAV1;SERPINE1;HSPA1A;SYK;AR;RAB25;CASP7;RICTOR;CCNE1;GAB2;ATM;INPP4B;FASN;MSH6;MYC;ASNS;SQSTM1;EEF2K;PDCD4;RPS6;ACACA;TGM2;FOXM1;MSH2;MAPK1;DIABLO;BRAF;ERBB3;NF2;RBM15;MAP2K1;PTEN;TP53;ETS1;CHEK2;PEA15;COL6A1;EEF2;PRKCA;KIT,1,3,3,2,,0.04932636236669901,0.2,0.15,1.1269076988278781e-96;3.045314712730607e-39;1.0837615650224289e-13,3.9563978975721024e-64;3.567188224442288e-19,proxy_dimensions,3,,,,,0,254,1.0311857872865264,,,
BRAF,2,29,TUBA1B;ETS1,VHL;GAPDH;IGFBP2;CLDN7;FN1;CDH1;SERPINE1;ANXA1;RAB25;GAB2;CTNNB1;STAT5A;ASNS;BCL2L11;EEF2K;ERBB2;PDCD4;TP53BP1;DIABLO;NF2;RBM15;MAP2K1;PTEN;TP53;CHEK2;EEF2;CDH2;PREX1;LCK,1,3,3,2,,0.04932636236669901,0.2,0.15,5.152973380050411e-55;1.0162868230248619e-15;8.533646281057665e-06,3.3345390015875225e-22;5.444668157814447e-06,proxy_dimensions,3,,,,,0,254,0.9985944827638562,,,
CDH2,2,6,HSPA1A;STAT5A,VHL;GAPDH;TFRC;GAB2;PTEN;TP53,1,2,2,2,0.08433545674710045,0.04932636236669901,0.4,0.2,1.2616214006686994e-12;5.109409236033068e-05;0.12747770358505137,4.903789786373237e-15;4.410062134768641e-05,reported,2,0.2007848090033494,0.3605350461438943;0.2007848090033494,0.05625560193815332,True,2,254,0.8538085145012891,0.705419674464702,0.09693548497156186,0.5767522638388254
CLDN7,5,3,CDH1;RAB25;DIABLO;ETS1;PRKCA,GAPDH;TP53;PEA15,1,3,3,2,0.016705235720170696,0.04932636236669901,0.4,0.15,1.2282527251948204e-18;3.165408585283401e-10;0.0002885448989106714,3.199909288966855e-13;5.239743049841205e-07;0.5973320582703892,conditional_information_dimension,3,0.06820881482530626,0.33633319044373294;0.31550258102929607;0.06820881482530626,0.016705235720170696,False,0,255,0.9773362084102482,,,
CDH1,3,26,TFRC;CLDN7;CTNNB1,VHL;GAPDH;TUBA1B;FN1;SERPINE1;ANXA1;RAB25;CASP7;GAB2;ATM;MSH6;ASNS;BCL2L11;EEF2K;PDCD4;TGM2;MSH2;MAPK1;BRAF;RBM15;PTEN;TP53;CHEK2;PEA15;EEF2;KIT,1,4,4,3,,0.04932636236669901,0.2,0.15,3.673685022592163e-87;1.1615879878334156e-35;1.0926154451353919e-14;0.025757478127461403,7.286174160189482e-69;1.1922927754795655e-21;1.2639663038630062e-08,proxy_dimensions,4,,,,,0,255,0.9375154269221756,,,
HSPA1A,3,3,CASP7;COL6A1;CDH2,GAPDH;TP53;PEA15,1,3,3,2,0.025258164328013002,0.04932636236669901,0.4,0.15,2.4259248198082636e-19;3.631918148271916e-08;0.009771235179128203,2.296518425468752e-18;9.844214209684684e-08;0.15522389824626484,conditional_information_dimension,3,0.07058142768955242,0.38760959151026475;0.2927869169414927;0.07058142768955242,0.025258164328013012,False,0,255,1.07385487757559,,,
GAB2,1,52,EEF2,MYH11;VHL;ESR1;TFRC;IGFBP2;CLDN7;CCNB1;FN1;CAV1;CDH1;SERPINE1;HSPA1A;SYK;ANXA1;AR;RAB25;RICTOR;CCNE1;ATM;INPP4B;FASN;CTNNB1;MSH6;STAT5A;MYC;ASNS;BCL2L11;SQSTM1;ERBB2;PDCD4;RPS6;ACACA;TP53BP1;TGM2;FOXM1;MSH2;DIABLO;ERBB3;NF2;RBM15;MAP2K1;PTEN;TP53;ETS1;CHEK2;PEA15;COL6A1;PRKCA;CDH2;KIT;PREX1;LCK,1,2,2,1,,0.04932636236669901,0.2,0.15,4.989953734213874e-46;3.2657139942560054e-16,5.158485030240067e-31,proxy_dimensions,2,,,,,0,255,0.984693412335179,,,
ASNS,1,57,MSH6,MYH11;VHL;GAPDH;ESR1;TUBA1B;TFRC;IGFBP2;CLDN7;CCNB1;FN1;CAV1;CDH1;SERPINE1;HSPA1A;SYK;ANXA1;AR;RAB25;CASP7;RICTOR;CCNE1;GAB2;ATM;INPP4B;FASN;CTNNB1;STAT5A;MYC;BCL2L11;SQSTM1;EEF2K;ERBB2;PDCD4;RPS6;ACACA;TP53BP1;TGM2;FOXM1;MAPK1;DIABLO;BRAF;ERBB3;NF2;RBM15;MAP2K1;PTEN;TP53;ETS1;CHEK2;PEA15;COL6A1;EEF2;PRKCA;CDH2;KIT;PREX1;LCK,1,2,2,1,,0.04932636236669901,0.2,0.15,2.0557879271710537e-74;4.203000223569384e-23,8.7486415450636e-48,proxy_dimensions,2,,,,,0,255,0.9925474556896444,,,
BCL2L11,4,3,CCNE1;PDCD4;PRKCA;PREX1,GAPDH;TP53;PEA15,1,3,3,2,0.01621739765629293,0.04932636236669901,0.4,0.15,2.8827976634555507e-09;9.554003083027145e-06;0.006613640452116663,3.438477868093557e-08;0.00024550149642532654;0.538176063300281,conditional_information_dimension,3,0.05533964988261567,0.28097413552267664;0.24273006021674504;0.05533964988261567,0.01621739765629295,False,0,255,0.9745987543530392,,,
BRAF,2,11,EEF2K;ETS1,VHL;GAPDH;FN1;SERPINE1;RAB25;GAB2;RPS6;MAPK1;MAP2K1;TP53;PEA15,1,2,2,2,0.13418619996140335,0.04932636236669901,0.4,0.2,7.587356801114793e-34;1.4722232907451186e-09;0.15915118449322685,1.058689476402797e-20;8.783455713219761e-08,reported,2,0.2610712144871241,0.4013552588951851;0.2610712144871241,0.0726870557022223,True,2,255,0.9701378596556669,0.2902626402702594,0.14221271118982873,0.5603942304527131
CDH2,2,26,HSPA1A;STAT5A,VHL;GAPDH;TUBA1B;FN1;SERPINE1;ANXA1;RAB25;CASP7;GAB2;ATM;MSH6;ASNS;BCL2L11;EEF2K;PDCD4;TGM2;MSH2;MAPK1;BRAF;RBM15;PTEN;TP53;CHEK2;PEA15;EEF2;KIT,1,3,3,2,,0.04932636236669901,0.2,0.15,9.925311732693525e-53;2.3004234534674167e-27;8.469494097666991e-10,2.7732617666096654e-38;6.592053908364721e-15,proxy_dimensions,3,,,,,0,255,0.9527567940571849,,,
CLDN7,2,8,CDH1;PRKCA,TFRC;IGFBP2;RAB25;GAB2;EEF2K;DIABLO;PTEN;EEF2,2,3,3,2,,0.04932636236669901,0.4,0.2,8.082754475962845e-41;2.1209882172516133e-19;0.0016995405407435654,3.3540880204886126e-20;0.00017252176763058217,proxy_dimensions,3,,,,,0,256,1.0159498260017719,,,
CDH1,3,16,CLDN7;CTNNB1;CDH2,VHL;GAPDH;ESR1;TUBA1B;TFRC;FN1;SERPINE1;SYK;ASNS;BCL2L11;PDCD4;MAP2K1;PTEN;TP53;ETS1;CHEK2,2,4,4,3,,0.04932636236669901,0.2,0.15,1.9721383252849794e-69;1.3743067204909084e-29;1.1154398417990652e-17;6.026380330920062e-09,3.2168216701931464e-42;2.1673094589261824e-18;1.431336820396397e-08,proxy_dimensions,4,,,,,0,256,0.9589637974960051,,,
HSPA1A,1,16,COL6A1,VHL;GAPDH;ESR1;TUBA1B;TFRC;FN1;SERPINE1;SYK;ASNS;BCL2L11;PDCD4;MAP2K1;PTEN;TP53;ETS1;CHEK2,2,2,2,1,,0.04932636236669901,0.2,0.15,1.5651720619500227e-32;1.0789770558399448e-06,1.63704213749259e-24,proxy_dimensions,2,,,,,0,256,0.93844395372188,,,
GAB2,1,16,BRAF,VHL;GAPDH;ESR1;TUBA1B;TFRC;FN1;SERPINE1;SYK;ASNS;BCL2L11;PDCD4;MAP2K1;PTEN;TP53;ETS1;CHEK2,2,2,2,1,,0.04932636236669901,0.2,0.15,3.233056395857412e-36;0.002189140405132479,6.416817421224773e-26,proxy_dimensions,2,,,,,0,256,0.9691894974355015,,,
ASNS,1,8,CAV1,TFRC;IGFBP2;RAB25;GAB2;EEF2K;DIABLO;PTEN;EEF2,2,2,2,1,,0.04932636236669901,0.4,0.2,4.212619047417007e-15;0.0003380562452514445,2.5242028906338243e-13,proxy_dimensions,2,,,,,0,256,0.936848906377264,,,
BCL2L11,2,55,FN1;PTEN,MYH11;VHL;GAPDH;ESR1;TFRC;IGFBP2;CLDN7;CCNB1;CAV1;CDH1;HSPA1A;SYK;ANXA1;AR;RAB25;CASP7;RICTOR;CCNE1;GAB2;ATM;INPP4B;FASN;CTNNB1;MSH6;STAT5A;MYC;ASNS;SQSTM1;EEF2K;ERBB2;PDCD4;RPS6;ACACA;TP53BP1;TGM2;FOXM1;MSH2;MAPK1;DIABLO;BRAF;ERBB3;NF2;RBM15;MAP2K1;TP53;ETS1;CHEK2;PEA15;COL6A1;EEF2;PRKCA;CDH2;KIT;PREX1;LCK,2,3,3,2,,0.04932636236669901,0.2,0.15,6.108735608038195e-84;2.6455411843175177e-43;1.415502552697973e-15,7.661348909427928e-55;6.765401017737177e-16,proxy_dimensions,3,,,,,0,256,1.0124700066729226,,,
BRAF,3,16,CAV1;GAB2;EEF2K,VHL;GAPDH;ESR1;TUBA1B;TFRC;FN1;SERPINE1;SYK;ASNS;BCL2L11;PDCD4;MAP2K1;PTEN;TP53;ETS1;CHEK2,2,4,4,3,,0.04932636236669901,0.2,0.15,5.963961920940811e-55;2.3646819876270506e-14;3.544747290920921e-07;0.03106142505421094,8.78714709678666e-25;2.3671084421352773e-10;0.0010702724274750622,proxy_dimensions,4,,,,,0,256,0.8961566992533567,,,
CDH2,3,8,CDH1;STAT5A;SQSTM1,TFRC;IGFBP2;RAB25;GAB2;EEF2K;DIABLO;PTEN;EEF2,2,3,3,3,0.02776256914595875,0.04932636236669901,0.4,0.2,6.868601600617863e-36;4.841415198019869e-13;4.7531527194416995e-06;0.13698437322768453,1.1790945077512267e-38;2.793258020134309e-12;0.030238977543773166,reported,3,0.10743100759609947,0.5442054176649286;0.35770993571905796;0.10743100759609947,0.027437463051910645,True,1,256,0.9814232106256408,-3.399686100797821,-0.09086018764559563,0.5993097003766595
CLDN7,3,29,CAV1;CDH1;PRKCA,VHL;GAPDH;TUBA1B;CCNB1;ANXA1;RAB25;CCNE1;GAB2;FASN;MSH6;ASNS;BCL2L11;SQSTM1;EEF2K;PDCD4;ACACA;TP53BP1;TGM2;FOXM1;MSH2;MAPK1;DIABLO;RBM15;MAP2K1;PTEN;TP53;CHEK2;PEA15;EEF2,1,4,4,3,,0.04932636236669901,0.2,0.15,3.250386448108662e-94;4.878977510746239e-41;1.822416454202316e-20;5.480549983674754e-07,6.630391201913032e-58;3.558330729949722e-24;7.97027764986047e-07,proxy_dimensions,4,,,,,0,257,1.0062674092750514,,,
CDH1,2,29,CLDN7;CTNNB1,VHL;GAPDH;TUBA1B;CCNB1;ANXA1;RAB25;CCNE1;GAB2;FASN;MSH6;ASNS;BCL2L11;SQSTM1;EEF2K;PDCD4;ACACA;TP53BP1;TGM2;FOXM1;MSH2;MAPK1;DIABLO;RBM15;MAP2K1;PTEN;TP53;CHEK2;PEA15;EEF2,1,3,3,2,,0.04932636236669901,0.2,0.15,1.4698713742465623e-87;7.625763113437034e-35;4.2520817148205923e-10,4.2470409572145116e-61;6.4464814722864276e-24,proxy_dimensions,3,,,,,0,257,0.9327281679824996,,,
HSPA1A,4,18,STAT5A;COL6A1;CDH2;KIT,VHL;GAPDH;TUBA1B;TFRC;FN1;SERPINE1;ANXA1;GAB2;ATM;BCL2L11;EEF2K;ERBB2;DIABLO;NF2;MAP2K1;PTEN;TP53;EEF2,1,5,5,4,,0.04932636236669901,0.4,0.25,3.217640272251857e-46;1.8065570392798486e-26;8.976033182739031e-13;1.5109963252855178e-06;0.0028935239355976335,3.1143515384685183e-40;6.835232730178941e-22;1.126103015089091e-09;0.0035256329667947136,proxy_dimensions,5,,,,,0,257,0.9866157325963546,,,
GAB2,2,7,VHL;BRAF,TFRC;ANXA1;EEF2K;ERBB2;MAP2K1;PTEN;TP53,1,2,2,2,0.15952948800469655,0.04932636236669901,0.4,0.2,1.9695384322939285e-25;5.343850405733175e-09;0.2461276346052597,4.449697562406875e-24;1.627681094244594e-11,reported,2,0.32536668361030036,0.39899809248806645;0.32536668361030036,0.08851894279555059,True,1,257,0.9255596352965274,0.327944309309778,-0.015267659172611161,0.541855605835655
ASNS,2,7,BRAF;CHEK2,TFRC;ANXA1;EEF2K;ERBB2;MAP2K1;PTEN;TP53,1,3,3,2,,0.04932636236669901,0.4,0.2,2.6013079206508346e-26;7.24071049579223e-11;9.303693389690003e-05,3.035340011604261e-18;1.795960819877291e-05,proxy_dimensions,3,,,,,0,257,0.9869365256675675,,,
BCL2L11,3,2,ANXA1;CCNE1;PDCD4,ERBB2;PTEN,1,2,2,1,0.04510607372908171,0.04932636236669901,0.4,0.15,0.001873688267838978;0.03142182398642721,0.0022174885383815573;0.05456334136889484,conditional_information_dimension,2,0.11941434980272389,0.18895200508208584;0.11941434980272389,0.04510607372908164,False,0,257,0.9650583701571256,,,
BRAF,3,29,NF2;ETS1;PRKCA,VHL;GAPDH;TUBA1B;CCNB1;ANXA1;RAB25;CCNE1;GAB2;FASN;MSH6;ASNS;BCL2L11;SQSTM1;EEF2K;PDCD4;ACACA;TP53BP1;TGM2;FOXM1;MSH2;MAPK1;DIABLO;RBM15;MAP2K1;PTEN;TP53;CHEK2;PEA15;EEF2,1,4,4,3,,0.04932636236669901,0.2,0.15,4.6202909221442784e-91;5.389976606505039e-56;1.7480012244754453e-30;1.7903380653877886e-12,5.869307563873289e-63;2.7097580061474627e-37;1.416959499121063e-17,proxy_dimensions,4,,,,,0,257,0.9110683166953925,,,
CDH2,2,29,HSPA1A;STAT5A,VHL;GAPDH;TUBA1B;CCNB1;ANXA1;RAB25;CCNE1;GAB2;FASN;MSH6;ASNS;BCL2L11;SQSTM1;EEF2K;PDCD4;ACACA;TP53BP1;TGM2;FOXM1;MSH2;MAPK1;DIABLO;RBM15;MAP2K1;PTEN;TP53;CHEK2;PEA15;EEF2,1,3,3,2,,0.04932636236669901,0.2,0.15,5.705142421981575e-35;3.713081025124684e-19;1.1971158800672074e-10,9.859168368076545e-27;9.681347215651056e-11,proxy_dimensions,3,,,,,0,257,0.9963554281696823,,,
CLDN7,3,4,CDH1;RAB25;MAP2K1,VHL;TFRC;GAB2;PTEN,1,3,3,2,0.02536071948409474,0.04932636236669901,0.4,0.15,1.4468640718035356e-18;4.990542741305508e-08;0.028295581114412487;0.47798905189686347,2.004055256763972e-11;0.0018402794456521792;0.11001927137749234,conditional_information_dimension,3,0.0793343572288273,0.3482032894070208;0.18800268722671998;0.0793343572288273,0.023654679024883243,False,0,258,1.0026895151454829,,,
CDH1,3,23,CLDN7;CTNNB1;CDH2,VHL;GAPDH;TUBA1B;IGFBP2;FN1;SERPINE1;SYK;ANXA1;CASP7;GAB2;ATM;FASN;ASNS;EEF2K;ACACA;TP53BP1;DIABLO;RBM15;MAP2K1;PTEN;TP53;EEF2;KIT,1,4,4,3,,0.04932636236669901,0.2,0.15,5.226703943168432e-60;7.236793427432582e-20;4.107748146382239e-09;0.00015102301464119464,3.2304098509477663e-43;2.0675169001959447e-14;2.0897326753514015e-06,proxy_dimensions,4,,,,,0,258,1.0590510157327915,,,
HSPA1A,3,12,SQSTM1;PDCD4;COL6A1,VHL;GAPDH;TUBA1B;TFRC;SYK;GAB2;ATM;TP53BP1;DIABLO;MAP2K1;PTEN;TP53,1,4,4,3,,0.04932636236669901,0.4,0.2,2.6289918441494287e-28;2.9518133979220267e-13;9.977258653092266e-06;0.03241931199096798,7.503973489311293e-23;7.649511886466346e-10;0.00011418183244736466,proxy_dimensions,4,,,,,0,258,1.031664115891345,,,
GAB2,1,58,VHL,MYH11;GAPDH;ESR1;TUBA1B;TFRC;IGFBP2;CLDN7;CCNB1;FN1;CAV1;CDH1;SERPINE1;HSPA1A;SYK;ANXA1;AR;RAB25;CASP7;RICTOR;CCNE1;ATM;INPP4B;FASN;CTNNB1;MSH6;STAT5A;MYC;ASNS;BCL2L11;SQSTM1;EEF2K;ERBB2;PDCD4;RPS6;ACACA;TP53BP1;TGM2;FOXM1;MSH2;MAPK1;DIABLO;BRAF;ERBB3;NF2;RBM15;MAP2K1;PTEN;TP53;ETS1;CHEK2;PEA15;COL6A1;EEF2;PRKCA;CDH2;KIT;PREX1;LCK,1,2,2,1,,0.04932636236669901,0.2,0.15,5.004879953986633e-46;3.4948996486927555e-09,5.733602993739155e-14,proxy_dimensions,2,,,,,0,258,1.056063510034346,,,
ASNS,1,12,CHEK2,VHL;GAPDH;TUBA1B;TFRC;SYK;GAB2;ATM;TP53BP1;DIABLO;MAP2K1;PTEN;TP53,1,2,2,1,,0.04932636236669901,0.4,0.2,9.379043868860815e-22;0.00031486533050772796,5.2655384563971084e-12,proxy_dimensions,2,,,,,0,258,1.0299195107914507,,,
BCL2L11,3,23,TFRC;CCNE1;PDCD4,VHL;GAPDH;TUBA1B;IGFBP2;FN1;SERPINE1;SYK;ANXA1;CASP7;GAB2;ATM;FASN;ASNS;EEF2K;ACACA;TP53BP1;DIABLO;RBM15;MAP2K1;PTEN;TP53;EEF2;KIT,1,4,4,3,,0.04932636236669901,0.2,0.15,2.3035268653633857e-73;1.3480825807703448e-35;6.529783428915143e-10;0.020761658459481056,3.08273993530172e-70;3.882014658242319e-32;2.159202658558664e-07,proxy_dimensions,4,,,,,0,258,0.9817728614035989,,,
BRAF,2,4,RICTOR;EEF2K,VHL;TFRC;GAB2;PTEN,1,2,2,2,0.09376219817016665,0.04932636236669901,0.4,0.15,6.884456219635895e-19;0.005748652483598251;0.7871634516852348,2.6730354201815545e-08;7.094458196681426e-05,reported,2,0.19539825686438406,0.24558972573751872;0.19539825686438406,0.0717408298880768,True,1,258,1.0693118044081262,1.9569983125129242,0.08059929445624715,0.5302541942553353
CDH2,3,12,CDH1;STAT5A;SQSTM1,VHL;GAPDH;TUBA1B;TFRC;SYK;GAB2;ATM;TP53BP1;DIABLO;MAP2K1;PTEN;TP53,1,4,4,3,,0.04932636236669901,0.4,0.2,3.0763226826348166e-25;9.570454448854783e-11;0.00011190802674941867;0.04441050901946877,2.982410333771548e-25;1.4430300643632394e-10;0.00014916827385032776,proxy_dimensions,4,,,,,0,258,0.9868379446338048,,,
CLDN7,3,9,CDH1;MAP2K1;PRKCA,VHL;TFRC;SYK;ANXA1;GAB2;ATM;PDCD4;DIABLO;TP53,2,4,4,3,,0.04932636236669901,0.2,0.15,2.546814600251567e-45;1.1472436799141254e-14;9.063630671640707e-07;0.045474320892305395,1.0854281169431893e-21;4.219419522359754e-10;0.01417430274665798,proxy_dimensions,4,,,,,0,259,1.0221891985504723,,,
CDH1,2,9,CLDN7;CTNNB1,VHL;TFRC;SYK;ANXA1;GAB2;ATM;PDCD4;DIABLO;TP53,2,3,3,2,,0.04932636236669901,0.2,0.15,7.006811003628542e-45;1.3262991503048437e-13;0.009407399951306454,4.6270291715784225e-25;1.4167220570935828e-09,proxy_dimensions,3,,,,,0,259,1.0589637833904892,,,
HSPA1A,3,9,BRAF;COL6A1;CDH2,VHL;TFRC;SYK;ANXA1;GAB2;ATM;PDCD4;DIABLO;TP53,2,4,4,3,,0.04932636236669901,0.2,0.15,3.568295901037565e-38;1.118447058659478e-10;0.00020388448459460052;0.023908190332291503,4.729334549952483e-33;8.351655884217505e-09;0.027436461233257724,proxy_dimensions,4,,,,,0,259,1.053561455297011,,,
GAB2,0,0,,,2,0,0,0,,0.04932636236669901,0.2,0.15,,,no_shared_direction,0,,,,,0,259,1.0608895268048333,,,
ASNS,2,9,CHEK2;PRKCA,VHL;TFRC;SYK;ANXA1;GAB2;ATM;PDCD4;DIABLO;TP53,2,3,3,2,,0.04932636236669901,0.2,0.15,1.265925782976528e-33;1.4406586627431484e-13;3.3391553257319873e-05,3.750999736295263e-23;3.9656817867072744e-10,proxy_dimensions,3,,,,,0,259,1.0411074199543944,,,
BCL2L11,2,9,INPP4B;PRKCA,VHL;TFRC;SYK;ANXA1;GAB2;ATM;PDCD4;DIABLO;TP53,2,3,3,2,,0.04932636236669901,0.2,0.15,5.3664814150090886e-43;1.1750845488737896e-20;1.330184309404167e-10,2.685034841765548e-26;5.135811558113242e-11,proxy_dimensions,3,,,,,0,259,0.976562283941599,,,
BRAF,3,4,CAV1;EEF2K;ETS1,VHL;GAB2;DIABLO;TP53,2,2,2,2,0.11418849750069528,0.04932636236669901,0.4,0.2,5.184807327599986e-26;1.2346194590289925e-07;0.19901652096791125;0.38827329215517736,7.713901615678782e-13;3.1977835055185115e-06,reported,2,0.2461140066779783,0.3185991709615375;0.2461140066779783,0.08873087732435007,True,1,259,0.9984352252961712,-2.3000673614753158,-0.057531162061613086,0.4483300990322443
CDH2,5,9,HSPA1A;STAT5A;ACACA;NF2;PTEN,VHL;TFRC;SYK;ANXA1;GAB2;ATM;PDCD4;DIABLO;TP53,2,5,5,5,0.0208658564703647,0.04932636236669901,0.2,0.15,1.3765711582881894e-26;7.530629205631635e-14;6.103011476388872e-07;0.007127374754498944;0.030115092552730604;0.13513328189670468,1.5065038768953558e-30;1.274345445743563e-16;1.3278153910947903e-08;0.0006165844810107233;0.026008437489195447,reported,5,0.11061743795529091,0.4561902078812784;0.3665276927023161;0.2896407959228406;0.18861632334074005;0.11061743795529091,0.02158798926705338,True,1,259,1.0010542994845042,3.4461888862935433,0.05547829101207534,0.6886205932599411
CLDN7,2,33,CDH1;PEA15,MYH11;VHL;GAPDH;ESR1;TUBA1B;TFRC;CAV1;HSPA1A;SYK;ANXA1;RICTOR;GAB2;FASN;MSH6;ASNS;EEF2K;ERBB2;RPS6;ACACA;TP53BP1;MSH2;BRAF;NF2;RBM15;MAP2K1;PTEN;TP53;ETS1;CHEK2;COL6A1;EEF2;CDH2;KIT,1,3,3,2,,0.04932636236669901,0.2,0.15,3.609234471165069e-68;8.69835693194827e-20;1.0500550050287175e-07,5.395440098317181e-37;1.7122903710344828e-11,proxy_dimensions,3,,,,,0,260,1.053584271090635,,,
CDH1,2,33,CLDN7;CTNNB1,MYH11;VHL;GAPDH;ESR1;TUBA1B;TFRC;CAV1;HSPA1A;SYK;ANXA1;RICTOR;GAB2;FASN;MSH6;ASNS;EEF2K;ERBB2;RPS6;ACACA;TP53BP1;MSH2;BRAF;NF2;RBM15;MAP2K1;PTEN;TP53;ETS1;CHEK2;COL6A1;EEF2;CDH2;KIT,1,3,3,2,,0.04932636236669901,0.2,0.15,1.4434523137680596e-81;1.7367856602823443e-36;3.085887887538317e-08,8.906961783275574e-54;4.237894956245602e-16,proxy_dimensions,3,,,,,0,260,1.0176157536916914,,,
HSPA1A,3,16,SQSTM1;COL6A1;KIT,ESR1;TUBA1B;TFRC;RAB25;GAB2;FASN;ASNS;EEF2K;ERBB2;RPS6;ACACA;DIABLO;MAP2K1;PTEN;TP53;EEF2,1,4,4,3,,0.04932636236669901,0.4,0.2,1.3402143985993495e-50;6.267650116232628e-28;4.751930067546062e-11;2.58206303032342e-05,4.2359106443854226e-41;2.1808370712206225e-19;1.0722283585370772e-06,proxy_dimensions,4,,,,,0,260,0.9960786993587202,,,
GAB2,1,51,MYH11,VHL;GAPDH;ESR1;TUBA1B;TFRC;IGFBP2;CLDN7;CCNB1;FN1;CDH1;SERPINE1;SYK;ANXA1;AR;RAB25;CASP7;CCNE1;ATM;INPP4B;FASN;CTNNB1;MSH6;STAT5A;MYC;ASNS;BCL2L11;SQSTM1;EEF2K;ERBB2;PDCD4;ACACA;TP53BP1;TGM2;FOXM1;MSH2;MAPK1;DIABLO;ERBB3;NF2;RBM15;PTEN;TP53;ETS1;CHEK2;PEA15;EEF2;PRKCA;CDH2;KIT;PREX1;LCK,1,2,2,1,,0.04932636236669901,0.2,0.15,8.692807023745467e-32;4.421667773560655e-14,1.5122391106967338e-19,proxy_dimensions,2,,,,,0,260,0.9025004063135166,,,
ASNS,0,0,,,1,0,0,0,,0.04932636236669901,0.2,0.15,,,no_shared_direction,0,,,,,0,260,0.9613798219678569,,,
BCL2L11,2,33,CCNE1;PDCD4,MYH11;VHL;GAPDH;ESR1;TUBA1B;TFRC;CAV1;HSPA1A;SYK;ANXA1;RICTOR;GAB2;FASN;MSH6;ASNS;EEF2K;ERBB2;RPS6;ACACA;TP53BP1;MSH2;BRAF;NF2;RBM15;MAP2K1;PTEN;TP53;ETS1;CHEK2;COL6A1;EEF2;CDH2;KIT,1,3,3,2,,0.04932636236669901,0.2,0.15,2.027693576044818e-64;7.912063939658426e-25;2.210070858314993e-10,2.698113101681013e-54;6.272920885505537e-17,proxy_dimensions,3,,,,,0,260,1.007677391611228,,,
BRAF,2,16,CAV1;ETS1,ESR1;TUBA1B;TFRC;RAB25;GAB2;FASN;ASNS;EEF2K;ERBB2;RPS6;ACACA;DIABLO;MAP2K1;PTEN;TP53;EEF2,1,3,3,2,,0.04932636236669901,0.4,0.2,1.4641609987436432e-55;1.8615286845702666e-24;1.606815614640168e-11,1.1499809544885096e-26;3.9441895808477054e-11,proxy_dimensions,3,,,,,0,260,0.9953822060465476,,,
CDH2,3,16,CTNNB1;STAT5A;SQSTM1,ESR1;TUBA1B;TFRC;RAB25;GAB2;FASN;ASNS;EEF2K;ERBB2;RPS6;ACACA;DIABLO;MAP2K1;PTEN;TP53;EEF2,1,4,4,3,,0.04932636236669901,0.4,0.2,8.251536533731246e-45;1.4543138649324142e-18;3.191183005405912e-10;1.6620996336358435e-05,4.742487733296945e-40;8.452191687553705e-14;1.0042809111840615e-05,proxy_dimensions,4,,,,,0,260,0.940877211024993,,,
CLDN7,4,11,CDH1;RBM15;MAP2K1;PRKCA,VHL;GAPDH;TUBA1B;TFRC;RAB25;GAB2;BCL2L11;DIABLO;PTEN;TP53;EEF2,1,4,4,4,0.030146973594904418,0.04932636236669901,0.4,0.2,4.2120593251978567e-63;1.7952419528471193e-32;1.85165507622991e-15;3.515239410656298e-05;0.10765708823421578,6.695748060579176e-45;2.1350487796017843e-25;4.489203582214503e-10;0.0033482141232057416,reported,4,0.1452778297308996,0.4995892454442282;0.44472954173371687;0.31061897009219136;0.1452778297308996,0.029468973396305564,True,1,261,1.0493872118868723,6.708256097964854,0.10649829048502656,0.4507420011005776
CDH1,2,22,CLDN7;CTNNB1,VHL;GAPDH;TUBA1B;TFRC;IGFBP2;FN1;SERPINE1;SYK;ANXA1;RAB25;GAB2;ATM;STAT5A;SQSTM1;TP53BP1;DIABLO;RBM15;MAP2K1;PTEN;TP53;CDH2;KIT,1,3,3,2,,0.04932636236669901,0.2,0.15,4.447336652188608e-92;1.1765393817185401e-41;8.486066523272893e-10,7.51470817481216e-63;3.0757516251528086e-20,proxy_dimensions,3,,,,,0,261,1.0556726644037568,,,
HSPA1A,2,11,COL6A1;CDH2,VHL;GAPDH;TUBA1B;TFRC;RAB25;GAB2;BCL2L11;DIABLO;PTEN;TP53;EEF2,1,3,3,2,,0.04932636236669901,0.4,0.2,7.910538152758323e-24;1.681193044253009e-05;0.010993957497440353,3.294282998857051e-21;0.003320773347579765,proxy_dimensions,3,,,,,0,261,1.0483870986597885,,,
GAB2,2,57,VHL;RAB25,MYH11;GAPDH;ESR1;TUBA1B;TFRC;IGFBP2;CLDN7;CCNB1;FN1;CAV1;CDH1;SERPINE1;HSPA1A;SYK;ANXA1;AR;CASP7;RICTOR;CCNE1;ATM;INPP4B;FASN;CTNNB1;MSH6;STAT5A;MYC;ASNS;BCL2L11;SQSTM1;EEF2K;ERBB2;PDCD4;RPS6;ACACA;TP53BP1;TGM2;FOXM1;MSH2;MAPK1;DIABLO;BRAF;ERBB3;NF2;RBM15;MAP2K1;PTEN;TP53;ETS1;CHEK2;PEA15;COL6A1;EEF2;PRKCA;CDH2;KIT;PREX1;LCK,1,3,3,2,,0.04932636236669901,0.2,0.15,1.3293246186371818e-55;1.2708314395356326e-29;6.968947395504201e-10,7.107711190078717e-38;7.419571327828509e-15,proxy_dimensions,3,,,,,0,261,0.9917533614873573,,,
ASNS,3,11,SQSTM1;CHEK2;PRKCA,VHL;GAPDH;TUBA1B;TFRC;RAB25;GAB2;BCL2L11;DIABLO;PTEN;TP53;EEF2,1,4,4,3,,0.04932636236669901,0.4,0.2,3.109752822466528e-44;1.618692631692743e-22;5.978503814988811e-08;4.33800874855883e-05,8.779044512487669e-33;8.443336630502442e-18;7.24961600022575e-05,proxy_dimensions,4,,,,,0,261,1.0334813445626292,,,
BCL2L11,2,22,PDCD4;PEA15,VHL;GAPDH;TUBA1B;TFRC;IGFBP2;FN1;SERPINE1;SYK;ANXA1;RAB25;GAB2;ATM;STAT5A;SQSTM1;TP53BP1;DIABLO;RBM15;MAP2K1;PTEN;TP53;CDH2;KIT,1,3,3,2,,0.04932636236669901,0.2,0.15,1.1506529133160034e-61;1.4656070183337191e-22;3.316192678790281e-09,5.942482244055372e-52;8.326474040683588e-16,proxy_dimensions,3,,,,,0,261,1.0604036091321423,,,
BRAF,2,11,CTNNB1;EEF2K,VHL;GAPDH;TUBA1B;TFRC;RAB25;GAB2;BCL2L11;DIABLO;PTEN;TP53;EEF2,1,3,3,2,,0.04932636236669901,0.4,0.2,1.3797223456659991e-42;3.440480368260679e-12;0.00012549560233203206,1.8316830517551136e-23;9.462986555270967e-10,proxy_dimensions,3,,,,,0,261,1.0806524621350286,,,
CDH2,2,57,STAT5A;SQSTM1,MYH11;VHL;GAPDH;ESR1;TUBA1B;TFRC;IGFBP2;CLDN7;CCNB1;FN1;CAV1;CDH1;SERPINE1;HSPA1A;SYK;ANXA1;AR;RAB25;CASP7;RICTOR;CCNE1;GAB2;ATM;INPP4B;FASN;CTNNB1;MSH6;MYC;ASNS;BCL2L11;EEF2K;ERBB2;PDCD4;RPS6;ACACA;TP53BP1;TGM2;FOXM1;MSH2;MAPK1;DIABLO;BRAF;ERBB3;NF2;RBM15;MAP2K1;PTEN;TP53;ETS1;CHEK2;PEA15;COL6A1;EEF2;PRKCA;KIT;PREX1;LCK,1,3,3,2,,0.04932636236669901,0.2,0.15,3.695997209601838e-89;8.707390801113411e-45;1.199763307026366e-17,7.897077434811072e-61;5.811870174811588e-29,proxy_dimensions,3,,,,,0,261,1.0632906488269307,,,
CLDN7,4,22,CDH1;PDCD4;MAP2K1;TP53,VHL;GAPDH;TUBA1B;TFRC;IGFBP2;CCNB1;FN1;SERPINE1;SYK;RAB25;CCNE1;MSH6;ASNS;BCL2L11;ERBB2;RPS6;FOXM1;MSH2;DIABLO;NF2;PTEN;CHEK2,2,5,5,4,,0.04932636236669901,0.2,0.15,9.414660604923025e-89;8.145805083693113e-54;4.8363538094372944e-26;4.914550099329298e-05;0.016441501324239435,1.0746939388573912e-63;2.084660601490904e-34;3.8207777636178745e-12;0.00020995624428918864,proxy_dimensions,5,,,,,0,262,1.0444698959260648,,,
CDH1,2,22,CLDN7;CTNNB1,VHL;GAPDH;TUBA1B;TFRC;IGFBP2;CCNB1;FN1;SERPINE1;SYK;RAB25;CCNE1;MSH6;ASNS;BCL2L11;ERBB2;RPS6;FOXM1;MSH2;DIABLO;NF2;PTEN;CHEK2,2,3,3,2,,0.04932636236669901,0.2,0.15,1.7591567517960274e-62;3.674743012812533e-21;0.0009745562824863955,4.039796911886311e-37;9.836712596914134e-11,proxy_dimensions,3,,,,,0,262,1.0126212589437893,,,
HSPA1A,2,13,COL6A1;CDH2,TUBA1B;TFRC;IGFBP2;SYK;RAB25;ATM;ERBB2;MAPK1;DIABLO;MAP2K1;PTEN;TP53;PEA15,2,3,3,2,,0.04932636236669901,0.4,0.2,2.3983567276705654e-24;5.122513618991972e-09;3.3944258615133613e-05,6.719958604209001e-19;3.982866385438418e-05,proxy_dimensions,3,,,,,0,262,1.0130608846783413,,,
GAB2,2,13,VHL;BRAF,TUBA1B;TFRC;IGFBP2;SYK;RAB25;ATM;ERBB2;MAPK1;DIABLO;MAP2K1;PTEN;TP53;PEA15,2,3,3,2,,0.04932636236669901,0.4,0.2,1.157197129264182e-31;1.3278655353537628e-07;0.00016598030387452047,5.6689145582348875e-22;0.00010017843298311933,proxy_dimensions,3,,,,,0,262,1.0635714583479303,,,
ASNS,2,13,ACACA;CHEK2,TUBA1B;TFRC;IGFBP2;SYK;RAB25;ATM;ERBB2;MAPK1;DIABLO;MAP2K1;PTEN;TP53;PEA15,2,2,2,2,0.1124765392759541,0.04932636236669901,0.4,0.2,1.2635018035034228e-22;0.0004127857667479561;0.5607503843339123,6.907155126986676e-26;1.0605743954139796e-07,reported,2,0.2594591354479302,0.4589211855259145;0.2594591354479302,0.052778733336175096,True,1,262,1.0297028198293015,-1.495150262483361,-0.017583232096324838,0.6411833479590991
BCL2L11,3,13,ANXA1;CCNE1;TGM2,TUBA1B;TFRC;IGFBP2;SYK;RAB25;ATM;ERBB2;MAPK1;DIABLO;MAP2K1;PTEN;TP53;PEA15,2,3,3,3,0.025693948084319452,0.04932636236669901,0.4,0.2,5.9596978345421146e-33;1.0767928175110046e-16;2.7657073784578576e-07;0.15358234878485258,9.955240189700509e-34;2.1667947826966323e-12;0.04889230719085037,reported,3,0.09769287459575264,0.5029973903039967;0.36172281123915323;0.09769287459575264,0.02642569710955953,True,1,262,0.9966477942837813,1.3732840431648117,0.23378912709530425,0.5159882209912732
BRAF,3,22,GAB2;EEF2K;ETS1,VHL;GAPDH;TUBA1B;TFRC;IGFBP2;CCNB1;FN1;SERPINE1;SYK;RAB25;CCNE1;MSH6;ASNS;BCL2L11;ERBB2;RPS6;FOXM1;MSH2;DIABLO;NF2;PTEN;CHEK2,2,4,4,3,,0.04932636236669901,0.2,0.15,4.342051188778208e-72;6.033273077394912e-34;1.8504945671306322e-16;3.4527932390197913e-06,8.981453209366003e-45;1.436801936671965e-20;8.069613208593256e-07,proxy_dimensions,4,,,,,0,262,0.9955093182496277,,,
CDH2,2,22,ESR1;STAT5A,VHL;GAPDH;TUBA1B;TFRC;IGFBP2;CCNB1;FN1;SERPINE1;SYK;RAB25;CCNE1;MSH6;ASNS;BCL2L11;ERBB2;RPS6;FOXM1;MSH2;DIABLO;NF2;PTEN;CHEK2,2,3,3,2,,0.04932636236669901,0.2,0.15,5.124791105896686e-41;2.558266109385421e-16;8.471005063601484e-06,9.17509384983933e-36;9.169385541547732e-11,proxy_dimensions,3,,,,,0,262,0.9735152178389339,,,
CLDN7,3,11,CDH1;MAPK1;PRKCA,VHL;GAPDH;TUBA1B;SYK;RAB25;GAB2;FASN;ASNS;ACACA;DIABLO;TP53,1,4,4,3,,0.04932636236669901,0.4,0.2,1.4366914728295716e-45;1.8231695039424187e-16;0.0030757292871429237;0.019290720839247905,5.886381237161004e-20;3.50773073329018e-06;0.022048979689169475,proxy_dimensions,4,,,,,0,263,1.047115587354139,,,
CDH1,2,23,CLDN7;CTNNB1,VHL;GAPDH;TFRC;IGFBP2;SYK;RAB25;CCNE1;GAB2;FASN;ASNS;EEF2K;PDCD4;ACACA;TGM2;MAPK1;NF2;RBM15;MAP2K1;PTEN;TP53;CHEK2;PEA15;EEF2,1,3,3,2,,0.04932636236669901,0.2,0.15,2.42794120870072e-81;2.2210873851405582e-39;5.39432747437697e-12,2.5090308752639753e-59;4.284565408606171e-22,proxy_dimensions,3,,,,,0,263,0.9874654847404472,,,
HSPA1A,3,11,CASP7;RBM15;COL6A1,VHL;GAPDH;TUBA1B;SYK;RAB25;GAB2;FASN;ASNS;ACACA;DIABLO;TP53,1,4,4,3,,0.04932636236669901,0.4,0.2,2.8064586696540436e-43;4.270507116523445e-17;1.3790234111974405e-07;0.018177997789804706,2.5307145916104415e-40;1.4178687905184577e-14;5.658533583721225e-07,proxy_dimensions,4,,,,,0,263,0.9494422278420075,,,
GAB2,1,58,VHL,MYH11;GAPDH;ESR1;TUBA1B;TFRC;IGFBP2;CLDN7;CCNB1;FN1;CAV1;CDH1;SERPINE1;HSPA1A;SYK;ANXA1;AR;RAB25;CASP7;RICTOR;CCNE1;ATM;INPP4B;FASN;CTNNB1;MSH6;STAT5A;MYC;ASNS;BCL2L11;SQSTM1;EEF2K;ERBB2;PDCD4;RPS6;ACACA;TP53BP1;TGM2;FOXM1;MSH2;MAPK1;DIABLO;BRAF;ERBB3;NF2;RBM15;MAP2K1;PTEN;TP53;ETS1;CHEK2;PEA15;COL6A1;EEF2;PRKCA;CDH2;KIT;PREX1;LCK,1,2,2,1,,0.04932636236669901,0.4,0.2,1.4438713358275046e-50;8.222719459236924e-19,1.774096945743223e-23,proxy_dimensions,2,,,,,0,263,1.0299421570764717,,,
ASNS,1,57,ACACA,MYH11;VHL;GAPDH;ESR1;TUBA1B;TFRC;IGFBP2;CLDN7;CCNB1;FN1;CAV1;CDH1;SERPINE1;HSPA1A;SYK;ANXA1;AR;RAB25;CASP7;RICTOR;CCNE1;GAB2;ATM;INPP4B;CTNNB1;MSH6;STAT5A;MYC;BCL2L11;SQSTM1;EEF2K;ERBB2;PDCD4;RPS6;TP53BP1;TGM2;FOXM1;MSH2;MAPK1;DIABLO;BRAF;ERBB3;NF2;RBM15;MAP2K1;PTEN;TP53;ETS1;CHEK2;PEA15;COL6A1;EEF2;PRKCA;CDH2;KIT;PREX1;LCK,1,2,2,1,,0.04932636236669901,0.2,0.15,2.4030524524468658e-48;7.058582530916128e-20,7.705808204017313e-26,proxy_dimensions,2,,,,,0,263,0.9818792654364186,,,
BCL2L11,2,11,ANXA1;TGM2,VHL;GAPDH;TUBA1B;SYK;RAB25;GAB2;FASN;ASNS;ACACA;DIABLO;TP53,1,3,3,2,,0.04932636236669901,0.4,0.2,5.3775051203834035e-17;1.0459636778332442e-05;0.0023318368242228886,2.9226404175247794e-06;0.000687910896401783,proxy_dimensions,3,,,,,0,263,0.9547792368722425,,,
BRAF,3,11,RICTOR;CTNNB1;ETS1,VHL;GAPDH;TUBA1B;SYK;RAB25;GAB2;FASN;ASNS;ACACA;DIABLO;TP53,1,4,4,3,,0.04932636236669901,0.4,0.2,1.281341515055345e-44;2.8494195851276555e-19;6.48433310689654e-10;2.0121340008718398e-05,3.380142984134558e-24;4.673162834727177e-10;4.4234379604672644e-05,proxy_dimensions,4,,,,,0,263,0.9433112494665634,,,
CDH2,3,11,RICTOR;STAT5A;KIT,VHL;GAPDH;TUBA1B;SYK;RAB25;GAB2;FASN;ASNS;ACACA;DIABLO;TP53,1,3,3,3,0.02652995381468302,0.04932636236669901,0.4,0.2,2.5519182071624403e-22;1.452849781242619e-09;0.026931636491908734;0.32602282954067413,2.9248370644307382e-24;6.904103382967004e-09;0.03718729713050864,reported,3,0.10332655471515319,0.4446518948142972;0.30503401949535336;0.10332655471515319,0.02413096165172096,True,1,263,1.0159468878381928,-0.5928564698266398,-0.08699538111290023,0.4924375743513025
CLDN7,2,49,CDH1;RAB25,MYH11;VHL;GAPDH;ESR1;TFRC;CCNB1;FN1;CAV1;SERPINE1;HSPA1A;SYK;AR;CASP7;RICTOR;CCNE1;GAB2;ATM;INPP4B;MSH6;STAT5A;MYC;ASNS;SQSTM1;EEF2K;ERBB2;PDCD4;RPS6;TP53BP1;TGM2;FOXM1;MSH2;MAPK1;DIABLO;BRAF;ERBB3;RBM15;MAP2K1;PTEN;TP53;ETS1;CHEK2;PEA15;COL6A1;EEF2;PRKCA;CDH2;KIT;PREX1;LCK,1,3,3,2,,0.04932636236669901,0.2,0.15,1.5998000411109101e-62;6.993022227800961e-27;1.4181577407565442e-13,2.4555501294790088e-33;3.15150886130617e-14,proxy_dimensions,3,,,,,0,264,1.0013651096330418,,,
CDH1,2,49,CLDN7;CTNNB1,MYH11;VHL;GAPDH;ESR1;TFRC;CCNB1;FN1;CAV1;SERPINE1;HSPA1A;SYK;AR;CASP7;RICTOR;CCNE1;GAB2;ATM;INPP4B;MSH6;STAT5A;MYC;ASNS;SQSTM1;EEF2K;ERBB2;PDCD4;RPS6;TP53BP1;TGM2;FOXM1;MSH2;MAPK1;DIABLO;BRAF;ERBB3;RBM15;MAP2K1;PTEN;TP53;ETS1;CHEK2;PEA15;COL6A1;EEF2;PRKCA;CDH2;KIT;PREX1;LCK,1,3,3,2,,0.04932636236669901,0.2,0.15,1.8567047259234634e-96;1.6938519491492273e-38;1.8934049329681624e-15,1.1699697814581852e-65;1.252122802152615e-17,proxy_dimensions,3,,,,,0,264,0.8783009072057605,,,
HSPA1A,2,2,BRAF;COL6A1,TUBA1B;TP53,1,2,2,2,0.05408855487887243,0.04932636236669901,0.4,0.15,4.69774476078661e-05;0.020585569772174694,3.1144507383908134e-05;0.019032430754210707,reported,2,0.11605327954182981,0.22222086230779808;0.11605327954182981,0.05408855487887255,True,1,264,0.9774590788562785,-0.389651289418785,0.01903578248683719,0.6068566285020587
GAB2,3,35,VHL;AR;BRAF,GAPDH;TUBA1B;TFRC;IGFBP2;CLDN7;FN1;CDH1;SERPINE1;SYK;ANXA1;RAB25;CASP7;ATM;FASN;CTNNB1;MSH6;STAT5A;ASNS;BCL2L11;EEF2K;ERBB2;PDCD4;RPS6;ACACA;TP53BP1;TGM2;MSH2;DIABLO;NF2;MAP2K1;PTEN;TP53;CDH2;PREX1;LCK,1,4,4,3,,0.04932636236669901,0.2,0.15,1.1275363419478679e-83;1.8192632459223543e-37;4.679558314140576e-15;5.959833119126618e-08,6.959850703090452e-70;1.0202502015235427e-26;8.557106131298722e-09,proxy_dimensions,4,,,,,0,264,0.950643716338104,,,
ASNS,5,2,CCNB1;FASN;ACACA;TGM2;CHEK2,TUBA1B;TP53,1,2,2,2,0.046812657484240495,0.04932636236669901,0.4,0.15,3.223040765123083e-09;0.017896837950889696,1.8174032472126717e-06;0.027703033712891244,reported,2,0.1631599138583568,0.2862200203668313;0.1631599138583568,0.04681265748424048,True,1,264,1.0282021983786238,0.11427731980476624,0.028292727724417682,0.5771655761752267
BCL2L11,2,49,ANXA1;RAB25,MYH11;VHL;GAPDH;ESR1;TFRC;CCNB1;FN1;CAV1;SERPINE1;HSPA1A;SYK;AR;CASP7;RICTOR;CCNE1;GAB2;ATM;INPP4B;MSH6;STAT5A;MYC;ASNS;SQSTM1;EEF2K;ERBB2;PDCD4;RPS6;TP53BP1;TGM2;FOXM1;MSH2;MAPK1;DIABLO;BRAF;ERBB3;RBM15;MAP2K1;PTEN;TP53;ETS1;CHEK2;PEA15;COL6A1;EEF2;PRKCA;CDH2;KIT;PREX1;LCK,1,3,3,2,,0.04932636236669901,0.2,0.15,5.6778297407792925e-78;2.9476890164572753e-29;1.3329663799497612e-12,2.1202872980579802e-39;1.317461562750621e-18,proxy_dimensions,3,,,,,0,264,0.994109981517187,,,
BRAF,3,29,GAB2;EEF2K;ETS1,GAPDH;ESR1;TUBA1B;TFRC;CLDN7;CCNB1;ANXA1;RAB25;CCNE1;ATM;FASN;STAT5A;ASNS;BCL2L11;SQSTM1;ERBB2;PDCD4;RPS6;ACACA;FOXM1;MAPK1;NF2;MAP2K1;PTEN;TP53;CHEK2;PEA15;EEF2;CDH2,1,4,4,3,,0.04932636236669901,0.4,0.25,1.971260780677277e-77;9.32669178238875e-44;6.571515829995874e-17;3.323447127366525e-06,2.3963509469998932e-52;1.0827167128148877e-21;5.362777781429438e-10,proxy_dimensions,4,,,,,0,264,0.9720845928995698,,,
CDH2,5,2,AR;CTNNB1;STAT5A;SQSTM1;PTEN,TUBA1B;TP53,1,2,2,2,0.04500981781217389,0.04932636236669901,0.4,0.15,0.004105590256755198;0.0322755198591187,0.0025657057485488056;0.016126307756309882,reported,2,0.17226766251887327,0.1901016804954559;0.17226766251887327,0.045009817812173857,True,1,264,1.0169734367053673,1.9169461650681825,0.06748336410941658,0.6114566003113544
CLDN7,1,10,CDH1,VHL;GAPDH;SYK;RAB25;EEF2K;RPS6;MAP2K1;PTEN;TP53;EEF2,1,2,2,1,,0.04932636236669901,0.4,0.2,1.399827477470247e-22;0.0012387382989187798,1.6301333544207202e-09,proxy_dimensions,2,,,,,0,265,0.9474029694356102,,,
CDH1,3,10,CLDN7;CTNNB1;CDH2,VHL;GAPDH;SYK;RAB25;EEF2K;RPS6;MAP2K1;PTEN;TP53;EEF2,1,4,4,3,,0.04932636236669901,0.4,0.2,2.1352398199909072e-46;1.6767318044650924e-21;9.315168377492896e-10;0.0020002990820107997,5.555566221118821e-30;9.50079633516383e-13;0.0007593222690853821,proxy_dimensions,4,,,,,0,265,0.9389719017114785,,,
HSPA1A,1,55,CDH2,MYH11;VHL;GAPDH;ESR1;TUBA1B;TFRC;IGFBP2;CLDN7;CCNB1;FN1;CAV1;CDH1;SERPINE1;SYK;ANXA1;AR;RAB25;CASP7;RICTOR;CCNE1;GAB2;ATM;INPP4B;CTNNB1;MSH6;MYC;ASNS;BCL2L11;SQSTM1;EEF2K;ERBB2;PDCD4;RPS6;TP53BP1;TGM2;FOXM1;MSH2;MAPK1;DIABLO;BRAF;ERBB3;NF2;RBM15;MAP2K1;PTEN;TP53;ETS1;CHEK2;PEA15;COL6A1;EEF2;PRKCA;KIT;PREX1;LCK,1,2,2,1,,0.04932636236669901,0.2,0.15,4.3222827301711995e-54;1.9270423562731862e-22,1.6380305491198987e-28,proxy_dimensions,2,,,,,0,265,0.9869939819166695,,,
GAB2,1,40,BRAF,VHL;GAPDH;TUBA1B;TFRC;IGFBP2;CLDN7;CCNB1;FN1;CDH1;SERPINE1;HSPA1A;SYK;ANXA1;RAB25;CASP7;ATM;FASN;CTNNB1;MSH6;STAT5A;ASNS;SQSTM1;EEF2K;ERBB2;PDCD4;RPS6;ACACA;TP53BP1;FOXM1;MSH2;DIABLO;RBM15;MAP2K1;PTEN;ETS1;CHEK2;EEF2;CDH2;PREX1;LCK,1,2,2,1,,0.04932636236669901,0.2,0.15,1.0149904694039906e-35;1.2741125056935764e-06,1.5099062864808924e-22,proxy_dimensions,2,,,,,0,265,0.9824576799863736,,,
ASNS,4,10,FASN;ACACA;CHEK2;COL6A1,VHL;GAPDH;SYK;RAB25;EEF2K;RPS6;MAP2K1;PTEN;TP53;EEF2,1,3,3,3,0.06645475285585069,0.04932636236669901,0.4,0.2,1.179513127822753e-32;2.83504132339118e-15;1.1106873831707865e-06;0.08846611645129358;0.6747942773446434,3.130346748107501e-37;5.753643385643803e-22;1.1246483242015022e-09,reported,3,0.31141367143529153,0.4519486174381443;0.40251533411315876;0.31141367143529153,0.039298538026003124,True,1,265,1.0303999164674424,1.5867480546131958,0.06885645881586773,0.6114909123050659
BCL2L11,3,10,IGFBP2;CCNE1;PDCD4,VHL;GAPDH;SYK;RAB25;EEF2K;RPS6;MAP2K1;PTEN;TP53;EEF2,1,4,4,3,,0.04932636236669901,0.4,0.2,3.121802967147041e-32;1.841071005526191e-12;3.0614700497482964e-06;0.04854181137641414,6.893772855731228e-27;4.858894926834363e-08;0.026463403893803316,proxy_dimensions,4,,,,,0,265,1.0218291287361123,,,
BRAF,4,10,CAV1;GAB2;ETS1;PRKCA,VHL;GAPDH;SYK;RAB25;EEF2K;RPS6;MAP2K1;PTEN;TP53;EEF2,1,4,4,3,0.021467467741824037,0.04932636236669901,0.4,0.2,3.1009050390922185e-42;2.9329576378783066e-18;5.043347491606868e-09;0.000594105582694864;0.07114461363517097,1.4568973877318152e-32;4.565080675118799e-19;2.276799675252357e-09;0.07488529671052553,conditional_information_dimension,4,0.08849720934395842,0.4384815214750111;0.37575777304680413;0.3179094509432032;0.08849720934395842,0.024591917461759386,False,0,265,0.9805271996587156,,,
CDH2,3,55,HSPA1A;STAT5A;ACACA,MYH11;VHL;GAPDH;ESR1;TUBA1B;TFRC;IGFBP2;CLDN7;CCNB1;FN1;CAV1;CDH1;SERPINE1;SYK;ANXA1;AR;RAB25;CASP7;RICTOR;CCNE1;GAB2;ATM;INPP4B;CTNNB1;MSH6;MYC;ASNS;BCL2L11;SQSTM1;EEF2K;ERBB2;PDCD4;RPS6;TP53BP1;TGM2;FOXM1;MSH2;MAPK1;DIABLO;BRAF;ERBB3;NF2;RBM15;MAP2K1;PTEN;TP53;ETS1;CHEK2;PEA15;COL6A1;EEF2;PRKCA;KIT;PREX1;LCK,1,4,4,3,,0.04932636236669901,0.2,0.15,2.0950555675014507e-121;3.0307554760718457e-71;4.2324092339991374e-35;4.848459756699294e-18,9.425562764348048e-93;2.5278283707315383e-55;9.474983410787723e-19,proxy_dimensions,4,,,,,0,265,1.123921359044833,,,
CLDN7,2,16,CDH1;RBM15,VHL;GAPDH;TFRC;CCNB1;RAB25;CCNE1;GAB2;STAT5A;BCL2L11;SQSTM1;FOXM1;MAP2K1;PTEN;TP53;CHEK2;CDH2,1,3,3,2,,0.04932636236669901,0.4,0.2,1.1247227030674768e-45;2.958034966208588e-23;5.368109683962648e-11,1.8762816745550372e-26;4.774168859585548e-13,proxy_dimensions,3,,,,,0,266,1.0555657785235106,,,
CDH1,3,16,ESR1;CLDN7;CTNNB1,VHL;GAPDH;TFRC;CCNB1;RAB25;CCNE1;GAB2;STAT5A;BCL2L11;SQSTM1;FOXM1;MAP2K1;PTEN;TP53;CHEK2;CDH2,1,4,4,3,,0.04932636236669901,0.4,0.2,1.7554370109835988e-65;1.3207033231539065e-33;2.1191625309336655e-13;7.92016829418114e-06,3.4966530018548256e-45;6.255581028799164e-20;2.072703720538634e-07,proxy_dimensions,4,,,,,0,266,0.9873904074310146,,,
HSPA1A,3,26,BRAF;COL6A1;CDH2,VHL;GAPDH;TUBA1B;CLDN7;CCNB1;CDH1;SYK;ANXA1;CCNE1;FASN;CTNNB1;MSH6;BCL2L11;SQSTM1;ACACA;TP53BP1;TGM2;FOXM1;MSH2;MAPK1;DIABLO;NF2;RBM15;MAP2K1;TP53;PEA15,1,4,4,3,,0.04932636236669901,0.2,0.15,3.724127927026461e-59;4.327742893124897e-25;2.53916754892229e-09;0.0026493355769888595,8.43750093721461e-54;2.389865570929284e-23;3.943088693492284e-08,proxy_dimensions,4,,,,,0,266,0.9742274502538267,,,
GAB2,1,26,BRAF,VHL;GAPDH;TUBA1B;CLDN7;CCNB1;CDH1;SYK;ANXA1;CCNE1;FASN;CTNNB1;MSH6;BCL2L11;SQSTM1;ACACA;TP53BP1;TGM2;FOXM1;MSH2;MAPK1;DIABLO;NF2;RBM15;MAP2K1;TP53;PEA15,1,2,2,1,,0.04932636236669901,0.2,0.15,3.421484218234614e-29;3.4763387587173374e-05,1.9210717436189625e-15,proxy_dimensions,2,,,,,0,266,1.0340153344750793,,,
ASNS,1,26,PRKCA,VHL;GAPDH;TUBA1B;CLDN7;CCNB1;CDH1;SYK;ANXA1;CCNE1;FASN;CTNNB1;MSH6;BCL2L11;SQSTM1;ACACA;TP53BP1;TGM2;FOXM1;MSH2;MAPK1;DIABLO;NF2;RBM15;MAP2K1;TP53;PEA15,1,2,2,1,,0.04932636236669901,0.2,0.15,2.1080902652731287e-39;4.628618003246412e-18,7.815723824022954e-18,proxy_dimensions,2,,,,,0,266,0.9134353541859477,,,
BCL2L11,1,50,CCNE1,MYH11;VHL;GAPDH;ESR1;TUBA1B;IGFBP2;CLDN7;FN1;CAV1;CDH1;SERPINE1;HSPA1A;SYK;ANXA1;AR;RAB25;CASP7;RICTOR;GAB2;ATM;INPP4B;FASN;CTNNB1;MSH6;MYC;ASNS;EEF2K;ERBB2;PDCD4;RPS6;ACACA;TP53BP1;TGM2;MSH2;MAPK1;DIABLO;BRAF;ERBB3;NF2;RBM15;MAP2K1;TP53;ETS1;PEA15;COL6A1;EEF2;PRKCA;KIT;PREX1;LCK,1,2,2,1,,0.04932636236669901,0.4,0.2,9.761777890850443e-44;2.1191267673550446e-16,5.142247938659547e-19,proxy_dimensions,2,,,,,0,266,0.9994213931056327,,,
BRAF,4,26,HSPA1A;GAB2;EEF2K;ETS1,VHL;GAPDH;TUBA1B;CLDN7;CCNB1;CDH1;SYK;ANXA1;CCNE1;FASN;CTNNB1;MSH6;BCL2L11;SQSTM1;ACACA;TP53BP1;TGM2;FOXM1;MSH2;MAPK1;DIABLO;NF2;RBM15;MAP2K1;TP53;PEA15,1,5,5,4,,0.04932636236669901,0.2,0.15,3.7023050187397316e-65;1.475397443853928e-36;1.511385479230626e-12;3.6229825496313e-07;0.002649692196992749,1.5838535674868105e-45;6.580045561549434e-21;1.1373288633711363e-09;5.3809794714729665e-05,proxy_dimensions,5,,,,,0,266,0.9056398345687479,,,
CDH2,2,26,HSPA1A;STAT5A,VHL;GAPDH;TUBA1B;CLDN7;CCNB1;CDH1;SYK;ANXA1;CCNE1;FASN;CTNNB1;MSH6;BCL2L11;SQSTM1;ACACA;TP53BP1;TGM2;FOXM1;MSH2;MAPK1;DIABLO;NF2;RBM15;MAP2K1;TP53;PEA15,1,3,3,2,,0.04932636236669901,0.2,0.15,1.6690320327826906e-32;3.2854279413829193e-16;5.602362969456963e-07,2.689152876177507e-20;8.346814334227494e-09,proxy_dimensions,3,,,,,0,266,0.9767867241659812,,,
CLDN7,2,19,CDH1;PRKCA,VHL;TFRC;IGFBP2;ANXA1;RAB25;GAB2;STAT5A;ASNS;BCL2L11;SQSTM1;ERBB2;PDCD4;TP53BP1;DIABLO;NF2;RBM15;PTEN;TP53;CDH2,1,3,3,2,,0.04932636236669901,0.2,0.15,1.939108017568154e-67;1.0018905373658722e-31;1.5465677401345825e-06,2.0533659299381209e-41;2.0961431886780095e-15,proxy_dimensions,3,,,,,0,267,1.0235696086611021,,,
CDH1,4,10,CLDN7;SERPINE1;CTNNB1;RBM15,VHL;TFRC;IGFBP2;RAB25;GAB2;ATM;TP53BP1;DIABLO;MAP2K1;PTEN,1,4,4,4,0.02508807163955446,0.04932636236669901,0.4,0.2,1.9776482886706544e-65;1.0239730175796718e-24;6.478973461333382e-07;0.016658379196539546;0.30881156304075136,1.7491582177906464e-60;4.391753086046976e-23;3.321830813737834e-10;0.009852163796274389,reported,4,0.12795936745629077,0.6281265310701378;0.4169529925965811;0.3197276547715962;0.12795936745629077,0.022209976654211226,True,1,267,0.9695445928664788,3.533091876749393,0.021151165109206883,0.6943770505578885
HSPA1A,5,10,GAPDH;SQSTM1;BRAF;COL6A1;KIT,VHL;TFRC;IGFBP2;RAB25;GAB2;ATM;TP53BP1;DIABLO;MAP2K1;PTEN,1,6,6,5,,0.04932636236669901,0.4,0.2,2.9531496742350082e-36;2.1323549192440468e-19;6.8666076652894394e-12;5.273381972974211e-07;0.0002812651438450959;0.02441868420965265,4.216403409403938e-32;3.3749414205935982e-15;6.397277211957273e-09;6.896681708880841e-06;0.0056776373504788865,proxy_dimensions,6,,,,,0,267,0.9949053703490828,,,
GAB2,1,58,VHL,MYH11;GAPDH;ESR1;TUBA1B;TFRC;IGFBP2;CLDN7;CCNB1;FN1;CAV1;CDH1;SERPINE1;HSPA1A;SYK;ANXA1;AR;RAB25;CASP7;RICTOR;CCNE1;ATM;INPP4B;FASN;CTNNB1;MSH6;STAT5A;MYC;ASNS;BCL2L11;SQSTM1;EEF2K;ERBB2;PDCD4;RPS6;ACACA;TP53BP1;TGM2;FOXM1;MSH2;MAPK1;DIABLO;BRAF;ERBB3;NF2;RBM15;MAP2K1;PTEN;TP53;ETS1;CHEK2;PEA15;COL6A1;EEF2;PRKCA;CDH2;KIT;PREX1;LCK,1,2,2,1,,0.04932636236669901,0.2,0.15,5.885608802289073e-41;1.5121084217512827e-12,5.0917858832067e-17,proxy_dimensions,2,,,,,0,267,0.946553570544212,,,
ASNS,3,10,CCNB1;SQSTM1;PRKCA,VHL;TFRC;IGFBP2;RAB25;GAB2;ATM;TP53BP1;DIABLO;MAP2K1;PTEN,1,3,3,3,0.058330114747807325,0.04932636236669901,0.4,0.2,1.1684704267750755e-24;1.914646140853386e-10;0.0025776700021802592;0.5362463782399134,1.5726560140360264e-31;9.30399929820304e-13;0.00012077059449095222,reported,3,0.18942258104664342,0.4795402130768172;0.33308536656178256;0.18942258104664342,0.03809392785031559,True,1,267,1.0040181641596808,0.5819253006040978,0.017589436585252242,0.6721966971273445
BCL2L11,5,10,ANXA1;CCNE1;INPP4B;PDCD4;PEA15,VHL;TFRC;IGFBP2;RAB25;GAB2;ATM;TP53BP1;DIABLO;MAP2K1;PTEN,1,5,5,4,0.015804441480664184,0.04932636236669901,0.4,0.2,2.228057999666454e-30;2.685187929389804e-19;1.025635435422039e-09;3.2895105406356937e-06;0.002804032416744218;0.5059032705541421,2.652071624549271e-32;1.6381858049510795e-21;2.1876283439810438e-11;7.0783716128157366e-06;0.04960606218418035,conditional_information_dimension,5,0.09762808607564033,0.41890464608344347;0.39685886097099277;0.30751586731135794;0.24709635887080691;0.09762808607564033,0.01743524569595405,False,0,267,1.0674516410089334,,,
BRAF,2,10,HSPA1A;ETS1,VHL;TFRC;IGFBP2;RAB25;GAB2;ATM;TP53BP1;DIABLO;MAP2K1;PTEN,1,3,3,2,,0.04932636236669901,0.4,0.2,2.8049337617203092e-31;1.5435241948506145e-13;0.0001115990257964942,4.4781026977486747e-14;0.00018890467207574447,proxy_dimensions,3,,,,,0,267,0.9296137946960564,,,
CDH2,1,58,STAT5A,MYH11;VHL;GAPDH;ESR1;TUBA1B;TFRC;IGFBP2;CLDN7;CCNB1;FN1;CAV1;CDH1;SERPINE1;HSPA1A;SYK;ANXA1;AR;RAB25;CASP7;RICTOR;CCNE1;GAB2;ATM;INPP4B;FASN;CTNNB1;MSH6;MYC;ASNS;BCL2L11;SQSTM1;EEF2K;ERBB2;PDCD4;RPS6;ACACA;TP53BP1;TGM2;FOXM1;MSH2;MAPK1;DIABLO;BRAF;ERBB3;NF2;RBM15;MAP2K1;PTEN;TP53;ETS1;CHEK2;PEA15;COL6A1;EEF2;PRKCA;KIT;PREX1;LCK,1,2,2,1,,0.04932636236669901,0.2,0.15,3.1907614502993192e-65;1.8052567972654105e-24,8.912440349680327e-39,proxy_dimensions,2,,,,,0,267,1.0155905586239975,,,
CLDN7,2,8,CDH1;DIABLO,VHL;SYK;RAB25;GAB2;MAPK1;NF2;TP53;PEA15,1,2,2,1,0.011083185704413214,0.04932636236669901,0.4,0.2,4.7658755171567994e-15;0.0005342184375904867;0.3372425597146342,5.18380649397593e-06;0.6386564406265898,conditional_information_dimension,2,0.023315965857053964,0.2655678054661102;0.023315965857053964,0.029747395342054506,False,0,268,1.043778343132014,,,
CDH1,2,20,CLDN7;CTNNB1,VHL;GAPDH;ESR1;TUBA1B;TFRC;FN1;SERPINE1;SYK;RAB25;GAB2;ASNS;SQSTM1;MAPK1;DIABLO;NF2;MAP2K1;PTEN;TP53;CHEK2;PEA15,1,3,3,2,,0.04932636236669901,0.4,0.25,1.8809662853134096e-64;1.358400115253998e-33;4.969672368910477e-10,3.6855897947233977e-38;1.569924689561144e-14,proxy_dimensions,3,,,,,0,268,1.0372270088382711,,,
HSPA1A,4,20,ETS1;COL6A1;CDH2;KIT,VHL;GAPDH;ESR1;TUBA1B;TFRC;FN1;SERPINE1;SYK;RAB25;GAB2;ASNS;SQSTM1;MAPK1;DIABLO;NF2;MAP2K1;PTEN;TP53;CHEK2;PEA15,1,5,5,4,,0.04932636236669901,0.4,0.25,5.9822091261180104e-59;4.261670045239721e-32;1.4525057446762523e-19;2.105974707490711e-12;5.607169293119953e-07,6.253870702211924e-48;2.6835606967067193e-27;1.986293926186977e-14;5.627845212934678e-07,proxy_dimensions,5,,,,,0,268,1.0344529011354968,,,
GAB2,1,58,VHL,MYH11;GAPDH;ESR1;TUBA1B;TFRC;IGFBP2;CLDN7;CCNB1;FN1;CAV1;CDH1;SERPINE1;HSPA1A;SYK;ANXA1;AR;RAB25;CASP7;RICTOR;CCNE1;ATM;INPP4B;FASN;CTNNB1;MSH6;STAT5A;MYC;ASNS;BCL2L11;SQSTM1;EEF2K;ERBB2;PDCD4;RPS6;ACACA;TP53BP1;TGM2;FOXM1;MSH2;MAPK1;DIABLO;BRAF;ERBB3;NF2;RBM15;MAP2K1;PTEN;TP53;ETS1;CHEK2;PEA15;COL6A1;EEF2;PRKCA;CDH2;KIT;PREX1;LCK,1,2,2,1,,0.04932636236669901,0.4,0.2,1.163622511420553e-47;3.423682619356324e-13,7.52442037971006e-22,proxy_dimensions,2,,,,,0,268,1.0585882817501011,,,
ASNS,3,8,ACACA;CHEK2;PRKCA,VHL;SYK;RAB25;GAB2;MAPK1;NF2;TP53;PEA15,1,3,3,2,0.024750215358939637,0.04932636236669901,0.4,0.2,1.095450489726703e-21;2.5883695147422813e-08;0.003412802305347676;0.14623340772127585,8.026377102137971e-19;4.638930278867875e-06;0.0791205777489828,conditional_information_dimension,3,0.08713481155408306,0.41451887759052336;0.25424973315966204;0.08713481155408306,0.031023499294412803,False,0,268,1.0199065805420635,,,
BCL2L11,1,58,PDCD4,MYH11;VHL;GAPDH;ESR1;TUBA1B;TFRC;IGFBP2;CLDN7;CCNB1;FN1;CAV1;CDH1;SERPINE1;HSPA1A;SYK;ANXA1;AR;RAB25;CASP7;RICTOR;CCNE1;GAB2;ATM;INPP4B;FASN;CTNNB1;MSH6;STAT5A;MYC;ASNS;SQSTM1;EEF2K;ERBB2;RPS6;ACACA;TP53BP1;TGM2;FOXM1;MSH2;MAPK1;DIABLO;BRAF;ERBB3;NF2;RBM15;MAP2K1;PTEN;TP53;ETS1;CHEK2;PEA15;COL6A1;EEF2;PRKCA;CDH2;KIT;PREX1;LCK,1,2,2,1,,0.04932636236669901,0.2,0.15,2.3546561514851803e-61;2.39280637123717e-30,1.6034908972724104e-33,proxy_dimensions,2,,,,,0,268,1.0291087162024708,,,
BRAF,4,27,CAV1;EEF2K;DIABLO;ETS1,VHL;GAPDH;TFRC;CLDN7;SYK;ANXA1;RAB25;CCNE1;GAB2;ATM;MSH6;ASNS;BCL2L11;SQSTM1;ERBB2;PDCD4;RPS6;TGM2;MSH2;MAPK1;NF2;RBM15;MAP2K1;PTEN;TP53;CHEK2;PEA15,1,5,5,4,,0.04932636236669901,0.2,0.15,9.480554088049211e-90;3.706704982739205e-40;2.9953933204843857e-27;2.3571328129574034e-14;1.0277140686883575e-05,1.592069923128692e-61;2.6077785146758414e-35;3.700654161118105e-22;4.298041655391878e-10,proxy_dimensions,5,,,,,0,268,1.0820021461948082,,,
CDH2,2,27,HSPA1A;STAT5A,VHL;GAPDH;TFRC;CLDN7;SYK;ANXA1;RAB25;CCNE1;GAB2;ATM;MSH6;ASNS;BCL2L11;SQSTM1;ERBB2;PDCD4;RPS6;TGM2;MSH2;MAPK1;NF2;RBM15;MAP2K1;PTEN;TP53;CHEK2;PEA15,1,3,3,2,,0.04932636236669901,0.2,0.15,5.498034950495842e-48;6.554652564045532e-20;1.157042909997833e-09,1.0382923517460628e-29;1.5751098527740673e-10,proxy_dimensions,3,,,,,0,268,1.0335514832537842,,,
CLDN7,4,8,RAB25;DIABLO;MAP2K1;PRKCA,VHL;GAPDH;TFRC;IGFBP2;GAB2;ATM;PTEN;TP53,1,4,4,4,0.034678891327987835,0.04932636236669901,0.4,0.2,9.002371269206828e-48;1.0495998976762898e-26;3.4342505308607857e-14;4.435970094765803e-05;0.11973087893256992,2.7077005116489234e-41;6.034424760539062e-23;9.183871376169868e-09;0.001051917535931651,reported,4,0.16202226407609163,0.4887923757657982;0.43191607162295936;0.2782500289874302;0.16202226407609163,0.031902207696651676,True,1,269,0.9883799074437021,2.812889131018091,0.056570359665537646,0.5451768425211658
CDH1,2,8,SERPINE1;CTNNB1,VHL;GAPDH;TFRC;IGFBP2;GAB2;ATM;PTEN;TP53,1,3,3,2,,0.04932636236669901,0.4,0.2,1.6962386222175384e-41;3.423175445009128e-21;0.0005291965855525005,1.6600713173467254e-29;1.2853586336002802e-08,proxy_dimensions,3,,,,,0,269,1.0325604726044548,,,
HSPA1A,3,8,BRAF;COL6A1;KIT,VHL;GAPDH;TFRC;IGFBP2;GAB2;ATM;PTEN;TP53,1,3,3,3,0.06503700037626055,0.04932636236669901,0.4,0.2,1.0213631707768832e-24;8.654541027685982e-08;0.00035446735573518336;0.42342951758763814,2.06679956165057e-27;7.451565920654934e-12;1.3070198746620113e-06,reported,3,0.23714496931123197,0.4469996871886356;0.28646816249761814;0.23714496931123197,0.04283533319068482,True,1,269,0.9855514906770431,-0.14938564398032808,0.051270055797809876,0.6748763180996935
GAB2,1,58,VHL,MYH11;GAPDH;ESR1;TUBA1B;TFRC;IGFBP2;CLDN7;CCNB1;FN1;CAV1;CDH1;SERPINE1;HSPA1A;SYK;ANXA1;AR;RAB25;CASP7;RICTOR;CCNE1;ATM;INPP4B;FASN;CTNNB1;MSH6;STAT5A;MYC;ASNS;BCL2L11;SQSTM1;EEF2K;ERBB2;PDCD4;RPS6;ACACA;TP53BP1;TGM2;FOXM1;MSH2;MAPK1;DIABLO;BRAF;ERBB3;NF2;RBM15;MAP2K1;PTEN;TP53;ETS1;CHEK2;PEA15;COL6A1;EEF2;PRKCA;CDH2;KIT;PREX1;LCK,1,2,2,1,,0.04932636236669901,0.4,0.15,3.2453036231550375e-38;1.3438734297847825e-11,4.0888629137297883e-16,proxy_dimensions,2,,,,,0,269,1.0569562400707442,,,
ASNS,3,14,GAPDH;TP53;CHEK2,VHL;TFRC;IGFBP2;CDH1;ANXA1;RAB25;GAB2;CTNNB1;STAT5A;BCL2L11;ERBB2;PDCD4;DIABLO;EEF2,1,4,4,3,,0.04932636236669901,0.2,0.15,3.8502664326788334e-43;3.3748983730665326e-18;3.6765942803197244e-09;0.01865325027759181,1.5643607210623064e-38;4.403550626296336e-15;1.7096047879999855e-06,proxy_dimensions,4,,,,,0,269,0.9653443619274724,,,
BCL2L11,2,3,CCNE1;PDCD4,VHL;TFRC;GAB2,1,2,2,1,0.024240813159850903,0.04932636236669901,0.4,0.15,3.281201817603033e-06;0.03458934355038622;0.6539360241888424,0.01801227679207008;0.30286083936972097,conditional_information_dimension,2,0.051131861934933895,0.16249639173208325;0.051131861934933895,0.021109013112410435,False,0,269,1.0190463260579394,,,
BRAF,3,14,ATM;EEF2K;ETS1,VHL;TFRC;IGFBP2;CDH1;ANXA1;RAB25;GAB2;CTNNB1;STAT5A;BCL2L11;ERBB2;PDCD4;DIABLO;EEF2,1,4,4,3,,0.04932636236669901,0.2,0.15,2.5240979053490274e-70;4.6033024730262806e-24;3.415238145603941e-09;0.0001585962944238003,2.2128885636821055e-47;8.417560397750277e-17;4.3294894383107643e-05,proxy_dimensions,4,,,,,0,269,0.9871824185124793,,,
CDH2,4,3,HSPA1A;CCNE1;STAT5A;SQSTM1,VHL;TFRC;GAB2,1,3,3,2,0.029324455180833892,0.04932636236669901,0.4,0.15,1.096024394193583e-14;2.097627961924709e-05;0.002649758488638101,1.4150697856904134e-13;0.0002963191512586572;0.06440061167080373,conditional_information_dimension,3,0.1161276448419284,0.37803485627179784;0.21894960382428116;0.1161276448419284,0.02932445518083392,False,0,269,0.9423240434970697,,,
CLDN7,1,53,CDH1,MYH11;VHL;GAPDH;ESR1;TUBA1B;TFRC;IGFBP2;CCNB1;FN1;CAV1;SERPINE1;HSPA1A;SYK;ANXA1;AR;RAB25;RICTOR;CCNE1;GAB2;ATM;INPP4B;FASN;MSH6;STAT5A;MYC;ASNS;BCL2L11;SQSTM1;EEF2K;ERBB2;PDCD4;RPS6;ACACA;TP53BP1;TGM2;FOXM1;MSH2;MAPK1;DIABLO;BRAF;ERBB3;NF2;MAP2K1;PTEN;TP53;ETS1;CHEK2;PEA15;COL6A1;EEF2;PRKCA;CDH2;KIT,1,2,2,1,,0.04932636236669901,0.2,0.15,2.5864850858297037e-49;5.805307583771232e-13,7.797265068284384e-22,proxy_dimensions,2,,,,,0,270,0.9792208325997942,,,
CDH1,3,6,CLDN7;CTNNB1;CDH2,GAPDH;TFRC;BCL2L11;DIABLO;MAP2K1;PTEN,1,4,4,3,,0.04932636236669901,0.4,0.2,1.0117724920243163e-27;1.1812023561420321e-12;5.204925094501139e-06;0.03465986728135244,3.6197884776486693e-22;1.169191300765987e-10;0.0012260680833507994,proxy_dimensions,4,,,,,0,270,0.9653148500536737,,,
HSPA1A,2,6,COL6A1;KIT,GAPDH;TFRC;BCL2L11;DIABLO;MAP2K1;PTEN,1,3,3,2,,0.04932636236669901,0.4,0.2,1.7488484024317562e-11;1.1913986109115733e-05;0.0005437725278111287,1.4931836075589467e-08;0.001217136651558262,proxy_dimensions,3,,,,,0,270,0.998901730545655,,,
GAB2,1,6,VHL,GAPDH;TFRC;BCL2L11;DIABLO;MAP2K1;PTEN,1,2,2,1,,0.04932636236669901,0.4,0.2,1.1952260506089648e-05;0.0016831233373771392,0.001975623420093486,proxy_dimensions,2,,,,,0,270,0.996836354498001,,,
ASNS,2,56,ACACA;TGM2,MYH11;VHL;GAPDH;ESR1;TUBA1B;TFRC;IGFBP2;CLDN7;CCNB1;FN1;CAV1;CDH1;SERPINE1;HSPA1A;SYK;ANXA1;AR;RAB25;CASP7;RICTOR;CCNE1;GAB2;ATM;INPP4B;CTNNB1;MSH6;STAT5A;MYC;BCL2L11;SQSTM1;EEF2K;ERBB2;PDCD4;RPS6;TP53BP1;FOXM1;MSH2;MAPK1;DIABLO;BRAF;ERBB3;NF2;RBM15;MAP2K1;PTEN;TP53;ETS1;CHEK2;PEA15;COL6A1;EEF2;PRKCA;CDH2;KIT;PREX1;LCK,1,3,3,2,,0.04932636236669901,0.2,0.15,4.419318116988815e-65;1.3545745944917314e-33;5.456001396027558e-12,3.5969550113618286e-45;3.933700857924118e-14,proxy_dimensions,3,,,,,0,270,0.9954879024949644,,,
BCL2L11,2,31,PDCD4;PRKCA,VHL;GAPDH;TFRC;CLDN7;CDH1;SYK;ANXA1;RAB25;CASP7;GAB2;ATM;FASN;CTNNB1;MSH6;ASNS;ERBB2;ACACA;TP53BP1;TGM2;MSH2;MAPK1;NF2;RBM15;MAP2K1;PTEN;TP53;CHEK2;PEA15;KIT;PREX1;LCK,1,3,3,2,,0.04932636236669901,0.2,0.15,1.089165057855826e-60;4.7694217278880844e-37;2.1391113431078314e-19,6.014674722840983e-42;4.53223591426737e-19,proxy_dimensions,3,,,,,0,270,0.9871494147025668,,,
BRAF,3,6,CAV1;EEF2K;ETS1,GAPDH;TFRC;BCL2L11;DIABLO;MAP2K1;PTEN,1,3,3,3,0.032374447740264094,0.04932636236669901,0.4,0.2,3.5830337487989786e-20;1.9210418065787847e-08;0.026725318251111938;0.3773201224488996,9.020373365576442e-12;0.0013637738319176268;0.040921971308327185,reported,3,0.10138384410247697,0.35161136209945243;0.1818225565981925;0.10138384410247697,0.03099607039210336,True,1,270,0.9634598173949755,-4.343311890139459,-0.11129289487329926,0.5069329420686817
CDH2,5,6,CDH1;CCNE1;STAT5A;SQSTM1;PREX1,GAPDH;TFRC;BCL2L11;DIABLO;MAP2K1;PTEN,1,3,3,3,0.051584785058770816,0.04932636236669901,0.4,0.2,5.323688087111041e-23;4.3090406567305173e-10;0.0002710557782374351;0.07923528379694601;0.6299908063536063;0.8235298788347034,2.1204516795114652e-26;2.75445780294345e-12;1.5336661708962947e-05,reported,3,0.24517373742015713,0.4450361484594756;0.32907818246913634;0.24517373742015713,0.039877836177494866,True,1,270,1.0412868919394855,1.4070398315648671,0.0032963700313704733,0.6714843619624996
CLDN7,2,11,CDH1;PRKCA,VHL;GAPDH;IGFBP2;GAB2;EEF2K;ERBB2;TGM2;DIABLO;PTEN;TP53;EEF2,1,3,3,2,,0.04932636236669901,0.2,0.15,3.050204670321959e-29;1.2906469724096448e-09;4.109812971201522e-05,7.843278391143523e-14;1.015221618365161e-06,proxy_dimensions,3,,,,,0,271,0.9734779536100405,,,
CDH1,2,11,CLDN7;CTNNB1,VHL;GAPDH;IGFBP2;GAB2;EEF2K;ERBB2;TGM2;DIABLO;PTEN;TP53;EEF2,1,3,3,2,,0.04932636236669901,0.2,0.15,3.3918843901003726e-34;8.141576763237407e-11;5.4439548120500314e-05,8.185283475541356e-18;3.938007573522778e-07,proxy_dimensions,3,,,,,0,271,0.9127453928884024,,,
HSPA1A,4,11,STAT5A;COL6A1;CDH2;PREX1,VHL;GAPDH;IGFBP2;GAB2;EEF2K;ERBB2;TGM2;DIABLO;PTEN;TP53;EEF2,1,5,5,4,,0.04932636236669901,0.2,0.15,1.0342385119849278e-48;4.366442874046167e-27;9.936901695832878e-13;3.3596931480536514e-06;0.008531048904995654,2.7873874673715673e-43;3.326413233395715e-22;6.930440617343801e-09;0.01513166051099989,proxy_dimensions,5,,,,,0,271,1.0485553633165041,,,
GAB2,1,58,VHL,MYH11;GAPDH;ESR1;TUBA1B;TFRC;IGFBP2;CLDN7;CCNB1;FN1;CAV1;CDH1;SERPINE1;HSPA1A;SYK;ANXA1;AR;RAB25;CASP7;RICTOR;CCNE1;ATM;INPP4B;FASN;CTNNB1;MSH6;STAT5A;MYC;ASNS;BCL2L11;SQSTM1;EEF2K;ERBB2;PDCD4;RPS6;ACACA;TP53BP1;TGM2;FOXM1;MSH2;MAPK1;DIABLO;BRAF;ERBB3;NF2;RBM15;MAP2K1;PTEN;TP53;ETS1;CHEK2;PEA15;COL6A1;EEF2;PRKCA;CDH2;KIT;PREX1;LCK,1,2,2,1,,0.04932636236669901,0.4,0.15,6.673452454243017e-45;2.461859845692043e-13,1.0596921771450078e-18,proxy_dimensions,2,,,,,0,271,1.0852957563123506,,,
ASNS,2,11,CCNE1;FASN,VHL;GAPDH;IGFBP2;GAB2;EEF2K;ERBB2;TGM2;DIABLO;PTEN;TP53;EEF2,1,2,2,2,0.06801782645383164,0.04932636236669901,0.2,0.15,1.1984856323505814e-13;3.8047263181864916e-05;0.1379460193784215,8.98249940098909e-15;0.00530748572585362,reported,2,0.13777850181761528,0.382476934971231;0.13777850181761528,0.04375747074546396,True,1,271,0.9956777392780427,-0.4901605881540593,0.022488360481677384,0.6230436994734729
BCL2L11,2,6,CCNE1;INPP4B,VHL;GAPDH;TFRC;GAB2;DIABLO;TP53,1,3,3,2,,0.04932636236669901,0.4,0.2,1.210590325796477e-25;6.333813541711352e-10;0.0021567440673603013,4.739158677963461e-21;3.905258593449687e-06,proxy_dimensions,3,,,,,0,271,1.019830980964813,,,
BRAF,4,6,CAV1;ATM;CTNNB1;EEF2K,VHL;GAPDH;TFRC;GAB2;DIABLO;TP53,1,5,5,4,,0.04932636236669901,0.4,0.2,9.888359247525376e-52;1.2322869287559759e-23;1.0196772403188748e-12;3.3877934717062507e-06;0.0026673687348174584,1.3224645370057007e-33;2.138491261778097e-20;8.854769753539713e-10;0.00716548367918754,proxy_dimensions,5,,,,,0,271,1.029138735640142,,,
CDH2,3,11,HSPA1A;STAT5A;SQSTM1,VHL;GAPDH;IGFBP2;GAB2;EEF2K;ERBB2;TGM2;DIABLO;PTEN;TP53;EEF2,1,4,4,3,,0.04932636236669901,0.2,0.15,3.5400459578977396e-33;9.490605826764685e-15;9.124765197211411e-07;0.04137948664555681,1.7883958007621392e-26;2.394353372317876e-10;0.0400848076817687,proxy_dimensions,4,,,,,0,271,1.0348654108026352,,,
CLDN7,2,50,CDH1;ACACA,MYH11;VHL;GAPDH;ESR1;TUBA1B;TFRC;IGFBP2;CCNB1;FN1;CAV1;SERPINE1;HSPA1A;SYK;ANXA1;AR;RAB25;RICTOR;CCNE1;GAB2;ATM;INPP4B;MSH6;STAT5A;MYC;ASNS;BCL2L11;SQSTM1;EEF2K;ERBB2;PDCD4;RPS6;TGM2;FOXM1;MSH2;MAPK1;BRAF;ERBB3;NF2;RBM15;MAP2K1;PTEN;TP53;ETS1;CHEK2;PEA15;COL6A1;EEF2;PRKCA;CDH2;KIT,1,3,3,2,,0.04932636236669901,0.2,0.15,6.312953866784432e-83;2.0889377998261023e-39;9.87480108574934e-14,2.0512492900867034e-48;2.3916302043652905e-15,proxy_dimensions,3,,,,,0,272,0.9970186234061134,,,
CDH1,2,50,CLDN7;CTNNB1,MYH11;VHL;GAPDH;ESR1;TUBA1B;TFRC;IGFBP2;CCNB1;FN1;CAV1;SERPINE1;HSPA1A;SYK;ANXA1;AR;RAB25;RICTOR;CCNE1;GAB2;ATM;INPP4B;MSH6;STAT5A;MYC;ASNS;BCL2L11;SQSTM1;EEF2K;ERBB2;PDCD4;RPS6;TGM2;FOXM1;MSH2;MAPK1;BRAF;ERBB3;NF2;RBM15;MAP2K1;PTEN;TP53;ETS1;CHEK2;PEA15;COL6A1;EEF2;PRKCA;CDH2;KIT,1,3,3,2,,0.04932636236669901,0.2,0.15,2.388067862441768e-91;9.985163360665553e-35;1.150939982089729e-13,6.76113823074411e-67;1.9406866795793724e-20,proxy_dimensions,3,,,,,0,272,1.0312030221264266,,,
HSPA1A,2,7,COL6A1;CDH2,GAPDH;TUBA1B;RAB25;PDCD4;PTEN;TP53;EEF2,1,3,3,2,,0.04932636236669901,0.4,0.2,3.028876825011812e-16;6.397847895634206e-07;0.017603733281110694,1.9258161928946926e-11;3.243253991566558e-05,proxy_dimensions,3,,,,,0,272,1.0129167934198287,,,
GAB2,2,7,VHL;KIT,GAPDH;TUBA1B;RAB25;PDCD4;PTEN;TP53;EEF2,1,2,2,2,0.11648492316416487,0.04932636236669901,0.4,0.2,1.3804453457765301e-10;0.0001367268866673865;0.6460721555340921,5.2530743312350446e-15;9.57828993953447e-08,reported,2,0.26033179326033223,0.32256400356998277;0.26033179326033223,0.06528042441821424,True,1,272,1.1014211274538794,1.767237980033117,0.10997104841134922,0.6401947367525371
ASNS,2,7,CCNB1;ACACA,GAPDH;TUBA1B;RAB25;PDCD4;PTEN;TP53;EEF2,1,3,3,2,,0.04932636236669901,0.4,0.2,1.137723854437595e-25;3.939647846766815e-11;0.018894490371611693,6.128733594016054e-17;0.0026501225616623126,proxy_dimensions,3,,,,,0,272,0.9829660878274838,,,
BCL2L11,2,7,ANXA1;CCNE1,GAPDH;TUBA1B;RAB25;PDCD4;PTEN;TP53;EEF2,1,2,2,2,0.106536334868443,0.04932636236669901,0.4,0.2,1.5674096010054e-11;0.00013948118959253324;0.06645681969764054,8.907577648895572e-13;1.153679333004211e-05,reported,2,0.21525761367156745,0.3178943200574565;0.21525761367156745,0.0605969326988031,True,1,272,0.9824388547252308,0.38509605470050234,-0.019920243691752517,0.6914649711436717
BRAF,2,57,SYK;EEF2K,MYH11;VHL;GAPDH;ESR1;TUBA1B;TFRC;IGFBP2;CLDN7;CCNB1;FN1;CAV1;CDH1;SERPINE1;HSPA1A;ANXA1;AR;RAB25;CASP7;RICTOR;CCNE1;GAB2;ATM;INPP4B;FASN;CTNNB1;MSH6;STAT5A;MYC;ASNS;BCL2L11;SQSTM1;ERBB2;PDCD4;RPS6;ACACA;TP53BP1;TGM2;FOXM1;MSH2;MAPK1;DIABLO;ERBB3;NF2;RBM15;MAP2K1;PTEN;TP53;ETS1;CHEK2;PEA15;COL6A1;EEF2;PRKCA;CDH2;KIT;PREX1;LCK,1,3,3,2,,0.04932636236669901,0.2,0.15,8.756945137912414e-102;8.087635513223022e-56;2.3282683069362464e-26,6.51407987065306e-62;1.1442854373488648e-31,proxy_dimensions,3,,,,,0,272,0.9891123350412655,,,
CDH2,3,7,HSPA1A;STAT5A;SQSTM1,GAPDH;TUBA1B;RAB25;PDCD4;PTEN;TP53;EEF2,1,4,4,3,,0.04932636236669901,0.4,0.2,2.5683138468219467e-24;3.2723546664228096e-15;4.520752893382753e-09;0.03262558520648854,1.388516729898805e-22;4.5645414471890616e-14;1.0204663799474733e-07,proxy_dimensions,4,,,,,0,272,1.0173400480195431,,,
CLDN7,4,3,CDH1;RAB25;MAP2K1;PRKCA,TUBA1B;TFRC;TP53,1,2,2,2,0.07533011317262825,0.04932636236669901,0.4,0.15,1.140301993071617e-17;1.7265111832589198e-08;0.07347823256407575,1.6782806994994983e-13;0.0007528879155082931,reported,2,0.2020880311514643,0.3726301327581205;0.2020880311514643,0.06460326420369553,True,1,273,0.9192903626917066,-1.438169886627188,-0.12175368780590777,0.35810648407322315
CDH1,3,3,CLDN7;CTNNB1;CDH2,TUBA1B;TFRC;TP53,1,3,3,2,0.010783070148389527,0.04932636236669901,0.4,0.15,7.361089147985813e-17;1.6193984982973477e-06;0.03805818822346117,1.3150688177436317e-14;0.0008712004549132433;0.5492398248537851,conditional_information_dimension,3,0.02977134850334291,0.3898845146250368;0.2109529517950558;0.02977134850334291,0.010783070148389506,False,0,273,0.8727539528415195,,,
HSPA1A,4,18,SQSTM1;COL6A1;CDH2;KIT,VHL;GAPDH;TUBA1B;TFRC;FN1;SERPINE1;SYK;RAB25;GAB2;ATM;STAT5A;ERBB2;MAPK1;DIABLO;NF2;MAP2K1;TP53;EEF2,1,5,5,4,,0.04932636236669901,0.4,0.25,3.9544559846165856e-50;1.0062076597920867e-29;3.715555094351262e-14;1.1001502483180765e-05;0.00267936728296951,2.5772264063124037e-42;4.165705819089705e-26;6.877218432115982e-11;0.0008704004800144014,proxy_dimensions,5,,,,,0,273,0.9937009326249351,,,
GAB2,4,3,VHL;RAB25;SQSTM1;KIT,TUBA1B;TFRC;TP53,1,3,3,2,0.015315158285244728,0.04932636236669901,0.4,0.15,5.119136885660276e-09;0.0014509040474908748;0.02589991504375279,0.0015769647597123988;0.016793030134382998;0.5785757047706768,conditional_information_dimension,3,0.05201130046570718,0.19792669289766007;0.18707413248390928;0.05201130046570718,0.015315158285244731,False,0,273,0.9559470846992163,,,
ASNS,3,3,CCNB1;ERBB2;CHEK2,TUBA1B;TFRC;TP53,1,2,2,2,0.06646123717397837,0.04932636236669901,0.4,0.15,2.0201305854774414e-09;0.0004658365319383069;0.48440767631084036,1.445415929542362e-06;0.0005787422628300225,reported,2,0.190115069020386,0.23261811099165067;0.190115069020386,0.05502267256372655,True,1,273,0.9636608978207563,-1.4116656120487046,-0.0008865074760995786,0.5584412341175214
BCL2L11,4,3,ANXA1;CCNE1;PDCD4;PRKCA,TUBA1B;TFRC;TP53,1,3,3,3,0.03858262379999495,0.04932636236669901,0.4,0.15,1.505235145123289e-18;7.224646900505146e-09;0.0005531081647789403,1.111419482719592e-17;8.84636301985856e-08;0.0238585746162017,reported,3,0.13536313427781685,0.38559719925855895;0.292506967046542;0.13536313427781685,0.03858262379999493,True,1,273,0.9588051966065306,-1.0357379643787064,-0.1310813970354043,0.5570678327935562
BRAF,4,11,CAV1;EEF2K;ETS1;KIT,VHL;TUBA1B;TFRC;RAB25;GAB2;ATM;MAPK1;NF2;MAP2K1;TP53;EEF2,1,5,5,4,,0.04932636236669901,0.4,0.2,9.95858255587811e-45;9.801896599989188e-26;6.723169400641433e-11;2.1052477621092634e-05;0.004591765348154753,4.0445120398244585e-31;1.3671561903362238e-12;5.721901684627567e-06;0.0017441110768943383,proxy_dimensions,5,,,,,0,273,0.9533629438757695,,,
CDH2,2,31,GAB2;STAT5A,TUBA1B;IGFBP2;CLDN7;CCNB1;CDH1;SYK;RAB25;CCNE1;ATM;FASN;CTNNB1;BCL2L11;SQSTM1;EEF2K;ERBB2;PDCD4;RPS6;ACACA;TP53BP1;TGM2;FOXM1;MAPK1;DIABLO;NF2;RBM15;MAP2K1;PTEN;TP53;PEA15;EEF2;KIT,1,3,3,2,,0.04932636236669901,0.2,0.15,2.8981962405546024e-61;2.0434367260482022e-26;4.3029887026839937e-13,8.84770155851269e-48;3.774497633451241e-13,proxy_dimensions,3,,,,,0,273,0.9311684539901883,,,
CLDN7,3,7,CDH1;RAB25;PRKCA,GAPDH;TUBA1B;TFRC;ERBB2;MAP2K1;PTEN;TP53,1,3,3,2,0.004463523960444284,0.04932636236669901,0.4,0.2,5.10622923402503e-33;3.948293203710494e-20;1.3784718637170923e-08;0.14299717210492643,1.059668026393547e-25;1.1559253011693915e-12;0.7636938703566459,conditional_information_dimension,3,0.014947001040866706,0.4188866936653977;0.3764361830018129;0.014947001040866706,0.031211934864797824,False,0,274,1.014650138478333,,,
CDH1,2,22,CLDN7;CTNNB1,GAPDH;TUBA1B;TFRC;IGFBP2;FN1;SERPINE1;SYK;ANXA1;RAB25;CCNE1;FASN;ASNS;BCL2L11;ERBB2;PDCD4;ACACA;RBM15;PTEN;TP53;CHEK2;PREX1;LCK,1,3,3,2,,0.04932636236669901,0.2,0.15,1.3863062623359839e-90;4.531487125170324e-33;3.896346232967306e-09,7.853384018062377e-58;1.5608010807661053e-11,proxy_dimensions,3,,,,,0,274,1.0132142094580887,,,
HSPA1A,4,7,BRAF;COL6A1;CDH2;KIT,GAPDH;TUBA1B;TFRC;ERBB2;MAP2K1;PTEN;TP53,1,3,3,3,0.0470927298818745,0.04932636236669901,0.4,0.2,6.067183114996276e-22;9.771760569478974e-09;0.0019229094984194901;0.39966480919976255;0.5701597851207025,4.173736977918258e-26;8.161242761102697e-12;0.00019435110312585944,reported,3,0.20352823296188985,0.44018528101451293;0.3299024723509117;0.20352823296188985,0.032797246003297406,True,1,274,0.9828782528607392,0.15347462679495097,0.04044108868613154,0.6687783634849604
GAB2,2,22,VHL;BRAF,GAPDH;TUBA1B;TFRC;IGFBP2;FN1;SERPINE1;SYK;ANXA1;RAB25;CCNE1;FASN;ASNS;BCL2L11;ERBB2;PDCD4;ACACA;RBM15;PTEN;TP53;CHEK2;PREX1;LCK,1,3,3,2,,0.04932636236669901,0.2,0.15,2.132589305000865e-31;1.2105307364547642e-06;0.00765736300683509,6.091359300895835e-19;1.332902421097918e-05,proxy_dimensions,3,,,,,0,274,0.9649608141145457,,,
ASNS,1,7,PRKCA,GAPDH;TUBA1B;TFRC;ERBB2;MAP2K1;PTEN;TP53,1,2,2,1,,0.04932636236669901,0.4,0.2,1.436118207755982e-17;8.624350686259461e-07,7.785780202720898e-13,proxy_dimensions,2,,,,,0,274,0.992763621759263,,,
BCL2L11,2,57,CCNE1;PDCD4,MYH11;VHL;GAPDH;ESR1;TUBA1B;TFRC;IGFBP2;CLDN7;CCNB1;FN1;CAV1;CDH1;SERPINE1;HSPA1A;SYK;ANXA1;AR;RAB25;CASP7;RICTOR;GAB2;ATM;INPP4B;FASN;CTNNB1;MSH6;STAT5A;MYC;ASNS;SQSTM1;EEF2K;ERBB2;RPS6;ACACA;TP53BP1;TGM2;FOXM1;MSH2;MAPK1;DIABLO;BRAF;ERBB3;NF2;RBM15;MAP2K1;PTEN;TP53;ETS1;CHEK2;PEA15;COL6A1;EEF2;PRKCA;CDH2;KIT;PREX1;LCK,1,3,3,2,,0.04932636236669901,0.2,0.15,1.501416933643844e-89;1.1183429653787052e-50;9.851614295577094e-18,9.141067653976539e-69;3.2825492192552457e-31,proxy_dimensions,3,,,,,0,274,1.0130842752809561,,,
BRAF,6,7,CAV1;HSPA1A;GAB2;CTNNB1;ERBB3;ETS1,GAPDH;TUBA1B;TFRC;ERBB2;MAP2K1;PTEN;TP53,1,5,5,5,0.02076235914802308,0.04932636236669901,0.4,0.2,4.106207973935041e-44;7.466856764245798e-21;7.43424735626622e-09;0.0027753654952219937;0.038345669099278265;0.7019840017859416;0.6550091542055909,1.226346314858891e-40;8.805955743879996e-23;5.345375316934059e-09;0.00037358647301421354;0.023994354761053063,reported,5,0.13559417333797277,0.501851872196576;0.45015992853045494;0.3026762162133214;0.20540483978490812;0.13559417333797277,0.018065943438179355,True,1,274,1.0126180681042498,-0.8480225337742985,0.05720611745868748,0.40661636254741124
CDH2,2,22,HSPA1A;STAT5A,GAPDH;TUBA1B;TFRC;IGFBP2;FN1;SERPINE1;SYK;ANXA1;RAB25;CCNE1;FASN;ASNS;BCL2L11;ERBB2;PDCD4;ACACA;RBM15;PTEN;TP53;CHEK2;PREX1;LCK,1,3,3,2,,0.04932636236669901,0.2,0.15,3.4242443242980475e-37;1.8273868204874073e-11;0.0004455479166570594,2.7942638486492486e-28;0.00032159837152768945,proxy_dimensions,3,,,,,0,274,0.9665347931839826,,,
CLDN7,1,47,CDH1,MYH11;GAPDH;TUBA1B;IGFBP2;CCNB1;FN1;CAV1;SERPINE1;HSPA1A;ANXA1;AR;RAB25;RICTOR;CCNE1;GAB2;ATM;INPP4B;FASN;MSH6;STAT5A;MYC;ASNS;BCL2L11;SQSTM1;ERBB2;PDCD4;RPS6;ACACA;TP53BP1;TGM2;FOXM1;MSH2;BRAF;ERBB3;NF2;RBM15;MAP2K1;PTEN;TP53;ETS1;CHEK2;PEA15;COL6A1;PRKCA;KIT;PREX1;LCK,1,2,2,1,,0.04932636236669901,0.2,0.15,1.7899716351707587e-67;1.0501422953497395e-16,2.244320755250171e-30,proxy_dimensions,2,,,,,0,275,1.035613529691115,,,
CDH1,4,47,ESR1;CLDN7;SYK;CTNNB1,MYH11;GAPDH;TUBA1B;IGFBP2;CCNB1;FN1;CAV1;SERPINE1;HSPA1A;ANXA1;AR;RAB25;RICTOR;CCNE1;GAB2;ATM;INPP4B;FASN;MSH6;STAT5A;MYC;ASNS;BCL2L11;SQSTM1;ERBB2;PDCD4;RPS6;ACACA;TP53BP1;TGM2;FOXM1;MSH2;BRAF;ERBB3;NF2;RBM15;MAP2K1;PTEN;TP53;ETS1;CHEK2;PEA15;COL6A1;PRKCA;KIT;PREX1;LCK,1,5,5,4,,0.04932636236669901,0.2,0.15,7.255815436549591e-184;1.4707811506265204e-103;1.4409498526179199e-55;1.576079229375659e-29;5.008984284037195e-14,3.045113432346701e-136;3.9979337564262546e-75;1.3748178185166053e-39;6.767819584718816e-18,proxy_dimensions,5,,,,,0,275,0.9929469901831934,,,
HSPA1A,2,50,RICTOR;COL6A1,VHL;GAPDH;ESR1;TUBA1B;TFRC;IGFBP2;CLDN7;CCNB1;FN1;CDH1;SERPINE1;SYK;ANXA1;AR;RAB25;CASP7;CCNE1;ATM;INPP4B;FASN;CTNNB1;MSH6;STAT5A;MYC;ASNS;BCL2L11;SQSTM1;EEF2K;ERBB2;PDCD4;ACACA;TP53BP1;TGM2;FOXM1;MSH2;MAPK1;DIABLO;ERBB3;NF2;RBM15;MAP2K1;PTEN;TP53;PEA15;EEF2;PRKCA;CDH2;KIT;PREX1;LCK,1,3,3,2,,0.04932636236669901,0.2,0.15,1.6985315455443264e-69;1.914949989863862e-25;1.4769332921347116e-09,9.302619791239847e-41;4.099303119892523e-13,proxy_dimensions,3,,,,,0,275,1.0076847229472956,,,
GAB2,3,10,VHL;RAB25;BRAF,TUBA1B;TFRC;IGFBP2;ATM;STAT5A;RPS6;MAP2K1;PTEN;TP53;CDH2,1,3,3,3,0.05379182103018241,0.04932636236669901,0.4,0.2,9.535745726071201e-34;3.68221164337874e-14;3.912881376068397e-05;0.18395199273588997,1.8778001232783542e-31;9.860203068768008e-17;4.5663866983115225e-06,reported,3,0.224982896074626,0.4388070274131907;0.3717328011324655;0.224982896074626,0.03691222429175232,True,1,275,0.9836825481531316,3.3573370929927036,0.07492598934652556,0.5830910320709494
ASNS,2,10,ACACA;PRKCA,TUBA1B;TFRC;IGFBP2;ATM;STAT5A;RPS6;MAP2K1;PTEN;TP53;CDH2,1,3,3,2,,0.04932636236669901,0.4,0.2,7.990225006551079e-29;2.8697409306630328e-08;0.00019603522054748116,2.3132473448376287e-24;0.00019103976765846514,proxy_dimensions,3,,,,,0,275,1.1660033255950537,,,
BCL2L11,1,52,PDCD4,MYH11;VHL;GAPDH;ESR1;TUBA1B;TFRC;IGFBP2;CLDN7;CCNB1;FN1;CAV1;CDH1;SERPINE1;HSPA1A;SYK;ANXA1;RAB25;CASP7;RICTOR;CCNE1;GAB2;ATM;FASN;CTNNB1;MSH6;STAT5A;ASNS;SQSTM1;EEF2K;ERBB2;RPS6;ACACA;TP53BP1;TGM2;FOXM1;MSH2;MAPK1;DIABLO;BRAF;NF2;RBM15;MAP2K1;PTEN;ETS1;CHEK2;PEA15;COL6A1;EEF2;PRKCA;CDH2;KIT;LCK,1,2,2,1,,0.04932636236669901,0.2,0.15,1.0338588861794795e-68;2.665212904708311e-27,4.4813184321062676e-36,proxy_dimensions,2,,,,,0,275,0.9498410339325605,,,
BRAF,5,10,SYK;GAB2;MSH6;EEF2K;ETS1,TUBA1B;TFRC;IGFBP2;ATM;STAT5A;RPS6;MAP2K1;PTEN;TP53;CDH2,1,5,5,4,0.008089920968105834,0.04932636236669901,0.4,0.2,2.6991689978363503e-38;2.838846254262088e-17;2.853773262565758e-07;0.0003395684586266565;0.017699846658254137;0.08261914163826961,7.39093496826703e-27;2.3749287711400503e-13;7.88715136769435e-08;0.008307944679980531;0.31572826961024386,conditional_information_dimension,5,0.04997646339626836,0.4521365899304006;0.3245641565870445;0.29642049276570304;0.17621077331395013;0.04997646339626836,0.019181283830616402,False,0,275,1.074219373822625,,,
CDH2,2,47,DIABLO;EEF2,MYH11;GAPDH;TUBA1B;IGFBP2;CCNB1;FN1;CAV1;SERPINE1;HSPA1A;ANXA1;AR;RAB25;RICTOR;CCNE1;GAB2;ATM;INPP4B;FASN;MSH6;STAT5A;MYC;ASNS;BCL2L11;SQSTM1;ERBB2;PDCD4;RPS6;ACACA;TP53BP1;TGM2;FOXM1;MSH2;BRAF;ERBB3;NF2;RBM15;MAP2K1;PTEN;TP53;ETS1;CHEK2;PEA15;COL6A1;PRKCA;KIT;PREX1;LCK,1,3,3,2,,0.04932636236669901,0.2,0.15,3.94665112874377e-62;2.3824439564183432e-29;8.354968276151522e-13,2.0639630124480214e-36;1.6183313207971228e-12,proxy_dimensions,3,,,,,0,275,1.0284629728286394,,,
CLDN7,2,25,CDH1;PRKCA,VHL;GAPDH;TUBA1B;SYK;ANXA1;RAB25;CASP7;GAB2;ATM;FASN;ASNS;BCL2L11;EEF2K;ERBB2;PDCD4;ACACA;TP53BP1;MAPK1;DIABLO;BRAF;NF2;RBM15;PTEN;PEA15;EEF2,1,3,3,2,,0.04932636236669901,0.2,0.15,2.2210984994674476e-59;1.1589446592466992e-27;1.0674678484772078e-06,1.976610385976078e-33;1.979362624074656e-12,proxy_dimensions,3,,,,,0,276,0.9282197089402524,,,
CDH1,3,25,CLDN7;CTNNB1;STAT5A,VHL;GAPDH;TUBA1B;SYK;ANXA1;RAB25;CASP7;GAB2;ATM;FASN;ASNS;BCL2L11;EEF2K;ERBB2;PDCD4;ACACA;TP53BP1;MAPK1;DIABLO;BRAF;NF2;RBM15;PTEN;PEA15;EEF2,1,4,4,3,,0.04932636236669901,0.2,0.15,2.168273536664475e-110;3.6531978081376925e-44;1.619155751297611e-20;9.417133213545602e-07,1.172845554982449e-86;2.0918054926042512e-27;1.7919444269321884e-13,proxy_dimensions,4,,,,,0,276,0.9869952714607885,,,
HSPA1A,1,25,COL6A1,VHL;GAPDH;TUBA1B;SYK;ANXA1;RAB25;CASP7;GAB2;ATM;FASN;ASNS;BCL2L11;EEF2K;ERBB2;PDCD4;ACACA;TP53BP1;MAPK1;DIABLO;BRAF;NF2;RBM15;PTEN;PEA15;EEF2,1,2,2,1,,0.04932636236669901,0.2,0.15,1.917582393155626e-21;0.0050468628693297254,1.038988723171679e-14,proxy_dimensions,2,,,,,0,276,0.9858161269559734,,,
GAB2,1,58,VHL,MYH11;GAPDH;ESR1;TUBA1B;TFRC;IGFBP2;CLDN7;CCNB1;FN1;CAV1;CDH1;SERPINE1;HSPA1A;SYK;ANXA1;AR;RAB25;CASP7;RICTOR;CCNE1;ATM;INPP4B;FASN;CTNNB1;MSH6;STAT5A;MYC;ASNS;BCL2L11;SQSTM1;EEF2K;ERBB2;PDCD4;RPS6;ACACA;TP53BP1;TGM2;FOXM1;MSH2;MAPK1;DIABLO;BRAF;ERBB3;NF2;RBM15;MAP2K1;PTEN;TP53;ETS1;CHEK2;PEA15;COL6A1;EEF2;PRKCA;CDH2;KIT;PREX1;LCK,1,2,2,1,,0.04932636236669901,0.4,0.2,1.2979762609892625e-26;3.771176993489623e-06,4.46865752880401e-13,proxy_dimensions,2,,,,,0,276,0.9977757744165621,,,
ASNS,2,16,CCNB1;CAV1,VHL;GAPDH;TFRC;SYK;RAB25;CASP7;GAB2;ATM;FASN;ERBB2;PDCD4;ACACA;DIABLO;MAP2K1;PTEN;TP53,1,3,3,2,,0.04932636236669901,0.4,0.2,2.388222279773373e-44;2.8653943753377015e-20;0.006414195842663241,2.2482411178529795e-25;3.1126688641567113e-06,proxy_dimensions,3,,,,,0,276,1.067162465156652,,,
BCL2L11,4,16,ANXA1;INPP4B;MSH6;TGM2,VHL;GAPDH;TFRC;SYK;RAB25;CASP7;GAB2;ATM;FASN;ERBB2;PDCD4;ACACA;DIABLO;MAP2K1;PTEN;TP53,1,4,4,4,0.024688731101622324,0.04932636236669901,0.4,0.2,1.3344755145873152e-44;4.3932212682152996e-21;5.853169256493118e-08;0.0002555369217840424;0.2618752070672473,1.414686017165343e-49;1.225131949634222e-27;1.0250542139717149e-10;0.016936408929446735,reported,4,0.11846643807616532,0.5209180018438435;0.4616146214885357;0.3313039302549834;0.11846643807616532,0.024023175248431373,True,1,276,1.0003255323264357,1.1474042532982915,0.05791410312901876,0.5246907418035296
BRAF,2,16,CAV1;ETS1,VHL;GAPDH;TFRC;SYK;RAB25;CASP7;GAB2;ATM;FASN;ERBB2;PDCD4;ACACA;DIABLO;MAP2K1;PTEN;TP53,1,3,3,2,,0.04932636236669901,0.4,0.2,2.1922835983465232e-42;2.3706539744747554e-17;2.120900286193408e-06,2.0354433151964183e-24;1.0302592049480676e-08,proxy_dimensions,3,,,,,0,276,0.9971868580612161,,,
CDH2,1,25,STAT5A,VHL;GAPDH;TUBA1B;SYK;ANXA1;RAB25;CASP7;GAB2;ATM;FASN;ASNS;BCL2L11;EEF2K;ERBB2;PDCD4;ACACA;TP53BP1;MAPK1;DIABLO;BRAF;NF2;RBM15;PTEN;PEA15;EEF2,1,2,2,1,,0.04932636236669901,0.2,0.15,2.4081038855708434e-35;3.7718712357337316e-10,6.143230464816803e-28,proxy_dimensions,2,,,,,0,276,0.9434962441126563,,,
CLDN7,3,9,CDH1;RAB25;NF2,FN1;SERPINE1;ATM;FASN;PDCD4;ACACA;MAP2K1;PTEN;TP53,1,4,4,2,,0.04932636236669901,0.4,0.2,6.864377817989171e-30;1.1280047847740404e-07;0.004747899525388409;0.04511155242954144,4.0410419144030755e-16;0.00013004561705039325;0.06892308600815587,proxy_dimensions,4,,,,,0,277,1.0269554508960494,,,
CDH1,2,46,CLDN7;CTNNB1,MYH11;VHL;ESR1;TUBA1B;TFRC;CCNB1;FN1;CAV1;SERPINE1;HSPA1A;SYK;ANXA1;AR;RICTOR;CCNE1;GAB2;ATM;INPP4B;MSH6;STAT5A;MYC;ASNS;BCL2L11;SQSTM1;EEF2K;ERBB2;PDCD4;RPS6;TGM2;FOXM1;MSH2;MAPK1;BRAF;ERBB3;NF2;MAP2K1;PTEN;TP53;ETS1;CHEK2;PEA15;COL6A1;EEF2;PRKCA;CDH2;KIT,1,3,3,2,,0.04932636236669901,0.2,0.15,1.9795024515580217e-107;6.322339647092425e-53;9.121393774869079e-17,1.8219979296502022e-65;2.873874653163877e-19,proxy_dimensions,3,,,,,0,277,1.0439172960363494,,,
HSPA1A,3,31,SQSTM1;COL6A1;CDH2,VHL;GAPDH;ESR1;TUBA1B;TFRC;IGFBP2;CLDN7;FN1;CDH1;SERPINE1;ANXA1;RAB25;CASP7;GAB2;ATM;FASN;CTNNB1;BCL2L11;ERBB2;PDCD4;ACACA;TP53BP1;DIABLO;BRAF;RBM15;MAP2K1;PTEN;TP53;CHEK2;PREX1;LCK,1,4,4,3,,0.04932636236669901,0.2,0.15,1.1880760471502878e-71;6.48976101451732e-32;2.4401249509340373e-13;0.001463177393177229,1.2938405664863405e-51;8.387662620208403e-22;0.0017939007824318053,proxy_dimensions,4,,,,,0,277,1.0754905891503308,,,
GAB2,2,9,VHL;BRAF,FN1;SERPINE1;ATM;FASN;PDCD4;ACACA;MAP2K1;PTEN;TP53,1,3,3,2,,0.04932636236669901,0.4,0.2,2.9148929516239663e-22;8.936978982098161e-09;5.722669847785865e-05,2.3434393740653274e-17;0.00010576345453644784,proxy_dimensions,3,,,,,0,277,1.0454665949674626,,,
ASNS,2,9,CHEK2;PRKCA,FN1;SERPINE1;ATM;FASN;PDCD4;ACACA;MAP2K1;PTEN;TP53,1,3,3,2,,0.04932636236669901,0.4,0.2,1.8577818906693172e-29;1.4797167506006403e-16;1.9866150459302666e-05,1.8948532865131336e-19;5.1042135576123437e-08,proxy_dimensions,3,,,,,0,277,1.0099499387793005,,,
BCL2L11,3,9,ANXA1;CCNE1;INPP4B,FN1;SERPINE1;ATM;FASN;PDCD4;ACACA;MAP2K1;PTEN;TP53,1,3,3,3,0.05372370905490864,0.04932636236669901,0.4,0.2,8.110643120498671e-20;1.9257327945700942e-09;0.012779069655907655;0.06917878269917718,3.698700228262665e-17;1.8245054615782738e-08;0.0014218546142473942,reported,3,0.15762662959111703,0.36061427948196023;0.2742767552576468;0.15762662959111703,0.03822807832656161,True,1,277,0.9892135882327598,0.8603972092016752,-0.04200153093161215,0.7366564187508564
BRAF,2,9,GAB2;ETS1,FN1;SERPINE1;ATM;FASN;PDCD4;ACACA;MAP2K1;PTEN;TP53,1,2,2,2,0.07731909609104007,0.04932636236669901,0.4,0.2,1.4001650260127305e-15;4.511974368689516e-06;0.3232228360875596,4.28732341739189e-16;1.8364525208622262e-05,reported,2,0.21035300211365587,0.370291945188551;0.21035300211365587,0.04517405852179844,True,1,277,1.014770040643393,1.0411121831027035,0.04299031221209913,0.7569811991581848
CDH2,3,9,HSPA1A;STAT5A;SQSTM1,FN1;SERPINE1;ATM;FASN;PDCD4;ACACA;MAP2K1;PTEN;TP53,1,4,4,3,,0.04932636236669901,0.4,0.2,4.792466224800873e-26;3.39014171034125e-11;8.572632646383424e-05;0.03510439981677691,1.0046772690657286e-14;0.00015046175917650176;0.04635109151768886,proxy_dimensions,4,,,,,0,277,0.976278925947887,,,
CLDN7,3,15,CDH1;PEA15;PRKCA,GAPDH;TUBA1B;TFRC;IGFBP2;RAB25;CASP7;ATM;BCL2L11;SQSTM1;EEF2K;MAPK1;DIABLO;NF2;PTEN;TP53,1,4,4,3,,0.04932636236669901,0.2,0.15,2.1945975428476597e-89;9.081683649818293e-53;6.8799798236119574e-18;1.7636659031097322e-05,5.105834956672608e-66;8.666262153928112e-30;2.8735724716403614e-08,proxy_dimensions,4,,,,,0,278,1.0572234872948805,,,
CDH1,4,9,TFRC;CLDN7;FN1;CTNNB1,VHL;GAPDH;IGFBP2;SYK;RAB25;GAB2;BCL2L11;TP53;EEF2,1,5,5,4,,0.04932636236669901,0.4,0.2,8.391109843900183e-45;1.278669051356597e-24;2.2450589870062468e-11;7.243526652611558e-05;0.017949567741767175,1.1931656697470282e-28;1.851953899023962e-15;3.9754524773512515e-07;0.00024585562250414536,proxy_dimensions,5,,,,,0,278,1.0701466477186583,,,
HSPA1A,4,9,SQSTM1;RBM15;COL6A1;CDH2,VHL;GAPDH;IGFBP2;SYK;RAB25;GAB2;BCL2L11;TP53;EEF2,1,4,4,4,0.019108286607925226,0.04932636236669901,0.4,0.2,6.671729657755362e-33;1.691339672809112e-09;0.0003217171209401163;0.030193678881844436;0.3630388258586482,3.7346497989528335e-38;3.760934680788074e-12;5.228792002013687e-05;0.03556217195548707,reported,4,0.1043523559462708,0.5544899042287493;0.33546695964947887;0.2225610091263048;0.1043523559462708,0.018991498189784052,True,1,278,0.9566880794135839,-2.4338497319608945,-0.12701055867223274,0.5832267630970278
GAB2,2,15,VHL;BRAF,GAPDH;TUBA1B;TFRC;IGFBP2;RAB25;CASP7;ATM;BCL2L11;SQSTM1;EEF2K;MAPK1;DIABLO;NF2;PTEN;TP53,1,3,3,2,,0.04932636236669901,0.2,0.15,4.207069669879327e-28;5.41209739521982e-08;0.0013665095956093389,2.580611948846423e-22;1.5712123477515244e-06,proxy_dimensions,3,,,,,0,278,1.071069912153413,,,
ASNS,2,9,ACACA;CHEK2,VHL;GAPDH;IGFBP2;SYK;RAB25;GAB2;BCL2L11;TP53;EEF2,1,2,2,2,0.05515203361590381,0.04932636236669901,0.4,0.2,1.21852304920684e-20;0.0007755495633217823;0.14455490871940868,1.8301471172959032e-19;0.009118271956723033,reported,2,0.12895121715603344,0.43995342011934346;0.12895121715603344,0.04879996418615296,True,1,278,1.0215128070235238,-1.1654497214809845,-0.13206376712530812,0.5727793036225942
BCL2L11,1,27,INPP4B,GAPDH;TUBA1B;TFRC;IGFBP2;FN1;SERPINE1;RAB25;CASP7;ATM;FASN;STAT5A;ASNS;SQSTM1;EEF2K;PDCD4;ACACA;TGM2;MAPK1;DIABLO;NF2;MAP2K1;PTEN;TP53;CHEK2;PEA15;EEF2;CDH2,1,2,2,1,,0.04932636236669901,0.2,0.2,4.751393637887681e-37;4.206807530373004e-14,3.305464425562116e-21,proxy_dimensions,2,,,,,0,278,0.9185519199758028,,,
BRAF,3,15,CAV1;GAB2;ETS1,GAPDH;TUBA1B;TFRC;IGFBP2;RAB25;CASP7;ATM;BCL2L11;SQSTM1;EEF2K;MAPK1;DIABLO;NF2;PTEN;TP53,1,4,4,3,,0.04932636236669901,0.2,0.15,6.865620191574071e-47;1.694699414142008e-23;3.457001994126982e-10;0.0023313436656140045,8.66419106842929e-27;8.047420632703888e-11;0.0010003863976821422,proxy_dimensions,4,,,,,0,278,1.0000882812742764,,,
CDH2,3,9,HSPA1A;STAT5A;SQSTM1,VHL;GAPDH;IGFBP2;SYK;RAB25;GAB2;BCL2L11;TP53;EEF2,1,4,4,3,,0.04932636236669901,0.4,0.2,1.0640110448062634e-25;9.100515807983225e-11;5.727313573120824e-06;0.019739310136666834,2.083088495924788e-25;6.594804759185463e-10;0.00010649304445334003,proxy_dimensions,4,,,,,0,278,0.9855139627511762,,,
CLDN7,1,20,PRKCA,VHL;GAPDH;TUBA1B;TFRC;ANXA1;CASP7;GAB2;STAT5A;EEF2K;ERBB2;PDCD4;TP53BP1;DIABLO;RBM15;MAP2K1;TP53;CDH2;KIT;PREX1;LCK,1,2,2,1,,0.04932636236669901,0.2,0.15,3.4450864529747717e-54;3.014437288125369e-24,5.167122444309085e-24,proxy_dimensions,2,,,,,0,279,0.9772829195283408,,,
CDH1,2,9,SERPINE1;CTNNB1,VHL;GAPDH;ANXA1;RAB25;GAB2;DIABLO;MAP2K1;PTEN;KIT,1,3,3,2,,0.04932636236669901,0.4,0.2,3.953024837453565e-25;2.630156704107796e-10;0.001975763870980269,5.744455003490762e-20;1.3836876107345077e-07,proxy_dimensions,3,,,,,0,279,0.9802714159469371,,,
HSPA1A,1,20,COL6A1,VHL;GAPDH;TUBA1B;TFRC;ANXA1;CASP7;GAB2;STAT5A;EEF2K;ERBB2;PDCD4;TP53BP1;DIABLO;RBM15;MAP2K1;TP53;CDH2;KIT;PREX1;LCK,1,2,2,1,,0.04932636236669901,0.2,0.15,2.2320713578731626e-40;1.3759573012885147e-12,1.871053114170824e-15,proxy_dimensions,2,,,,,0,279,1.016720988103636,,,
GAB2,1,57,VHL,MYH11;GAPDH;ESR1;TUBA1B;TFRC;IGFBP2;CLDN7;CCNB1;FN1;CAV1;CDH1;SERPINE1;HSPA1A;SYK;ANXA1;AR;RAB25;CASP7;RICTOR;CCNE1;ATM;INPP4B;FASN;CTNNB1;MSH6;STAT5A;MYC;ASNS;BCL2L11;SQSTM1;EEF2K;ERBB2;PDCD4;RPS6;ACACA;TP53BP1;TGM2;FOXM1;MSH2;MAPK1;DIABLO;BRAF;ERBB3;NF2;RBM15;MAP2K1;PTEN;TP53;ETS1;CHEK2;PEA15;COL6A1;EEF2;PRKCA;CDH2;PREX1;LCK,1,2,2,1,,0.04932636236669901,0.2,0.15,1.566568834669209e-38;7.227689128917821e-11,2.8159508651037894e-18,proxy_dimensions,2,,,,,0,279,0.9653722775952984,,,
ASNS,2,20,CHEK2;PRKCA,VHL;GAPDH;TUBA1B;TFRC;ANXA1;CASP7;GAB2;STAT5A;EEF2K;ERBB2;PDCD4;TP53BP1;DIABLO;RBM15;MAP2K1;TP53;CDH2;KIT;PREX1;LCK,1,3,3,2,,0.04932636236669901,0.2,0.15,3.619471154611656e-40;2.60747557040103e-17;0.00011267972020498493,6.977115813489384e-35;1.9282034809707983e-12,proxy_dimensions,3,,,,,0,279,0.9488466230918918,,,
BCL2L11,5,9,CCNE1;INPP4B;PDCD4;PEA15;PRKCA,VHL;GAPDH;ANXA1;RAB25;GAB2;DIABLO;MAP2K1;PTEN;KIT,1,4,4,4,0.03749561123160494,0.04932636236669901,0.4,0.2,2.6204957267726286e-37;1.5829284208924293e-21;1.2188053232490837e-08;0.0014476992770272898;0.5851970576950272;0.6180726904991305,2.123508003033896e-37;3.419683020944213e-20;1.1083045039242581e-13;2.008556832459043e-06,reported,4,0.25105438392104396,0.4838088776425135;0.33681983131375;0.3302001523359477;0.25105438392104396,0.02706390977190378,True,1,279,1.0286578557729005,1.0936232879227699,0.049670828634654295,0.45419572806127156
BRAF,3,27,CAV1;EEF2K;ETS1,VHL;GAPDH;ESR1;TFRC;IGFBP2;CLDN7;ANXA1;RAB25;CASP7;GAB2;STAT5A;ASNS;SQSTM1;ERBB2;PDCD4;RPS6;MAPK1;DIABLO;NF2;MAP2K1;PTEN;TP53;EEF2;CDH2;KIT;PREX1;LCK,1,4,4,3,,0.04932636236669901,0.4,0.25,1.7515184568962366e-102;1.6991170316428523e-61;2.6203552162489545e-32;4.114929420175381e-14,1.525798656503452e-75;1.9401786662143717e-46;6.38025730462e-20,proxy_dimensions,4,,,,,0,279,0.9937019663521961,,,
CDH2,2,9,STAT5A;SQSTM1,VHL;GAPDH;ANXA1;RAB25;GAB2;DIABLO;MAP2K1;PTEN;KIT,1,3,3,2,,0.04932636236669901,0.4,0.2,1.1655988723074206e-20;4.839858291636502e-09;0.02408381021005589,1.2895009431743482e-14;1.8929686643248604e-07,proxy_dimensions,3,,,,,0,279,0.9817655308190222,,,
CLDN7,3,3,CDH1;DIABLO;MAP2K1,GAPDH;RAB25;TP53,1,3,3,2,0.018220609074272365,0.04932636236669901,0.4,0.15,5.69700016714443e-17;5.9902036095082025e-05;0.023657955344071977,3.303407417673237e-06;0.0005384731651504668;0.24439842445570814,conditional_information_dimension,3,0.05783006274300525,0.2308575285541324;0.21132005166530968;0.05783006274300525,0.018220609074272365,False,0,280,0.9526973503623224,,,
CDH1,3,35,TFRC;CLDN7;CTNNB1,VHL;GAPDH;ESR1;TUBA1B;IGFBP2;FN1;SERPINE1;SYK;ANXA1;RAB25;CASP7;GAB2;ATM;FASN;STAT5A;ASNS;SQSTM1;EEF2K;ERBB2;PDCD4;ACACA;TGM2;MAPK1;DIABLO;BRAF;NF2;PTEN;ETS1;CHEK2;PEA15;EEF2;PRKCA;KIT;PREX1;LCK,1,4,4,3,,0.04932636236669901,0.2,0.15,1.3534508936707712e-97;2.3945788419943654e-52;3.713603741173237e-17;9.662934181364899e-05,9.038416070492673e-60;1.5335727053929853e-22;9.043340512686264e-09,proxy_dimensions,4,,,,,0,280,1.0082477964559233,,,
HSPA1A,3,3,ESR1;BRAF;COL6A1,GAPDH;RAB25;TP53,1,2,2,2,0.06259899830877062,0.04932636236669901,0.4,0.15,1.7049073787003061e-10;0.013605914641881293;0.07094190009781791,1.2130896912638695e-11;0.005188562105723471,reported,2,0.16014712351042182,0.34798494378308537;0.16014712351042182,0.050323558563700445,True,1,280,0.9113008157923018,-0.40479275790054775,0.027798118533731157,0.6748284299204824
GAB2,4,3,VHL;SQSTM1;BRAF;RBM15,GAPDH;RAB25;TP53,1,3,3,3,0.04283118179805981,0.04932636236669901,0.4,0.15,1.4245698816053804e-05;0.0012929738014898508;0.028760583800072424,1.932395767851463e-06;0.00031607319988244945;0.010993750544074527,reported,3,0.14859814691292075,0.24023350040560226;0.19801786600150062;0.14859814691292075,0.042831181798059816,True,1,280,0.9744166312566661,1.6856908870881475,0.06435382498532947,0.6248081562511392
ASNS,3,9,CAV1;ACACA;PRKCA,GAPDH;TFRC;IGFBP2;RAB25;SQSTM1;ERBB2;DIABLO;TP53;CHEK2,1,4,4,3,,0.04932636236669901,0.4,0.2,2.3263268903112945e-48;4.63877413484609e-23;8.445685934684076e-13;3.538656377977724e-06,3.9069064109876184e-36;1.0618093202875053e-19;6.090031168690498e-09,proxy_dimensions,4,,,,,0,280,1.0776445549437264,,,
BCL2L11,4,3,CCNE1;PDCD4;PEA15;PRKCA,GAPDH;RAB25;TP53,1,3,3,3,0.04166779816154382,0.04932636236669901,0.4,0.15,1.4952093666529016e-13;6.158278481707838e-06;0.016373473286272058,1.7468857071219029e-12;9.860243395350266e-05;0.005981786928746368,reported,3,0.1581877206165055,0.35391781961777685;0.20675906439743835;0.1581877206165055,0.04166779816154382,True,1,280,1.0092047266305544,1.4550883409356459,0.06574086700057248,0.6789151660420294
BRAF,2,57,GAB2;ETS1,MYH11;VHL;GAPDH;ESR1;TUBA1B;TFRC;IGFBP2;CLDN7;CCNB1;FN1;CAV1;CDH1;SERPINE1;HSPA1A;SYK;ANXA1;AR;RAB25;CASP7;RICTOR;CCNE1;ATM;INPP4B;FASN;CTNNB1;MSH6;STAT5A;MYC;ASNS;BCL2L11;SQSTM1;EEF2K;ERBB2;PDCD4;RPS6;ACACA;TP53BP1;TGM2;FOXM1;MSH2;MAPK1;DIABLO;ERBB3;NF2;RBM15;MAP2K1;PTEN;TP53;CHEK2;PEA15;COL6A1;EEF2;PRKCA;CDH2;KIT;PREX1;LCK,1,3,3,2,,0.04932636236669901,0.2,0.2,3.12777148591827e-96;3.578866164405913e-34;1.0675978603436223e-08,4.3687350406931773e-51;6.461972834794214e-13,proxy_dimensions,3,,,,,0,280,1.0420529836310575,,,
CDH2,3,3,CTNNB1;STAT5A;SQSTM1,GAPDH;RAB25;TP53,1,2,2,2,0.09842334262436084,0.04932636236669901,0.4,0.15,1.0804876486794679e-10;7.861486476150914e-05;0.5897790544343078,3.284380068208239e-11;7.7900426946667e-06,reported,2,0.2375549709468787,0.29604523602488514;0.2375549709468787,0.08048647722164116,True,1,280,0.9716599121911174,2.766772892646598,0.10837023264091633,0.57295639484299
CLDN7,2,20,CDH1;MAP2K1,GAPDH;ESR1;TUBA1B;TFRC;IGFBP2;SYK;RAB25;CASP7;ATM;ASNS;SQSTM1;EEF2K;ERBB2;MAPK1;DIABLO;NF2;PTEN;TP53;EEF2;PRKCA,1,3,3,2,,0.04932636236669901,0.2,0.15,4.270638296911675e-43;5.234910803254149e-14;3.3984298241230846e-06,4.0225092443221067e-25;4.1389326117666075e-10,proxy_dimensions,3,,,,,0,281,1.0343083737073784,,,
CDH1,2,20,CLDN7;CTNNB1,GAPDH;ESR1;TUBA1B;TFRC;IGFBP2;SYK;RAB25;CASP7;ATM;ASNS;SQSTM1;EEF2K;ERBB2;MAPK1;DIABLO;NF2;PTEN;TP53;EEF2;PRKCA,1,3,3,2,,0.04932636236669901,0.2,0.15,1.2916849331202434e-63;1.1141103987602962e-29;6.212294381372726e-06,1.4534880790837567e-35;2.4174031920585065e-08,proxy_dimensions,3,,,,,0,281,1.0200990670414682,,,
HSPA1A,2,34,COL6A1;KIT,VHL;GAPDH;ESR1;TFRC;IGFBP2;FN1;SERPINE1;SYK;AR;RAB25;CASP7;GAB2;ATM;FASN;STAT5A;MYC;ASNS;SQSTM1;EEF2K;ERBB2;PDCD4;ACACA;TGM2;MAPK1;DIABLO;NF2;MAP2K1;PTEN;TP53;PEA15;EEF2;CDH2;PREX1;LCK,1,3,3,2,,0.04932636236669901,0.4,0.25,1.6723011083996886e-66;1.2476832382344306e-24;3.1802717284004916e-11,6.269867187038189e-47;7.887080506383639e-14,proxy_dimensions,3,,,,,0,281,0.9751351280646349,,,
GAB2,2,20,VHL;BRAF,GAPDH;ESR1;TUBA1B;TFRC;IGFBP2;SYK;RAB25;CASP7;ATM;ASNS;SQSTM1;EEF2K;ERBB2;MAPK1;DIABLO;NF2;PTEN;TP53;EEF2;PRKCA,1,3,3,2,,0.04932636236669901,0.2,0.15,3.0765698470116847e-37;2.446865158150561e-10;0.00029483240192941003,8.850233577790243e-24;8.234277217017868e-06,proxy_dimensions,3,,,,,0,281,0.9594590876686646,,,
ASNS,4,2,FN1;ACACA;COL6A1;PRKCA,CASP7;PTEN,1,2,2,2,0.053231576790330824,0.04932636236669901,0.4,0.15,3.777450738719802e-07;0.01591658579737776,1.1097301749173133e-06;0.01706278578755833,reported,2,0.15768064655505507,0.2769337280723709;0.15768064655505507,0.05323157679033085,True,1,281,1.062273870718021,-1.0582104066433395,0.04455137471196522,0.6383503927027103
BCL2L11,3,6,CCNE1;INPP4B;PDCD4,RAB25;CASP7;ERBB2;MAP2K1;PTEN;TP53,1,3,3,2,0.018995586652025772,0.04932636236669901,0.4,0.2,2.4366260460670925e-17;3.358139125555778e-06;0.0024979199942182814;0.23749438230657202,3.409547691084052e-19;4.595386532587261e-06;0.2038661547479434,conditional_information_dimension,3,0.06311332032084223,0.41895336657256255;0.26091884827177697;0.06311332032084223,0.02559708061765415,False,0,281,0.9581177043183456,,,
BRAF,2,20,GAB2;ETS1,GAPDH;ESR1;TUBA1B;TFRC;IGFBP2;SYK;RAB25;CASP7;ATM;ASNS;SQSTM1;EEF2K;ERBB2;MAPK1;DIABLO;NF2;PTEN;TP53;EEF2;PRKCA,1,3,3,2,,0.04932636236669901,0.2,0.15,2.1272528819599713e-55;7.526546146355051e-23;1.2818976690623862e-06,3.2401013429573154e-29;4.190921024338693e-08,proxy_dimensions,3,,,,,0,281,0.9903419082037944,,,
CDH2,2,20,CCNE1;ACACA,GAPDH;ESR1;TUBA1B;TFRC;IGFBP2;SYK;RAB25;CASP7;ATM;ASNS;SQSTM1;EEF2K;ERBB2;MAPK1;DIABLO;NF2;PTEN;TP53;EEF2;PRKCA,1,3,3,2,,0.04932636236669901,0.2,0.15,2.46133812125061e-61;1.1255376363341618e-22;1.9218758636831596e-09,1.7683410726949765e-52;1.621573084564136e-14,proxy_dimensions,3,,,,,0,281,1.0284251797650987,,,
CLDN7,2,3,CDH1;MAPK1,IGFBP2;PTEN;TP53,1,3,3,2,,0.04932636236669901,0.4,0.15,1.575351562923899e-08;2.763789588611576e-05;0.004691794726482828,2.943703083721613e-05;0.016628608771273548,proxy_dimensions,3,,,,,0,282,1.0162108730763646,,,
CDH1,3,55,CLDN7;SERPINE1;CTNNB1,MYH11;VHL;GAPDH;ESR1;TUBA1B;TFRC;IGFBP2;CCNB1;CAV1;HSPA1A;SYK;ANXA1;AR;RAB25;CASP7;RICTOR;CCNE1;GAB2;ATM;INPP4B;FASN;MSH6;STAT5A;MYC;ASNS;BCL2L11;SQSTM1;EEF2K;ERBB2;PDCD4;RPS6;ACACA;TP53BP1;TGM2;FOXM1;MSH2;MAPK1;DIABLO;BRAF;ERBB3;NF2;RBM15;MAP2K1;PTEN;TP53;ETS1;CHEK2;PEA15;COL6A1;EEF2;PRKCA;CDH2;KIT;PREX1;LCK,1,4,4,3,,0.04932636236669901,0.2,0.15,1.1723295363250198e-117;3.7061321693261094e-61;6.406758203635244e-30;2.4246239749531674e-09,1.3374551218219758e-86;2.653154251054045e-38;1.652996187697995e-17,proxy_dimensions,4,,,,,0,282,1.0718804001905449,,,
HSPA1A,2,46,SYK;COL6A1,VHL;GAPDH;TUBA1B;TFRC;IGFBP2;CLDN7;CCNB1;FN1;CDH1;SERPINE1;ANXA1;RAB25;CASP7;CCNE1;GAB2;ATM;CTNNB1;MSH6;STAT5A;ASNS;BCL2L11;SQSTM1;EEF2K;ERBB2;RPS6;TP53BP1;TGM2;FOXM1;MSH2;MAPK1;DIABLO;BRAF;NF2;RBM15;MAP2K1;PTEN;TP53;ETS1;CHEK2;PEA15;EEF2;PRKCA;CDH2;KIT;PREX1;LCK,1,3,3,2,,0.04932636236669901,0.2,0.15,1.5378916836371988e-68;1.0408253492771215e-17;2.1311373082355514e-06,9.943402267047776e-49;3.9071698384934006e-07,proxy_dimensions,3,,,,,0,282,0.975268310579152,,,
GAB2,2,9,VHL;BRAF,GAPDH;IGFBP2;RAB25;ERBB2;MAPK1;NF2;MAP2K1;PTEN;TP53,1,3,3,2,,0.04932636236669901,0.4,0.2,1.3141295848537384e-18;7.176583730164647e-10;0.024149911977800143,5.064952842142239e-13;9.85077136078463e-06,proxy_dimensions,3,,,,,0,282,0.992250512759507,,,
ASNS,4,3,CCNB1;ERBB2;CHEK2;PRKCA,IGFBP2;PTEN;TP53,1,2,2,2,0.07436141008428229,0.04932636236669901,0.4,0.15,2.173741802539399e-16;3.878785178519419e-08;0.5142496779687682,9.453913313794065e-13;0.0005345271746288401,reported,2,0.20628153914288702,0.3595608707616603;0.20628153914288702,0.062092083940711695,True,1,282,0.922544954288153,-1.1571982200540685,0.07378068808551837,0.5106940236356854
BCL2L11,4,3,ANXA1;CCNE1;PDCD4;TGM2,IGFBP2;PTEN;TP53,1,2,2,2,0.0808487543290908,0.04932636236669901,0.4,0.15,1.894239059795967e-13;0.00014503642370973608;0.583615408023842,1.404828523089461e-14;9.489800031203459e-05,reported,2,0.22605419973666244,0.3754766790885621;0.22605419973666244,0.06660163707818718,True,1,282,1.003168367423401,0.44743523778488165,0.02160303464821609,0.4769110843618612
BRAF,4,9,SYK;GAB2;EEF2K;ETS1,GAPDH;IGFBP2;RAB25;ERBB2;MAPK1;NF2;MAP2K1;PTEN;TP53,1,4,4,4,0.04753725222991866,0.04932636236669901,0.4,0.2,1.6452167729080246e-26;2.3768046127006396e-11;0.0003375994136420879;0.004162801753819078;0.0910572660961347,1.4578730514957953e-26;8.278253663556554e-17;2.124363395008301e-07;2.550854570690721e-05,reported,4,0.20731659459591809,0.3920860026248561;0.37107587710231243;0.21405934347263367;0.20731659459591809,0.033538722132169865,True,1,282,1.005736455772712,-0.9230657818604735,0.029600124081732158,0.5096191314626128
CDH2,3,9,CCNE1;STAT5A;SQSTM1,GAPDH;IGFBP2;RAB25;ERBB2;MAPK1;NF2;MAP2K1;PTEN;TP53,1,4,4,3,,0.04932636236669901,0.4,0.2,6.399607874821016e-20;4.513698646664018e-11;7.668828558147167e-05;0.049122891461607206,6.336426527701658e-17;5.6567022287587885e-09;0.0013054946564136456,proxy_dimensions,4,,,,,0,282,0.9808590015826714,,,
CLDN7,1,58,PEA15,MYH11;VHL;GAPDH;ESR1;TUBA1B;TFRC;IGFBP2;CCNB1;FN1;CAV1;CDH1;SERPINE1;HSPA1A;SYK;ANXA1;AR;RAB25;CASP7;RICTOR;CCNE1;GAB2;ATM;INPP4B;FASN;CTNNB1;MSH6;STAT5A;MYC;ASNS;BCL2L11;SQSTM1;EEF2K;ERBB2;PDCD4;RPS6;ACACA;TP53BP1;TGM2;FOXM1;MSH2;MAPK1;DIABLO;BRAF;ERBB3;NF2;RBM15;MAP2K1;PTEN;TP53;ETS1;CHEK2;COL6A1;EEF2;PRKCA;CDH2;KIT;PREX1;LCK,2,2,2,1,,0.04932636236669901,0.2,0.15,1.7053142148084915e-103;3.9182029009031495e-47,1.3055365167530276e-55,proxy_dimensions,2,,,,,0,283,1.0357805822937731,,,
CDH1,3,5,CLDN7;CTNNB1;CDH2,GAPDH;IGFBP2;RAB25;MAP2K1;PTEN,2,4,4,3,,0.04932636236669901,0.4,0.2,9.619477623672321e-15;3.5207538310054237e-09;4.188348339261014e-05;0.0010508378054568273,1.7131442781250434e-10;7.684216640086725e-05;0.0012284505294765792,proxy_dimensions,4,,,,,0,283,0.9881622683881957,,,
HSPA1A,3,5,COL6A1;CDH2;KIT,GAPDH;IGFBP2;RAB25;MAP2K1;PTEN,2,3,3,2,0.01578113486305269,0.04932636236669901,0.4,0.2,2.8913188108219906e-10;0.00027593470462344675;0.038424313787456164;0.9576987450807559,2.3598025760835193e-10;0.0002386073699490226;0.3130606564360131,conditional_information_dimension,3,0.050128139560021066,0.31503877554873444;0.22283519235754023;0.050128139560021066,0.01268161739715569,False,0,283,0.9994363749701911,,,
GAB2,2,57,VHL;KIT,MYH11;GAPDH;ESR1;TUBA1B;TFRC;IGFBP2;CLDN7;CCNB1;FN1;CAV1;CDH1;SERPINE1;HSPA1A;SYK;ANXA1;AR;RAB25;CASP7;RICTOR;CCNE1;ATM;INPP4B;FASN;CTNNB1;MSH6;STAT5A;MYC;ASNS;BCL2L11;SQSTM1;EEF2K;ERBB2;PDCD4;RPS6;ACACA;TP53BP1;TGM2;FOXM1;MSH2;MAPK1;DIABLO;BRAF;ERBB3;NF2;RBM15;MAP2K1;PTEN;TP53;ETS1;CHEK2;PEA15;COL6A1;EEF2;PRKCA;CDH2;PREX1;LCK,2,3,3,2,,0.04932636236669901,0.4,0.25,1.1379274670929479e-85;1.352787742355015e-34;2.569998142594649e-13,2.242812731057631e-67;2.7076086897852085e-16,proxy_dimensions,3,,,,,0,283,1.0318782579652532,,,
ASNS,2,34,CCNB1;CHEK2,VHL;GAPDH;TUBA1B;TFRC;IGFBP2;CLDN7;CDH1;SYK;ANXA1;RAB25;CASP7;GAB2;ATM;FASN;CTNNB1;STAT5A;BCL2L11;ERBB2;PDCD4;ACACA;TP53BP1;MAPK1;DIABLO;BRAF;NF2;RBM15;MAP2K1;TP53;ETS1;PEA15;CDH2;KIT;PREX1;LCK,2,3,3,2,,0.04932636236669901,0.2,0.15,6.691079480789799e-79;3.321151098244347e-33;2.3128043251737347e-09,2.7472764738419916e-53;1.1976575683206328e-22,proxy_dimensions,3,,,,,0,283,1.0029461758128522,,,
BCL2L11,1,58,RAB25,MYH11;VHL;GAPDH;ESR1;TUBA1B;TFRC;IGFBP2;CLDN7;CCNB1;FN1;CAV1;CDH1;SERPINE1;HSPA1A;SYK;ANXA1;AR;CASP7;RICTOR;CCNE1;GAB2;ATM;INPP4B;FASN;CTNNB1;MSH6;STAT5A;MYC;ASNS;SQSTM1;EEF2K;ERBB2;PDCD4;RPS6;ACACA;TP53BP1;TGM2;FOXM1;MSH2;MAPK1;DIABLO;BRAF;ERBB3;NF2;RBM15;MAP2K1;PTEN;TP53;ETS1;CHEK2;PEA15;COL6A1;EEF2;PRKCA;CDH2;KIT;PREX1;LCK,2,2,2,1,,0.04932636236669901,0.2,0.15,2.9251377282849605e-55;2.958630466418122e-25,4.6211157539459015e-25,proxy_dimensions,2,,,,,0,283,1.0042673822400356,,,
BRAF,2,24,CAV1;ETS1,VHL;GAPDH;TFRC;IGFBP2;SYK;RAB25;GAB2;ATM;FASN;ASNS;EEF2K;ERBB2;PDCD4;RPS6;ACACA;MAPK1;DIABLO;NF2;MAP2K1;PTEN;TP53;PEA15;EEF2;KIT,2,3,3,2,,0.04932636236669901,0.4,0.25,1.7994117219102427e-72;3.357173562764151e-31;1.892276154130462e-10,3.069059771274268e-34;7.814773535539882e-11,proxy_dimensions,3,,,,,0,283,1.084213557728329,,,
CDH2,3,24,HSPA1A;STAT5A;SQSTM1,VHL;GAPDH;TFRC;IGFBP2;SYK;RAB25;GAB2;ATM;FASN;ASNS;EEF2K;ERBB2;PDCD4;RPS6;ACACA;MAPK1;DIABLO;NF2;MAP2K1;PTEN;TP53;PEA15;EEF2;KIT,2,4,4,3,,0.04932636236669901,0.4,0.25,9.503145638991356e-47;7.94488197180525e-23;1.925874348677494e-13;1.9279121173445782e-05,1.2478969732832426e-35;2.847107258566099e-15;1.1002023478031665e-05,proxy_dimensions,4,,,,,0,283,0.9502494055005427,,,
CLDN7,2,14,CDH1;PRKCA,VHL;TUBA1B;TFRC;SYK;ANXA1;CASP7;CCNE1;BCL2L11;SQSTM1;PDCD4;DIABLO;NF2;PTEN;CHEK2,1,3,3,2,,0.04932636236669901,0.2,0.15,5.077794580304821e-33;4.2496770385339505e-17;5.301477520929127e-06,5.327348120776134e-23;9.488994147551113e-07,proxy_dimensions,3,,,,,0,284,1.0095591564036388,,,
CDH1,2,14,CLDN7;CTNNB1,VHL;TUBA1B;TFRC;SYK;ANXA1;CASP7;CCNE1;BCL2L11;SQSTM1;PDCD4;DIABLO;NF2;PTEN;CHEK2,1,3,3,2,,0.04932636236669901,0.2,0.15,9.636743181867748e-37;1.0063975278977843e-13;6.004727197006241e-06,1.2405016881399864e-28;5.843525331373094e-07,proxy_dimensions,3,,,,,0,284,0.9735167682404293,,,
HSPA1A,3,9,STAT5A;COL6A1;KIT,VHL;GAPDH;TFRC;RAB25;GAB2;ATM;PDCD4;MAP2K1;TP53,1,4,4,3,,0.04932636236669901,0.4,0.2,2.207160026344776e-28;4.758165098432581e-17;8.806424151357597e-08;0.004984944282860666,1.4340628515402828e-27;2.6414864189491337e-16;8.273687543518372e-07,proxy_dimensions,4,,,,,0,284,0.9711573675822861,,,
GAB2,2,14,RAB25;KIT,VHL;TUBA1B;TFRC;SYK;ANXA1;CASP7;CCNE1;BCL2L11;SQSTM1;PDCD4;DIABLO;NF2;PTEN;CHEK2,1,3,3,2,,0.04932636236669901,0.2,0.15,2.385961300179875e-39;3.819956218624929e-18;7.831943722092993e-07,4.055758786357766e-26;8.303298959459573e-08,proxy_dimensions,3,,,,,0,284,0.9693359849130289,,,
ASNS,3,9,CCNB1;ACACA;CHEK2,VHL;GAPDH;TFRC;RAB25;GAB2;ATM;PDCD4;MAP2K1;TP53,1,2,2,2,0.10080410539079286,0.04932636236669901,0.4,0.2,7.73261098366848e-19;9.771123638314654e-08;0.07544216334650991;0.18334391451450224,3.7612318550518363e-20;1.3706486644596225e-06,reported,2,0.2539568095761828,0.4159746004577587;0.2539568095761828,0.05325097109694675,True,1,284,0.952247329159604,2.383728645081764,0.12275365133146324,0.5980698411878405
BCL2L11,2,9,ANXA1;CCNE1,VHL;GAPDH;TFRC;RAB25;GAB2;ATM;PDCD4;MAP2K1;TP53,1,3,3,2,,0.04932636236669901,0.4,0.2,1.1505953154529043e-16;7.453401018470934e-09;0.0014428816253270458,1.4970821857861616e-08;0.0012430882656943722,proxy_dimensions,3,,,,,0,284,1.0008352193701198,,,
BRAF,2,9,CAV1;ETS1,VHL;GAPDH;TFRC;RAB25;GAB2;ATM;PDCD4;MAP2K1;TP53,1,3,3,2,,0.04932636236669901,0.4,0.2,6.318546172180774e-27;1.5301843406921803e-09;0.0012113538023878823,1.9280782380724142e-10;0.0015097102700269008,proxy_dimensions,3,,,,,0,284,0.9976430868999574,,,
CDH2,2,9,STAT5A;KIT,VHL;GAPDH;TFRC;RAB25;GAB2;ATM;PDCD4;MAP2K1;TP53,1,3,3,2,,0.04932636236669901,0.4,0.2,5.032713731059785e-29;4.9317447028364384e-15;0.0005619346339849639,3.102748980859823e-24;1.099264385179827e-10,proxy_dimensions,3,,,,,0,284,1.0117469416181266,,,
CLDN7,4,2,RAB25;DIABLO;MAP2K1;PRKCA,TFRC;TP53,1,2,2,2,0.06789311120668562,0.04932636236669901,0.4,0.15,4.379213707355561e-15;2.0164098277761178e-07,1.5064224970962312e-08;0.0014452442326806376,reported,2,0.19380448145066315,0.2947518924217273;0.19380448145066315,0.06789311120668552,True,1,285,0.9575855823172499,-6.934818684165705,-0.28858052976270165,0.5279393718592583
CDH1,4,7,FN1;SERPINE1;CTNNB1;CDH2,GAPDH;TUBA1B;TFRC;MAP2K1;PTEN;TP53;EEF2,1,3,3,3,0.05380120481840516,0.04932636236669901,0.4,0.2,1.444612732385138e-29;6.786746549754324e-15;0.002298900009508215;0.27764000378126924;0.7816265367873796,4.4411520770242055e-27;9.51575870834941e-13;5.6840687574438186e-05,reported,3,0.21734791906581397,0.4406899589865431;0.3368583416385546;0.21734791906581397,0.04065615191527387,True,1,285,1.004490156917865,-0.290627081785218,0.08404968713624907,0.5377845345356363
HSPA1A,2,7,COL6A1;CDH2,GAPDH;TUBA1B;TFRC;MAP2K1;PTEN;TP53;EEF2,1,3,3,2,,0.04932636236669901,0.4,0.2,1.4227368222145896e-18;2.6880966558352775e-05;0.02239438105390809,1.3322629880829522e-16;0.010990702446373828,proxy_dimensions,3,,,,,0,285,0.9717276538398981,,,
GAB2,3,7,VHL;RAB25;KIT,GAPDH;TUBA1B;TFRC;MAP2K1;PTEN;TP53;EEF2,1,4,4,3,,0.04932636236669901,0.4,0.2,1.9503860520697279e-10;6.962416612588386e-06;0.0005408170106876425;0.005547421863245016,8.10976833377307e-07;0.00019239799237792655;0.009158751484873566,proxy_dimensions,4,,,,,0,285,1.011011766618276,,,
ASNS,4,23,CAV1;FASN;CHEK2;COL6A1,VHL;GAPDH;TUBA1B;TFRC;IGFBP2;CLDN7;RAB25;GAB2;ATM;STAT5A;EEF2K;RPS6;TGM2;MAPK1;DIABLO;BRAF;NF2;MAP2K1;PTEN;TP53;PEA15;EEF2;KIT,1,5,5,4,,0.04932636236669901,0.4,0.25,6.2777644226948146e-65;3.4176528424897877e-22;1.5714517548233521e-13;5.797804264834638e-08;0.00043179870224206485,5.416194815035882e-50;2.5352631816161337e-16;3.529310300076139e-10;7.431017266692671e-06,proxy_dimensions,5,,,,,0,285,1.004478197167088,,,
BCL2L11,2,16,CCNE1;PRKCA,GAPDH;TFRC;IGFBP2;FN1;SERPINE1;SYK;ANXA1;STAT5A;TP53BP1;MAPK1;DIABLO;RBM15;MAP2K1;PTEN;TP53;CDH2,1,3,3,2,,0.04932636236669901,0.2,0.15,2.5988648499752177e-33;1.0880642605965617e-17;0.0004599698658576932,8.158026708911578e-26;1.613816750707325e-10,proxy_dimensions,3,,,,,0,285,0.9667167466080675,,,
BRAF,2,16,CAV1;EEF2K,GAPDH;TFRC;IGFBP2;FN1;SERPINE1;SYK;ANXA1;STAT5A;TP53BP1;MAPK1;DIABLO;RBM15;MAP2K1;PTEN;TP53;CDH2,1,3,3,2,,0.04932636236669901,0.2,0.15,5.144000960278511e-55;3.211302592397461e-27;1.2147293031663307e-06,1.1302066720443613e-38;2.9020123410571053e-16,proxy_dimensions,3,,,,,0,285,1.0072811369730088,,,
CDH2,4,7,CDH1;HSPA1A;STAT5A;SQSTM1,GAPDH;TUBA1B;TFRC;MAP2K1;PTEN;TP53;EEF2,1,4,4,4,0.04331587610398048,0.04932636236669901,0.4,0.2,1.6576077338760313e-25;8.461259451479067e-15;3.694369060228248e-05;0.0013264892209378539;0.0698004363524256,4.5296866541819247e-29;6.635446374647029e-18;2.5031362218194446e-07;0.00010629679116179709,reported,4,0.19116331793736288,0.41059824536661904;0.3872178985721738;0.22667767337974568;0.19116331793736288,0.034344783989436675,True,1,285,1.0413206120995053,1.6597328151650081,0.0015250472817833678,0.49386047494344437
CLDN7,1,26,CDH1,VHL;GAPDH;TUBA1B;IGFBP2;FN1;SERPINE1;SYK;ANXA1;RAB25;GAB2;FASN;ASNS;BCL2L11;SQSTM1;PDCD4;ACACA;TGM2;MAPK1;DIABLO;RBM15;MAP2K1;PTEN;TP53;CHEK2;PEA15;KIT,1,2,2,1,,0.04932636236669901,0.2,0.15,1.8578338885223315e-44;1.4185489398356051e-08,5.992571092366479e-13,proxy_dimensions,2,,,,,0,286,1.0206473463366548,,,
CDH1,3,8,CLDN7;CTNNB1;KIT,TUBA1B;TFRC;IGFBP2;GAB2;RBM15;MAP2K1;PTEN;TP53,1,3,3,3,0.07653030555446169,0.04932636236669901,0.4,0.2,1.2237010530376621e-43;1.2704651665850122e-13;2.4924432956822666e-07;0.16559977201489595,1.731396749263015e-36;4.7484055442178375e-15;7.430028001442126e-07,reported,3,0.24242809490681302,0.5040765421029698;0.33684665606192693;0.24242809490681302,0.05406734059637059,True,1,286,0.9480249257563539,1.446070971782695,0.12591700543031115,0.5689160606069945
HSPA1A,2,26,STAT5A;COL6A1,VHL;GAPDH;TUBA1B;IGFBP2;FN1;SERPINE1;SYK;ANXA1;RAB25;GAB2;FASN;ASNS;BCL2L11;SQSTM1;PDCD4;ACACA;TGM2;MAPK1;DIABLO;RBM15;MAP2K1;PTEN;TP53;CHEK2;PEA15;KIT,1,3,3,2,,0.04932636236669901,0.2,0.15,8.701127433774231e-41;3.6688103601838194e-19;0.00023726181119360608,3.5604830100350286e-33;5.6337905623669066e-14,proxy_dimensions,3,,,,,0,286,0.9682589025284999,,,
GAB2,0,0,,,1,0,0,0,,0.04932636236669901,0.2,0.15,,,no_shared_direction,0,,,,,0,286,0.9706415442259322,,,
ASNS,2,8,CCNB1;PRKCA,TUBA1B;TFRC;IGFBP2;GAB2;RBM15;MAP2K1;PTEN;TP53,1,2,2,2,0.13451082820722754,0.04932636236669901,0.4,0.2,1.86797960352205e-30;2.150340431053532e-11;0.3452141219025963,5.706488666952129e-29;1.394332332377765e-08,reported,2,0.27627205917650044,0.4803606483945228;0.27627205917650044,0.08049792418212598,True,1,286,0.9422740363482313,2.737837106741996,0.1552231994310311,0.5106782606482895
BCL2L11,2,8,RAB25;CCNE1,TUBA1B;TFRC;IGFBP2;GAB2;RBM15;MAP2K1;PTEN;TP53,1,3,3,2,,0.04932636236669901,0.4,0.2,3.877472389912757e-22;5.633177635770043e-08;0.023670278121565108,3.190752745717305e-14;2.3102289119632216e-06,proxy_dimensions,3,,,,,0,286,1.0349762428953746,,,
BRAF,3,8,RICTOR;EEF2K;ETS1,TUBA1B;TFRC;IGFBP2;GAB2;RBM15;MAP2K1;PTEN;TP53,1,3,3,3,0.03293840657715086,0.04932636236669901,0.4,0.2,3.1246940271434947e-47;2.511949182498066e-16;1.391927619707835e-05;0.2873630862573571,5.713727532872629e-26;3.2010848828587564e-10;0.04929122579219261,reported,3,0.09752179106301671,0.4488247212967964;0.32915360200902627;0.09752179106301671,0.03135844153403958,True,1,286,1.053043054316225,9.797304147744855,0.5377610354775393,0.33871542294572854
CDH2,2,26,CCNE1;STAT5A,VHL;GAPDH;TUBA1B;IGFBP2;FN1;SERPINE1;SYK;ANXA1;RAB25;GAB2;FASN;ASNS;BCL2L11;SQSTM1;PDCD4;ACACA;TGM2;MAPK1;DIABLO;RBM15;MAP2K1;PTEN;TP53;CHEK2;PEA15;KIT,1,3,3,2,,0.04932636236669901,0.2,0.15,1.130331462505144e-52;1.4248273240907113e-28;4.4859533999117295e-09,5.150112706185848e-34;2.722902285893645e-12,proxy_dimensions,3,,,,,0,286,1.02534770348923,,,
CLDN7,2,9,CDH1;PRKCA,TFRC;RAB25;BCL2L11;ERBB2;MAPK1;DIABLO;MAP2K1;TP53;EEF2,1,3,3,2,,0.04932636236669901,0.4,0.2,6.057327675421691e-36;4.7924040117207626e-14;5.997924846029063e-05,1.5737926130602485e-13;6.899119796801028e-05,proxy_dimensions,3,,,,,0,287,1.0164073052745357,,,
CDH1,3,34,CLDN7;CTNNB1;CDH2,VHL;GAPDH;ESR1;TUBA1B;TFRC;IGFBP2;FN1;SERPINE1;SYK;ANXA1;AR;RAB25;CASP7;GAB2;FASN;STAT5A;ASNS;SQSTM1;EEF2K;ERBB2;PDCD4;ACACA;TP53BP1;MAPK1;DIABLO;NF2;MAP2K1;PTEN;TP53;CHEK2;EEF2;KIT;PREX1;LCK,1,4,4,3,,0.04932636236669901,0.2,0.15,1.4718611656941032e-87;3.063441849852444e-50;5.093646654519938e-19;4.057270832833031e-05,9.4851029864531e-69;2.8491123022709474e-32;5.2062587754887893e-14,proxy_dimensions,4,,,,,0,287,1.0149294039693488,,,
HSPA1A,1,34,COL6A1,VHL;GAPDH;ESR1;TUBA1B;TFRC;IGFBP2;FN1;SERPINE1;SYK;ANXA1;AR;RAB25;CASP7;GAB2;FASN;STAT5A;ASNS;SQSTM1;EEF2K;ERBB2;PDCD4;ACACA;TP53BP1;MAPK1;DIABLO;NF2;MAP2K1;PTEN;TP53;CHEK2;EEF2;KIT;PREX1;LCK,1,2,2,1,,0.04932636236669901,0.2,0.15,4.7132909441396775e-28;3.955272348561553e-09,4.303299069215094e-14,proxy_dimensions,2,,,,,0,287,0.969154076255596,,,
GAB2,2,9,VHL;BRAF,TFRC;RAB25;BCL2L11;ERBB2;MAPK1;DIABLO;MAP2K1;TP53;EEF2,1,2,2,2,0.0882872783359099,0.04932636236669901,0.4,0.2,2.212206396760547e-30;6.762541615409569e-10;0.20259893128251527,5.0324757147256054e-26;3.6585299212373346e-05,reported,2,0.20286295896731218,0.48308135984317535;0.20286295896731218,0.051447733009374254,True,1,287,0.9875525687760142,5.043805784175065,0.13535821047645027,0.6468217166408303
ASNS,1,58,CHEK2,MYH11;VHL;GAPDH;ESR1;TUBA1B;TFRC;IGFBP2;CLDN7;CCNB1;FN1;CAV1;CDH1;SERPINE1;HSPA1A;SYK;ANXA1;AR;RAB25;CASP7;RICTOR;CCNE1;GAB2;ATM;INPP4B;FASN;CTNNB1;MSH6;STAT5A;MYC;BCL2L11;SQSTM1;EEF2K;ERBB2;PDCD4;RPS6;ACACA;TP53BP1;TGM2;FOXM1;MSH2;MAPK1;DIABLO;BRAF;ERBB3;NF2;RBM15;MAP2K1;PTEN;TP53;ETS1;PEA15;COL6A1;EEF2;PRKCA;CDH2;KIT;PREX1;LCK,1,2,2,1,,0.04932636236669901,0.2,0.15,3.8684599168670015e-65;1.297254474662006e-20,1.1164600261579309e-35,proxy_dimensions,2,,,,,0,287,1.0340790863973375,,,
BCL2L11,1,34,PRKCA,VHL;GAPDH;ESR1;TUBA1B;TFRC;IGFBP2;FN1;SERPINE1;SYK;ANXA1;AR;RAB25;CASP7;GAB2;FASN;STAT5A;ASNS;SQSTM1;EEF2K;ERBB2;PDCD4;ACACA;TP53BP1;MAPK1;DIABLO;NF2;MAP2K1;PTEN;TP53;CHEK2;EEF2;KIT;PREX1;LCK,1,2,2,1,,0.04932636236669901,0.2,0.15,5.386787886812408e-52;1.3723150814145736e-17,2.7315899025472447e-37,proxy_dimensions,2,,,,,0,287,1.0193705333411283,,,
BRAF,5,9,CAV1;GAB2;CTNNB1;EEF2K;ETS1,TFRC;RAB25;BCL2L11;ERBB2;MAPK1;DIABLO;MAP2K1;TP53;EEF2,1,4,4,4,0.05009082238649231,0.04932636236669901,0.4,0.2,6.34649225184268e-46;1.1870991666368508e-22;7.175979700144436e-12;2.309985606316361e-06;0.25490043031730214;0.44697605139281626,1.2096352545388907e-40;7.214107206450954e-21;6.464221990018806e-14;3.441458626142075e-06,reported,4,0.24601023724788595,0.5079092653099994;0.344049618107069;0.33751613056841545;0.24601023724788595,0.04037612960677739,True,1,287,1.0441824705023317,-4.827293320017733,-0.09586612561375453,0.5775681387015875
CDH2,2,9,CDH1;SQSTM1,TFRC;RAB25;BCL2L11;ERBB2;MAPK1;DIABLO;MAP2K1;TP53;EEF2,1,3,3,2,,0.04932636236669901,0.4,0.2,4.585531801152189e-24;9.607801216295538e-09;0.00011708419270518116,1.0449600649622472e-19;1.7153517597973244e-05,proxy_dimensions,3,,,,,0,287,0.9712089443848291,,,
CLDN7,2,54,DIABLO;PRKCA,MYH11;VHL;GAPDH;ESR1;TUBA1B;TFRC;IGFBP2;CCNB1;FN1;CAV1;CDH1;SERPINE1;HSPA1A;SYK;ANXA1;AR;RAB25;CASP7;RICTOR;CCNE1;GAB2;ATM;INPP4B;FASN;CTNNB1;MSH6;STAT5A;MYC;ASNS;SQSTM1;EEF2K;ERBB2;PDCD4;RPS6;ACACA;TGM2;FOXM1;MSH2;MAPK1;BRAF;ERBB3;NF2;RBM15;MAP2K1;PTEN;TP53;ETS1;CHEK2;PEA15;COL6A1;EEF2;CDH2;PREX1;LCK,1,3,3,2,,0.04932636236669901,0.2,0.15,1.78544047967755e-115;1.9119285333255344e-62;6.398483451556222e-23,9.163767868718112e-73;1.018839753820262e-22,proxy_dimensions,3,,,,,0,288,0.9832573922711089,,,
CDH1,2,16,CLDN7;CTNNB1,GAPDH;TUBA1B;TFRC;RAB25;CASP7;ATM;ASNS;EEF2K;RPS6;TGM2;MAP2K1;PTEN;TP53;PEA15;EEF2;KIT,1,3,3,2,,0.04932636236669901,0.4,0.2,4.1971737031863926e-50;1.7995718277120782e-20;2.3987765593849753e-05,1.9900670519996833e-30;6.218288652339849e-13,proxy_dimensions,3,,,,,0,288,1.0223405412826072,,,
HSPA1A,3,16,PDCD4;COL6A1;CDH2,GAPDH;TUBA1B;TFRC;RAB25;CASP7;ATM;ASNS;EEF2K;RPS6;TGM2;MAP2K1;PTEN;TP53;PEA15;EEF2;KIT,1,4,4,3,,0.04932636236669901,0.4,0.2,1.1747167963470298e-50;1.7463205294056488e-17;5.5959258716864274e-08;0.0025457284089677634,2.3259856332367235e-36;1.6378538395589e-13;0.000689211701976303,proxy_dimensions,4,,,,,0,288,0.936759715750607,,,
GAB2,2,16,VHL;BRAF,GAPDH;TUBA1B;TFRC;RAB25;CASP7;ATM;ASNS;EEF2K;RPS6;TGM2;MAP2K1;PTEN;TP53;PEA15;EEF2;KIT,1,3,3,2,,0.04932636236669901,0.4,0.2,1.514360955033538e-36;4.329682212474105e-15;5.5122309025747195e-06,1.36235390645073e-29;8.641620437690693e-10,proxy_dimensions,3,,,,,0,288,0.9884520568134298,,,
ASNS,2,1,CHEK2;PRKCA,TFRC,1,1,1,1,0.2186348879472727,0.04932636236669901,0.4,0.15,8.377959617764832e-08,1.8233183731290846e-08,reported,1,0.2898977643766449,0.2898977643766449,0.2186348879472727,True,1,288,1.0191213354047564,0.20085455223422838,0.04922770321943085,0.5310379619562751
BCL2L11,3,16,ANXA1;CCNE1;PRKCA,GAPDH;TUBA1B;TFRC;RAB25;CASP7;ATM;ASNS;EEF2K;RPS6;TGM2;MAP2K1;PTEN;TP53;PEA15;EEF2;KIT,1,4,4,3,,0.04932636236669901,0.4,0.2,8.0796313926008885e-56;3.8176151258857265e-32;1.683233515455481e-17;4.449473699128988e-08,3.949702932138877e-43;2.8221232525317e-20;9.990775018595329e-11,proxy_dimensions,4,,,,,0,288,1.0183209912436042,,,
BRAF,2,16,GAB2;CTNNB1,GAPDH;TUBA1B;TFRC;RAB25;CASP7;ATM;ASNS;EEF2K;RPS6;TGM2;MAP2K1;PTEN;TP53;PEA15;EEF2;KIT,1,3,3,2,,0.04932636236669901,0.4,0.2,8.213345080069627e-44;8.572142427695616e-16;1.365939370066973e-05,1.4538514766653934e-22;2.7571238605078153e-06,proxy_dimensions,3,,,,,0,288,1.0510746300739477,,,
CDH2,2,16,HSPA1A;STAT5A,GAPDH;TUBA1B;TFRC;RAB25;CASP7;ATM;ASNS;EEF2K;RPS6;TGM2;MAP2K1;PTEN;TP53;PEA15;EEF2;KIT,1,3,3,2,,0.04932636236669901,0.4,0.2,1.64329544654922e-32;9.519842423632404e-18;1.4842985175296092e-05,9.861477692187256e-26;7.557096907841904e-14,proxy_dimensions,3,,,,,0,288,0.9621382393829586,,,
CLDN7,3,21,CDH1;MAP2K1;PRKCA,VHL;GAPDH;ESR1;TUBA1B;TFRC;IGFBP2;FN1;SERPINE1;SYK;RAB25;CASP7;GAB2;ATM;EEF2K;ERBB2;PDCD4;DIABLO;TP53;CHEK2;EEF2;KIT,1,4,4,3,,0.04932636236669901,0.2,0.15,9.872195973348551e-76;4.0574640129197505e-35;1.053243750324824e-12;0.02523138330301507,2.579229483328551e-49;6.142010653953694e-26;1.971363486578145e-07,proxy_dimensions,4,,,,,0,289,1.0193970069821359,,,
CDH1,3,12,ESR1;CLDN7;CTNNB1,VHL;RAB25;FASN;ASNS;EEF2K;ACACA;DIABLO;MAP2K1;PTEN;TP53;CHEK2;KIT,1,4,4,3,,0.04932636236669901,0.4,0.2,6.779180724510942e-60;4.766139600202125e-24;6.956525356917622e-08;0.0051059880700529674,1.3439774027210745e-44;4.208353179825927e-23;4.527986702671569e-06,proxy_dimensions,4,,,,,0,289,1.0670360819039826,,,
HSPA1A,1,21,COL6A1,VHL;GAPDH;ESR1;TUBA1B;TFRC;IGFBP2;FN1;SERPINE1;SYK;RAB25;CASP7;GAB2;ATM;EEF2K;ERBB2;PDCD4;DIABLO;TP53;CHEK2;EEF2;KIT,1,2,2,1,,0.04932636236669901,0.2,0.15,1.854831350566947e-27;2.9599799739278384e-05,7.839807293668211e-13,proxy_dimensions,2,,,,,0,289,1.0309699047209027,,,
GAB2,1,12,BRAF,VHL;RAB25;FASN;ASNS;EEF2K;ACACA;DIABLO;MAP2K1;PTEN;TP53;CHEK2;KIT,1,2,2,1,,0.04932636236669901,0.4,0.2,3.1522991666822346e-27;2.7297671633548247e-06,3.0145369130196085e-15,proxy_dimensions,2,,,,,0,289,0.9770002158359462,,,
ASNS,2,21,ANXA1;ACACA,VHL;GAPDH;ESR1;TUBA1B;TFRC;IGFBP2;FN1;SERPINE1;SYK;RAB25;CASP7;GAB2;ATM;EEF2K;ERBB2;PDCD4;DIABLO;TP53;CHEK2;EEF2;KIT,1,3,3,2,,0.04932636236669901,0.2,0.15,1.755712453997372e-36;7.22124364401237e-19;3.0546511624604115e-08,3.3536050759002808e-18;6.243615236332855e-08,proxy_dimensions,3,,,,,0,289,1.0480094198153989,,,
BCL2L11,2,21,CCNE1;TGM2,VHL;GAPDH;ESR1;TUBA1B;TFRC;IGFBP2;FN1;SERPINE1;SYK;RAB25;CASP7;GAB2;ATM;EEF2K;ERBB2;PDCD4;DIABLO;TP53;CHEK2;EEF2;KIT,1,3,3,2,,0.04932636236669901,0.2,0.15,9.437965768226803e-49;1.5204610841566152e-25;1.0867147622062327e-10,1.86919571009754e-36;2.149886223213866e-15,proxy_dimensions,3,,,,,0,289,0.9994491481828816,,,
BRAF,5,12,CLDN7;CAV1;GAB2;CTNNB1;ETS1,VHL;RAB25;FASN;ASNS;EEF2K;ACACA;DIABLO;MAP2K1;PTEN;TP53;CHEK2;KIT,1,5,5,4,0.0026262179587887655,0.04932636236669901,0.4,0.2,9.420857736034494e-76;2.6274676036304253e-39;1.1056465839635251e-16;1.0433889423043995e-09;1.4582870918191548e-05;0.06440163611820644,2.106987097714952e-66;3.4230349796565394e-36;1.2685862178186443e-15;3.722604070596918e-08;0.7840265586232603,conditional_information_dimension,5,0.013660515813386322,0.5930892707062616;0.509797924744203;0.3425018783124768;0.30845321364845407;0.013660515813386322,0.023259766513479434,False,0,289,1.0178421085071767,,,
CDH2,3,21,CCNE1;STAT5A;PTEN,VHL;GAPDH;ESR1;TUBA1B;TFRC;IGFBP2;FN1;SERPINE1;SYK;RAB25;CASP7;GAB2;ATM;EEF2K;ERBB2;PDCD4;DIABLO;TP53;CHEK2;EEF2;KIT,1,4,4,3,,0.04932636236669901,0.2,0.15,4.3801620832623104e-65;2.304901544404054e-31;4.3390019987830234e-08;0.0356886930266222,8.529737072551912e-64;3.4501163393685134e-29;3.468926446211892e-05,proxy_dimensions,4,,,,,0,289,1.0293468669637482,,,
CLDN7,3,19,CDH1;RAB25;PRKCA,GAPDH;TUBA1B;TFRC;IGFBP2;FN1;SERPINE1;ANXA1;GAB2;ATM;BCL2L11;ERBB2;MAPK1;DIABLO;BRAF;NF2;MAP2K1;PTEN;TP53;EEF2,1,4,4,3,,0.04932636236669901,0.4,0.25,4.751225978032199e-59;1.044126317907339e-33;6.758380555696387e-19;7.4397219056652084e-09,6.1620599891800895e-37;1.8477876095999806e-22;3.0870797661792215e-11,proxy_dimensions,4,,,,,0,290,1.0516927856706026,,,
CDH1,3,19,CLDN7;CTNNB1;CDH2,GAPDH;TUBA1B;TFRC;IGFBP2;FN1;SERPINE1;ANXA1;GAB2;ATM;BCL2L11;ERBB2;MAPK1;DIABLO;BRAF;NF2;MAP2K1;PTEN;TP53;EEF2,1,4,4,3,,0.04932636236669901,0.4,0.25,1.0303475270343512e-79;2.080532091932299e-36;2.926577218209786e-17;6.879759375421374e-05,7.057671459150813e-63;9.958400657888513e-27;7.893824720842341e-13,proxy_dimensions,4,,,,,0,290,1.0469894319602433,,,
HSPA1A,2,31,COL6A1;CDH2,VHL;GAPDH;TUBA1B;TFRC;IGFBP2;CCNB1;FN1;SERPINE1;SYK;ANXA1;RAB25;CCNE1;GAB2;ATM;MSH6;ASNS;BCL2L11;SQSTM1;PDCD4;TGM2;FOXM1;MSH2;MAPK1;BRAF;NF2;MAP2K1;PTEN;TP53;CHEK2;PEA15;KIT,1,3,3,2,,0.04932636236669901,0.2,0.15,1.6112835870095256e-43;1.4364949985998837e-24;5.44699791448277e-10,1.6898326725311362e-31;4.563261626426227e-17,proxy_dimensions,3,,,,,0,290,1.0458007608133,,,
GAB2,3,5,RAB25;BRAF;PEA15,TFRC;ATM;MAP2K1;PTEN;TP53,1,3,3,3,0.06272670644055962,0.04932636236669901,0.4,0.2,3.1609279029548927e-19;8.775896455028913e-08;0.007684873709009566;0.0594145355451375,1.9538457927278773e-16;6.931183535801849e-09;0.0009250056371212882,reported,3,0.1635854190581422,0.3433566981891994;0.27935411298715684;0.1635854190581422,0.04803804783846898,True,1,290,1.0196028619801185,2.6224567319413152,0.12959095908441912,0.47470108719414605
ASNS,3,5,ACACA;CHEK2;PRKCA,TFRC;ATM;MAP2K1;PTEN;TP53,1,3,3,2,0.016826434595879743,0.04932636236669901,0.4,0.2,4.670625719667044e-25;6.146421189115768e-11;0.003777644342120602;0.32934856490953646,1.2463428346356774e-21;1.2962958983864979e-06;0.21737585713031288,conditional_information_dimension,3,0.06127513383388295,0.4406398326614706;0.27289655864505724;0.06127513383388295,0.01995212132919967,False,0,290,1.0227170763120892,,,
BCL2L11,3,5,FN1;ANXA1;CCNE1,TFRC;ATM;MAP2K1;PTEN;TP53,1,3,3,3,0.05153480673150536,0.04932636236669901,0.4,0.2,2.8359726768773775e-15;0.00014164575457917356;0.02507666597538206;0.44979437178240966,4.6947954150146315e-15;1.3888111791890574e-05;0.001022895483825716,reported,3,0.16220919252345486,0.37110292181070265;0.20277652934651927;0.16220919252345486,0.03744690535926301,True,1,290,1.051584868716034,-0.8718494834564091,-0.0014637983015294783,0.3735020784461936
BRAF,4,2,GAB2;CTNNB1;MSH6;BCL2L11,PTEN;TP53,1,2,2,1,0.04429335787027693,0.04932636236669901,0.4,0.15,0.0012176599295996749;0.019087088010277677,0.005053703172273669;0.0863188961891937,conditional_information_dimension,2,0.12708590680000853,0.19290891751607797;0.12708590680000853,0.044293357870276946,False,0,290,1.128702679605532,,,
CDH2,4,19,CDH1;HSPA1A;STAT5A;SQSTM1,GAPDH;TUBA1B;TFRC;IGFBP2;FN1;SERPINE1;ANXA1;GAB2;ATM;BCL2L11;ERBB2;MAPK1;DIABLO;BRAF;NF2;MAP2K1;PTEN;TP53;EEF2,1,5,5,4,,0.04932636236669901,0.4,0.25,1.594735634363094e-66;1.400580231947534e-39;3.3099190132857044e-20;1.3092489986101483e-09;0.0005990560543791812,5.6513654786281615e-59;5.69954129680705e-32;1.3047864593887427e-14;0.0010142067257475442,proxy_dimensions,5,,,,,0,290,1.0856708907582866,,,
CLDN7,2,24,TFRC;PRKCA,VHL;TUBA1B;IGFBP2;FN1;SERPINE1;SYK;CASP7;GAB2;ATM;INPP4B;FASN;ASNS;ERBB2;PDCD4;ACACA;TGM2;MAPK1;RBM15;MAP2K1;PTEN;TP53;PEA15;PREX1;LCK,1,3,3,2,,0.04932636236669901,0.2,0.15,4.7871969115044194e-73;3.4505195279627053e-34;9.60901660872946e-15,2.945823405087535e-48;1.2583186703051212e-14,proxy_dimensions,3,,,,,0,291,1.0532329836700443,,,
CDH1,4,14,CLDN7;RAB25;CTNNB1;CDH2,VHL;TUBA1B;TFRC;IGFBP2;GAB2;ATM;FASN;ASNS;BCL2L11;PDCD4;ACACA;NF2;MAP2K1;PTEN,1,5,5,4,,0.04932636236669901,0.4,0.2,5.411603692020875e-52;5.727657112330471e-32;2.0618140536722577e-16;9.438512659938069e-07;0.03234875498448152,6.750908968055845e-43;2.9705420033211923e-26;2.4767001562735165e-12;0.02261214912338961,proxy_dimensions,5,,,,,0,291,1.0120833992050622,,,
HSPA1A,2,4,COL6A1;CDH2,TUBA1B;TFRC;IGFBP2;PTEN,1,3,3,2,,0.04932636236669901,0.4,0.15,0.00035918445535412276;0.0030839125160552435;0.013956191378793796,0.0033552784847548645;0.014797377842983187,proxy_dimensions,3,,,,,0,291,0.9683446734841934,,,
GAB2,4,4,RAB25;SQSTM1;MAPK1;EEF2,TUBA1B;TFRC;IGFBP2;PTEN,1,2,2,2,0.0684818412817288,0.04932636236669901,0.4,0.15,7.425915841684922e-07;0.0068321544502192725;0.1526988448796866;0.537008676652895,9.719758704490854e-08;0.0012510245283004803,reported,2,0.19567364028631634,0.27680604719244356;0.19567364028631634,0.0488213148528565,True,1,291,1.0414756672642134,0.48627028396550376,0.010030777466926039,0.6357031348026104
ASNS,1,57,ACACA,MYH11;VHL;GAPDH;ESR1;TUBA1B;TFRC;IGFBP2;CLDN7;CCNB1;FN1;CAV1;CDH1;SERPINE1;HSPA1A;SYK;ANXA1;AR;RAB25;CASP7;RICTOR;CCNE1;GAB2;ATM;INPP4B;CTNNB1;MSH6;STAT5A;MYC;BCL2L11;SQSTM1;EEF2K;ERBB2;PDCD4;RPS6;TP53BP1;TGM2;FOXM1;MSH2;MAPK1;DIABLO;BRAF;ERBB3;NF2;RBM15;MAP2K1;PTEN;TP53;ETS1;CHEK2;PEA15;COL6A1;EEF2;PRKCA;CDH2;KIT;PREX1;LCK,1,2,2,1,,0.04932636236669901,0.4,0.2,6.156585437634859e-40;6.711310662495353e-19,5.2857730921251354e-20,proxy_dimensions,2,,,,,0,291,0.9984517552364417,,,
BCL2L11,2,24,RAB25;PRKCA,VHL;TUBA1B;IGFBP2;FN1;SERPINE1;SYK;CASP7;GAB2;ATM;INPP4B;FASN;ASNS;ERBB2;PDCD4;ACACA;TGM2;MAPK1;RBM15;MAP2K1;PTEN;TP53;PEA15;PREX1;LCK,1,3,3,2,,0.04932636236669901,0.2,0.15,7.208603842346018e-61;7.903643936891554e-30;1.7460700785488707e-10,4.646194600246635e-49;1.5270762413453948e-17,proxy_dimensions,3,,,,,0,291,0.9853275204061854,,,
BRAF,4,4,CAV1;CTNNB1;EEF2K;ETS1,TUBA1B;TFRC;IGFBP2;PTEN,1,4,4,4,0.023318422304680966,0.04932636236669901,0.4,0.15,4.1095337192255023e-14;3.9021739039219004e-07;0.0018522149672731273;0.019878064236311607,1.5728296933049694e-09;0.0003953218927022507;0.006710144487638149;0.044121057737533345,reported,4,0.0999584343969324,0.322396355830038;0.1976236040137738;0.1575259803911495;0.0999584343969324,0.02331842230468095,True,1,291,1.0821647622555899,-2.461330235135252,-0.022963588606997203,0.6284868272458825
CDH2,3,14,CDH1;STAT5A;SQSTM1,VHL;TUBA1B;TFRC;IGFBP2;GAB2;ATM;FASN;ASNS;BCL2L11;PDCD4;ACACA;NF2;MAP2K1;PTEN,1,4,4,3,,0.04932636236669901,0.4,0.2,7.599856636933164e-33;8.063302999823174e-17;6.655292491704193e-09;0.00018429067361838016,1.0187843335189491e-29;6.462865370202977e-15;1.3326805494862137e-06,proxy_dimensions,4,,,,,0,291,1.013585276897315,,,
CLDN7,3,17,CDH1;RAB25;PEA15,VHL;GAPDH;ESR1;TUBA1B;TFRC;SYK;FASN;PDCD4;ACACA;MAPK1;DIABLO;NF2;MAP2K1;PTEN;TP53;CHEK2;EEF2,1,4,4,3,,0.04932636236669901,0.4,0.2,2.692831212625618e-69;3.07169767227146e-34;6.95694711935245e-15;1.0887751404872962e-07,6.324147135424297e-39;1.6098406521121061e-18;1.00038337508875e-07,proxy_dimensions,4,,,,,0,292,1.0392917850637406,,,
CDH1,3,27,TFRC;CLDN7;CTNNB1,VHL;ESR1;FN1;SERPINE1;SYK;RAB25;CASP7;GAB2;ATM;FASN;MSH6;STAT5A;BCL2L11;EEF2K;ERBB2;PDCD4;ACACA;TGM2;MSH2;BRAF;MAP2K1;PTEN;TP53;ETS1;PEA15;EEF2;CDH2,1,4,4,3,,0.04932636236669901,0.2,0.15,4.785542233997706e-139;2.907704750101124e-81;2.0211721537635724e-40;2.3265548264763244e-10,2.3214806885276032e-104;7.314662541204294e-50;3.812632783174588e-15,proxy_dimensions,4,,,,,0,292,1.1388572176702156,,,
HSPA1A,4,17,SQSTM1;BRAF;COL6A1;CDH2,VHL;GAPDH;ESR1;TUBA1B;TFRC;SYK;FASN;PDCD4;ACACA;MAPK1;DIABLO;NF2;MAP2K1;PTEN;TP53;CHEK2;EEF2,1,5,5,3,,0.04932636236669901,0.4,0.2,2.6788998102879574e-49;2.4961117292362843e-19;2.1240347586293757e-10;7.596388624919982e-05;0.04065212798991091,2.982121676558192e-42;2.744749285028872e-16;4.4666418974977483e-07;0.055219092878615234,proxy_dimensions,5,,,,,0,292,0.9539952015087106,,,
GAB2,1,17,RAB25,VHL;GAPDH;ESR1;TUBA1B;TFRC;SYK;FASN;PDCD4;ACACA;MAPK1;DIABLO;NF2;MAP2K1;PTEN;TP53;CHEK2;EEF2,1,2,2,1,,0.04932636236669901,0.4,0.2,3.1405557440218888e-24;1.597276800237985e-10,1.360369835177257e-15,proxy_dimensions,2,,,,,0,292,0.9997898916840486,,,
ASNS,1,27,CHEK2,VHL;ESR1;FN1;SERPINE1;SYK;RAB25;CASP7;GAB2;ATM;FASN;MSH6;STAT5A;BCL2L11;EEF2K;ERBB2;PDCD4;ACACA;TGM2;MSH2;BRAF;MAP2K1;PTEN;TP53;ETS1;PEA15;EEF2;CDH2,1,2,2,1,,0.04932636236669901,0.2,0.15,8.257185935310567e-55;1.4146998790441535e-15,4.340061304880221e-22,proxy_dimensions,2,,,,,0,292,1.0143321950209643,,,
BCL2L11,2,17,ANXA1;CCNE1,VHL;GAPDH;ESR1;TUBA1B;TFRC;SYK;FASN;PDCD4;ACACA;MAPK1;DIABLO;NF2;MAP2K1;PTEN;TP53;CHEK2;EEF2,1,3,3,2,,0.04932636236669901,0.4,0.2,8.035110503875986e-34;6.146394516930223e-10;0.016175802415785392,1.5315357803017365e-23;2.005731899309604e-05,proxy_dimensions,3,,,,,0,292,1.0094967739979928,,,
BRAF,4,17,HSPA1A;CTNNB1;EEF2K;ETS1,VHL;GAPDH;ESR1;TUBA1B;TFRC;SYK;FASN;PDCD4;ACACA;MAPK1;DIABLO;NF2;MAP2K1;PTEN;TP53;CHEK2;EEF2,1,5,5,4,,0.04932636236669901,0.4,0.2,6.102413876681112e-101;6.70976848842746e-53;2.4167349472830278e-25;8.87919680934548e-15;5.466644588781298e-05,1.2063094146617314e-76;9.318127974798246e-34;3.634766872393701e-15;9.149405735920522e-05,proxy_dimensions,5,,,,,0,292,1.066299577019128,,,
CDH2,4,17,CDH1;HSPA1A;AR;STAT5A,VHL;GAPDH;ESR1;TUBA1B;TFRC;SYK;FASN;PDCD4;ACACA;MAPK1;DIABLO;NF2;MAP2K1;PTEN;TP53;CHEK2;EEF2,1,5,5,4,,0.04932636236669901,0.4,0.2,6.149664029022195e-83;3.437781227259568e-39;6.053674077498002e-25;6.458472955943176e-11;8.828826679283429e-05,1.0671065339211513e-76;3.2410979766576335e-32;2.3618346151029182e-18;6.129709963959561e-05,proxy_dimensions,5,,,,,0,292,1.0743701932957668,,,
CLDN7,2,33,CDH1;PRKCA,VHL;GAPDH;ESR1;TUBA1B;CCNB1;FN1;SERPINE1;SYK;ANXA1;RAB25;CCNE1;GAB2;MSH6;STAT5A;ASNS;BCL2L11;SQSTM1;EEF2K;ERBB2;PDCD4;FOXM1;MSH2;MAPK1;BRAF;NF2;RBM15;MAP2K1;PTEN;TP53;ETS1;PEA15;EEF2;CDH2,1,3,3,2,,0.04932636236669901,0.2,0.15,1.0864674765130498e-78;6.376937981977928e-40;3.431027161838274e-13,1.113415124605392e-50;1.1215775275725332e-15,proxy_dimensions,3,,,,,0,293,1.0159471821997883,,,
CDH1,2,33,CLDN7;CTNNB1,VHL;GAPDH;ESR1;TUBA1B;CCNB1;FN1;SERPINE1;SYK;ANXA1;RAB25;CCNE1;GAB2;MSH6;STAT5A;ASNS;BCL2L11;SQSTM1;EEF2K;ERBB2;PDCD4;FOXM1;MSH2;MAPK1;BRAF;NF2;RBM15;MAP2K1;PTEN;TP53;ETS1;PEA15;EEF2;CDH2,1,3,3,2,,0.04932636236669901,0.2,0.15,1.0500334161800304e-86;1.416555793931414e-36;4.0218164453408907e-13,1.122097920588681e-62;8.008823464882205e-19,proxy_dimensions,3,,,,,0,293,1.008664526550421,,,
HSPA1A,2,6,COL6A1;CDH2,GAPDH;ANXA1;RAB25;STAT5A;BCL2L11;EEF2,1,2,2,2,0.06723493258738823,0.04932636236669901,0.4,0.2,1.3357383250927464e-13;0.0025700215304671524;0.23587910276859217,4.077025486443332e-15;0.005451558765079943,reported,2,0.13735316669136374,0.3870409787477094;0.13735316669136374,0.04654333619435412,True,1,293,1.02543009669894,-0.6181943228763843,-0.004577979362411308,0.4601630399601058
GAB2,2,56,VHL;BRAF,MYH11;GAPDH;ESR1;TUBA1B;TFRC;IGFBP2;CLDN7;CCNB1;FN1;CAV1;CDH1;SERPINE1;HSPA1A;SYK;ANXA1;AR;RAB25;CASP7;RICTOR;CCNE1;ATM;INPP4B;FASN;CTNNB1;MSH6;STAT5A;MYC;ASNS;BCL2L11;SQSTM1;ERBB2;PDCD4;RPS6;ACACA;TP53BP1;TGM2;FOXM1;MSH2;MAPK1;DIABLO;ERBB3;NF2;RBM15;MAP2K1;PTEN;TP53;ETS1;CHEK2;PEA15;COL6A1;EEF2;PRKCA;CDH2;KIT;PREX1;LCK,1,3,3,2,,0.04932636236669901,0.4,0.25,1.316691297406843e-86;3.761461171257046e-37;1.3719840341951995e-11,2.237904520352521e-59;1.1750370102653945e-15,proxy_dimensions,3,,,,,0,293,1.0297416996573325,,,
ASNS,2,6,FOXM1;PRKCA,GAPDH;ANXA1;RAB25;STAT5A;BCL2L11;EEF2,1,3,3,2,,0.04932636236669901,0.4,0.2,4.91359918039336e-30;6.478029038539303e-11;0.00025408040026262535,1.2440827752441955e-28;4.924845324503518e-09,proxy_dimensions,3,,,,,0,293,0.9084046071329123,,,
BCL2L11,1,58,ANXA1,MYH11;VHL;GAPDH;ESR1;TUBA1B;TFRC;IGFBP2;CLDN7;CCNB1;FN1;CAV1;CDH1;SERPINE1;HSPA1A;SYK;AR;RAB25;CASP7;RICTOR;CCNE1;GAB2;ATM;INPP4B;FASN;CTNNB1;MSH6;STAT5A;MYC;ASNS;SQSTM1;EEF2K;ERBB2;PDCD4;RPS6;ACACA;TP53BP1;TGM2;FOXM1;MSH2;MAPK1;DIABLO;BRAF;ERBB3;NF2;RBM15;MAP2K1;PTEN;TP53;ETS1;CHEK2;PEA15;COL6A1;EEF2;PRKCA;CDH2;KIT;PREX1;LCK,1,2,2,1,,0.04932636236669901,0.4,0.2,2.527718166281775e-48;1.9451760956360817e-10,1.9449781708489662e-17,proxy_dimensions,2,,,,,0,293,1.0256263868642952,,,
BRAF,2,6,GAB2;EEF2K,GAPDH;ANXA1;RAB25;STAT5A;BCL2L11;EEF2,1,3,3,2,,0.04932636236669901,0.4,0.2,5.382866838426662e-22;3.897210618041604e-10;0.002236650779702211,6.899195929236815e-12;0.00319175676592065,proxy_dimensions,3,,,,,0,293,1.0886904142153788,,,
CDH2,2,6,HSPA1A;SQSTM1,GAPDH;ANXA1;RAB25;STAT5A;BCL2L11;EEF2,1,3,3,2,,0.04932636236669901,0.4,0.2,6.824176409600577e-16;2.1888651137640874e-05;0.011724607476117758,8.564738371050462e-05;0.022437811561974948,proxy_dimensions,3,,,,,0,293,1.0932911557276495,,,
CLDN7,3,13,CDH1;MAPK1;PRKCA,VHL;GAPDH;TUBA1B;TFRC;IGFBP2;ANXA1;ATM;ERBB2;DIABLO;BRAF;PTEN;CDH2;KIT,1,4,4,3,,0.04932636236669901,0.2,0.15,1.849601592487436e-48;1.72300278705205e-22;8.232428511841798e-09;0.0008190273041422856,5.033483906604531e-42;1.208796102386456e-15;1.4403440945612627e-06,proxy_dimensions,4,,,,,0,294,1.0009776171222833,,,
CDH1,4,13,CLDN7;RAB25;CTNNB1;PRKCA,VHL;GAPDH;TUBA1B;TFRC;IGFBP2;ANXA1;ATM;ERBB2;DIABLO;BRAF;PTEN;CDH2;KIT,1,5,5,4,,0.04932636236669901,0.2,0.15,5.95223873000857e-63;1.1241774547897335e-25;1.7451314477234365e-12;5.571087161916354e-05;0.02010248727265034,9.616900416543323e-49;1.5610229955413092e-12;0.00011874206858285818;0.03247812817195417,proxy_dimensions,5,,,,,0,294,0.9970187932962448,,,
HSPA1A,2,26,MYC;COL6A1,VHL;TFRC;IGFBP2;CLDN7;CCNB1;ANXA1;RAB25;CCNE1;GAB2;ATM;FASN;STAT5A;ASNS;BCL2L11;SQSTM1;PDCD4;ACACA;FOXM1;DIABLO;NF2;PTEN;TP53;CHEK2;EEF2;CDH2;KIT,1,3,3,2,,0.04932636236669901,0.4,0.25,4.5723669977760245e-55;1.87189380351613e-26;9.048962828833199e-12,6.914401845095821e-39;1.8833826152896752e-13,proxy_dimensions,3,,,,,0,294,1.0018606235555392,,,
GAB2,1,13,RAB25,VHL;GAPDH;TUBA1B;TFRC;IGFBP2;ANXA1;ATM;ERBB2;DIABLO;BRAF;PTEN;CDH2;KIT,1,2,2,1,,0.04932636236669901,0.2,0.15,2.5080192396227058e-15;0.00021529949952812507,0.0004063085152290317,proxy_dimensions,2,,,,,0,294,1.0436984036442662,,,
ASNS,3,13,ACACA;TP53;CHEK2,VHL;GAPDH;TUBA1B;TFRC;IGFBP2;ANXA1;ATM;ERBB2;DIABLO;BRAF;PTEN;CDH2;KIT,1,4,4,3,,0.04932636236669901,0.2,0.15,8.543288221567123e-31;1.0852019743800295e-12;7.093174068895756e-06;0.02451094313524697,5.09772470165591e-23;4.652432533479405e-06;0.014279260296885652,proxy_dimensions,4,,,,,0,294,1.0087644559560185,,,
BCL2L11,2,13,CCNE1;PDCD4,VHL;GAPDH;TUBA1B;TFRC;IGFBP2;ANXA1;ATM;ERBB2;DIABLO;BRAF;PTEN;CDH2;KIT,1,3,3,2,,0.04932636236669901,0.2,0.15,5.619726435637157e-21;1.2907728486368356e-12;1.7261182339716385e-06,1.2303379589332364e-15;1.5616393202505453e-07,proxy_dimensions,3,,,,,0,294,1.0517864150122496,,,
BRAF,3,26,CAV1;EEF2K;ETS1,VHL;TFRC;IGFBP2;CLDN7;CCNB1;ANXA1;RAB25;CCNE1;GAB2;ATM;FASN;STAT5A;ASNS;BCL2L11;SQSTM1;PDCD4;ACACA;FOXM1;DIABLO;NF2;PTEN;TP53;CHEK2;EEF2;CDH2;KIT,1,4,4,3,,0.04932636236669901,0.4,0.25,4.276555258287272e-98;7.39480824490713e-55;1.7881359437204823e-25;2.0904595328707844e-12,7.768607987688178e-73;3.946557926929751e-39;1.9906909789441462e-12,proxy_dimensions,4,,,,,0,294,1.002319627498562,,,
CDH2,1,4,SQSTM1,TFRC;ANXA1;DIABLO;PTEN,1,2,2,1,,0.04932636236669901,0.4,0.2,0.0017304985478922954;0.04698608563404621,0.0041664300622318625,proxy_dimensions,2,,,,,0,294,1.0300895108488888,,,
CLDN7,3,51,CDH1;NF2;MAP2K1,MYH11;GAPDH;ESR1;TUBA1B;TFRC;IGFBP2;CCNB1;FN1;CAV1;SERPINE1;HSPA1A;SYK;ANXA1;AR;CASP7;RICTOR;CCNE1;GAB2;ATM;INPP4B;FASN;STAT5A;MYC;ASNS;BCL2L11;SQSTM1;EEF2K;ERBB2;PDCD4;RPS6;ACACA;TP53BP1;TGM2;FOXM1;MAPK1;DIABLO;BRAF;ERBB3;RBM15;PTEN;TP53;ETS1;CHEK2;PEA15;COL6A1;EEF2;PRKCA;CDH2;KIT;PREX1;LCK,2,4,4,3,,0.04932636236669901,0.2,0.15,1.6728690033010323e-105;1.2906442390204685e-49;5.676625999648947e-22;1.1300630678157343e-07,3.5922377852817385e-70;1.941126631189404e-33;3.356144036523292e-15,proxy_dimensions,4,,,,,0,295,1.0542994127710863,,,
CDH1,3,6,CLDN7;CTNNB1;RBM15,IGFBP2;RAB25;ERBB2;RPS6;PTEN;TP53,2,3,3,3,0.07022910216981504,0.04932636236669901,0.4,0.2,7.364591365924329e-17;1.6630024902124892e-08;0.0001244764516443646;0.2193752619972692,8.95575602849849e-16;4.283949244267614e-10;1.3664909060936804e-06,reported,3,0.23672350007614285,0.31279325325802365;0.25097739245025846;0.23672350007614285,0.05231504552879473,True,1,295,0.9836173301544429,1.3928509917152927,-0.007011726278327378,0.49789947549702773
HSPA1A,2,6,SQSTM1;COL6A1,IGFBP2;RAB25;ERBB2;RPS6;PTEN;TP53,2,3,3,2,,0.04932636236669901,0.4,0.2,2.2948114831322138e-12;0.00036148661753163027;0.007462583303993068,4.0280439864589355e-10;0.0066528030093282375,proxy_dimensions,3,,,,,0,295,0.9792686560397288,,,
GAB2,1,6,VHL,IGFBP2;RAB25;ERBB2;RPS6;PTEN;TP53,2,2,2,1,,0.04932636236669901,0.4,0.2,1.3961988450951617e-05;0.0013400792596859855,0.002208560020337982,proxy_dimensions,2,,,,,0,295,1.0129154782175647,,,
ASNS,3,6,CCNB1;CHEK2;PRKCA,IGFBP2;RAB25;ERBB2;RPS6;PTEN;TP53,2,3,3,2,0.014463720800210321,0.04932636236669901,0.4,0.2,1.1980282947778912e-23;2.5818319143513918e-12;9.580307482811102e-07;0.1265637677396288,1.4196881624054184e-18;1.2478604489763463e-08;0.31835482374234736,conditional_information_dimension,3,0.04958340543113981,0.3785071841982887;0.3126642330422828;0.04958340543113981,0.0243799324707588,False,0,295,0.9660136458609138,,,
BCL2L11,2,17,ANXA1;INPP4B,GAPDH;TUBA1B;IGFBP2;RAB25;GAB2;STAT5A;EEF2K;ERBB2;RPS6;TGM2;MAPK1;DIABLO;NF2;PTEN;TP53;PEA15;EEF2,2,3,3,2,,0.04932636236669901,0.4,0.25,3.422239474935805e-28;3.747387454005531e-15;8.839693444793801e-07,7.204039612653289e-18;3.3689152119258856e-07,proxy_dimensions,3,,,,,0,295,0.9831466786708696,,,
BRAF,2,17,CAV1;ETS1,GAPDH;TUBA1B;IGFBP2;RAB25;GAB2;STAT5A;EEF2K;ERBB2;RPS6;TGM2;MAPK1;DIABLO;NF2;PTEN;TP53;PEA15;EEF2,2,3,3,2,,0.04932636236669901,0.4,0.25,2.0406529959289983e-58;4.978816970420624e-27;1.766155331420959e-10,1.1253834355392307e-39;6.30819004968218e-15,proxy_dimensions,3,,,,,0,295,0.905049761385498,,,
CDH2,2,6,CCNE1;SQSTM1,IGFBP2;RAB25;ERBB2;RPS6;PTEN;TP53,2,2,2,2,0.06122942630366854,0.04932636236669901,0.4,0.2,1.3093547254612809e-15;1.9854945143748448e-06;0.723907070171387,2.920897025085544e-13;0.00818720182130543,reported,2,0.1307488053934374,0.36432552994986506;0.1307488053934374,0.03963154021892903,True,1,295,0.9391288879793621,-0.15259099950617186,-0.07794649753116224,0.5140351274245009
CLDN7,1,18,CDH1,GAPDH;TUBA1B;TFRC;FN1;SERPINE1;ANXA1;FASN;ASNS;ERBB2;ACACA;TGM2;DIABLO;BRAF;NF2;MAP2K1;PTEN;TP53;CHEK2,2,2,2,1,,0.04932636236669901,0.2,0.15,9.203125222997482e-29;7.009771174980225e-08,1.275503635672815e-11,proxy_dimensions,2,,,,,0,296,0.979331735076069,,,
CDH1,2,18,CLDN7;CTNNB1,GAPDH;TUBA1B;TFRC;FN1;SERPINE1;ANXA1;FASN;ASNS;ERBB2;ACACA;TGM2;DIABLO;BRAF;NF2;MAP2K1;PTEN;TP53;CHEK2,2,3,3,2,,0.04932636236669901,0.2,0.15,5.030243289387484e-60;2.6880057433971237e-25;7.876293295525315e-08,1.852389700656986e-42;1.707562345895932e-11,proxy_dimensions,3,,,,,0,296,0.9823041606647552,,,
HSPA1A,2,18,GAB2;COL6A1,GAPDH;TUBA1B;TFRC;FN1;SERPINE1;ANXA1;FASN;ASNS;ERBB2;ACACA;TGM2;DIABLO;BRAF;NF2;MAP2K1;PTEN;TP53;CHEK2,2,3,3,2,,0.04932636236669901,0.2,0.15,2.8688508487153588e-28;4.9531407935104425e-11;0.003210175177010889,6.166728547605035e-25;1.3668997069768758e-09,proxy_dimensions,3,,,,,0,296,0.9840589952131663,,,
GAB2,2,41,VHL;HSPA1A,GAPDH;TUBA1B;TFRC;IGFBP2;CLDN7;FN1;CDH1;SERPINE1;ANXA1;AR;RAB25;CASP7;ATM;INPP4B;FASN;CTNNB1;STAT5A;MYC;ASNS;SQSTM1;ERBB2;PDCD4;ACACA;TP53BP1;TGM2;MAPK1;DIABLO;BRAF;ERBB3;NF2;RBM15;MAP2K1;PTEN;TP53;ETS1;CHEK2;PEA15;PRKCA;CDH2;PREX1;LCK,2,3,3,2,,0.04932636236669901,0.2,0.2,9.073728752638779e-55;6.060809891967436e-14;0.00020403351585064706,2.794422152496083e-39;2.0129136592075856e-08,proxy_dimensions,3,,,,,0,296,1.0516059362221242,,,
ASNS,1,16,CCNB1,VHL;TUBA1B;TFRC;IGFBP2;FN1;SERPINE1;CASP7;GAB2;FASN;BCL2L11;ERBB2;PDCD4;ACACA;TP53;PREX1;LCK,2,2,2,1,,0.04932636236669901,0.4,0.2,6.095316755418185e-19;0.002017864019494051,9.368177973808896e-07,proxy_dimensions,2,,,,,0,296,0.9828876112910566,,,
BCL2L11,2,18,RAB25;CCNE1,GAPDH;TUBA1B;TFRC;FN1;SERPINE1;ANXA1;FASN;ASNS;ERBB2;ACACA;TGM2;DIABLO;BRAF;NF2;MAP2K1;PTEN;TP53;CHEK2,2,3,3,2,,0.04932636236669901,0.2,0.15,2.251356389834583e-19;3.0573389061604084e-06;0.0074710171526234164,5.867100150963381e-15;0.00032223052713401765,proxy_dimensions,3,,,,,0,296,1.0274536005046535,,,
BRAF,2,16,CTNNB1;ETS1,VHL;TUBA1B;TFRC;IGFBP2;FN1;SERPINE1;CASP7;GAB2;FASN;BCL2L11;ERBB2;PDCD4;ACACA;TP53;PREX1;LCK,2,3,3,2,,0.04932636236669901,0.4,0.2,1.8458888807009093e-56;2.064832611509929e-20;8.316707260456333e-11,2.7306042394742686e-35;1.24242635056735e-10,proxy_dimensions,3,,,,,0,296,0.9709449734881387,,,
CDH2,3,16,HSPA1A;STAT5A;SQSTM1,VHL;TUBA1B;TFRC;IGFBP2;FN1;SERPINE1;CASP7;GAB2;FASN;BCL2L11;ERBB2;PDCD4;ACACA;TP53;PREX1;LCK,2,4,4,3,,0.04932636236669901,0.4,0.2,8.625822294292681e-46;9.476767543165182e-15;3.739685298499186e-06;0.007903717892425067,5.002672551156978e-37;2.0055461572074463e-12;0.0008196470686697327,proxy_dimensions,4,,,,,0,296,1.0206158554691729,,,
CLDN7,3,7,CDH1;RAB25;MAPK1,FASN;ERBB2;ACACA;NF2;PTEN;TP53;EEF2,1,3,3,2,0.021341785190367477,0.04932636236669901,0.4,0.2,5.901116183644232e-25;3.179468887255706e-08;0.0006221596175087186;0.41430375580610457,2.0320469259577863e-25;1.4717840938611606e-05;0.1299528213146251,conditional_information_dimension,3,0.07518548475601448,0.4897419416137454;0.24647830589154998;0.07518548475601448,0.02624372366390294,False,0,297,0.9356413481607908,,,
CDH1,2,22,CLDN7;CTNNB1,VHL;GAPDH;TUBA1B;TFRC;IGFBP2;SYK;CCNE1;FASN;STAT5A;ASNS;BCL2L11;SQSTM1;PDCD4;ACACA;MAPK1;DIABLO;NF2;PTEN;TP53;CDH2;KIT;PREX1,1,3,3,2,,0.04932636236669901,0.2,0.15,1.9246539401808987e-83;1.7366210667021586e-36;2.220205397832827e-08,2.098028320211483e-56;6.795369151836279e-10,proxy_dimensions,3,,,,,0,297,0.9602081517775407,,,
HSPA1A,3,15,COL6A1;CDH2;KIT,VHL;ESR1;RAB25;ATM;FASN;ASNS;ERBB2;PDCD4;RPS6;ACACA;MAPK1;NF2;PTEN;TP53;EEF2,1,4,4,3,,0.04932636236669901,0.4,0.25,1.2550930528449222e-28;2.35938021311443e-13;9.325744784673138e-06;0.02476359803721228,1.883323794569028e-24;4.358800126940212e-13;5.530595171613078e-05,proxy_dimensions,4,,,,,0,297,1.0099750679214452,,,
GAB2,1,22,RAB25,VHL;GAPDH;TUBA1B;TFRC;IGFBP2;SYK;CCNE1;FASN;STAT5A;ASNS;BCL2L11;SQSTM1;PDCD4;ACACA;MAPK1;DIABLO;NF2;PTEN;TP53;CDH2;KIT;PREX1,1,2,2,1,,0.04932636236669901,0.2,0.15,7.412706395325856e-24;1.5363551456713944e-05,3.105546727817862e-06,proxy_dimensions,2,,,,,0,297,0.9777746892450622,,,
ASNS,2,3,CCNB1;ACACA,ERBB2;PTEN;TP53,1,2,2,1,0.01795721735549805,0.04932636236669901,0.4,0.15,5.516204967110634e-08;0.02128971836084125;0.43091076315297494,1.0891003258631288e-06;0.4875367761867656,conditional_information_dimension,2,0.03446514562440845,0.2784008364116005;0.03446514562440845,0.022081668143309814,False,0,297,0.9343997406211474,,,
BCL2L11,4,7,FN1;ANXA1;CCNE1;PDCD4,FASN;ERBB2;ACACA;NF2;PTEN;TP53;EEF2,1,2,2,2,0.09014255884515165,0.04932636236669901,0.4,0.2,7.582526196313988e-19;4.463552169565547e-05;0.22724423283700515;0.8128522158154464;0.8261924092592866,8.011023258352029e-24;2.545419821849627e-07,reported,2,0.2818616638283142,0.4560852325576703;0.2818616638283142,0.05763554216515331,True,2,297,1.0448289049712312,0.10223715404985485,-0.03486992090532931,0.7161550383754983
BRAF,6,3,CAV1;RAB25;RICTOR;CTNNB1;EEF2K;ETS1,ERBB2;PTEN;TP53,1,3,3,2,0.029639263282918164,0.04932636236669901,0.4,0.15,1.3755423253618213e-16;1.9913880915784915e-06;0.0014558756220875105,1.6080405786299898e-11;0.00288194515112599;0.14956595772147568,conditional_information_dimension,3,0.12890204025581017,0.38047265198431474;0.21987134039882295;0.12890204025581017,0.029639263282918167,False,0,297,0.9439459025568663,,,
CDH2,3,7,HSPA1A;CCNE1;STAT5A,FASN;ERBB2;ACACA;NF2;PTEN;TP53;EEF2,1,3,3,2,0.004739385156820832,0.04932636236669901,0.4,0.2,2.4602669926367675e-17;2.0872182175091973e-05;0.04254914354027497;0.6286542977022376,8.839262651062399e-20;1.2112316417261265e-06;0.7616591099314224,conditional_information_dimension,3,0.015079691952507647,0.4190613564076295;0.2794031063677358;0.015079691952507647,0.017454972818475564,False,0,297,1.0413907949652277,,,
CLDN7,3,5,CAV1;CDH1;MAP2K1,TFRC;RAB25;ATM;BCL2L11;TP53,1,3,3,2,0.01520165358403808,0.04932636236669901,0.4,0.2,2.15461375341215e-23;9.455072242529129e-07;0.0006424135670700309;0.052689693067693825,3.1086034996420656e-15;0.0004017955569652813;0.30374192655143,conditional_information_dimension,3,0.05110186303241474,0.39368957456801984;0.2165089815476979;0.05110186303241474,0.0295883749999657,False,0,298,1.0079028222605004,,,
CDH1,3,5,CLDN7;FN1;CTNNB1,TFRC;RAB25;ATM;BCL2L11;TP53,1,3,3,3,0.05981178195450631,0.04932636236669901,0.4,0.2,1.3738244160633029e-34;1.655710176060853e-12;0.000522511599593247;0.25505007201854557,6.55183039248232e-29;1.3103228125992837e-13;1.6663819221338305e-05,reported,3,0.211642957622719,0.44453385301804677;0.33402667114461015;0.211642957622719,0.04745392010018496,True,1,298,1.026812495562012,1.390321030473658,0.10456981858233211,0.5911900385684455
HSPA1A,3,5,COL6A1;CDH2;KIT,TFRC;RAB25;ATM;BCL2L11;TP53,1,2,2,1,0.012523121493939245,0.04932636236669901,0.4,0.2,4.359888329944924e-09;0.0024481535733137695;0.3162191907182967;0.7245150005628844,2.3973729783551014e-08;0.8212995165104078,conditional_information_dimension,2,0.031172301108865225,0.3278928054851999;0.031172301108865225,0.02855800318444882,False,0,298,1.011596069722252,,,
GAB2,1,58,VHL,MYH11;GAPDH;ESR1;TUBA1B;TFRC;IGFBP2;CLDN7;CCNB1;FN1;CAV1;CDH1;SERPINE1;HSPA1A;SYK;ANXA1;AR;RAB25;CASP7;RICTOR;CCNE1;ATM;INPP4B;FASN;CTNNB1;MSH6;STAT5A;MYC;ASNS;BCL2L11;SQSTM1;EEF2K;ERBB2;PDCD4;RPS6;ACACA;TP53BP1;TGM2;FOXM1;MSH2;MAPK1;DIABLO;BRAF;ERBB3;NF2;RBM15;MAP2K1;PTEN;TP53;ETS1;CHEK2;PEA15;COL6A1;EEF2;PRKCA;CDH2;KIT;PREX1;LCK,1,2,2,1,,0.04932636236669901,0.2,0.15,3.4581691129761676e-50;7.692593297012806e-15,2.935662917140522e-20,proxy_dimensions,2,,,,,0,298,1.0088024325931386,,,
ASNS,3,5,CCNB1;ACACA;CHEK2,TFRC;RAB25;ATM;BCL2L11;TP53,1,3,3,3,0.053654308684912416,0.04932636236669901,0.4,0.2,1.652839083823636e-13;0.00020406722711552663;0.03514729356076465;0.29393426845320575,1.6778655264643373e-12;2.929447336138436e-06;0.001997823767012005,reported,3,0.15276314049574666,0.3202633247611875;0.22773497949888705;0.15276314049574666,0.04237204197334161,True,1,298,0.916354956412677,-2.2095313032955683,-0.06935810042320305,0.6400286640966618
BCL2L11,2,1,SQSTM1;TGM2,ATM,1,1,1,0,0.03735808017697658,0.04932636236669901,0.4,0.15,3.117429848223254e-05,0.5960357492664334,conditional_information_dimension,1,0.05045583769051055,0.05045583769051055,0.03735808017697658,False,0,298,0.976973802270914,,,
BRAF,1,32,EEF2K,MYH11;VHL;GAPDH;TUBA1B;TFRC;CLDN7;CAV1;CDH1;HSPA1A;SYK;ANXA1;RICTOR;GAB2;ATM;FASN;CTNNB1;ASNS;BCL2L11;ERBB2;RPS6;ACACA;TP53BP1;TGM2;MAPK1;NF2;PTEN;ETS1;CHEK2;PEA15;COL6A1;EEF2;KIT,1,2,2,1,,0.04932636236669901,0.2,0.15,1.4779092407594666e-56;2.433415852056447e-13,2.0961042363104968e-16,proxy_dimensions,2,,,,,0,298,0.9802804587306719,,,
CDH2,2,32,STAT5A;PREX1,MYH11;VHL;GAPDH;TUBA1B;TFRC;CLDN7;CAV1;CDH1;HSPA1A;SYK;ANXA1;RICTOR;GAB2;ATM;FASN;CTNNB1;ASNS;BCL2L11;ERBB2;RPS6;ACACA;TP53BP1;TGM2;MAPK1;NF2;PTEN;ETS1;CHEK2;PEA15;COL6A1;EEF2;KIT,1,3,3,2,,0.04932636236669901,0.2,0.15,1.8142502058872857e-78;6.493365640112613e-43;1.4411752703439467e-17,1.534268876741303e-53;1.0096053488213647e-21,proxy_dimensions,3,,,,,0,298,1.0679783353962664,,,
CLDN7,2,17,CDH1;ACACA,VHL;GAPDH;TFRC;IGFBP2;SYK;RAB25;GAB2;ASNS;BCL2L11;ERBB2;PDCD4;RPS6;TP53BP1;MAP2K1;PTEN;TP53;KIT,1,3,3,2,,0.04932636236669901,0.2,0.15,1.173908810525193e-38;3.607248393393565e-18;8.202898208910951e-06,1.7765212644915815e-18;7.87494815777374e-06,proxy_dimensions,3,,,,,0,299,1.0054561972310703,,,
CDH1,2,17,CLDN7;CTNNB1,VHL;GAPDH;TFRC;IGFBP2;SYK;RAB25;GAB2;ASNS;BCL2L11;ERBB2;PDCD4;RPS6;TP53BP1;MAP2K1;PTEN;TP53;KIT,1,3,3,2,,0.04932636236669901,0.2,0.15,2.3138678249032202e-54;4.92926488993414e-24;2.4515678668474973e-05,1.818696669267348e-44;1.0012010057164026e-15,proxy_dimensions,3,,,,,0,299,1.0362669109604696,,,
HSPA1A,2,17,COL6A1;CDH2,VHL;GAPDH;TFRC;IGFBP2;SYK;RAB25;GAB2;ASNS;BCL2L11;ERBB2;PDCD4;RPS6;TP53BP1;MAP2K1;PTEN;TP53;KIT,1,3,3,2,,0.04932636236669901,0.2,0.15,9.520452919565001e-29;3.4760665281319065e-14;9.877654504057247e-07,3.687136844132486e-19;2.3176743842580115e-09,proxy_dimensions,3,,,,,0,299,0.9678633071250595,,,
GAB2,2,56,VHL;RAB25,MYH11;GAPDH;ESR1;TUBA1B;TFRC;IGFBP2;CLDN7;CCNB1;FN1;CAV1;CDH1;SERPINE1;HSPA1A;SYK;ANXA1;AR;CASP7;RICTOR;CCNE1;ATM;INPP4B;FASN;CTNNB1;MSH6;STAT5A;MYC;ASNS;BCL2L11;SQSTM1;EEF2K;ERBB2;PDCD4;RPS6;ACACA;TP53BP1;TGM2;FOXM1;MSH2;MAPK1;DIABLO;BRAF;ERBB3;NF2;RBM15;PTEN;TP53;ETS1;CHEK2;PEA15;COL6A1;EEF2;PRKCA;CDH2;KIT;PREX1;LCK,1,3,3,2,,0.04932636236669901,0.4,0.2,3.1205369455381247e-59;7.111126300535773e-30;2.3345749194268337e-11,1.3895999698452301e-37;4.15790577479506e-15,proxy_dimensions,3,,,,,0,299,0.9755013067179776,,,
ASNS,4,12,CCNB1;TP53;CHEK2;PRKCA,VHL;GAPDH;SYK;RAB25;GAB2;FASN;ERBB2;PDCD4;ACACA;DIABLO;MAP2K1;KIT,1,5,5,4,,0.04932636236669901,0.4,0.2,3.3357142313894036e-40;8.221122806639716e-22;3.572558598555382e-12;4.104098377575661e-06;0.01694102228154058,1.7159492568381646e-32;8.567394779360581e-17;2.5910600267169593e-09;0.007183107981547104,proxy_dimensions,5,,,,,0,299,0.9839942180837918,,,
BCL2L11,2,12,CCNE1;PRKCA,VHL;GAPDH;SYK;RAB25;GAB2;FASN;ERBB2;PDCD4;ACACA;DIABLO;MAP2K1;KIT,1,3,3,2,,0.04932636236669901,0.4,0.2,4.342537303887644e-26;5.943747013280165e-10;0.021321057324117123,6.0195543888818556e-21;4.642780339434099e-08,proxy_dimensions,3,,,,,0,299,0.9698315043022641,,,
BRAF,3,17,CAV1;EEF2K;DIABLO,VHL;GAPDH;TFRC;IGFBP2;SYK;RAB25;GAB2;ASNS;BCL2L11;ERBB2;PDCD4;RPS6;TP53BP1;MAP2K1;PTEN;TP53;KIT,1,4,4,3,,0.04932636236669901,0.2,0.15,1.0142313352950337e-62;1.6243903308975056e-30;4.1986414657163743e-13;1.6515940647557769e-06,1.9164873607557143e-31;4.0655627134132044e-14;2.2287341619806703e-06,proxy_dimensions,4,,,,,0,299,0.9711956740994439,,,
CDH2,5,12,AR;CCNE1;CTNNB1;STAT5A;SQSTM1,VHL;GAPDH;SYK;RAB25;GAB2;FASN;ERBB2;PDCD4;ACACA;DIABLO;MAP2K1;KIT,1,4,4,4,0.04336985616104137,0.04932636236669901,0.4,0.2,2.2018868195746135e-50;8.546429627351587e-28;4.2744903721762025e-17;5.1245120838702906e-08;0.15103341987287044;0.6330700603926851,9.058186178671347e-52;3.168480307962272e-26;6.175510202820834e-16;9.820306266376305e-06,reported,4,0.23583781499756434,0.5551941476800933;0.39286334109125426;0.3737170642284781;0.23583781499756434,0.030317019672207308,True,1,299,1.0027970344372947,-2.6526284337268136,-0.012942179587612821,0.6688182725768451
